Pitch_Normalized,Delta_Pitch_Smoothed,Roll_Normalized,Delta_Roll_Smoothed,Yaw_Normalized,Delta_Yaw_Smoothed,Label1_Move,Label2_Bend,Label4_Speed
0.3593902538343485,-0.06694293506863006,-6.168465890642764,1.452525502538498,8.065043619986625,-1.7780050011618755,0,0,0
0.269562734917443,-0.06786270193058641,-3.963899696771648,1.351938455474136,5.48234275597369,-1.7004483895210238,0,0,0
0.18280137501261606,-0.0682358234649111,-1.9285691174031285,1.2192809206007078,3.0551100352073206,-1.5855355315592468,0,0,0
0.10109657817719153,-0.06845206860653086,-0.20914336013169077,1.0773937119068417,0.9203169983442478,-1.4558753801987798,0,0,0
0.02467557849119828,-0.06857615546780475,1.0941616220497252,0.942955163028551,-0.8249813858227526,-1.3278899044578623,0,0,0
-0.04778595774916994,-0.06848488657041259,1.9431648422020515,0.8265902556551878,-2.1376467171395177,-1.2123598883870386,0,0,0
-0.11826051042002916,-0.07478872748674945,2.36650055356219,0.8062941923683354,-3.0337051009281026,-1.226137986038711,0,0,0
-0.18822629501789834,-0.07133289455991303,2.4506838046119697,0.5736648016812083,-3.5819594216036137,-0.9844139643500285,0,0,0
-0.2577951453758942,-0.06712395078548497,2.3181305766141946,0.3676222976723835,-3.8859655201341354,-0.7632404519157632,0,0,0
-0.3254586118697773,-0.06215407975377758,2.0974366659091146,0.20030655185472881,-4.058555263883761,-0.5750471707377812,0,0,0
-0.388497021033146,-0.05633304736421252,1.8944760330405899,0.07671056100469684,-4.196336240400484,-0.425953717849211,0,0,0
-0.4437662106816873,-0.04951448133662382,1.772748320040435,-0.005082118443668548,-4.3617968875265944,-0.3157537278230791,0,0,0
-0.4884381328422336,-0.041582073830960554,1.7476538593207067,-0.052795287431881374,-4.577294483950311,-0.23866722793692077,0,0,0
-0.5204442193605843,-0.032543894690006424,1.7939221584155973,-0.07796732824229338,-4.830154709033565,-0.18497915290096784,0,0,0
-0.5386548951509269,-0.022579412241064745,1.8612672320966936,-0.09330082842847247,-5.0845185643148625,-0.14340624243272657,0,0,0
-0.5429307711154081,-0.012010927612891464,1.892343657765366,-0.10994885563556522,-5.295183995370309,-0.10364155979745818,0,0,0
-0.5340812487296347,-0.0012112260126897923,1.8385476792433764,-0.13544816878024477,-5.42037738029731,-0.05837916545699784,0,0,0
-0.5136652419179626,0.009508059041542083,1.671010522189036,-0.17277457654095657,-5.431750950613292,-0.0043336848707724585,0,0,0
-0.48358926778654165,0.01997669223422065,1.38512229232947,-0.22059168552408864,-5.320027944461401,0.057836364041534694,0,0,0
-0.44556788799869196,0.030185162515854812,0.9979481095534624,-0.27441226127083096,-5.094970861858343,0.12444399479564652,0,0,0
-0.4006092811600439,0.04024312692841932,0.5399943452381422,-0.3282022422458198,-4.780127894970462,0.1901017361988721,0,0,0
-0.3486856202662665,0.050297585480760174,0.04500255463086944,-0.3759548990650089,-4.405133736234319,0.24906997663300956,0,0,0
-0.2886712105000271,0.060439073105547435,-0.4582629959201796,-0.41289561152265436,-3.998930843534964,0.296376408208846,0,0,0
-0.21859259420203614,0.07062263126412774,-0.9502004542927125,-0.43613816226726243,-3.5857147610770994,0.3285682263345933,0,0,0
-0.13622362586673376,0.0806233463138554,-1.420755190361504,-0.44473719257038624,-3.1835012023261413,0.34399583941044226,0,0,0
-0.03995491630780634,0.09003555887463222,-1.8672053328847227,-0.4392058958880313,-2.804484229040213,0.3425908276539701,0,0,0
0.07030948232583967,0.09831160823193272,-2.290408435983167,-0.4207316939397856,-2.4566132982088504,0.3252750271408559,0,0,0
0.19256107072331474,0.10482406826636748,-2.6903711004835884,-0.3904496047333751,-2.146068687267359,0.2933254544990206,0,0,0
0.3226441953520123,0.10893348581475379,-3.0622496333743925,-0.34909562412515244,-1.8800695503569784,0.24803492373095537,0,0,0
0.4547877007476302,0.1100572114512488,-3.39411084932685,-0.29714453268491353,-1.6690625853186418,0.19080091133903637,0,0,0
0.5825068011592833,0.10775166159984337,-3.667322594159714,-0.23527148438956402,-1.5273776235619039,0.12349047224446111,0,0,0
0.6995550623974083,0.10181594758535653,-3.8594934927028817,-0.16483255162466862,-1.4718791912441134,0.04876747526461145,0,0,0
0.8006636476475109,0.09239545314856627,-3.949219237171704,-0.08810844398077791,-1.5185816062254105,-0.029873677337374716,0,0,0
0.8819795203104519,0.0800378518357249,-3.921645781141848,-0.008229442096811113,-1.6777056476867358,-0.10841467037917596,0,0,0
0.9412929901317,0.06566056616488965,-3.7734700342571443,0.07113649286602737,-1.9485964798815303,-0.182804628033378,0,0,0
0.9782045595457589,0.05042717765141021,-3.515530849131409,0.14618040679159633,-2.3168094763940985,-0.2494071526877235,0,0,0
0.9942640138115024,0.03557061814742753,-3.171492875790946,0.2133151438724127,-2.7553500715825976,-0.30526241923464,0,0,0
0.9929395890805637,0.02221271935109286,-2.7726655214516995,0.269493878666016,-3.2302153910591187,-0.3482139424739671,0,0,0
0.9792498570009087,0.011215221735932345,-2.350884704714119,0.3125752455883742,-3.7081158306907582,-0.37709282540834294,0,0,0
0.9590594772617322,0.003082977667601483,-1.9323067814108867,0.34179858995086365,-4.163134112195877,-0.3920945421648696,0,0,0
0.9382129826335586,-0.00206558068771443,-1.5341711554355868,0.3582561611252075,-4.580001815908304,-0.3952334360363608,0,0,0
0.9216822559083369,-0.004457752675203608,-1.164554706042722,0.36508386920205427,-4.9540186159837845,-0.39053499651587914,0,0,0
0.9128158650068343,-0.004574891074621235,-0.8234667812879621,0.3671189333990924,-5.28950986030884,-0.38364291829266506,0,0,0
0.9128092969864667,-0.0030427149386284213,-0.5036598816332116,0.3699863827932518,-5.598651069335432,-0.38077344053893397,0,0,0
0.9206371832545557,-0.0005307241699000542,-0.1909084230050695,0.3788244757340976,-5.900930840245138,-0.3872651669721193,0,0,0
0.9336270327937228,0.002326181781104708,0.13530784288913367,0.397016302913913,-6.22215944155289,-0.40618075704190915,0,0,0
0.9485151030652901,0.004979908827633039,0.49969645819997766,0.425316090484786,-6.591779254509248,-0.4374331562620114,0,0,0
0.9625124396942795,0.0069968387182811394,0.9271983064808182,0.46164037070761593,-7.0379497964484585,-0.4777271451029662,0,0,0
0.9739426153019082,0.008068771075798509,1.4373600526268575,0.5015765866327542,-7.580767500411952,-0.5213124774457925,0,0,0
0.9823212950727793,0.008016904181378948,2.037856247728243,0.5394303111857027,-8.224941682614968,-0.5612796306672891,0,0,0
0.988012070909889,0.006790701432031199,2.7189897494122732,0.5694682780129341,-8.954333378528418,-0.5909912506760889,0,0,0
0.9916506430911483,0.004453353450135466,3.4518490010334375,0.586967884676065,-9.731290067013447,-0.605247143162029,0,0,0
0.9935035757648194,0.001149270643641387,4.192299085039579,0.5887864675349774,-10.502634634766764,-0.6009146090498291,0,0,0
0.9929783388002562,-0.002933858806377998,4.890643230223816,0.5734005564450442,-11.211447376008323,-0.5769917234786363,0,0,0
0.9885441975748677,-0.007586182045561429,5.503774357124271,0.540620287835256,-11.810843347006028,-0.5343075900958809,0,0,0
0.9781605672950775,-0.012566024064567216,6.004986689649783,0.4912885301670329,-12.27463087317318,-0.4751464032312526,0,0,0
0.960007809501704,-0.017560099834248888,6.387561133549752,0.42716214366897703,-12.60092534500754,-0.4029587398611284,0,0,0
0.9331738516304995,-0.022127496295655646,6.66120387093126,0.3509529899561187,-12.80786703123482,-0.32212127971711196,0,0,0
0.8980807948462939,-0.025662592419948282,6.843562930979417,0.26635205007219015,-12.92384340137076,-0.23759841703694917,0,0,0
0.8566610544271072,-0.027435859634435643,6.950741549398572,0.17786201564734797,-12.976405714927495,-0.15440766446846227,0,0,0
0.8124110725674001,-0.02675762441511864,6.9906111861020435,0.09039770854764698,-12.983920777139701,-0.07695018842520654,0,0,0
0.7703756801345918,-0.02323281008164173,6.9613789005946245,0.00878386642862523,-12.952502864184567,-0.008445120836179853,0,0,0
0.7368776515653366,-0.016983520404032504,6.8558195857614805,-0.06263799631588399,-12.878618805136256,0.04923516865357556,0,0,0
0.7186197424558998,-0.008700955204469096,6.6692633866972955,-0.12016868549052902,-12.755524020692945,0.09520418539286198,0,0,0
0.7209679534236813,0.0005209487667173108,6.407751442600741,-0.16074976361361876,-12.580345231258093,0.12888554104332856,0,0,0
0.7458324664786602,0.009485012682075933,6.0928253539360355,-0.1820074532828258,-12.359082081534979,0.1494719524688719,0,0,0
0.7901726054613789,0.01716176881371325,5.761181170390913,-0.18249454742003338,-12.108573658471784,0.1558993428827648,0,0,0
0.8461642995858085,0.02280588516762805,5.45951701602597,-0.16210736124935182,-11.855825177306201,0.14739061528320577,0,0,0
0.903290282513467,0.025916161901281497,5.236065294843229,-0.12251230470541544,-11.634987990937475,0.1242812409396862,0,0,0
0.9515111812478665,0.026154778100590192,5.130667016570314,-0.06737619057389707,-11.481686190238776,0.08867457984431155,0,0,0
0.9840287607045326,0.023355647019963045,5.16566571190171,-0.0022215238191691357,-11.424927348312053,0.04454059805771067,0,0,0
0.9984345318108723,0.017651531510607298,5.340305288101106,0.06619724666575735,-11.478596711352509,-0.0028768345623291225,0,0,0
0.9960392705781516,0.009623153674003505,5.630696538707326,0.13095087540328051,-11.635806395739394,-0.048154053363916205,0,0,0
0.9801675234618017,0.0003279477696679578,5.995501480958325,0.1861783740902922,-11.86877822224983,-0.08686231708765604,0,0,0
0.9545244236233117,-0.00886513824857218,6.38553620440905,0.22812898023383213,-12.134939250680986,-0.11639212770851373,0,0,0
0.9223477815847332,-0.01658497798661074,6.754797820593609,0.25564988944797307,-12.38785042715827,-0.13619009967428894,0,0,0
0.886404142201414,-0.021775824432916126,7.070689924423718,0.26998043299932134,-12.590114192110946,-0.14743949017711486,0,0,0
0.8494437772824881,-0.023890924132723514,7.321300756928892,0.2740014129902633,-12.724448348182761,-0.15242348390949872,0,0,0
0.8146389000277452,-0.022910680867144605,7.51735509718155,0.27129226630283654,-12.798909268022612,-0.1538753275293061,0,0,0
0.7856614013817591,-0.019228958143749253,7.6871659110500445,0.2653482136341367,-12.843587186981665,-0.15451984142336245,0,0,0
0.7662705163753714,-0.013496357142125248,7.865470041894923,0.25911138989184507,-12.899322250083202,-0.1568112522835719,0,0,0
0.7595252904836371,-0.006490343400322729,8.08031941800374,0.2547316704218986,-13.002831550447496,-0.16271845500679943,0,0,0
0.7669324619067055,0.0009661762027889153,8.343619201735692,0.2533905240431366,-13.174559671032455,-0.17342493613355145,0,0,0
0.7878779420243092,0.008054796918678164,8.648983617299692,0.25514305527005804,-13.413976636483454,-0.18897818329645305,0,0,0
0.8195608522020592,0.014009961101461955,8.9766501033275,0.25890788016182,-13.703051773516705,-0.2080919428726446,0,0,0
0.8574443475815059,0.01818636837288068,9.302114524812595,0.2627663502852144,-14.015034977226264,-0.22832357662425978,0,0,0
0.8960659042293031,0.020146422845998303,9.604595164855084,0.2645704463974994,-14.32436355344646,-0.2466804000510791,0,0,0
0.9299917464692697,0.019748352668533187,9.872731309629472,0.26263678444879446,-14.614230181147292,-0.2604560250976107,0,0,0
0.9547385110423647,0.01720059058983168,10.10643389879975,0.25621800641418985,-14.879828696749058,-0.26794140133512484,0,0,0
0.9675250851105659,0.013044752047964892,10.314829413902189,0.24556538472629796,-15.126822953224263,-0.26871407979248263,0,0,0
0.9677347448353544,0.008046156359175428,10.511174505869917,0.23161799821441775,-15.366126250593993,-0.2634332486737492,0,0,0
0.957008817168969,0.0030098677241809924,10.706687262491684,0.2155095064811178,-15.607391801423603,-0.2532963814569257,0,0,0
0.9389383678050223,-0.0014152962433229277,10.90579926587759,0.1981095023682798,-15.853973684383703,-0.23942848354729734,0,0,0
0.9183254625039581,-0.0048671044547106135,11.104637464562671,0.17976294857751043,-16.10111743440828,-0.2224672595757255,0,0,0
0.9000224157938135,-0.0072887413400380295,11.292830085471678,0.16031931417008707,-16.337384260254197,-0.20251288282070162,0,0,0
0.8875430248233158,-0.008846314458111237,11.457209589623773,0.13945681578004923,-16.54799879179552,-0.17945730404082666,0,0,0
0.8819129417960738,-0.009796115597768561,11.585690188537882,0.11719651395023475,-16.718648388919434,-0.1535408176625907,0,0,0
0.8813207019221636,-0.010358566523599677,11.670360795404576,0.09440226114257796,-16.838902776904547,-0.12588063145260264,0,0,0
0.8818510976419844,-0.010635474510569055,11.70962704050062,0.07303253843913353,-16.904957524956075,-0.09872458442704612,0,0,0
0.8790619405294535,-0.010582838486935486,11.70939757170268,0.05597107490241342,-16.92139599363253,-0.07527650562187489,0,0,0
0.8697735888576688,-0.01003552970091306,11.683139645372265,0.04640673444152839,-16.9015344272199,-0.05907611941049993,0,0,0
0.8534231519329722,-0.008769547642648945,11.650709873917464,0.04693272587267927,-16.86619811594963,-0.053087917680883834,0,0,0
0.8325836226993317,-0.006577951667418347,11.636124650268926,0.058711066580124795,-16.841219528654165,-0.0588247880082605,0,0,0
0.8124970776346032,-0.0033331980281630534,11.664348213586806,0.08107534262374827,-16.85388249062703,-0.07588789131998794,0,0,0
0.7996671187846829,0.0009810208989208037,11.756897429886962,0.111755653744396,-16.928145454359196,-0.10214093334320751,0,0,0
0.7998475483968264,0.0062648663689898855,11.926536848350565,0.1475854695076535,-17.07887796860436,-0.13440673247202142,0,0,0
0.8161334251218904,0.012306468802749748,12.17280085433913,0.1852925363924726,-17.30689626900204,-0.16929200379302928,0,0,0
0.8479887216405331,0.018782199014938782,12.48111422164206,0.22197852676628288,-17.597781690104426,-0.20373236125336974,0,0,0
0.8916613066311925,0.025260278744579524,12.82718357794458,0.25518369088262177,-17.92636685838815,-0.2351324737077249,0,0,0
0.9417106042193524,0.03123141952265911,13.185252266779216,0.2827964936715617,-18.265463318352744,-0.2613310767460405,0,0,0
0.9928382768851662,0.03618500647849032,13.53606500929699,0.30317837727693586,-18.594454465150193,-0.2807351772694574,0,0,0
1.04124514208236,0.039719268602458155,13.870495141580292,0.31560521461397995,-18.903521728483327,-0.2927266279293349,0,0,0
1.085186410145127,0.04163819517855245,14.187961559095143,0.3207164012709754,-19.192544265731414,-0.2980590456216447,0,0,0
1.1248112728611943,0.041978644065605406,14.492313150302422,0.3205044524785322,-19.467193258087434,-0.29880222271830237,0,0,0
1.161517183569586,0.040946033743088604,14.78868120265632,0.3176449327112266,-19.73549722705377,-0.29764021748485164,0,0,0
1.197040234421408,0.03879719052899446,15.082588994490365,0.3144433264876767,-20.00614424789771,-0.29680014860520887,0,0,0
1.2325153769074149,0.0357448655906623,15.379964867048884,0.31196360979045323,-20.287486725218486,-0.29718044544785016,0,0,0
1.2677751622965872,0.03193603998002601,15.686158746427381,0.3097730180427362,-20.58580391728745,-0.2981137846796429,0,0,0
1.3011216440620785,0.027498579983800654,16.003632905056847,0.306313927414152,-20.902769033236666,-0.29777379238942103,0,0,0
1.329682509509297,0.022611608436291418,16.329685531655983,0.2995574540081634,-21.233464804404832,-0.29388640224961193,0,0,0
1.3502869327917892,0.017554266310959576,16.655701107201523,0.28756689142592223,-21.566258919628694,-0.28437653035057053,0,0,0
1.3606055418826202,0.012705018803984558,16.968225322007655,0.26883753039821556,-21.884659575279755,-0.26778478562559654,0,0,0
1.3601722099831335,0.008483114791869185,17.251100833236663,0.24250577493814376,-22.170282189625624,-0.24348426893978967,0,0,0
1.3509273572241085,0.005249449523873295,17.487887690384056,0.20854206179237736,-22.406057280583553,-0.21177204650556689,0,0,0
1.3370598466791819,0.0032113530512660306,17.664350116915543,0.16790629440625365,-22.579262530559475,-0.1738458724430018,0,0,0
1.3240904224612535,0.002378615940766338,17.77096429847252,0.12254691601278012,-22.683992104153674,-0.1316386869722038,0,0,0
1.3173465248261067,0.0025856769661160685,17.80502261643032,0.07518434406852634,-22.722329414616382,-0.08754070623216421,0,0,0
1.32026965753532,0.003554899633368791,17.771579364351155,0.02894988679242374,-22.70352438234312,-0.04411075600878576,0,0,0
1.3332351745747388,0.004957915889654885,17.682695849119384,-0.013017258333871951,-22.641227757666684,-0.003838465146930048,0,0,0
1.3534686689169604,0.006441415051800447,17.555154691783784,-0.04799777628983861,-22.54985167412687,0.031108064760877595,0,0,0
1.37614370245295,0.007617092845066509,17.407544547886786,-0.07416692234430115,-22.441665981950337,0.05924487362448758,0,0,0
1.396154538216308,0.008056695870325824,17.257724189931892,-0.0910330098363346,-22.325767135367613,0.08018530145924956,0,0,0
1.4097513688796823,0.00734221971885205,17.120928249897943,-0.09963868953541635,-22.208666841094924,0.09487000343746957,0,0,0
1.415341507742113,0.00517694548836829,17.00790992748567,-0.10237047921075941,-22.094976632974777,0.10540462924759027,0,0,0
1.413230775129847,0.0015029444785540137,16.92268089347253,-0.10240630669562165,-21.9868137943146,0.1145051979784796,0,0,0
1.4046573811645118,-0.0034478035935549657,16.860634200109175,-0.10298199184465773,-21.88213908956118,0.12474974420770195,0,0,0
1.3907687220146272,-0.009205520950413871,16.808635721076158,-0.10668033960907053,-21.773629380241687,0.13788824619380194,0,0,0
1.372039112419003,-0.015195843574053925,16.74787457224356,-0.11487663678797162,-21.649478089867216,0.15438532148645265,0,0,0
1.348264619360279,-0.020885980049123988,16.658632782163167,-0.1273881398476618,-21.496175777881888,0.1732459137552354,0,0,0
1.3189906329814107,-0.025867044258056637,16.525334773337207,-0.14233910388155663,-21.30235423204985,0.19209123266242614,0,0,0
1.2840884929488112,-0.02983688590418012,16.34074115179608,-0.1563006588351783,-21.062783520012317,0.2074617651315208,0,0,0
1.2441961024757688,-0.032518096122397824,16.108957822052176,-0.1648238409133455,-20.781913920503087,0.21537404675794675,0,0,0
1.2008915683884425,-0.033590022137497046,15.847046851421325,-0.16340048718981848,-20.47620770354257,0.2121209478657903,0,0,0
1.1566710651615466,-0.03269677100086739,15.584518888670104,-0.1486439418408935,-20.174064306350516,0.19516121948296927,0,0,0
1.1148619160880457,-0.029540341589556363,15.359674305120748,-0.11929414276688988,-19.91219614299939,0.1638435770188181,0,0,0
1.0794764199405336,-0.02402074563670311,15.21239579097572,-0.07670960788369427,-19.72839862198171,0.11976814616239437,0,0,0
1.0548685006396568,-0.016356128482226496,15.174630849177973,-0.0247394759212483,-19.652419901583784,0.06672476310545221,0,0,0
1.0450714024103291,-0.007110970490880675,15.261435153834626,0.03093355685657855,-19.697865895037523,0.010227734842143833,0,0,0
1.0528612034647153,0.0029043274824744002,15.465691354494268,0.0838055711256942,-19.857740007693707,-0.043313674527618674,0,0,0
1.0787831766143796,0.012828542741848992,15.758238694500264,0.12771480125736331,-20.104672770425907,-0.08769692322953518,0,0,0
1.1205272081265463,0.0219451958938933,16.093346392583598,0.15792720515500208,-20.395535888957795,-0.11809228574772987,0,0,0
1.173086397566962,0.029785373949304982,16.41829339061796,0.1719223918683724,-20.679636572081648,-0.1319692313270849,0,0,0
1.2299348432131865,0.03611011060035736,16.685102562678267,0.16971868328900824,-20.909344448818757,-0.12949985329512118,0,0,0
1.2849564925800365,0.04082297288074983,16.861666901243737,0.1536811998687085,-21.051033538645868,-0.11331983967623102,0,0,0
1.3343138750269787,0.04389677280606748,16.93894635667077,0.12789433501863243,-21.09311900047669,-0.08776942511742333,0,0,0
1.3773301594335834,0.04536962874637709,16.931619709659444,0.09730375276399741,-21.04809093525256,-0.0579208860088329,0,0,0
1.4159696066432303,0.04540109866217108,16.871817682068055,0.06685441976906645,-20.947418434534995,-0.02869761776356654,0,0,0
1.4533011312178274,0.04432342282631367,16.79824715252171,0.04074943499599613,-20.831064291799834,-0.004214350515800902,0,0,0
1.49182893152539,0.04261554653225659,16.744634704680593,0.021847219634128123,-20.73543425886794,0.012706814701257941,0,0,0
1.5324794640781505,0.040779640478278624,16.731276222140238,0.011229918248832859,-20.683881630514236,0.020897692106026967,0,0,0
1.574538194748257,0.03917668937759657,16.761890590274263,0.008078889434764846,-20.68251206659346,0.021000113508193863,0,0,0
1.6163206258300988,0.03791659195153585,16.825787740577923,0.010017986854677474,-20.721780077239657,0.015239852012274468,0,0,0
1.6560903085357523,0.03686540895835151,16.90357475901955,0.013936424954653148,-20.782276301806178,0.006731344843623787,0,0,0
1.6927528973628228,0.035760727781114096,16.973966083732066,0.017067724180691357,-20.842056617585598,-0.001543239026401011,0,0,0
1.7260807688029445,0.034375767004168264,17.019735251018417,0.017949093926065984,-20.883117865394752,-0.007736477860137825,0,0,0
1.7564960789489419,0.03266432662215948,17.03179957820622,0.01690517985161648,-20.895692415129815,-0.011732817645111027,0,0,0
1.7846236962267454,0.030830245557596926,17.011181931614587,0.015863591413526022,-20.880104986098758,-0.01508144646610674,0,0,0
1.8109084090289684,0.029282526447831005,16.968924394328624,0.017543852284040894,-20.846496682063844,-0.020250991379683114,0,0,0
1.8355866015670728,0.028472216332596646,16.924125643941252,0.02429419034085072,-20.81279903746932,-0.029471938129333353,0,0,0
1.8591227302997453,0.028664457551960253,16.900328020656403,0.03700848995682406,-20.801209806965346,-0.04363768694493331,0,0,0
1.8828406503242263,0.029750191784046365,16.920526504409523,0.05456398787553383,-20.833326531254528,-0.06174943163362343,0,0,0
1.9091458903084089,0.03120350419422948,17.00122626341833,0.07403548521200491,-20.92428999103649,-0.08116004401678367,0,0,0
1.9408124718617188,0.03222700599046817,17.146516662428056,0.09160835676738657,-21.07699568309951,-0.09848438674830504,0,0,0
1.9793974728824253,0.0320283078284362,17.344050983300306,0.10378451903430345,-21.27843348703493,-0.11071508700885317,0,0,0
2.023582686643408,0.030094100551033877,17.565375129773756,0.10834905087685627,-21.500612181730986,-0.11602407699268724,0,0,0
2.0685311208912367,0.02632854516401011,17.772154430326268,0.10473736542899985,-21.707292855297652,-0.1139781136179181,0,0,0
2.106893756131427,0.021005664317490867,17.927265499288453,0.09380629642496671,-21.864948853581808,-0.10527012813781766,0,0,0
2.1311914873133304,0.014595718326219753,18.00676958467166,0.07731688018937462,-21.953647552152376,-0.09130459435776003,0,0,0
2.1365276070774115,0.007587808075474811,18.007616152709815,0.05748429987000918,-21.97303980739619,-0.07392975871398448,0,0,0
2.1224081819398464,0.0004073212094752421,17.9477016749464,0.03674341620603912,-21.940990943144527,-0.055350775644808434,0,0,0
2.092897293499135,-0.006557933353195722,17.85858946865919,0.01760398993772867,-21.886027812632705,-0.03800704810485911,0,0,0
2.0551030735706064,-0.012889675324515792,17.774395065312078,0.002355453751235359,-21.83733593461409,-0.024171624394944045,0,0,0
2.016690552616467,-0.018118983859889682,17.721359661128147,-0.0074783329397547504,-21.816293270239356,-0.015269506493282847,0,0,0
1.9834706849771777,-0.021803007069362935,17.711485145360697,-0.011758309357065854,-21.831941243483016,-0.011215347860442648,0,0,0
1.958003353111451,-0.023676333782088933,17.741415029151042,-0.012081936278150351,-21.880682662779577,-0.010159601350511593,0,0,0
1.9396343676460788,-0.02379752188940216,17.79570896783862,-0.011619154474485072,-21.949009099247093,-0.00882072334688928,0,0,0
1.9257039175325303,-0.022600120654156796,17.852482169890905,-0.014446257841487408,-22.017643918514636,-0.0032642958034074356,0,0,0
1.913161416619701,-0.02080129520477101,17.889186491101,-0.024604972384929626,-22.065801030756802,0.010177556240461173,0,0,0
1.8997642692565222,-0.0191986289821088,17.88679678992831,-0.04515821744597304,-22.074635820901307,0.03410313511124343,0,0,0
1.8844329630458247,-0.01844902113397353,17.83151013020155,-0.07743535846770726,-22.02919817661342,0.06946366882178837,0,0,0
1.866896086957567,-0.018928676019478986,17.714126890244316,-0.12056732388139153,-21.91867077066678,0.11521937838332122,0,0,0
1.8470901215228963,-0.02071813983060622,17.52834534146278,-0.1713674806321933,-21.735560372209477,0.16823778790069355,0,0,0
1.824704262795379,-0.023683268702222905,17.269777486668417,-0.224615864132997,-21.475261919126922,0.22350872131656274,0,0,0
1.7989804736374424,-0.027579440979862112,16.937131560683625,-0.273803581557425,-21.137304555265132,0.2747854526981854,0,0,0
1.768716592916661,-0.0321124357005985,16.535741790337127,-0.31230720432794784,-20.728488878946365,0.31566186461062673,0,0,0
1.7324529693400166,-0.03693616232675225,16.082034161516688,-0.3347555405016095,-20.266631220240157,0.34086024300847556,0,0,0
1.6888712305103013,-0.041623880926505305,15.606323528560935,-0.3381531615189317,-19.78255670534901,0.34730513188596035,0,0,0
1.63736700682108,-0.04567340518740508,15.15115067552675,-0.3223542579844548,-19.317946503774948,0.3346024550031899,0,0,0
1.5786399122505372,-0.0485772172918459,14.763724746648833,-0.2897836973786497,-18.91801717479504,0.3048352820322037,0,0,0
1.5150713397783022,-0.04993319582054454,14.483954725185455,-0.24465963688851672,-18.620595746528664,0.261903628995924,0,0,0
1.450657277692514,-0.04954029824432808,14.332595275054999,-0.19211839933711303,-18.445619451807175,0.21074885655366415,0,0,0
1.3903560696488455,-0.04743484674805813,14.304802761618234,-0.13751565919494907,-18.389535822177578,0.15668494536430727,0,0,0
1.33893208987692,-0.043856866548622975,14.37194051288192,-0.08592312101723679,-18.426909098804884,0.10485157208547946,0,0,0
1.299648515431997,-0.039167369011605044,14.490535191798458,-0.04165377529630234,-18.518268265305892,0.059671014137563816,0,0,0
1.2733136104733802,-0.0337557712459585,14.614557796965997,-0.007666484049082101,-18.621000313409724,0.024223169052339698,0,0,0
1.2581045018594352,-0.02797691584056139,14.706877569567197,0.015070788062189422,-18.699781766597084,-0.00036346708230610146,0,0,0
1.2503025650240716,-0.022137776508618857,14.747092318388567,0.027920233158843642,-18.734040984494214,-0.015215301655385361,0,0,0
1.2456933167050295,-0.016522949561287702,14.734612922563727,0.0342658087942624,-18.72123636239931,-0.02342888769110516,0,0,0
1.2410821997909522,-0.011421514338589133,14.687059906158012,0.038533637218782245,-18.675785484271643,-0.029185264297669277,0,0,0
1.2353021813726883,-0.007113556596841875,14.63466260580735,0.04492253583518391,-18.624230417351725,-0.03658357780630013,0,0,0
1.2292795126063254,-0.00380390267583266,14.611797606643435,0.05635171942424222,-18.59777246836103,-0.048625290565479415,0,0,0
1.2251265740359685,-0.0015403462776049537,14.647460849560858,0.07390891461743081,-18.62382469908863,-0.06660846586443085,0,0,0
1.2247169464910286,-0.00018227188953119368,14.757276885069743,0.0967662912520609,-18.718761741781577,-0.08994283266558512,0,0,0
1.2285129494635783,0.0005383149592987025,14.939760550150297,0.12239347649603757,-18.884104043368893,-0.11628487923033504,0,0,0
1.2352745837150536,0.0008815808804797598,15.178074991208419,0.14696825467135,-19.107253219064518,-0.14193409207921945,0,0,0
1.2427010390833857,0.0009615117414426777,15.445966715741505,0.1660138332476663,-19.365866425241393,-0.16250256168554245,0,0,0
1.2484798461287596,0.000689189244269528,15.714755230909176,0.1753187759970615,-19.633469311150066,-0.17386155208680804,0,0,0
1.2510764662980165,-0.0001546024072197838,15.958547687524103,0.17205845331017997,-19.88408515470266,-0.1732469057873658,0,0,0
1.2498980085957498,-0.0017468559327099343,16.156742452871512,0.15580246459562658,-20.095126405063837,-0.1602186078392549,0,0,0
1.244917298787115,-0.004049508446561845,16.294800938284013,0.12895123088456728,-20.24925603420715,-0.13706156027666622,0,0,0
1.2361714050490207,-0.006741388330522113,16.36498536661405,0.09628337326769554,-20.33638798922911,-0.10834659259901969,0,0,0
1.2235805499637706,-0.009292684606549528,16.368045382662658,0.06370195491623462,-20.356293756962287,-0.07974317966290415,0,0,0
1.2072483871639292,-0.011132218739558653,16.31530153102601,0.03669015798755311,-20.320947820174126,-0.05656156985798759,0,0,0
1.1880178649979598,-0.01181087599864128,16.22927285899597,0.019127850352018073,-20.254719646135555,-0.04262548156371224,0,0,0
1.1678607004098325,-0.011082467815919017,16.140908723885374,0.012878768542589115,-20.190719145054715,-0.0398472243217924,0,0,0
1.1497741930178904,-0.008888244026042002,16.08298626490385,0.01810071247060705,-20.163298221870434,-0.04845842024838305,0,0,0
1.137157658733173,-0.0052957878653529635,16.081656810784708,0.03386227427728557,-20.19908500972994,-0.06752362429413665,0,0,0
1.1329677063116037,-0.0004603364632117746,16.149826191044284,0.05859322640926621,-20.310339970339783,-0.09532418276020564,0,0,0
1.1390733304365597,0.005359991442921342,16.285530138297403,0.09014829587903819,-20.49359864828176,-0.12942914942051686,0,0,0
1.156034858526695,0.011757823587382176,16.475808062990083,0.12562371082709944,-20.73384023669098,-0.166587882366764,0,0,0
1.183213526395491,0.0181550555000058,16.703608109386906,0.16129249492764472,-21.011624232170476,-0.20277754735806183,0,0,0
1.218977185331653,0.023858532494328698,16.95397764675532,0.1929777918869604,-21.309535584564344,-0.23368773979876778,0,0,0
1.2608483015931427,0.028203569081159684,17.21678448981639,0.2168842132168322,-21.615239314379295,-0.2556290067398493,0,0,0
1.3055961008717816,0.030735093922936586,17.485509967266964,0.23054782595660583,-21.920598469803195,-0.2664946263908575,0,0,0
1.3494112554098905,0.031339761936993685,17.75383367316182,0.23341266605227987,-22.218494618635333,-0.2662658917824331,0,0,0
1.3883595179611774,0.03026356999353368,18.012764183773456,0.226725149319293,-22.500175619858112,-0.2567706660645541,0,0,0
1.41919334954477,0.028010769181280183,18.25049894295303,0.21282249653262966,-22.755375077128434,-0.24082552975952468,0,0,0
1.4403186455409696,0.02517358638794178,18.455304450610342,0.19419571513421374,-22.975286234248358,-0.22119989469787527,0,0,0
1.4524709498064965,0.022262593034830046,18.619656798820202,0.17275123414496535,-23.156257566106092,-0.19985612031543099,0,0,0
1.4586705584620319,0.019598278119383396,18.743059556183013,0.1495136319975984,-23.30154689733652,-0.17770081092387216,0,0,0
1.4633212182082929,0.017292796839348056,18.831833074713202,0.12475924022285767,-23.419879529765723,-0.15479681215467736,0,0,0
1.4707130492110707,0.015306307512203432,18.895934798097457,0.09838346978358174,-23.521534531543097,-0.1307837897338203,0,0,0
1.4834742319414431,0.013529572028964765,18.944296831266044,0.07025661487253103,-23.613800517533605,-0.10523319548892687,0,0,0
1.5015788820656155,0.01184761905578,18.980646287242948,0.040414749407244696,-23.697606579041917,-0.07781520089034473,0,0,0
1.522339223803371,0.010171358330273961,19.0014260753904,0.009086569331685723,-23.766462740182106,-0.04834589982924342,0,0,0
1.5414225930832117,0.008451230223239747,18.996598881609273,-0.023344987407571693,-23.808013517196315,-0.01684461650543483,0,0,0
1.5544890698344176,0.006686970772862821,18.95306509167834,-0.05637410442788848,-23.807707032017703,0.016375145794634706,0,0,0
1.5587948360987696,0.0049328932753610385,18.85945194468279,-0.08942115292328197,-23.753438243151805,0.050694905792400394,0,0,0
1.554184533109236,0.0032934547135937465,18.71052249213706,-0.12196084692651823,-23.639716564398526,0.08537103225098122,0,0,0
1.5431828606944293,0.0019104209791478866,18.509609682107296,-0.1537072231346855,-23.46999306239087,0.11985029360589863,0,0,0
1.530190925936921,0.0009418082689293783,18.268092030434318,-0.1847223253268595,-23.256128071819376,0.1540017962450264,0,0,0
1.520041981964681,0.000522143439675915,18.001723268864637,-0.21532122595483258,-23.014585473619093,0.18806509850014094,0,0,0
1.5164087790773806,0.0006960671642232796,17.72468836200086,-0.24578525153063424,-22.760090195023793,0.22231791749132696,0,0,0
1.5206830918570944,0.0013418378091344606,17.443574055896093,-0.27603773851064944,-22.49910364298293,0.25667193478918476,0,0,0
1.5317573064926648,0.0021257827110332528,17.154202822121803,-0.30546167101682614,-22.226444777731842,0.2904431660675499,0,0,0
1.5466440274799709,0.0025299670103109406,16.843386622060947,-0.3329422138426679,-21.927362532194905,0.3224053837892399,0,0,0
1.5614497414766504,0.001970531664663611,16.495212576371998,-0.3570720037406801,-21.584527857104433,0.35103552240202873,0,0,0
1.5722132141901142,-1.8407408263954038e-05,16.099074559576295,-0.37635292924972247,-21.186718895259958,0.37473829040389434,0,0,0
1.5754423602195686,-0.003605333877311523,15.655905781968798,-0.38925141346688863,-20.735284903723027,0.3918904356250124,0,0,0
1.5684825307975387,-0.008574081461081563,15.180187543680617,-0.3941338396755881,-20.24593922449847,0.4007558999891245,0,0,0
1.5498962425835572,-0.014379892660896587,14.697371993027517,-0.3892921174558552,-19.74577284779909,0.39951451449914543,0,0,0
1.5198579078820416,-0.020323012194364765,14.238193976367413,-0.373257676028328,-19.26720256958015,0.3866050228841857,0,0,0
1.4803554403042654,-0.025752303606209635,13.832174227331976,-0.3453570175164359,-18.84118583877367,0.3613075376805682,0,0,0
1.4349422772462788,-0.030208290467642486,13.502235659140212,-0.3062140732263245,-18.491544643091686,0.32424648056017985,0,0,0
1.387958379883699,-0.03346345260362824,13.261281647563251,-0.2579047399667999,-18.231299632740388,0.27752633716085884,0,0,0
1.3434139055363232,-0.03547873040319303,13.110809861777668,-0.20370059887075911,-18.06131230335305,0.224465603678658,0,0,0
1.303926705414554,-0.03633191265806914,13.041642401207639,-0.147567838040419,-17.97145248029875,0.16910931977769508,0,0,0
1.2701303095136893,-0.03616693151847272,13.03693382731305,-0.09363521149078338,-17.94425408965816,0.11571208722517667,0,0,0
1.2408078341832862,-0.03517448569121342,13.076858382300799,-0.04573174573073828,-17.96002153211444,0.06825270265573521,0,0,0
1.2136952267656085,-0.03358063929272674,13.143181554973026,-0.006963200045528595,-18.00128318771189,0.029937674281833894,0,0,0
1.1865771160028658,-0.031616946359162054,13.221693612623326,0.02073010138028337,-18.054679650022138,0.0026773678604001816,0,0,0
1.1581885926973143,-0.029466766236197373,13.301841861459579,0.036987651501563336,-18.110081697328383,-0.013353264581269286,0,0,0
1.1286105833921312,-0.027209654824844165,13.374856770024593,0.04322416780577356,-18.158658812216316,-0.01984694430538809,0,0,0
1.0991358843190113,-0.024804682751144468,13.432603658684926,0.042383744522780376,-18.192167900273347,-0.01999947305845069,0,0,0
1.0717889162920784,-0.022145227479333583,13.468582661366085,0.03820402499264049,-18.204525954136386,-0.017669461048993185,0,0,0
1.0487462431743495,-0.01917112158046592,13.480686376793301,0.03423201705793701,-18.19484494916574,-0.016360081060463473,0,0,0
1.0318301571661124,-0.015969085359361656,13.473884079265375,0.03301751379401452,-18.169921923352632,-0.018454915659555128,0,0,0
1.0220834820022446,-0.012787512559089009,13.460771272540853,0.03581445068169842,-18.144248820242666,-0.0249928660147134,0,0,0
1.0193555593899504,-0.009953613803460826,13.458898632227204,0.042789413119304245,-18.13671614260437,-0.03592106736223002,0,0,0
1.0219840109609493,-0.007753781749975985,13.485501725552396,0.05342933471550282,-18.164883998316526,-0.05049295892951875,0,0,0
1.0268862624092492,-0.006356635763424379,13.551868750563472,0.06680587006169673,-18.23922880661769,-0.06749611884693536,0,0,0
1.0303134671064242,-0.0058148086294536935,13.659986368276563,0.08159109923599459,-18.360010357475517,-0.08525124523620775,0,0,0
1.029074445357523,-0.006116899289997946,13.802750901217635,0.09599888194022696,-18.517869485838617,-0.10158323819979671,0,0,0
1.0215980668192515,-0.007223737405800535,13.966897005839954,0.10792443697548179,-18.697097489568534,-0.11403572249906233,0,0,0
1.0082225586578346,-0.009041754082639386,14.136641361983052,0.11542155655329936,-18.87948714260574,-0.12044908750879983,0,0,0
0.9905981568798126,-0.011348238317174264,14.296597369153247,0.1173965832419924,-19.04735740152782,-0.11974652398361911,0,0,0
0.9706611642661329,-0.013737171860577746,14.433872898667644,0.11417607240471597,-19.1857543053506,-0.1125434985560105,0,0,0
0.9498461079442393,-0.01565194167123707,14.540015642295671,0.10758086697672412,-19.28460604523329,-0.10119011324250664,0,0,0
0.9289380185635565,-0.016512412353132788,14.613114197760197,0.1003774573448851,-19.34120701769237,-0.08912822895828469,0,0,0
0.9085016277892066,-0.015876356945824455,14.65946755797232,0.09534429484533007,-19.362349238152717,-0.07983443550660355,0,0,0
0.8895145438034717,-0.013551194806380807,14.693629474610631,0.09441433231716587,-19.364663792177794,-0.07584516372359928,0,0,0
0.8737940503940536,-0.00960559133462766,14.735795038043804,0.09826720322298854,-19.371911489900583,-0.07826609202217583,0,0,0
0.863950321826195,-0.004291780222831676,14.806525474666486,0.10644159875141383,-19.409151775421464,-0.08685462538336423,0,0,0
0.8628344973610069,0.002066509702547137,14.920339954293254,0.1177705369613193,-19.49544184463457,-0.10047141491955927,0,0,0
0.8727106105940265,0.009162081774670127,15.080784685154711,0.13086892080500262,-19.637938779841733,-0.1175945570472237,0,0,0
0.894542243533536,0.01673664316441261,15.279269401383132,0.14449149141387352,-19.830018321749577,-0.1366795493873326,0,0,0
0.9277433620378162,0.024559523807526774,15.498288886181783,0.1577092557801933,-20.05430055918424,-0.15631665442224119,0,0,0
0.9705112049697107,0.03238062980448149,15.717721011908864,0.16994528272526566,-20.289320194428882,-0.1752698660647752,0,0,0
1.0205588363102578,0.03989789551618088,15.921803405810223,0.18094619214570856,-20.517152588164606,-0.1925180076067619,0,0,0
1.0758680594333327,0.04677123646086301,16.104382472111055,0.19074219187330071,-20.729144732026043,-0.20735414684762077,0,0,0
1.1351097818787395,0.05268612165536126,16.270722032412564,0.19959099234622785,-20.927830336400206,-0.21949225400660738,0,0,0
1.1976003484388684,0.05743898047680318,16.43524786529646,0.20787276248240688,-21.124610150548335,-0.22907998765350895,0,0,0
1.2629292769880038,0.06100401224692291,16.615987396123572,0.21593995361956503,-21.334331851489083,-0.23657163763152197,0,0,0
1.330546861969637,0.06354737265315577,16.82776187302626,0.2239731978010667,-21.568983313110778,-0.24250948389794474,0,0,0
1.3995718271476392,0.06537130644448723,17.07669460861699,0.23188112541294573,-21.832861319907806,-0.2472959762755437,0,0,0
1.4689320483015678,0.06679593553984801,17.3579970262072,0.23923416345641044,-22.120818198284667,-0.25100607810625775,0,0,0
1.5377834845070453,0.06801776880179489,17.657688422377433,0.24522903718342093,-22.42001693549946,-0.25326777956494195,0,0,0
1.6059849315012684,0.06900569936098719,17.95745298991953,0.24874490396632326,-22.71441503340833,-0.25326520158857874,0,0,0
1.67427190075513,0.06948760837806275,18.24061465993968,0.2485638348570859,-22.990112350920043,-0.2499247645992085,0,0,0
1.743827414831813,0.06904126481400538,18.49672410667516,0.2437204960197846,-23.23920551308862,-0.24226203822806552,0,0,0
1.8152874698966883,0.06725337781804797,18.723012404246774,0.233804686639985,-23.460508132049625,-0.22973836537443618,0,0,0
1.8876573420487404,0.06388052549759067,18.922696904959693,0.21900737821123925,-23.657262166434123,-0.21241547712998,0,0,0
1.9578053607686314,0.058952877623457314,19.10162574469443,0.19982287500944268,-23.833579497481168,-0.19077533762952897,0,0,0
2.020959510109691,0.05280056687839903,19.264966833224108,0.17653383947863405,-23.991603695391433,-0.1652752967066789,0,0,0
2.072105605328119,0.0460240317010161,19.41474147501684,0.14879100047372731,-24.130244973652168,-0.13592220255710857,0,0,0
2.1077373032774744,0.03943794017560691,19.548070808319594,0.11561129084309414,-24.244972969584467,-0.10219743334966438,0,0,0
2.1273122607416184,0.03398924568259502,19.65591717247186,0.07588838281759536,-24.32777031179475,-0.06345579735458955,0,0,0
2.1339906002852587,0.030622934847082207,19.72279138470587,0.02916679128965427,-24.367168000475118,-0.01958324875527353,0,0,0
2.134512217765291,0.030083589616718597,19.728524664676954,-0.02376069670516472,-24.34933437649113,0.02850147729918433,0,0,0
2.138206816587882,0.03269354131117552,19.6528370151061,-0.08075464395361678,-24.261179846585264,0.07881270538008778,0,0,0
2.1551799267226386,0.038197491501830425,19.481896232422727,-0.1387238048168314,-24.09506610559552,0.12871745512049698,0,0,0
2.1938866905195624,0.045761772672774724,19.214364817856236,-0.1942203539523689,-23.853094653986858,0.175498349581801,0,0,0
2.2586412569358174,0.05414753003763195,18.864018777642784,-0.2438848392309126,-23.548564724489324,0.2166962980044076,0,0,0
2.347894923221446,0.06197926995407528,18.45742039368794,-0.28457573910204415,-23.203476641590555,0.2500917433113017,0,0,0
2.454080520346423,0.06797946464778022,18.027503426848526,-0.3133086896839387,-22.843070422447198,0.27350857229605763,0,0,0
2.5653550300052217,0.07108689741386627,17.605867268795905,-0.3273086527293884,-22.489989473766457,0.28479017106186005,0,0,0
2.668787561117938,0.07048480715282324,17.217068780162734,-0.3243908304660067,-22.160807331750675,0.2821587717774065,0,0,0
2.7537832998260114,0.06563107728043036,16.87703399368543,-0.30359479906149145,-21.8662505673621,0.2648429431330982,0,0,0
2.8143068642430933,0.056344743700586265,16.595437767837566,-0.26574343046887916,-21.614248653530552,0.23361434889474425,0,0,0
2.8490757907265447,0.04291045188778213,16.379750487812217,-0.21357874623860199,-21.413278135966664,0.19089108183236475,0,0,0
2.860027998250871,0.026112728801119544,16.23798792776266,-0.1513340705485831,-21.273478387821456,0.14030278670832103,0,0,0
2.850197463323866,0.007145424087310915,16.17841682724132,-0.08388388926510401,-21.204665222655876,0.08589876923384168,0,0,0
2.82208869394168,-0.01257987040776527,16.206584472953992,-0.015808759925360506,-21.212421235541882,0.031347568880269704,0,0,0
2.7769994420992674,-0.031643206433240326,16.32163293130192,0.049270722706782524,-21.294565823266908,-0.02055269349238529,0,0,0
2.7152078083576185,-0.04876026200220167,16.514162721362695,0.10889899413845114,-21.440042555363988,-0.06792878005906858,0,0,0
2.636809270878331,-0.06283696432997772,16.767028376144864,0.16157861439303928,-21.63100178142804,-0.10956640288978861,0,0,0
2.542988857040285,-0.0729850021175622,17.05898118090913,0.20637783773905766,-21.847331642947978,-0.1445815188606275,0,0,0
2.437351235493608,-0.0785695854891145,17.369741220753255,0.2426155240178815,-22.071777502285954,-0.17226964098314285,0,0,0
2.3267042442210766,-0.07930435057194814,17.684427709222078,0.26979622677004045,-22.293536454121238,-0.19223045881933842,0,0,0
2.2207061474267675,-0.07533556657381837,17.99553663174261,0.28779504555317886,-22.50894216486455,-0.20466691195945544,0,0,0
2.130177977075249,-0.06724920867556676,18.301766305153237,0.2971051685248824,-22.71929357642773,-0.210600220142382,0,0,0
2.064501608432721,-0.05599252060572439,18.604572067420136,0.2988905348660552,-22.927361632487305,-0.21174617372161605,0,0,0
2.0290451882221987,-0.04275651071967701,18.904546740654396,0.294718517134271,-23.134725823735266,-0.21001064764501792,0,0,0
2.0236437763610837,-0.02886509718619692,19.19958338683371,0.2860946384338945,-23.341234942861462,-0.20685164651574156,0,0,0
2.042715721601951,-0.015675914388052093,19.48521440661152,0.2740867678376532,-23.546044756787808,-0.20289253825425818,0,0,0
2.076884064821087,-0.004464215768643953,19.755933724805416,0.2592869400456266,-23.7484635186442,-0.19803818201608295,0,0,0
2.115423749843515,0.0037363129978686517,20.00616635225184,0.24214137377701944,-23.947438119398157,-0.19202814738443977,0,0,0
2.148700263631639,0.008322348875448426,20.2306876050922,0.2234179099078375,-24.14029396744337,-0.1850659500121651,0,0,0
2.1699451003405557,0.009273138999787989,20.42529538759861,0.20444971128063968,-24.32246183666382,-0.17808539249160446,0,0,0
2.176063989740328,0.007179178724668134,20.588406032198876,0.18691774839891195,-24.48932398502538,-0.17243486865495186,0,0,0
2.1675411070539354,0.003102011249353609,20.72318004292343,0.17225615571816205,-24.63957505027213,-0.1691584256477455,0,0,0
2.1477250971872053,-0.001698951795742687,20.83875116649851,0.16103163210852073,-24.778021132608956,-0.16833116209006108,0,0,0
2.1217765782200786,-0.006075523816387829,20.949043853460793,0.15263530389344168,-24.91557974865131,-0.168830524356477,0,0,0
2.095435563607765,-0.00923478430207041,21.06876087082283,0.1453748784576902,-25.06558362941098,-0.16857913414757492,0,0,0
2.073735834095487,-0.01085674692892553,21.20777596379314,0.13681755041851887,-25.237629013265263,-0.16500858762921666,0,0,0
2.05989454686366,-0.011074220261922108,21.366250045890624,0.12419957728557449,-25.43177513954481,-0.15549065234097553,0,0,0
2.054668511679637,-0.010343558758674477,21.532519391186256,0.10485315822423899,-25.635743362962927,-0.1376834126685793,0,0,0
2.056352420610935,-0.00925707638046731,21.684436389669102,0.07671894180294317,-25.82608530891912,-0.1099051814587142,0,0,0
2.0613776310513003,-0.008350391108085376,21.793470891783798,0.03896698472238143,-25.972547712955986,-0.0716244518832525,0,0,0
2.065321787121107,-0.007949864138259955,21.83040180505462,-0.007431462382254494,-26.044230508435135,-0.02397172696660732,0,0,0
2.0641055194671907,-0.008096347059044717,21.77171162516582,-0.05948428706277013,-26.01640917695792,0.030001678723584745,0,0,0
2.055154333382532,-0.00856692129780896,21.605940584527943,-0.11256238659012467,-25.877072947196098,0.0855980609697724,0,0,0
2.038272667139225,-0.008986325571137854,21.338713700684607,-0.16137348636994772,-25.631824267483836,0.1373316897212078,0,0,0
2.0159369222251655,-0.008983583283402652,20.994446247000283,-0.20119281353145765,-25.305300899077054,0.18009856315260891,0,0,0
1.9927723635050398,-0.008331737561626085,20.612933093165438,-0.2288733401869365,-24.937612226029415,0.210217908432827,0,0,0
1.9742253338855704,-0.007021001014284422,20.240626179989377,-0.24330430999223154,-24.575794529847087,0.2260189612045309,0,0,0
1.9648052559682583,-0.005248519140958763,19.91878452748678,-0.24531065561170068,-24.26242646575085,0.22792344608141946,0,0,0
1.9665165877769084,-0.0033460610917757094,19.672508254354526,-0.23723875980018647,-24.02509967739303,0.21818876992034575,0,0,0
1.9780602554350395,-0.0016926477660916817,19.504737489914433,-0.2224913404966628,-23.870368628627716,0.2004998249513136,0,0,0
1.9951117769782627,-0.0006526866953791455,19.397358705132305,-0.20510401824308247,-23.784040896389826,0.17947717150166512,0,0,0
2.011620328057603,-0.0005422631180579174,19.318605069048814,-0.18928327781969187,-23.737174716143727,0.16005826754594069,0,0,0
2.021693722464775,-0.0015927753072361383,19.233552986526078,-0.17880388263653516,-23.69518524799264,0.14672482966512349,0,0,0
2.021346189478308,-0.0038890913376107505,19.11380029571798,-0.1763096070409375,-23.6268260179707,0.14268945779196826,0,0,0
2.009410055271374,-0.007299584745139498,18.94340606456946,-0.1827518526511625,-23.510529184060402,0.14929720962120713,0,0,0
1.9873497323244607,-0.011443748369237028,18.72010031496852,-0.1972606415379829,-23.33702955057001,0.16589726406668603,0,0,0
1.958297580813209,-0.0157360685784667,18.452587353624025,-0.2175856728418694,-23.108546233195852,0.1902596973051402,0,0,0
1.9259143425921508,-0.01951525982914575,18.155688457077403,-0.2409672385941775,-22.835531887831166,0.2193738808711032,0,0,0
1.8935207403255134,-0.02223092046891395,17.8449897278429,-0.26509136760070645,-22.53212758118096,0.25032929672771614,0,0,0
1.8636227717426692,-0.023621020181161613,17.532131074534604,-0.28876119280221246,-22.211395987960856,0.2809965511616497,0,0,0
1.8377510911935957,-0.02379529980210009,17.22150197671361,-0.31204662754354046,-21.881443923338423,0.31033078665639663,0,0,0
1.8164677297661456,-0.02317322301503566,16.90893268310704,-0.3358773192459239,-21.543435907432695,0.338242656278166,0,0,0
1.7993845177756356,-0.022302733526855432,16.582639310519014,-0.3612575149689775,-21.19189228071548,0.3651090009807575,0,0,0
1.785135987666692,-0.021651460422843626,16.226188367695855,-0.3884366175027026,-20.816860506354203,0.3911171167194311,0,0,0
1.7714570572503732,-0.02146827172102377,15.822939789134054,-0.4163853609476519,-20.407221317496436,0.41570572670503053,0,0,0
1.755617502174104,-0.021765607448486435,15.36132712250928,-0.44278423543138673,-19.95460298778835,0.43733648349932536,0,0,0
1.7352702455446547,-0.022407621045043413,14.84001220393425,-0.46450499191367955,-19.457456223388277,0.4537016883927919,0,0,0
1.7093997383637145,-0.02323679131323786,14.271322282050377,-0.47836722019278144,-18.924360720636855,0.4622856427796478,0,0,0
1.6788380231152757,-0.02415610719837531,13.681136118366382,-0.4818582588519547,-18.375070314130653,0.4610274686553055,0,0,0
1.6459666972578049,-0.02512150829045936,13.104288720220737,-0.473564369557279,-17.838031152967602,0.4487969893272748,0,0,0
1.6136748807431616,-0.026072716870230293,12.576452057576816,-0.4532622057193336,-17.344427039410505,0.425546013866969,0,0,0
1.584099816633767,-0.026882045665051636,12.125260481179225,-0.42182616010657625,-16.920579479636217,0.39222222586864464,0,0,0
1.5578234457918825,-0.027382818219308547,11.764056721999467,-0.3811357311882915,-16.581617594162424,0.3506304815323517,0,0,0
1.5339209047620983,-0.027467956826153283,11.490544672123065,-0.3339951740631861,-16.328890613081455,0.30332253959869604,0,0,0
1.5107298885480702,-0.0271877256100737,11.290317731940718,-0.28390113353502217,-16.151761178826746,0.2534243544242997,0,0,0
1.4867970455235877,-0.026769589555316033,11.143065521443518,-0.23451448631947897,-16.032380729101902,0.20425876543218352,0,0,0
1.4614420633515692,-0.02653066559558681,11.028654892051335,-0.1889023778019478,-15.95115140806476,0.15874936352268493,0,0,0
1.4347201701021817,-0.026721115466430946,10.931370541418516,-0.14883395891285717,-15.891135324649895,0.11879466220760264,0,0,0
1.4069607670145388,-0.027383749394535074,10.84212478301616,-0.11447001239530152,-15.840826769887656,0.0849140639616877,0,0,0
1.3782708017046446,-0.028308560771901626,10.759143857025947,-0.0846321803877231,-15.795443498645767,0.05637989629893525,0,0,0
1.3483682247872935,-0.02910335542172362,10.687428279557338,-0.057545232703171224,-15.756933404183656,0.03179302362925114,0,0,0
1.3168886619694575,-0.029337165484167826,10.636920892050654,-0.031694806734248,-15.73263285756019,0.009808168271396767,0,0,0
1.2839859518465317,-0.028685683727125877,10.619356598046451,-0.0064185115703978115,-15.732476954545547,-0.010335183782748914,0,0,0
1.250835297043082,-0.02702161496536064,10.644222868245834,0.017938175512965414,-15.765091650092103,-0.028642278247477292,0,0,0
1.219696334330834,-0.024425607079069777,10.714865404909006,0.04021428778027882,-15.833830942534235,-0.04448614466637366,0,0,0
1.1934253906819094,-0.021128038530865468,10.826117454101038,0.05878549114286642,-15.934299046387935,-0.05685676678698144,0,0,0
1.1745852260803105,-0.017417629628619126,10.964469776347357,0.07194508694794025,-16.05450324589225,-0.06462270911150939,0,0,0
1.1645040204485753,-0.013558707422876636,11.11075229654817,0.07827053519595069,-16.177558107124668,-0.06678528286203686,0,0,0
1.162704696223841,-0.009744161392811179,11.244267660818949,0.07695967983036667,-16.285688216551392,-0.06274042040763846,0,0,0
1.1669904163959899,-0.006088605427508753,11.346998768454611,0.06809719478295335,-16.36401116651558,-0.05253369131718273,0,0,0
1.1741919285011022,-0.0026482911127530427,11.40687914903674,0.052781109507857596,-16.40316049529875,-0.037042132042455475,0,0,0
1.1813015877406912,0.000553793906792066,11.41962624401016,0.03303737727356833,-16.40048568618056,-0.01798810202079153,0,0,0
1.18654433791842,0.003515443555635045,11.388953396350118,0.01150605160140401,-16.35988115862193,0.0022725125956810643,0,0,0
1.1899492427679945,0.0062607954734218655,11.325194816075367,-0.00901379632596786,-16.29042856326393,0.021140251970626876,0,0,0
1.1932134232033036,0.00885528899733572,11.242676499987581,-0.026003130512239635,-16.20425226295879,0.03619938588002469,0,0,0
1.19896332974983,0.011411073452457288,11.156491226836721,-0.037532836789478094,-16.11418006659585,0.04555776564640155,0,0,0
1.209739661636661,0.014064120764084009,11.079530292361397,-0.04245547527264506,-16.03177811993544,0.04808727648946274,0,0,0
1.227111975182794,0.0169206702665619,11.020614333288492,-0.04057085768412207,-15.966155587418399,0.04363795407759028,0,0,0
1.2512575861971982,0.01999810363485608,10.984236355696552,-0.03282713150401264,-15.923694357751145,0.033268947320215146,0,0,0
1.2811011509205628,0.023207309243396423,10.97167040055983,-0.021523597860648634,-15.908433510051566,0.019441536872224673,0,0,0
1.3148331361419423,0.026420534120308047,10.98232439631029,-0.010402466572639924,-15.922287730404122,0.0060524414982637605,0,0,0
1.3505082904063102,0.029630293483951676,11.01391766716894,-0.004493879652457622,-15.964106145404656,-0.0018103717017368126,0,0,0
1.3865253742669807,0.0331426795035199,11.060682081309992,-0.009622379683972327,-16.02719168541978,0.0015617962254196982,0,0,0
1.4220223352019588,0.037700690153091895,11.10995883746888,-0.031605350602504245,-16.096013194541683,0.021680839110501893,0,0,0
1.457418764406384,0.04444664428649361,11.138651834261182,-0.0753393088001502,-16.14372784797615,0.06301573483776793,0,0,0
1.4952662645893469,0.054716938681958996,11.111552430312145,-0.14405271475362155,-16.132283783613218,0.12836942780367339,0,0,0
1.54116645667186,0.06976327843569692,10.983306495521674,-0.23889934949769867,-16.01616015768124,0.21858737290995123,0,0,0
1.604118876713713,0.09053439009001778,10.70456082726345,-0.35884464390450715,-15.74934719631338,0.33248942544546195,0,0,0
1.6957240290621343,0.11759715128322483,10.23084326769505,-0.5006585919943362,-15.293537009373466,0.4668240395675468,0,0,0
1.8282705377401527,0.15116386634274762,9.531143253023615,-0.658892322510701,-14.624739232014832,0.6161625168517162,0,0,0
2.0124659204989115,0.19111044132798155,8.593330901333303,-0.8259113473811084,-13.73641400130461,0.7728768981082765,0,6,0
2.255852191306488,0.23689216212327296,7.425471228123868,-0.992216189487786,-12.639211890950037,0.927490371872409,0,6,0
2.562496887099229,0.2873785548090183,6.05409616136663,-1.1472665792136412,-11.358951289744311,1.069620413222458,0,6,0
2.933660998629435,0.34073941353607895,4.521035612361871,-1.2808136958382021,-9.934388026024521,1.1894506967063876,0,6,0
3.3685231776861997,0.39452368797249165,2.8795383604500984,-1.3844420221079816,-8.414958866893386,1.2793249887376503,0,6,0
3.8641878858220764,0.4459667605186596,1.1893905354342849,-1.4528326458211382,-6.857380064889128,1.3348999590839186,0,6,0
4.414952004762043,0.49241522218904665,-0.48935929661473665,-1.4843434417993975,-5.319956025456662,1.3554696819448595,0,6,0
5.011513012074502,0.531683797284407,-2.1035761311185723,-1.4808089311637318,-3.854840229249504,1.343472634700899,0,6,0
5.640960908787051,0.5622201398760879,-3.613576953384765,-1.4467673262278211,-2.500287121996962,1.3035257925480948,0,6,0
6.287938142926748,0.5831021848198077,-4.997183205187767,-1.388450389495091,-1.2757396411756474,1.2414052729544096,0,6,0
6.936618142389378,0.5940059742159093,-6.250103516660673,-1.3128337169940152,-0.18171718185601549,1.1632549343462586,0,6,0
7.572690164150558,0.5952724856391101,-7.382618083513449,-1.2269368924498736,0.7955144560589531,1.0751156877307977,0,6,0
8.184698285860108,0.5880857461357081,-8.413577100911581,-1.1374333641336178,1.676306635736637,0.9827233802876094,0,6,0
8.764682846827512,0.5746334960855037,-9.36346828258904,-1.0504803797281341,2.4796647035195747,0.8914261607727525,0,6,0
9.308582919845293,0.5580447764835015,-10.248798809490054,-0.9715483973100391,3.2175904765691996,0.8060276791587256,0,6,0
9.816912742213177,0.5419573765061372,-11.07997838906445,-0.9050327485874007,3.8937768124188494,0.7304230340959122,0,6,0
10.295809466119124,0.529774213249685,-11.863692937950916,-0.8536593148940511,4.507277777419432,0.6670966020959355,0,6,0
10.75784797292954,0.5239077996308168,-12.608379928399913,-0.8180326029899533,5.059421378478021,0.6167973456208784,0,6,0
11.221408673622065,0.5253858532772953,-13.329060926485155,-0.7967929814460618,5.559989669590294,0.5787671011612815,0,6,0
11.70751190798812,0.5340021429442103,-14.047510691061774,-0.7875342366284457,6.028490699783475,0.5516136830987477,0,6,0
12.234360274886228,0.5488755790792197,-14.786696665601184,-0.7880709880139676,6.48924883910334,0.5344303450119071,0,6,0
12.811768160458726,0.5690621139603493,-15.562944113412982,-0.7973008753046514,6.963487912267738,0.527450869882486,0,6,0
13.43855681863306,0.5938798876306521,-16.3815069153722,-0.815095125700384,7.463977647349452,0.531711152562201,0,6,0
14.104704276269615,0.6228259506346945,-17.238810648873496,-0.8412715559127661,7.995801534507052,0.5478080621048548,0,6,0
14.79733871063749,0.6552422492894493,-18.12950868962973,-0.8743213345060739,8.56189392668827,0.5744762476635572,0,6,0
15.50753388181667,0.6900501976070693,-19.052987142110965,-0.9107282105020488,9.16828551124371,0.6078687822479282,0,6,0
16.234608342425645,0.7257966096669548,-20.014644194954755,-0.945311220345522,9.824389303041443,0.6419952006166852,0,6,0
16.986107479276484,0.7609896431614664,-21.021095487527575,-0.9723562772599166,10.537501999526569,0.6700704687130354,0,6,0
17.77383116651656,0.7944695239706185,-22.072274271545893,-0.986891101774414,11.304752146225866,0.6860817467721262,0,6,0
18.608013884058813,0.8255488919777157,-23.154792796082262,-0.9855485473170887,12.107178522262757,0.6859444606236081,0,6,0
19.492326371555777,0.8538513178635405,-24.239808869056404,-0.9668441281258197,12.909200845270192,0.6679993712242464,0,6,0
20.42166459207339,0.8789907640164415,-25.28650688601215,-0.9309909999797554,13.664192599398092,0.6329222674735291,0,6,0
21.383252058339245,0.9003220854453524,-26.25041793311634,-0.879444847788227,14.324795115070714,0.5832152466617316,0,6,0
22.360193196046772,0.9169293404961316,-27.094296122044383,-0.8143395298890368,14.855246140743134,0.5224460065235803,0,6,0
23.335851889272895,0.9278665066560287,-27.797949970887927,-0.7379892884100002,15.241887638930734,0.4544533263010777,0,6,0
24.297441521981085,0.9325230021340432,-28.36289714190852,-0.6526615986979678,15.497508185979001,0.3828009319308251,0,6,0
25.23782919687917,0.9309376987399688,-28.809092672837025,-0.5607243222395809,15.656541769658759,0.31067112193687196,0,6,0
26.1554008842378,0.9239392983475205,-29.164490786417943,-0.4650194627015736,15.761962064762372,0.24110911453334438,0,6,0
27.052496233076845,0.9130821716225277,-29.452167155645895,-0.36909593763898413,15.849285409236643,0.1772555476303211,0,6,0
27.933243905399245,0.9004050691379142,-29.68140878306194,-0.27696823696091427,15.935187841571008,0.12218823351727792,0,6,0
28.801703358955464,0.8880561220814336,-29.847052091452213,-0.19239063416526392,16.01591206463891,0.07829832546501621,0,6,0
29.661057575548597,0.8778393511998885,-29.936701513027884,-0.1180258949970792,16.075283744731536,0.0465481401038403,0,6,0
30.514073774564523,0.8707711451735001,-29.94137730950618,-0.05502981904265738,16.097350591373925,0.026164205095250283,0,6,0
31.364243887425914,0.866774316632069,-29.863978491653526,-0.0033284358867362585,16.077128475915913,0.015105287725393168,0,6,0
32.21641311008723,0.8646417170741436,-29.721856312540567,0.03759898483722566,16.024870893580896,0.01113491984287407,0,6,0
33.07583503397997,0.8623365253266477,-29.54315609187931,0.06795021545767241,15.962989587017404,0.012905119542878651,0,6,0
33.94554064861417,0.8575695565571614,-29.3593908632636,0.08732001896331383,15.918183820611262,0.020443517552644154,0,6,0
34.82314405055849,0.8484677109004337,-29.197775145285306,0.09503007835649982,15.913014942016304,0.03481277715315798,0,6,0
35.69891340381828,0.8340990742439061,-29.07617730727364,0.09080917644150048,15.960634607665384,0.05717462905074626,0,6,0
36.55660915866572,0.8146828366430092,-29.001906628485216,0.07541690668878971,16.064239036999794,0.08774171991226468,0,6,0
37.37739892452708,0.7914570978663591,-28.973851901819074,0.050926267737635554,16.220347240165353,0.1250594895820143,0,6,0
38.145734684552934,0.7663286100744656,-28.986400729462886,0.02061066972278667,16.423411516263116,0.1658438766744439,0,6,0
38.85506451700358,0.7414966360417516,-29.033285545091175,-0.011459763298482528,16.669096881881387,0.20536762457523422,0,6,0
39.51107225385601,0.7191850520378189,-29.10980942476563,-0.040968973843088466,16.95454567503856,0.23822857447337356,0,6,0
40.13098408875082,0.7014794829235065,-29.21259363516421,-0.06393033726615158,17.27546578940104,0.2592600176590281,0,6,0
40.73912113472463,0.6901581855351069,-29.337049394651444,-0.07718527072432266,17.621428353761843,0.26434059686854994,0,6,0
41.360507009031686,0.6864097454334853,-29.473988496248424,-0.07874132685049914,17.971860066363604,0.25092466383788403,0,6,0
42.01499457093668,0.6904412984460613,-29.60746488371619,-0.06790467652843546,18.29530068675004,0.21823770749440713,0,6,0
42.713708233053346,0.7011170273586729,-29.715480679935155,-0.04522771866844977,18.553234784255665,0.16722392883974352,0,6,0
43.45819101401679,0.7158368112108568,-29.773759335728442,-0.012355128325489772,18.707645005685293,0.10041474981224212,0,6,0
44.24149637886193,0.7308180166021053,-29.761265170324066,0.028137571544476714,18.729593878544193,0.021841450719125532,0,6,0
45.05014766901355,0.7417894307879195,-29.66544749474724,0.07288183054157571,18.605788591207187,-0.06304264809651272,0,6,0
45.86623479059031,0.7449170027408641,-29.485562731775673,0.11789334423284714,18.341336170278822,-0.14761904473286336,0,6,0
46.669440365964576,0.7376583453445094,-29.233360708020527,0.15889502440842165,17.95869317316098,-0.22473701135096463,0,6,0
47.439164254771875,0.7192586353825327,-28.931217919719444,0.19184162562329163,17.493880296592295,-0.28773980983631303,0,6,0
48.15701544260382,0.6907473221282345,-28.608231089235687,0.21359128150618858,16.991001872796716,-0.33164355314616784,0,6,0
48.80967703644033,0.6544908717778177,-28.295055053919953,0.22256501921038704,16.49566961903497,-0.3540739563065472,0,6,0
49.39157802438177,0.6135055015716212,-28.018514639631974,0.21918916938643918,16.047930573240393,-0.3556251072197682,0,6,0
49.90629458687867,0.5707827768517191,-27.79706442370224,0.2059476844773272,15.675836685892534,-0.33953873235526544,0,6,0
50.365664235299135,0.5288249083303533,-27.637846520666557,0.18696888240804413,15.391209474223615,-0.31086604613706753,0,6,0
50.78640509664011,0.4894549189098008,-27.535614978220195,0.16719717631094683,15.188854315478721,-0.27541789130730476,0,6,0
51.18520268472976,0.45382648466768744,-27.47355580088285,0.15131983492190812,15.049537519009505,-0.2387796704136292,0,6,0
51.5740625591075,0.42249190361336203,-27.4260858870024,0.14270970480474715,14.945948846726168,-0.2055366791241653,0,6,0
51.95768944926811,0.39543156659545814,-27.363671883940086,0.14267629773273,14.850032711790305,-0.17874752505873914,0,6,0
52.33371344386988,0.3720588574021832,-27.259246156609976,0.15024458861443576,14.739701383519247,-0.15967968097177163,0,6,0
52.695280289280696,0.3512947091783644,-27.095032740016606,0.1624959654373967,14.603205168660423,-0.14783433682414965,0,6,0
53.03459607257395,0.331785075801119,-26.86795800587248,0.17529349833899205,14.440302827793317,-0.14126383577891488,0,6,0
53.345893690336354,0.31222408949701685,-26.591751662304674,0.18411175235141003,14.260455322653002,-0.1371214907823372,0,6,0
53.626883160900505,0.29163883703583765,-26.29461853755788,0.18476512403198625,14.079039876174818,-0.1323312133223311,0,6,0
53.87861132708278,0.2694921076115577,-26.01288686629259,0.17399389766996337,13.912866105982118,-0.12425052913944512,0,6,0
54.1042558546513,0.2455820745486527,-25.782679994830275,0.149965741183847,13.776215957689573,-0.11121384339053293,0,6,0
54.30744357969993,0.21986124373109064,-25.63243827736875,0.1127019287415834,13.678322611186132,-0.09286803948527336,0,6,0
54.49045092946588,0.19233790263910464,-25.57843464668254,0.06430703319779951,13.622636713502857,-0.07024418109815259,0,6,0
54.652610525383686,0.1631345302303231,-25.623732907240452,0.008812085852247265,13.607527420395854,-0.04554371958319052,0,6,0
54.78953418935641,0.13264182814899642,-25.759588744771506,-0.04846647587635573,13.627562949613917,-0.021659849762454542,0,6,0
54.8938927265916,0.10163430567173108,-25.968013452600772,-0.10192857625503252,13.67452477380769,-0.0015195992144271032,0,6,0
54.957975098964994,0.0712526569409249,-26.224887673894486,-0.14672983560671754,13.737861016811792,0.012588821188455768,0,6,0
54.977238992639585,0.04286410900396191,-26.5036308037822,-0.1795112153942739,13.805018126821096,0.0195017704193134,0,6,0
54.95330144239047,0.01788672858415765,-26.779283296321438,-0.19865207073049476,13.862441378550272,0.019336392529896784,0,6,0
54.89495438380009,-0.0023536860329080866,-27.032172628842915,-0.2041353910859584,13.897670113837847,0.0133138264867938,0,6,0
54.81678242406055,-0.01674205383044338,-27.24997835089745,-0.19725729422647048,13.90210416957413,0.003382781493056086,0,6,0
54.73608466973955,-0.02452143643011979,-27.427550431311488,-0.1803564034083749,13.873340315379266,-0.00817137971953059,0,6,0
54.669318215307456,-0.025487175994619093,-27.564955353987486,-0.15656795250904026,13.816000638801825,-0.019005321715152946,0,6,0
54.629073665054605,-0.020166043711755323,-27.665086818100036,-0.12949013392333483,13.740665685263792,-0.026878170418976312,0,3,0
54.622113651051976,-0.009876857644186998,-27.73216168703621,-0.10268534256830435,13.661390764544478,-0.0297805896638323,0,3,0
54.648678362290404,0.0033926546435417036,-27.77157748668452,-0.07908928425861603,13.592810976612384,-0.026118540903928532,0,3,0
54.7031033390188,0.017272066873223933,-27.79056719898489,-0.06053699963408121,13.547807799660262,-0.014954493707881511,0,3,0
54.77557855552203,0.02937503639677246,-27.79853214301555,-0.04761844723494733,13.536236422631333,0.0037817150377122744,0,3,0
54.8545328659486,0.03766427572232374,-27.80613672200448,-0.03992990951546034,13.56463548191195,0.029225745806883197,0,3,0
54.92888093023551,0.04076424060576613,-27.823065471429075,-0.03658317755225937,13.636484704798562,0.05971118412426222,0,3,0
54.98950309279279,0.03818229651200653,-27.855348347238262,-0.03670300217306277,13.752559232495315,0.09305507109556857,0,3,0
55.02983503370727,0.03038474709743113,-27.90373490366096,-0.03966658757631194,13.91115746575639,0.12687297091589472,0,3,0
55.04596097253069,0.01868081101910022,-27.96425444914209,-0.045000291738148235,14.108258096870657,0.1588058131032767,0,3,0
55.03671607111227,0.004928488249967699,-28.03091859362263,-0.05204973290957469,14.337777526506414,0.18662433109329016,0,3,0
55.00393661617204,-0.008840217461938948,-28.09919170876684,-0.05966934196177363,14.591941475500164,0.2082733149778278,0,3,0
54.952525833264716,-0.0207436985605284,-28.16824336244764,-0.06617313288343496,14.861540685771331,0.2219615676886832,0,3,0
54.889911449209805,-0.029250310962653715,-28.24057011636637,-0.06965104732228297,15.13586593069303,0.22636762426128598,0,3,0
54.82486343802171,-0.0332836176940404,-28.319029472111296,-0.06854597803669123,15.402479733564235,0.2209327180935361,0,3,0
54.76613069132921,-0.03232248380981417,-28.402830141622218,-0.062217357994262555,15.647368631690227,0.20611105971181587,0,3,0
54.721443944630224,-0.026536208614707846,-28.484796800263425,-0.051202375479022066,15.856100381685394,0.18342035937833145,0,3,0
54.69699998316625,-0.016877281884006834,-28.551858820461092,-0.03705100271624388,16.016235475108175,0.15521689753101384,0,3,0
54.69699885676687,-0.004987571729218843,-28.589194684027873,-0.021844938236736767,16.12048464669175,0.12426061646173991,0,3,0
54.72273613443255,0.00715191153160788,-28.586428029084715,-0.007650906782670575,16.169368693988815,0.09323791857644323,0,3,0
54.77135398496519,0.017722886323281273,-28.54294234841285,0.003864204223546608,16.17198112028973,0.06440582972585958,0,3,0
54.83516379733197,0.02549053543119868,-28.469701735929277,0.011562567684262604,16.144110450810302,0.039423596524537176,0,3,0
54.90265011597253,0.02994493498583637,-28.386692744815008,0.014770095669747718,16.10414685038873,0.01932283156046708,0,3,0
54.961430564525884,0.031141271669245896,-28.317079184193076,0.013179119546282436,16.06824511645746,0.004520799885895599,0,3,0
55.00209230125452,0.029400253933641807,-28.28038742987583,0.0068696733733219165,16.04653803082283,-0.005168117506616454,0,3,0
55.021036045641196,0.02508609190097033,-28.28720446477959,-0.003528876886598198,16.0416045969356,-0.010478700584630473,0,3,0
55.02089329448859,0.018576504398166094,-28.337095843565947,-0.01666592355427099,16.049328697290065,-0.012518297408666968,0,3,0
55.00841269985871,0.010366877116156558,-28.420067624998268,-0.030470756310661783,16.06144347396713,-0.012443332260545503,0,3,0
54.991001396103286,0.0011462130298035334,-28.520497950294654,-0.04243161612184991,16.068803471625586,-0.011077220404456512,0,3,0
54.973597053442255,-0.00827784302188661,-28.621716797950697,-0.05011347636994543,16.06458168814251,-0.008641345978728055,0,3,0
54.95711902894685,-0.017188080353999168,-28.70960158395556,-0.051751289735857145,16.04679814620306,-0.00474800480461397,0,3,0
54.93883256849354,-0.02516661386940342,-28.774409299035895,-0.0467061244953598,16.019677128204847,0.001331342737520913,0,3,0
54.91411224627056,-0.03216467066192621,-28.811008906033507,-0.03561891355334126,15.993374646344165,0.010267883526347532,0,3,0
54.87865213430702,-0.038391967712117746,-28.81821394789253,-0.020220122542592377,15.981831656670181,0.022352128692094197,0,3,0
54.83021149771453,-0.04410061413499591,-28.7979003272344,-0.002887187098164645,15.99905798277669,0.037365816202111546,0,3,0
54.76936990694716,-0.04939253002377342,-28.75426570973319,0.013883974966194045,16.05491802431081,0.054619249711609544,0,3,0
54.699246587869325,-0.054144435439243924,-28.69328497909936,0.027932711410488763,16.15200753255354,0.07304004614547352,0,3,0
54.62449302273753,-0.05805713991349961,-28.62226885042419,0.03771455234292631,16.284964760888073,0.0912430300174691,0,3,0
54.54999525475333,-0.06076587783598768,-28.5493698212763,0.04239486182021324,16.4424616336467,0.10761634398404567,0,3,0
54.47967175320452,-0.061940941000967344,-28.482877048288756,0.04180618458533018,16.610774185258606,0.12050584543123932,0,3,0
54.41567467455441,-0.06134888724575305,-28.430274469850673,0.03633708954817223,16.777198607657795,0.12851995235155583,0,3,0
54.35826116935854,-0.05888594755733863,-28.397263775606632,0.02679771958923567,16.93210742837954,0.13086560050721233,0,3,0
54.306453467910686,-0.054604912458160015,-28.387060287831375,0.014284001589658146,17.06953808618462,0.12755844973044078,0,3,0
54.259242724297344,-0.04873853917350317,-28.40015210203923,5.5832101691066785e-05,17.186890110982574,0.11938937447859246,0,3,0
54.216722625257,-0.041699996659567515,-28.43452943175268,-0.014561403432330167,17.28425750629225,0.10765798939659987,0,3,0
54.180510431373776,-0.03403884349753881,-28.486288513840833,-0.028259375543257192,17.36357402938293,0.093810011989558,0,3,0
54.153197463287725,-0.02635964912979887,-28.55044496320278,-0.039836262340931225,17.427592029857948,0.07914412940971545,0,3,0
54.1371076310025,-0.019246453425506616,-28.62171052940728,-0.04831383203624142,17.478858505673998,0.06467617367009097,0,3,0
54.13299528815765,-0.01323611234050972,-28.694983855599602,-0.05308138554215276,17.5190415276127,0.05114196220690701,0,3,0
54.13928331822913,-0.008836609311860144,-28.76547080372133,-0.054033084397789824,17.548874305154186,0.03906413683443759,0,3,0
54.15207818325642,-0.006538075251165054,-28.828637093259985,-0.051635399469742535,17.56863990175495,0.028813835496202957,0,3,0
54.165796635103476,-0.006765932550315057,-28.880402095969046,-0.046859437799689374,17.578869165080448,0.020632115328658072,0,3,0
54.17409234450559,-0.009776730485337736,-28.917874143252902,-0.04095578755040634,17.580957708253692,0.014612067660362982,0,3,0
54.17087663117874,-0.01555029033378048,-28.940482946017127,-0.03511895991307483,17.57753147932695,0.010665525858769342,0,3,0
54.15134187274535,-0.023742431637221274,-28.950883426450105,-0.03014503611864825,17.57239586125428,0.008503055526540492,0,3,0
54.112851105870625,-0.03372666509684521,-28.954882891837727,-0.026203288997677987,17.569895182669512,0.007652436024227427,0,3,0
54.05543015843435,-0.044702258418310235,-28.960002838706842,-0.022814556396411945,17.573712706461578,0.007531799732481659,0,3,0
53.981604727664696,-0.05581577539188061,-28.97290012853803,-0.019062754898581603,17.58551376426169,0.007567458839088203,0,3,0
53.89557097178544,-0.06624935842843768,-28.996434216786085,-0.013977380029774621,17.604072082878105,0.007312564509064146,0,3,0
53.80201666726068,-0.0752647694082377,-29.027503693698108,-0.006942810626540563,17.62539866539646,0.00651445879141761,0,3,0
53.70505559907332,-0.08223048573648555,-29.056782657224105,0.0020424053376004283,17.643957899079766,0.005107208885007708,0,3,0
53.60763888118467,-0.08666260800840249,-29.071029644954862,0.01237849615745006,17.65454375347133,0.0031442769259456328,0,3,0
53.51159876022121,-0.08826968824600101,-29.05764794355065,0.0231394261770717,17.654083353344333,0.0007049195303750367,0,3,0
53.418228937096366,-0.08695341891253676,-29.009911052282533,0.033464453581609634,17.642676067241126,-0.002196163005274343,0,3,0
53.32903701538049,-0.08273573278086062,-28.9304593730741,0.042873766665971404,17.623467950104356,-0.005678545576560623,0,3,0
53.2462250257866,-0.07564499562585567,-28.831097930263226,0.05138365792628434,17.60133795192897,-0.010033633540723485,0,3,0
53.17273327597434,-0.06563377644807673,-28.728608576936125,0.059421468113428945,17.580761901765328,-0.015711055485249405,0,3,0
53.11207053853933,-0.052585969155370546,-28.638255592721933,0.06763407451805392,17.563552134208948,-0.023226608879835454,0,3,0
53.06821364397683,-0.0364264485070656,-28.56769655012637,0.07669572251281095,17.5472866271125,-0.032985458607558374,0,3,0
53.045566711002124,-0.017300172250350698,-28.513667114435265,0.08716579717165729,17.525062329989225,-0.04506991877407529,0,3,0
53.04871783459255,0.0042496121808760275,-28.462567976089815,0.09938377630659971,17.48684734422727,-0.05908817330754914,0,3,0
53.081779189630964,0.027186387111011356,-28.394688899774323,0.11336982008713221,17.422277664672976,-0.07417280388371524,0,3,0
53.147334275150556,0.05002269391510765,-28.29069071842254,0.12872881037579303,17.32422876726875,-0.08915756410082168,0,3,0
53.24522721459286,0.0709996487798108,-28.13825308056596,0.1445952374058109,17.191976879500373,-0.102883811047667,0,3,0
53.37153313718925,0.08835733120200331,-27.936621610008103,0.15967053375935905,17.032586217028864,-0.11452926038047054,0,3,0
53.518088896896714,0.10062993346384985,-27.697399729391904,0.1723857658446349,16.859609913091816,-0.1238363591092309,0,3,0
53.672960215125414,0.10689954538677,-27.441320473178195,0.18118223602356948,16.68918626075711,-0.13115820646831083,0,3,0
53.822067026337436,0.10695152224406428,-27.192303218663824,0.18485413387305272,16.534714023732278,-0.13731735227594868,0,3,0
53.951786955996866,0.10129317413522614,-26.97099121253278,0.18285471465521966,16.401994023307793,-0.1433403097871576,0,3,0
54.05186604564062,0.09103107350763082,-26.789809455988916,0.17545123069649976,16.286698738896916,-0.15015832342066063,0,3,0
54.11771328846025,0.07764430814938308,-26.65074561585412,0.1636484197413381,16.175265279544163,-0.15836022546895379,0,3,0
54.15129441207161,0.06271912663519501,-26.546147561043796,0.14888913402120635,16.04910414191349,-0.1680596079727536,0,3,0
54.16026601650282,0.047704506408603464,-26.462143571870342,0.13264197419607626,15.890825669397174,-0.17889411728499455,0,3,0
54.15553794966917,0.03371778526586411,-26.383740773600962,0.11603304921951718,15.690393645293767,-0.19011738142353068,0,3,0
54.147976218683084,0.02140953266875272,-26.300137412594722,0.0996416811447162,15.448983962339327,-0.20071310695920203,0,3,0
54.145280163248664,0.010904002885085617,-26.20850838917984,0.08349609883499767,15.17901383336428,-0.2094910227007233,0,3,0
54.15000527921145,0.0018424553782836028,-26.114900731217432,0.06723878186327,14.900245087907166,-0.21519139412207836,0,3,0
54.15924487899608,-0.006457353213145467,-26.031972726468652,0.05040503631103519,14.63354020949697,-0.21665677477736836,0,3,0
54.16588228268439,-0.01475167846164709,-25.97457440108562,0.03274646364188953,14.394862953715773,-0.21308226223160603,0,3,0
54.16090607449148,-0.02360485374649244,-25.95484846763894,0.014505293990040968,14.191788511889683,-0.2042620055473236,0,3,0
54.13613784224309,-0.033213982525393246,-25.97835779722142,-0.0034812169613445574,14.02335133832338,-0.19069150393561074,0,3,0
54.08672087994015,-0.043422048788251996,-26.042097197933444,-0.019941903267644535,13.882536394139805,-0.17342136579388806,0,3,0
54.012749231886346,-0.053944294511862265,-26.134678935451447,-0.033579224836992695,13.760003047081113,-0.1536812265341439,0,3,0
53.91948941220424,-0.06472020614125995,-26.238687833700553,-0.0435471647491056,13.647773589820531,-0.13243354797594406,0,3,0
53.81583639342915,-0.07622323100029149,-26.334949582208168,-0.049744036719729934,13.54206892298322,-0.1100808678372033,0,3,0
53.711059675366144,-0.08957309765915653,-26.407927421856286,-0.05275135903883523,13.4448001754254,-0.08647549802795425,0,3,0
53.610562334092826,-0.10639339441546838,-26.45069297958736,-0.05346573867813191,13.363432822565727,-0.0612045974091842,0,2,0
53.51204281758348,-0.1284747507980036,-26.467444373959708,-0.05266530105624838,13.30920472973753,-0.033973041154334284,0,2,0
53.40364997268148,-0.15737213325162855,-26.472014768282918,-0.050778638922699314,13.29405427534374,-0.004889601016432721,0,2,0
53.26517509789991,-0.19404934868732654,-26.48236205802729,-0.047961636346926184,13.327033531610141,0.025435092713181007,0,2,0
53.072203898088404,-0.23860787419889534,-26.51301518400274,-0.04435887835086305,13.411305364231538,0.05595385467041467,0,2,0
52.801973371960116,-0.29007514620326164,-26.568750208495928,-0.040302021040226066,13.542805982596462,0.08533421641362508,0,2,0
52.43902789937006,-0.3462489216581247,-26.64246532467844,-0.036267169719062055,13.711107036916786,0.11212514079742845,0,2,0
51.97899592533098,-0.4036897121008593,-26.718304197169815,-0.0326218440485178,13.902124516952341,0.13490045947574741,0,2,0
51.4297576514402,-0.4580220318442194,-26.7785383657168,-0.029382134252320214,14.101607469687366,0.1523774527233229,0,2,0
50.81030821333353,-0.5046380953436973,-26.810947632258546,-0.026225160152944228,14.29814233956165,0.1635307704905074,0,2,0
50.14807311751158,-0.539687602534945,-26.81336467677798,-0.022828739620314308,14.484684230540012,0.16770950527266848,0,2,0
49.475145696574884,-0.5610122985256034,-26.793662814444886,-0.01935334232648529,14.658209324495004,0.16473505639364988,0,2,0
48.823429654239284,-0.5686243594240488,-26.76583611080612,-0.016729204711978696,14.817828802576969,0.1549480591557426,0,2,0
48.21879414446294,-0.5645212424100535,-26.744613659556734,-0.016487801292026916,14.962341236515215,0.139189680109871,0,2,0
47.675327872738954,-0.5519719319283347,-26.741302580205883,-0.02014260759107316,15.088400416958223,0.11871484974177804,0,2,0
47.19185038670408,-0.534661554180149,-26.76228363176078,-0.02840320265513583,15.190156546532961,0.09503312532043821,0,2,0
46.75278430512957,-0.5160678490395789,-26.809757371798227,-0.04061627922741877,15.260587628474212,0.06968572079561568,0,2,0
46.33378350123044,-0.4991996782804705,-26.883182210090084,-0.054704812845250216,15.294021318051051,0.044004681134896376,0,2,0
45.91003833215685,-0.4865567409403674,-26.97996444162753,-0.06761173694406608,15.288755967105146,0.018927158006846412,0,2,0
45.46369267153204,-0.4800673984805364,-27.094979658809905,-0.07601667837586348,15.248473592766032,-0.005076275468599079,0,2,0
44.98739462711579,-0.48087753931940896,-27.219527469052167,-0.07702125159722613,15.181541438496168,-0.027946048290928616,0,2,0
44.48314891377018,-0.4890845614351626,-27.34071094289739,-0.06860819104703211,15.098256135843968,-0.049886834930697434,0,2,0
43.95786224483561,-0.5036524174104358,-27.44195348024678,-0.049865543989078276,15.007100382645433,-0.0711945565010467,0,2,0
43.418120159657576,-0.5226830317920772,-27.50478044331537,-0.021085566825854586,14.911578481829224,-0.09211533855003892,0,2,0
42.866552479544865,-0.5439951849786915,-27.511515096178144,0.016170741947843226,14.808939934048936,-0.11275541896769425,0,2,0
42.30100477235246,-0.5657512756569674,-27.4483655422311,0.05906114480294775,14.691288197225987,-0.13301566309213228,0,2,0
41.716260131025216,-0.5868349781884753,-27.30841281168901,0.10360843370179396,14.548642063463745,-0.15250897660573912,0,2,0
41.10695318330967,-0.6068318710710472,-27.09403787834863,0.14510454509646564,14.372867932550662,-0.17045620966217143,0,2,0
40.470086482369936,-0.6256875336539351,-26.818257022149098,0.17877258189975437,14.161201777428204,-0.18562816713514393,0,2,0
39.806179914962364,-0.6432775380990641,-26.504368210780427,0.2005641113617898,13.91831696184471,-0.19644372311286135,0,2,0
39.11904484523104,-0.6591393293062694,-26.183443132034228,0.207893561909529,13.656451672438777,-0.2012861184406006,0,2,0
38.41483020305971,-0.6724914440691243,-25.889665491932732,0.2001100884325396,13.393694039222254,-0.19897083613833502,0,2,0
37.70098690829626,-0.6824873874310946,-25.654227661249237,0.17856917781518006,13.150818711293994,-0.18917367171044078,0,2,0
36.985344778666935,-0.6885335143122916,-25.49913932969747,0.1462766327651238,12.94714125070061,-0.17260509342862917,0,2,0
36.27515918648217,-0.690503745796336,-25.432579477082854,0.10721822553405928,12.79607874964293,-0.15083679860169924,0,2,0
35.57609033166121,-0.6887831613606543,-25.447264657905706,0.06561007808551977,12.701579835842637,-0.1258907042161951,0,2,0
34.89138625671427,-0.6841870583725054,-25.52272103353721,0.0253266737172666,12.656905346359338,-0.09984794066250231,0,2,0
34.221618040186755,-0.6778557001617784,-25.63127155069739,-0.01036697903871584,12.64681699826437,-0.07468954455172253,0,2,0
33.56504902440658,-0.6711920557678817,-25.746074766808505,-0.038874496572474014,12.652833791411211,-0.052348263252349626,0,2,0
32.91834830135582,-0.6658298136691663,-25.84826742992523,-0.058358151450985926,12.659409919682759,-0.03472593541889353,0,2,0
32.277174261505984,-0.6635626395303156,-25.93017639486156,-0.06802779762688402,12.657972265813754,-0.023430628050181212,0,2,0
31.636273201441924,-0.6661721661446058,-25.99333528231989,-0.06854824529512485,12.646798593705029,-0.019233116823991737,0,2,0
30.989066350617442,-0.675145357559591,-26.042972626973977,-0.062256813122667155,12.627336078770497,-0.02153710554626116,0,2,0
30.327046641975272,-0.6913374912335769,-26.08272084420733,-0.05286863326230105,12.599881896511675,-0.0282632334704374,0,2,0
29.639532791179015,-0.714690249037399,-26.112857453351694,-0.04459007832873425,12.561772469141118,-0.03635803923206708,0,2,0
28.914368670215154,-0.7441269018197773,-26.132747110856954,-0.040924947143909665,12.50924866760272,-0.04275826309035722,0,2,0
28.13993268111836,-0.7776918718047334,-26.14528916476388,-0.04370059963642916,12.441534290896726,-0.045332912104811385,0,2,0
27.308243127850986,-0.8128949308282536,-26.159957883320402,-0.052763661758031336,12.364184663559996,-0.04333116777265502,0,2,0
26.418146534032587,-0.8471262552987057,-26.191975550095847,-0.06642032177656461,12.28925339909054,-0.03718524270003911,0,2,0
25.477079283158048,-0.8779920211150504,-26.257516901364326,-0.08229039883789824,12.231827288779186,-0.027902473079083733,0,2,0
24.50025554345865,-0.903489068863081,-26.367182391225853,-0.09809585143104585,12.20464314476564,-0.01645598603823828,0,2,0
23.507323893159388,-0.9220426855545796,-26.520971899900204,-0.11207747690388174,12.213486915978478,-0.0034755842368554115,0,2,0
22.517803797630386,-0.9325075588483613,-26.707175844739623,-0.12304853651850749,12.255483651770106,0.010715121548369667,0,2,0
21.54712643082477,-0.9342292137711468,-26.905624832586312,-0.13030969314563096,12.320857165720838,0.02588066846520576,0,2,0
20.604642102548205,-0.9271790437202625,-27.093815967662152,-0.13364488206816388,12.397212608758736,0.04169148971206767,0,2,0
19.69394181466936,-0.9120728907674149,-27.25352187989577,-0.13344269769164613,12.474492825234165,0.05769117334256748,0,2,0
18.814857092634746,-0.8903504021923396,-27.375774529948956,-0.1307929829558887,12.548685506380423,0.07336846059665447,0,2,0
17.96595099013952,-0.8639611610502392,-27.46305481477671,-0.1273360327679484,12.622991348212054,0.08819479608873451,0,2,0
17.14635609682996,-0.8350138992600613,-27.528424370777486,-0.12474977513690248,12.706168296211217,0.10151612052040093,0,2,0
16.3563503754839,-0.8054117224807975,-27.591943878280787,-0.12398861363342206,12.808739022204861,0.11230032723304077,0,2,0
15.596751521535253,-0.7765875728434644,-27.67511222078474,-0.12458312149934728,12.938327750732185,0.11885233479059423,0,2,0
14.867712282656996,-0.7493981287802427,-27.794332227579687,-0.12433183272549968,13.095434876865824,0.1186589364054214,0,2,0
14.167664805029773,-0.7241718267068201,-27.95467359610865,-0.11956325595606217,13.270644856974116,0.10851974227765596,0,2,0
13.493009206016794,-0.7008592760462392,-28.145510968920533,-0.10594489564469427,13.443860438051246,0.08507811612107616,0,2,0
12.838766374113561,-0.6792112572135451,-28.339647182655625,-0.07966150062878938,13.585735956664678,0.04575672723205741,0,2,0
12.199960526866931,-0.6589178570291864,-28.49684020715077,-0.03866490138965588,13.66108218928838,-0.010104101260259313,0,2,0
11.573138825566545,-0.6396760682324782,-28.571407089509577,0.01638957779282606,13.633882929156982,-0.08031992361860603,0,2,0
10.957358229677126,-0.6211917935214558,-28.522503771223654,0.08188207610614598,13.473772509422815,-0.15960889638062953,0,2,0
10.35424352469451,-0.6031502065332361,-28.32503937706538,0.1518250459477059,13.163735568531791,-0.24028568972766493,0,2,0
9.767171805192035,-0.5852005284960142,-27.978592892177346,0.21922729071325903,12.707698009602268,-0.3138425377877695,0,2,0
9.199990839210471,-0.5669901951209738,-27.51121644285648,0.2778559042207888,12.135128514546125,-0.3729974108233364,0,2,0
8.655794347442438,-0.5482441672048409,-26.975511466518228,0.3238155267975415,11.499345913059528,-0.4135180587805678,0,2,0
8.136162739697411,-0.5288378727172613,-26.43642313663159,0.35635356918681965,10.867787959697466,-0.4351214201935932,0,2,0
7.641003921056651,-0.5088033315262408,-25.953238061787943,0.37762322874139753,10.30543506017355,-0.4411335892538887,0,2,0
7.168864422903823,-0.48826195457688615,-25.561088140447737,0.39167234907441467,9.855761848431314,-0.43721207605949813,0,2,0
6.717518854818522,-0.4673488877221487,-25.258684939175353,0.4032755232123108,9.525901601482701,-0.4298371078667458,0,2,0
6.284760098393932,-0.44620369342670474,-25.00787139764138,0.4171074520304188,9.28266872722105,-0.4251781271015517,0,2,0
5.869324914414719,-0.4250330680194224,-24.74627148380968,0.4373123513992468,9.062436616883929,-0.428483040993936,0,2,0
5.471623978925649,-0.4041716138061858,-24.408315886321233,0.46714552358212985,8.79161480793681,-0.44370543771165954,0,2,0
5.093682927970548,-0.3840532329383691,-23.945837660054238,0.5083272717713768,8.40932693093481,-0.47296587546896945,0,2,0
4.737953904943424,-0.36506999025969405,-23.34014192255229,0.5600833294418024,7.883347243530608,-0.5157169286708608,0,2,0
4.405463667248213,-0.3473853012302598,-22.60238795252576,0.618333569509663,7.214515503120168,-0.5679894650043537,0,2,0
4.094446601635553,-0.33081507669420773,-21.76496790081029,0.6757469546101162,6.430733582580871,-0.6224370290204405,0,2,0
3.8004715916729594,-0.3148560055493732,-20.869965344074174,0.7231055285332587,5.575776305483856,-0.6696781956548307,0,2,0
3.5181645203068825,-0.29884583910888407,-19.960254846029713,0.7517218567925397,4.698592561722705,-0.7007191278179249,0,2,0
3.2436658425159237,-0.2821564006791604,-19.075349244078723,0.7560277041837139,3.846006951439165,-0.7095574034854195,0,2,0
2.9766093314518542,-0.2643125440551913,-18.250401851540218,0.7353224528012362,3.0582984370166457,-0.694920474090955,0,2,0
2.7207648589209867,-0.2450033019671963,-17.51521619847709,0.6940457458196008,2.365654660335622,-0.6605027909538762,0,2,0
2.483165587836808,-0.22403796403066564,-16.891097318395836,0.64055479772083,1.7844235297575608,-0.6137288818230644,0,2,0
2.2721189211789437,-0.20132449327716984,-16.3855606182171,0.5849706216872036,1.313752896080615,-0.5636633443907215,0,2,0
2.0948284643915116,-0.17689915246655943,-15.98691739453993,0.5369645394033441,0.9341425026210572,-0.5189470534820089,0,2,0
1.9554306475762502,-0.1509719731798981,-15.661930494329752,0.5042163254366343,0.6094875935814059,-0.48641860737258186,0,2,0
1.854066961328897,-0.1239367066183604,-15.35941992360199,0.49178176291379144,0.2934447643502267,-0.4705481464206372,0,2,0
1.787226658901261,-0.09633402148428445,-15.020259127202138,0.5021110672831355,-0.06085713842335849,-0.47338001813676556,0,2,0
1.7491729956412883,-0.06880657178584074,-14.590609451996272,0.5352612170545044,-0.49087797309738335,-0.4946160120299169,0,0,0
1.7339461107169427,-0.0420995707435992,-14.03318598971238,0.5889765641686623,-1.0181791222866536,-0.531677450149607,0,0,0
1.7372422652682502,-0.01713155918520215,-13.332584222402303,0.6586298462086276,-1.647183027189726,-0.5798312358378979,0,0,0
1.7574246440781423,0.004899779630012801,-12.494105525645736,0.7373351489321209,-2.3681455210320337,-0.6326154008279445,0,0,0
1.7950998699784009,0.02247546691409923,-11.538485147850793,0.8166317317169586,-3.161736590541608,-0.682758579936376,0,0,0
1.8511232137429516,0.03389636827005944,-10.495794976530476,0.887830779818691,-4.003021605415455,-0.7234970685365653,0,0,0
1.92351287253949,0.03766333717305059,-9.400618932453654,0.9436009355027579,-4.864169855757922,-0.7498253548338966,0,0,0
2.004428443876378,0.033009203721707084,-8.288579005008543,0.9791050007141109,-5.7166664146980395,-0.759128933136401,0,0,0
2.078821630469889,0.02034891775476666,-7.193102606432404,0.9922488848875133,-6.534141035013533,-0.7509888486747911,0,0,0
2.1261903416018555,0.0013847148518323139,-6.141951329015228,0.9831553463980484,-7.295827823789011,-0.7264526434029079,0,0,0
2.125806367371794,-0.021230879559468008,-5.154600096968693,0.9533943255869091,-7.989131521436349,-0.687337247894007,0,0,0
2.0640381479340135,-0.044495310854222224,-4.24213598257127,0.9055084246847969,-8.609468453650663,-0.6359936378832429,0,0,0
1.9407314428159168,-0.0655881609271006,-3.41009537352717,0.8429974016879512,-9.157071513937638,-0.5755448625614804,0,0,0
1.7712717925964654,-0.08211868129487669,-2.6625520616652523,0.7704538461247935,-9.632671955061113,-0.5101919012247634,0,0,0
1.5827910743837208,-0.09213123946168196,-2.0045418919817024,0.6933393354844682,-10.035109069481678,-0.4450584504643075,0,0,0
1.4061701052007294,-0.09407986973666169,-1.4407107296825075,0.6171294387198643,-10.362957984247885,-0.3853277548555013,0,0,0
1.267631263268484,-0.08695903678872127,-0.970644915574141,0.5460301235151931,-10.619618481372726,-0.3348989165579866,0,0,0
1.1832416309276113,-0.07060934057096091,-0.584040543760608,0.4817860371785116,-10.818585426945674,-0.29509401613438796,0,0,0
1.1575092358530696,-0.046013695630176696,-0.2597092515877222,0.4230817494771955,-10.984725539656608,-0.2639280494270054,0,0,0
1.1853916442352386,-0.015307138259329634,0.029343058183414428,0.36580022245608035,-11.149105372344025,-0.23623920162162051,0,0,0
1.2562159994845814,0.01864293634594958,0.3057011381832382,0.3041296857545987,-11.338120687016215,-0.2047285439941021,0,0,0
1.3579447422244044,0.05293850067964172,0.5757243892138462,0.23227533599101946,-11.560408614994543,-0.16171662526445232,0,0,0
1.4805944865141498,0.08529084093770223,0.8207221212447848,0.14635340021254278,-11.796352008207691,-0.1011993583184136,0,0,0
1.618200410003169,0.1143210843577748,0.9954501628955512,0.04595370802789915,-11.995063971277318,-0.02064312113856488,0,0,0
1.7692204378432166,0.13946922152876623,1.0367549655642847,-0.06511802974081889,-12.082394509422699,0.07802894187624645,0,0,0
1.9355551119971466,0.16064139579611236,0.8820426302276871,-0.17923954483698026,-11.980124236892408,0.18860476093312,0,0,0
2.1205396726455064,0.17779250099534635,0.49288908655128694,-0.286481072756834,-11.631612064556862,0.30185151300234736,0,0,0
2.326452474505359,0.19062795087826884,-0.12450346348161645,-0.3767092036994256,-11.025016638331323,0.4073534889270519,0,0,0
2.552201451140732,0.19853360261040365,-0.910889548995911,-0.44145148727368877,-10.204436120894144,0.49515278631060083,0,0,0
2.791805602196362,0.20072301628102593,-1.7630523901863882,-0.4748690175583718,-9.263057763012824,0.5566979941988024,0,0,0
3.034141009438045,0.1964915080868778,-2.559109589385102,-0.47381782893673974,-8.319605556992741,0.5852240763180191,0,0,0
3.264224251007093,0.18545106589612886,-3.1913676477804103,-0.43756850911036904,-7.486873725724024,0.5761218234575324,0,0,0
3.4659305126181863,0.16767996697501958,-3.593792751492103,-0.36781980204952447,-6.844824145101683,0.5277335959874676,0,0,0
3.6254305728134284,0.14379044871558336,-3.753240012688167,-0.26917507341864705,-6.428084029289295,0.44246113810060306,0,0,0
3.7341355187119945,0.11494732123484823,-3.7014233238031125,-0.1496496914813406,-6.230153746242507,0.327543001095745,0,0,0
3.790065770958435,0.08285514538571163,-3.4936424608760035,-0.0204903244687884,-6.218906002317084,0.1947505053530449,0,0,0
3.797339342395702,0.049691567011748816,-3.1853089339439578,0.10516455388762296,-6.354276104682185,0.058679138052059446,0,0,0
3.7643569616611927,0.017932950268982496,-2.816254197668087,0.21459597477199993,-6.600405257325292,-0.06595406501155025,0,0,0
3.7016746634892144,-0.009961481237687054,-2.407386463809317,0.2979684096354077,-6.929006109936694,-0.16703895329846147,0,0,0
3.6203570560534786,-0.031956703378051544,-1.9679556348742722,0.34996566203311374,-7.315552709482375,-0.23686178797586593,0,0,0
3.531056679555533,-0.046800130330098,-1.5074640505088723,0.3700214196336361,-7.7328141764721465,-0.27250844389328394,0,0,0
3.443553753696918,-0.054182334001411904,-1.045407900060411,0.3612395353367475,-8.146414375839527,-0.2750715924416113,0,0,0
3.3663157002413158,-0.054644466322342565,-0.6141086551380255,0.328642784429924,-8.515213678086297,-0.24825951367859886,0,0,0
3.305863539032913,-0.04930124497476669,-0.2535833923570294,0.2775694726759809,-8.796701909047954,-0.1970783894656222,0,0,0
3.2661342154110145,-0.039517986832117914,-0.0012091274667511698,0.21283112871806792,-8.955238185175347,-0.1270580819442415,0,0,0
3.248242430944316,-0.02666483771316308,0.11875289249147158,0.13878330200621178,-8.969621926733197,-0.044127273984665295,0,0,0
3.2508946791722764,-0.011998298837559674,0.10111891035528231,0.05998246254410873,-8.836871241468174,0.045118423664874285,0,0,0
3.271344511913526,0.0033626935055266925,-0.04055947090827772,-0.018160721501648425,-8.571189151981514,0.13320603378312512,0,0,0
3.3064947951680352,0.0184425152427778,-0.2790751766286377,-0.08927310649616516,-8.199586929379109,0.21204021115562455,0,0,0
3.3537086789218478,0.0324478496974379,-0.5801226148121543,-0.14669100300629764,-7.756825449329028,0.2737851084857084,0,0,0
3.4110736911799364,0.044821731568340795,-0.907639425067785,-0.18471698267567405,-7.281629939823404,0.3121725780133488,0,0,0
3.477180688752185,0.055248903945317805,-1.2270151150768953,-0.19991587195929555,-6.814354038008275,0.3237264487511169,0,0,0
3.550740852669094,0.06357382725423122,-1.506839720099677,-0.19185685472572941,-6.394811566530052,0.30835950568298925,0,0,0
3.630342036007292,0.06966337848967896,-1.720493422420006,-0.16301951666228973,-6.05885082419087,0.2691205705480826,0,0,0
3.7143515310944224,0.07329590650536914,-1.8483789542234916,-0.1180289605211982,-5.8335124050418585,0.21132387394822844,0,0,0
3.800731470397494,0.07414860622696154,-1.8804058271014839,-0.06264309133142376,-5.732357439222028,0.1415334500584379,0,0,0
3.8866329517145886,0.07190105427841473,-1.817449636902012,-0.002854542984705688,-5.753276184638281,0.06675306778212757,0,0,0
3.9679782968103154,0.0664097774976014,-1.670754637531175,0.0557623496836996,-5.879983446500688,-0.006145434498603208,0,0,0
4.039453860221727,0.057868546421734376,-1.4593647818406197,0.10851055790828923,-6.086348189896825,-0.07094420082961506,0,0,0
4.095194741191463,0.04687714234274125,-1.206553528126392,0.15191773170348172,-6.341490948744649,-0.1227062130910582,0,0,0
4.130084233964084,0.03439634801818699,-0.9361848549148419,0.1839708899148249,-6.614099262002128,-0.158429851342774,0,0,0
4.141278463728199,0.021624387357707064,-0.6693916182398993,0.2041431609150564,-6.8758083829943075,-0.17743382459744056,0,0,0
4.129426316886438,0.009842397874663789,-0.42173414101678475,0.2131304522981921,-7.104253574826203,-0.18118808130372202,0,0,0
4.0991134594347045,0.0002502415345020381,-0.20131610538518885,0.21237462567863333,-7.285912955101452,-0.1726067894167187,0,0,0
4.058315011276292,-0.006202030043593254,-0.008670055075242544,0.20362501068616723,-7.417810918469598,-0.1551814568421861,0,0,0
4.016975343974565,-0.00896452512857735,0.16102578204908014,0.1887764889088345,-7.5066956851964335,-0.13241110879215795,0,0,0
3.9850569304612264,-0.007975602425277372,0.3138548860799091,0.1699800336785458,-7.565156997675501,-0.10768008537824017,0,0,0
3.970480712155336,-0.0036523798287362297,0.4529916192551582,0.14976449973092798,-7.606051340667875,-0.08432523143870867,0,0,0
3.977433559785794,0.003214205785407387,0.5768853250210526,0.1308834351155454,-7.6381627583186855,-0.06550132800008442,0,0,0
4.00554948990569,0.011619024446602566,0.681211360961953,0.11582327251900466,-7.665602036666229,-0.05368370974174752,0,0,0
4.05032820971131,0.02050054976423894,0.763615481870616,0.10617410171224577,-7.69090011578453,-0.049999131730109524,0,0,0
4.1047546654408364,0.028855775584878528,0.8282533790693805,0.10216936877339008,-7.719060697381394,-0.05376608743510758,0,0,0
4.1615683747405114,0.03580839952514765,0.8871002101386694,0.10260136047635911,-7.759266854827047,-0.06254556109019802,0,0,0
4.21530370390073,0.040657301533390464,0.9569166198048578,0.10510671728839753,-7.822750052518927,-0.07271880000141948,0,0,0
4.263320508918682,0.04293045065141854,1.0530709620472152,0.10663572788298695,-7.917802235770694,-0.08030598401606995,0,0,0
4.30553309982335,0.04244019427688954,1.182719469782981,0.1038951659947557,-8.04435655954751,-0.08164925455488685,0,0,0
4.343140925712703,0.03930974906776612,1.3398684908435001,0.09369970365416691,-8.190612608577482,-0.07378955010683227,0,0,0
4.3770537274892405,0.03394000264935926,1.5040587921391335,0.0733380289277136,-8.33323934068207,-0.05466976694868322,0,0,0
4.4067380662999796,0.02691285615437806,1.643242603850922,0.04107764153772138,-8.441222598479385,-0.02339685228657231,0,0,0
4.429951432674585,0.018866532829868277,1.72016302090951,-0.0032212767500766405,-8.482094582215097,0.01937271495084474,0,0,0
4.443425700388971,0.010401012805199627,1.7006125184122851,-0.05758023811826263,-8.428795616852852,0.07108457686788369,0,0,0
4.444154691934429,0.0020568197766806405,1.5616336683465164,-0.11770461725320303,-8.265758366868226,0.12721684073194978,0,0,0
4.430696936284292,-0.005636352659115574,1.2978766255158831,-0.1772764127867532,-7.99323537769277,0.1816616353008385,0,0,0
4.403969032199413,-0.012091629448819674,0.9247038523040914,-0.2287779913557884,-7.62902290301048,0.2275879346899785,0,0,0
4.367330636970678,-0.016643288171840707,0.4772685808645889,-0.2647492397534421,-7.206956467091857,0.2586399835271521,0,0,0
4.3261012975901565,-0.018615800047184904,0.005673297250950782,-0.27924110196882734,-6.772188152228011,0.27017642382345175,0,0,0
4.286777399121547,-0.017484479889685645,-0.432895637024032,-0.269140854383636,-6.3739962555690965,0.26023026770987484,0,0,0
4.256137433001044,-0.01307664614306674,-0.7837211214187505,-0.23504144037309374,-6.057359993782285,0.22996987123640905,0,0,0
4.2403051845815725,-0.005722997934158513,-1.004249793683499,-0.18137661152613163,-5.8548227632078635,0.1835460715857522,0,0,0
4.243793432202736,0.0037241355895829996,-1.0722479987787636,-0.1156486865706512,-5.78033034398058,0.12727936373991328,0,0,0
4.268580901492115,0.014026098117469132,-0.9907960254240749,-0.04681043622445742,-5.826492939754104,0.0682795777749476,0,0,0
4.313388230503762,0.023789071992582934,-0.788780735384421,0.016796183611111813,-5.966059654504136,0.012829787067889242,0,0,0
4.373466956942707,0.03169922401021097,-0.5158894897454331,0.06929658988752863,-6.157774661835248,-0.03496117297537467,0,0,0
4.441210388095243,0.03669511513384975,-0.23178301340242058,0.1083216514513623,-6.356229265611347,-0.07378521224473503,0,0,0
4.507591618145369,0.038055451099968704,0.009164218620014708,0.13489410745864064,-6.524160689342381,-0.10481933180277281,0,0,0
4.563992017515986,0.03540651429223658,0.17363513336206893,0.15218852120465556,-6.643890281549119,-0.13051879946308986,0,0,0
4.603769639223657,0.02866351434850003,0.26007026185125426,0.16351442079819378,-6.723607985322843,-0.15283734062411442,0,0,0
4.623088584339541,0.017926857243458015,0.2994953930948725,0.17013353738482948,-6.795212116229635,-0.17145109149906546,0,0,0
4.6208596955812595,0.003355222256524826,0.34469128090290724,0.16966886525271577,-6.903016081235592,-0.18270838806596146,0,0,0
4.597858575125102,-0.014964327583714975,0.44963721326779194,0.15580548565111058,-7.085518338611479,-0.17991440120395338,0,0,0
4.555216044977115,-0.03711419882467197,0.644348182557863,0.11967429864461251,-7.354866345995248,-0.15517211740417736,0,0,0
4.492656802938342,-0.06334989977024605,0.9125546384638739,0.05277575391660463,-7.68057056949479,-0.1024458262347423,0,0,0
4.407019179507955,-0.09395157780455037,1.1807991627817245,-0.04938180924644371,-7.984858542494862,-0.02090087768448825,0,0,0
4.291567112258093,-0.12892947965955842,1.3262718431086853,-0.18437099853370853,-8.155373277650881,0.08291497191027589,0,0,0
4.1364496298986495,-0.1676754002796784,1.20590720506614,-0.34218928178442953,-8.075881863384154,0.19542628503459697,0,0,0
3.9304930198135253,-0.20870081516796687,0.7013926725281152,-0.507519197478679,-7.668348543896542,0.2993005864458723,0,0,0
3.664253861178153,-0.24959941842309946,-0.23374783061318283,-0.6640599096560351,-6.932616762167726,0.3784419432034298,0,0,0
3.333793787743957,-0.28733084437117073,-1.5442145922422128,-0.7990696021665954,-5.966062397126876,0.4225718544330476,0,0,0
2.9441056927844755,-0.31883472285753955,-3.077201536941388,-0.9065597373893013,-4.948753230889622,0.42978472568570963,0,0,0
2.510850423445433,-0.3418439411062721,-4.625554761518998,-0.9887553652650638,-4.092512474152755,0.4069128153773079,0,0,0
2.0592218607461206,-0.3556271288404062,-5.996250914002488,-1.0563389230877192,-3.57044691396095,0.3686413820433955,0,0,0
1.6193483592266347,-0.36134474084808516,-7.07814138320208,-1.1280153552470225,-3.454852025164314,0.33637482015120385,0,0,0
1.2186719509325599,-0.36179896294618885,-7.884798211111288,-1.2293221730900328,-3.687011285637766,0.337067943146576,0,0,0
0.8731277011953722,-0.3605722884793991,-8.561281809541953,-1.3899958764795728,-4.086245123877802,0.40127247390395837,0,0,0
0.5801783414945874,-0.3608187018464477,-9.357482025811052,-1.639170961623401,-4.389468042950199,0.5592538511767543,0,0,0
0.3170456113326736,-0.3641880046934503,-10.57876087994211,-1.9984509151665009,-4.304600342384504,0.8346800869715907,0,0,0
0.0462642317162647,-0.3703760900124422,-12.52696956151351,-2.4741137390582963,-3.5619373307019657,1.2368535602724449,0,0,0
-0.2719290970500339,-0.37750962557061596,-15.44417335703794,-3.050720836192369,-1.9533376580872925,1.7538954788541872,0,0,0
-0.6640813256800016,-0.383110950212442,-19.468911153175398,-3.6887240345966203,0.6437852808779212,2.3498850939729863,0,0,0
-1.13102962348907,-0.385059536710007,-24.610063913184007,-4.328162899107696,4.254288395563151,2.9683415027686353,0,0,0
-1.6445390393783015,-0.38202844924101526,-30.73738830458545,-4.899067906217563,8.7980886887635,3.542584621104564,0,0,0
-2.155747896479525,-0.373294535300451,-37.58534974512577,-5.3367630182094095,14.084102763377558,4.010788725338179,0,0,0
-2.61243755119186,-0.35829216001216224,-44.772038557077494,-5.597693983582344,19.811839654092097,4.331031933217227,0,0,0
-2.9774676659046975,-0.3364536492367378,-51.84291080061891,-5.670242163438177,25.59716990380855,4.490896908882817,0,0,0
-3.2401061509155653,-0.30761515761815017,-58.34816108798668,-5.5764385341086395,31.03637816809544,4.50811210831079,0,0,0
-3.4158997416718364,-0.27275151612185483,-63.946391062036206,-5.3642138374004755,35.803286910997286,4.422600324291328,0,0,0
-3.5366573684053577,-0.2344425651081295,-68.50390939733695,-5.093776594339251,39.748382001470304,4.283923997909381,0,0,0
-3.636465589417412,-0.1965734481755348,-72.1465949914197,-4.823575285397124,42.95563143074088,4.139345408978121,0,0,0
-3.7402329018615035,-0.16327080450129045,-75.2332964942618,-4.600162685280978,45.72490636398582,4.026043796966722,0,0,0
-3.858544784707618,-0.1375940707607782,-78.25220228718877,-4.453245930137311,48.48029163847643,3.9678826004610173,0,0,0
-3.9889646904595963,-0.1206626802855439,-81.67515424797796,-4.394550523347917,51.637328667857304,3.9748036978778813,0,0,0
-4.121482378234873,-0.1145370235665742,-85.821102599097,-4.2608083621588495,55.477556853158774,3.8867920262085516,0,0,0
-4.245145596204765,-0.11375944817070582,-90.77366540988727,-4.223719615516112,60.07227762375932,3.8795041431754935,0,0,0
-4.35340837351248,-0.11575248062194175,-96.37537010199202,-4.306724475720878,65.27599590841872,3.975540530876196,0,0,0
-4.446732953771004,-0.11775000865158347,-102.29366632146585,-4.510061637867342,70.78441514687425,4.176584797148071,0,0,0
