Pitch_Normalized,Delta_Pitch_Smoothed,Roll_Normalized,Delta_Roll_Smoothed,Yaw_Normalized,Delta_Yaw_Smoothed,Label1_Move,Label2_Bend,Label4_Speed
0.5254901549274678,-0.09548969207031348,-6.687312160049046,1.1037523547750339,6.819338929754252,-1.1321503596716256,0,0,0
0.40166986000308214,-0.09832141325055943,-5.444549076900259,1.1968786863674883,5.536637790855423,-1.2242625637867377,0,0,0
0.2802662758047063,-0.10022552516393952,-4.1363693792112315,1.2747016847130388,4.19018784916252,-1.3003826762134005,0,0,0
0.16249777441679214,-0.10152650335389346,-2.71667340733741,1.3379799500757965,2.7358467456988897,-1.3617621495991763,0,0,0
0.04804169457590035,-0.1022152230312672,-1.1685503861738766,1.3883573218264393,1.158587131396125,-1.4105422896655009,0,0,0
-0.06443832457588883,-0.10217603446017591,0.4939599581558838,1.428677580167657,-0.5262364529661738,-1.4500061175641306,0,0,0
-0.17608852122010887,-0.11147695119007181,2.2355996329422254,1.6084527238891724,-2.283339803739551,-1.632116148248344,0,0,0
-0.2867218719036799,-0.10733959130508594,4.016527440557326,1.665946304901233,-4.074758267039158,-1.6893576784134232,0,0,0
-0.39444685235393706,-0.10237466739001491,5.8079037363889086,1.7201301673608782,-5.875541677235255,-1.7450596483408518,0,0,0
-0.4962701896742914,-0.09682430258651778,7.599463641627523,1.7668641576373871,-7.680722245887054,-1.7951611465795434,0,0,0
-0.5892793569732504,-0.09083808536897778,9.397215078842677,1.8038049387302082,-9.501822552729188,-1.8370678514306555,0,0,0
-0.6717260530477773,-0.0844619773260817,11.214913972112072,1.830311025990119,-11.35693899327881,-1.8695894567202842,0,0,0
-0.7434803980954428,-0.077740192150668,13.06493229439755,1.8461981306090878,-13.260408634245998,-1.8918044530671743,0,0,0
-0.8057452514483856,-0.07085349152645364,14.951968169036462,1.849980470714152,-15.215764720096544,-1.901472856905626,0,0,0
-0.8603391591138774,-0.06418565124700422,16.869499001128204,1.8377208032855663,-17.21209138291043,-1.8940614837888603,0,0,0
-0.9090580978367058,-0.058261306847479946,18.797070218057073,1.8033838867705754,-19.222131020169016,-1.8632079256914509,0,0,0
-0.953490442726789,-0.0535869862928152,20.697580939033102,1.740728975700904,-21.201384334411294,-1.8026180730844252,0,0,0
-0.9952567871682163,-0.05048595094865362,22.516332147698847,1.6458799752188895,-23.089486836095418,-1.7085434291390171,0,0,0
-1.0363033648239792,-0.04901373676566863,24.18511176924457,1.5194055999943885,-24.816156515123858,-1.5817305330287355,0,0,0
-1.0788832581490908,-0.04898556749941037,25.633302509333276,1.3671708968415814,-26.312801502801562,-1.4281913197076264,0,0,0
-1.1251492199014024,-0.05008009672169607,26.804504835851716,1.1999429015467924,-27.52800328357344,-1.2588275404700113,0,0,0
-1.1765855625343136,-0.051950456861460735,27.673713724300967,1.0321247466418568,-28.44237328466898,-1.0882413072302612,0,0,0
-1.233617765752129,-0.05428921926476562,28.258988294341435,0.8798608953191348,-29.077713964533352,-0.9328703699005054,0,0,0
-1.2956009264424893,-0.05683678004395034,28.623677137452276,0.7585168910442647,-29.49767791717281,-0.8083904457758763,0,0,0
-1.361140126330838,-0.059357216886685646,28.86892801659613,0.6796759453325947,-29.800366787610542,-0.7265764072490122,0,0,0
-1.4285626664513131,-0.061616431115980676,29.11831768447564,0.6482675102435849,-30.104544092471627,-0.6923540627452184,0,0,0
-1.4963826353744452,-0.06338822232865482,29.49618989222445,0.6607797289132933,-30.530088033416348,-0.7020709420307369,0,0,0
-1.5636245876077197,-0.0644861332127391,30.101501058141494,0.7053660974858659,-31.17339129385418,-0.7437645362755368,0,0,0
-1.6298755336908357,-0.06478539727620643,30.98187122257052,0.7640629874745443,-32.08192058761398,-0.7995275796130421,0,0,0
-1.6950475693088976,-0.06419650477126596,32.115977611769125,0.8165429897045045,-33.236342130253746,-0.8492803760780248,0,0,0
-1.7590314431879506,-0.06259537292353912,33.41230212498465,0.8442355782852659,-34.54871270388081,-0.8747548900666373,0,0,0
-1.8214468946617046,-0.059768928131330765,34.727374699159625,0.8336571547554967,-35.88001864742435,-0.8626207282943753,0,0,0
-1.8814717385141932,-0.055447996834357124,35.89961816908688,0.7783869225247727,-37.07298976066377,-0.806333920470847,0,0,0
-1.9375659741551488,-0.04945120531469627,36.78910703449732,0.6797341513510133,-37.990481677953056,-0.7068453528436052,0,0,0
-1.9870938555662292,-0.041878241216880954,37.31128379944879,0.5462996381514401,-38.547915688276916,-0.5723376700805588,0,0,0
-2.026251947764621,-0.033229038439269235,37.45488923203061,0.3924988415904792,-38.73075137541538,-0.4169319353809854,0,0,0
-2.0508626037180164,-0.02434762293808319,37.28005911747218,0.2361011885571031,-38.59342723812482,-0.2583078728160359,0,0,0
-2.0581366407546824,-0.016197217099634998,36.89884257165163,0.09506235025839516,-38.24184482229023,-0.11449822217717412,0,0,0
-2.0486579458596452,-0.00958801381158736,36.44486760408492,-0.015775563075820287,-37.80529728841957,-0.0004981949454617052,0,0,0
-2.02733795370159,-0.005004137437089185,36.04096602767392,-0.08732614143083026,-37.4056614840636,0.07443939322439234,0,0,0
-2.0025076725687825,-0.0025922159092360174,35.77331401055568,-0.11746276384760108,-37.13179143204117,0.10800474122119397,0,0,0
-1.9834190656580546,-0.0022557012655553877,35.67799820174358,-0.1103877936791747,-37.02500086919609,0.10415546812628947,0,0,0
-1.9773518766300668,-0.003741653013138091,35.741862538328675,-0.07447930141862998,-37.07797171011839,0.07094443395742615,0,0,0
-1.9876073485260406,-0.006648480990568828,35.91584562018902,-0.019564092854272984,-37.24608774570913,0.017853772248486166,0,0,0
-2.0130160146585894,-0.010382681670670024,36.13665616097278,0.04533307185027411,-37.467868276064976,-0.046323105962795805,0,0,0
-2.0488089604201747,-0.01416105059568622,36.35101129523886,0.11319792727176434,-37.689196694152486,-0.1145517233703643,0,0,0
-2.0882791338493973,-0.017129525927276745,36.53526610328588,0.17927761857789193,-37.883982898550556,-0.18174158758086917,0,0,0
-2.1246214506603707,-0.018573248617596506,36.7032016431089,0.2408259635779501,-38.06330709980537,-0.24454504099643232,0,0,0
-2.1524847625663455,-0.01811244247628423,36.89819832258766,0.2967559386748704,-38.268528348047525,-0.3011811261972753,0,0,0
-2.168948459658452,-0.015783557502192024,37.17294530039156,0.3473361709088422,-38.55117871776724,-0.3513681394436432,0,0,0
-2.17380293184155,-0.011981489467589767,37.5660901963346,0.39380426976481003,-38.94920730784986,-0.39614732881022546,0,0,0
-2.1691515518340196,-0.007315086548057082,38.08625783752308,0.43771742154209503,-39.470451279160415,-0.4373296562879304,0,0,0
-2.158476301392909,-0.0024503151676412926,38.70942192507738,0.4800819102387024,-40.08978297209114,-0.4765655400234607,0,0,0
-2.145442923547961,0.00201109846572507,39.38920732927744,0.5206196527957061,-40.759769140145565,-0.514417113842336,0,0,0
-2.132830909334487,0.0056060090791930865,40.07469885862088,0.5576131646123571,-41.42934156416723,-0.5499432656514784,0,0,0
-2.1219598259007455,0.008047551866249591,40.72818551065981,0.5885113751026765,-42.06249325703179,-0.581070248920031,0,0,0
-2.1127822855258103,0.00924500160987094,41.3360852056729,0.6111300184755081,-42.64963829878516,-0.605666086850421,0,0,0
-2.10451046600312,0.009320908883492508,41.90939817106596,0.6250740383703601,-43.20747823822873,-0.6229925447000071,0,0,0
-2.0964246717744146,0.008619681415396485,42.47432996871123,0.6328818399148048,-43.76796100456231,-0.6350159535027202,0,0,0
-2.088472940995956,0.007675443451717001,43.058059051418326,0.64027363916002,-44.36188120696755,-0.6468763816445474,0,0,0
-2.0813529157428405,0.0071082167120081865,43.67739038108968,0.6549997047318584,-45.00586817635407,-0.6659046120150875,0,0,0
-2.0759424629990946,0.007459167081138673,44.33699822122668,0.6843840769358878,-45.700376726160485,-0.699216066360384,0,0,0
-2.0722794872389443,0.009025133902201787,45.03824032422543,0.7325505186114981,-46.439942507118346,-0.750880905969791,0,0,0
-2.068688489030791,0.011769570243600924,45.79194372087764,0.7988277511266346,-47.22853295659104,-0.8202361989615042,0,0,0
-2.061748742214405,0.01536435131659033,46.62469590593946,0.8783858509891076,-48.08838768431811,-0.9024521816424709,0,0,0
-2.0473681550893588,0.019363413753535497,47.57202628001869,0.9648631712574428,-49.05465392063563,-0.9911207620846753,0,0,0
-2.0225309465037924,0.023432645637862494,48.66159039178788,1.0534076634982938,-50.15844735848307,-1.0812685322980684,0,0,0
-1.9868147635671107,0.02750079237923586,49.897675682332306,1.1421491449093224,-51.40984022784377,-1.1708092611075032,0,0,0
-1.9427811586085113,0.03172269283847129,51.25818847860231,1.2310844210312921,-52.79248282098702,-1.259449186957579,0,0,0
-1.8948388034606012,0.03627195576928557,52.70669076399275,1.319169509345116,-54.273088827814306,-1.345865427614737,0,0,0
-1.8470264593642156,0.04111216462739122,54.21146701607262,1.401780339911116,-55.818553499334755,-1.4252976987642,0,0,0
-1.800934539206736,0.04591544533431744,55.758489670319904,1.47051130977554,-57.408469337235516,-1.4894557492359866,0,0,0
-1.7550525588542314,0.05018581459307967,57.34908453453835,1.5156224155589058,-59.034434376694136,-1.528988366385572,0,0,0
-1.7059689313379351,0.05349873073302689,58.9836388143288,1.529635295515689,-60.68718723273841,-1.5370052531979355,0,0,0
-1.650627095940493,0.055696105740344136,60.64249930505062,1.5099695383056768,-62.34136467196011,-1.5115989169293613,0,0,0
-1.5882137017461844,0.056912793857037514,62.27713937777409,1.459349529289824,-63.949211412995496,-1.4561686659290545,0,0,0
-1.5206728005729957,0.057421696825592505,63.81781454737694,1.3841712268720072,-65.44833102233879,-1.3777590623972273,0,0,0
-1.4518274562368418,0.057400722261016314,65.1940286374892,1.2920750938700905,-66.77989275982313,-1.2846120615480117,0,0,0
-1.38582010120507,0.056773378934713035,66.35788386165908,1.1901008744587358,-67.90847199028063,-1.1842375755672336,0,0,0
-1.325710864890226,0.05522131552988725,67.300186056891,1.084112366334341,-68.83477548710485,-1.082672527045854,0,0,0
-1.2728094911082906,0.05235002538450715,68.05317928479269,0.9792488270449894,-69.59614412330703,-0.9847597593798028,0,0,0
-1.2269273165965728,0.04789968455052644,68.67924060902081,0.8806347484539259,-70.25458995271563,-0.8948067520672695,0,0,0
-1.187318769507101,0.04189052335283065,69.25009327912571,0.7936998755657981,-70.87681013236647,-0.8170633989260893,0,0,0
-1.1537557760390627,0.03464792439317108,69.82476247767221,0.7239217771386137,-71.51391250319695,-0.755802805535805,0,0,0
-1.1271268420954215,0.02670680261544902,70.43498757550051,0.6761650195478325,-72.18896226575814,-0.7150394289092177,0,0,0
-1.10921685624092,0.01863200830818812,71.08348686231335,0.6539114152363652,-72.89727893366819,-0.6980079869960705,0,0,0
-1.1017675670446891,0.01082664698746214,71.75481330303492,0.658677219237856,-73.61896501159968,-0.7065937431819336,0,0,0
-1.105348212305131,0.003422104828915451,72.43324640887533,0.6898707067825199,-74.33792081518118,-0.7409784056440089,0,0,0
-1.1187520750505797,-0.0036860557532151007,73.1195340571374,0.7451876319508728,-75.05886627937281,-0.7997063390196161,0,0,0
-1.1393907818083449,-0.010676009322823176,73.83930020925465,0.8213719702305582,-75.81485535706555,-0.8801359088458696,0,0,0
-1.1645430212336692,-0.01760852674594702,74.63995147717125,0.9149695821955532,-76.66208155512636,-0.9790033535875124,0,0,0
-1.1927062683074183,-0.02431327321346686,75.57794767684601,1.0227321194599512,-77.66437400915572,-1.0927843114002216,0,0,0
-1.224179327039252,-0.03040148668937235,76.70196959863443,1.1415277909275687,-78.87387352256263,-1.217673829998833,0,0,0
-1.2605158692672944,-0.03537843553048248,78.03848217997779,1.2678365897224182,-80.31527159165564,-1.3492039551282389,0,0,0
-1.3032121095548916,-0.03878308401921089,79.58468339745605,1.397104704587656,-81.97899580163326,-1.4817415721831666,0,0,0
-1.3523495883755885,-0.04028653969824063,81.31080805691286,1.5233875568228428,-83.8251220476704,-1.608305300735644,0,0,0
-1.4057824339384126,-0.03972422134483224,83.17009121231061,1.6396985017892347,-85.79570331158801,-1.7211281008585644,0,0,0
-1.4591325676099558,-0.037084383331499285,85.11161230609952,1.7391844258140678,-87.82996036646357,-1.8130486089717195,0,0,0
-1.5065829152426886,-0.03248968768563572,87.09058110301396,1.8167740245290418,-89.87628200120447,-1.8793031784499348,0,0,0
-1.5422561787907512,-0.026181303745576655,89.07317577748307,1.87060983073641,-91.897908364422,-1.9189772155792582,0,0,0
-1.5617852346819916,-0.018486385148980843,91.0369364950636,1.9026516716418143,-93.873362563712,-1.9355007799334303,0,0,0
-1.5635501016224111,-0.009764148724610778,92.96979193498669,1.9182800512486096,-95.79486009887292,-1.936046136636469,0,0,0
-1.5490762038956092,-0.0003659531478348299,94.86970984392485,1.9252032236671284,-97.66690530706198,-1.9301735236303899,0,0,0
-1.522328906723061,0.009352835357880451,96.74458048734189,1.932153800915802,-99.50504374744823,-1.9282640620315874,0,0,0
-1.4880759610447,0.018984762771030717,98.61120011387419,1.9476660929681315,-101.33400360096756,-1.9400795532538269,0,0,0
-1.4499910756216963,0.028050943249857595,100.49360856939896,1.9788725250418793,-103.1855834140351,-1.9734068825579854,0,0,0
-1.409441965416761,0.03606001913937433,102.42212344898189,2.0301232926090194,-105.09743854789191,-2.0325881346059362,0,0,0
-1.3656042140311513,0.04262463008589634,104.43315031525754,2.101558127351345,-107.11260098677944,-2.1170756534135196,0,0,0
-1.3167352875323814,0.04755311382842109,106.56724203269528,2.188357443398084,-109.27707753374274,-2.2207726868497133,0,0,0
-1.2617467462921752,0.0508378862572485,108.86190102790187,2.281643660327654,-111.63197719000185,-2.3331470720259775,0,0,0
-1.2011850432882483,0.05253539137366943,111.3381694211538,2.3713279255864337,-114.19924390977137,-2.4423680338154354,0,0,0
-1.1373038007634477,0.05262330965943533,113.98537320850014,2.449821995864505,-116.96561663300811,-2.539280858241612,0,0,0
-1.0735450656113983,0.05095566713905697,116.75328427790569,2.5145329514688,-119.87463217555911,-2.620027119220724,0,0,0
-1.013950044150576,0.04737908237259205,119.56101709061844,2.567485789731356,-122.836514467708,-2.685613284783723,0,0,0
-0.9627220473080058,0.04195815792619868,122.32447936973853,2.612244963314737,-125.75768393912192,-2.738671306383138,0,0,0
-0.9237579790273429,0.035168197271437406,124.99182852804401,2.650225453844496,-128.57839199645122,-2.7796707923423143,0,0,0
-0.8998852940261912,0.027918847909896273,127.5674529636699,2.678958652585513,-131.29770974009915,-2.805311476748615,0,0,0
-0.8918133903052308,0.02137491612702149,130.1080082125711,2.693463114117668,-133.96873383461667,-2.8102662282139064,0,0,0
-0.8971537082703946,0.016667383391012435,132.68969166584264,2.689612591989041,-136.66379059757412,-2.790984929745666,0,0,0
-0.9100647735778011,0.01464501511210159,135.36415556634682,2.6670372581831003,-139.428685113425,-2.748808577501298,0,0,0
-0.9219965641892856,0.015767863162926686,138.12775594700892,2.629673384289697,-142.25235867725752,-2.6903132177097193,0,0,0
-0.9235546394932328,0.02013623997277989,140.92000434967682,2.584039186740006,-145.06827891514718,-2.624994524774644,0,0,0
-0.9068712317012739,0.02756935939040659,143.6494101977961,2.5370479701678676,-147.78448147301577,-2.562347573120513,0,0,0
-0.8674998930295601,0.03765025427302078,146.23138967244944,2.4953800968278728,-150.32460024272098,-2.510676082631329,0,0,0
-0.8050434156787389,0.04972563420574687,148.6212132126355,2.4670451521144314,-152.6608161162191,-2.478477262027519,0,0,0
-0.722395579299544,0.06292808839108517,150.83222039544407,2.46377220083437,-154.82833724419766,-2.4770462164567846,0,0,0
-0.6241917001221253,0.07629136047767986,152.93793266534857,2.5015757529841665,-156.92118547130428,-2.5214510398860854,0,0,0
-0.515310847575023,0.08892260367090898,155.06180918084982,2.597207945906743,-159.07549466092996,-2.6273190449904975,0,0,0
-0.39989736621292593,0.10006389782558074,157.36014318698696,2.760438869623954,-161.4485632178493,-2.803197060654361,0,0,0
-0.28078388966694945,0.10887580264660243,160.00187757469052,2.985365553892552,-164.19914727799284,-3.0416842734403815,0,0,0
-0.15908295941248696,0.11396927727876119,163.1435134768506,3.246409269065333,-167.46686907611837,-3.31515235172879,0,0,0
-0.03432860278414296,0.11297302352357405,166.89208380874425,3.5044035666009536,-171.34146936505215,-3.581693864415746,0,0,0
0.09376774655453346,0.10253909301530939,171.25379889403564,3.724384733784228,-175.81645207955938,-3.8031369370962294,0,0,0
0.22125813343646428,0.07904390074031084,176.08504521137496,3.900362608355272,-180.7414429771248,-3.9704991720301335,0,0,0
0.3346493571088729,0.03989840642891664,181.08530590328883,4.076266511233504,-185.812339633507,-4.12593614195381,0,0,0
0.40733465593619655,-0.014976290747942756,185.8762560614536,4.35014748223802,-190.64527588835512,-4.3678866794515105,0,0,0
0.4011992300309686,-0.08213034755648323,190.18178000319085,4.85332592043537,-194.95255484226658,-4.830623654171052,0,0,0
0.2751281598280855,-0.15453075175255293,194.06543526440254,5.707060843254135,-198.7804863812313,-5.640442685594877,1,0,1
-0.0009133019237594908,-0.22260323468022564,198.122808299322,6.971823550399148,-202.7079246373874,-6.8635976022079035,1,0,1
-0.430546797146377,-0.2760591271688284,203.50335239707073,8.61103612626,-207.87801407250794,-8.46832759155418,1,0,1
-0.9803864349773193,-0.3059166620024385,211.67677268120428,10.486481125133912,-215.7731056178289,-10.318943336067582,1,0,1
-1.5796361203096723,-0.3061303930504408,223.9626922412856,12.387576751729068,-227.74589622100092,-12.204783296274865,1,0,1
-2.132264600247723,-0.27447668816923143,240.97203439802712,14.080263988856746,-244.45242810163842,-13.889868777918446,1,0,1
-2.53933313825182,-0.21265129955291684,262.19540647397497,15.354050767702898,-265.4247188926666,-15.161294459669232,1,0,1
-2.724517262915512,-0.1257722378331735,285.95011715462795,16.051717540082876,-289.00177299418283,-15.860091496408426,1,0,1
-2.6539692745682117,-0.02157084759634529,309.7520235787443,16.07978182350642,-312.6931088511038,-15.892115378299327,1,0,1
-2.3435676516613455,0.09051627445715268,330.9844198917583,15.409002434693395,-333.85124262145104,-15.228220216982958,1,0,1
-1.851384835701083,0.20030512411229467,347.6059429414315,14.07569840712323,-350.39343097792363,-13.90494361747435,1,0,1
-1.2586356802554945,0.2979350466196905,358.63998370015076,12.186508006100173,-361.3088396014717,-12.028880317790856,1,0,1
-0.6462552731098299,0.3750600755960406,364.3011706321349,9.918592237090076,-366.7991678555012,-9.776999694813878,1,0,1
-0.07522369040579235,0.42597764098366186,365.7667970281382,7.503469534685962,-368.0553077876585,-7.380901441839273,1,0,1
0.42341512081327437,0.44835619206222077,364.7196763125179,5.189696065562879,-366.7953323957444,-5.089807770143812,1,0,1
0.8470858659491824,0.44325688413042175,362.83711445902884,3.1926167373065653,-364.741231279547,-3.1202407290560474,1,0,1
1.211267617708586,0.41436822928544503,361.3813288448757,1.6489148427207851,-363.1947158408054,-1.6101667791100738,1,0,1
1.5352591469211063,0.3666648272360661,360.98481250148757,0.5935985773958862,-362.81078741257556,-0.5955330716570927,1,0,1
1.829592646053996,0.3049301025400183,361.6489842343731,-0.03169947900140073,-363.5911865525419,-0.018337225378036236,1,0,1
2.0890011896428717,0.23265688195927794,362.91058726482396,-0.3423361307580194,-365.0536499120115,0.23694080030058445,1,0,1
2.292297457153367,0.15171551276418,364.0950913686394,-0.4593878210155822,-366.49509876902437,0.291913728686427,1,0,1
2.408012592105166,0.06289073904635814,364.5759694741096,-0.4613563574757961,-367.2641703180426,0.22596886005746342,1,0,1
2.403045752290353,-0.03294959367066497,363.9841758421209,-0.3552659737351348,-366.98254010928156,0.04760179419045585,1,0,1
2.251345129186987,-0.1335389822275829,362.34343572055803,-0.07683253721544929,-365.68589978465263,-0.30500624330516074,1,0,1
1.9405702484550744,-0.2342971067409067,360.12579810236207,0.48068583968375833,-363.87619510888015,-0.9348275955806514,1,0,1
1.4759932564127638,-0.32822219809807507,358.2235508842709,1.4195882736282783,-362.48154267897235,-1.9391705529367698,1,0,1
0.8817716810019363,-0.4067134173114937,357.8286691075244,2.789970552131166,-362.7186978989008,-3.362532352189004,1,0,1
0.1998693246452774,-0.461118863009672,360.2164871293331,4.5582886686768465,-365.8608498456272,-5.166179558653402,1,0,1
-0.5133784213550712,-0.48454536211828414,366.45584263121066,6.602647557774719,-372.9394625083484,-7.224510764551956,1,0,1
-1.193220791337879,-0.4733664464885535,377.10647000110674,8.734483003433866,-384.4453554413792,-9.347490708106903,1,0,1
-1.7748367159615697,-0.42797960251804457,391.99479688995103,10.736474190483642,-400.1204222909144,-11.318788984987743,1,0,1
-2.203176037991554,-0.35266230492092915,410.1588561608781,12.402364870992244,-418.9259659045766,-12.935358002218265,1,0,1
-2.442407868892488,-0.25471090291111265,430.0106514198681,13.56756930095878,-439.2276477548011,-14.03755418682224,1,0,1
-2.4823193356985485,-0.1432357736693035,449.6882657548967,14.126926160937206,-459.16080686572167,-14.52637008375765,1,0,1
-2.339225776725371,-0.027961950261118317,467.4905400071985,14.042198935075287,-477.0640849587576,-14.37040144525768,1,0,1
-2.050629792796528,0.08177225318523255,482.2471995941933,13.343369452776267,-491.835122701155,-13.60644916434253,1,0,1
-1.6653373481091904,0.1777858408981416,493.5043621171122,12.125050337542342,-503.0942397671232,-12.334946081147375,1,0,1
-1.2324884120477577,0.25364570713643103,501.4857487387051,10.53584208189415,-511.12455068320367,-10.708138096375023,1,0,1
-0.7929979239662543,0.3051214912283683,506.87783198196354,8.757720872501427,-516.6434769609252,-8.908515325146032,1,0,1
-0.3754982594855534,0.33048483007388396,510.5401645288694,6.976055115687956,-520.5098470848045,-7.1186127043352085,1,0,1
0.0030216930198463388,0.33057563855106054,513.2453002653745,5.3467461498766795,-523.4698831023882,-5.488972916076489,1,0,1
0.3332810333727565,0.30856581878004335,515.5172769798196,3.9708374455939692,-526.0073468683269,-4.114451969403103,1,0,1
0.6088070433911952,0.2694218433158511,517.5878601448824,2.8852386768301757,-528.3128010062615,-3.0269162861122823,1,0,1
0.8225289650402914,0.21914797093654242,519.4488169117762,2.071681990585347,-530.3469339090738,-2.2056941352051127,1,0,1
0.9665306087852343,0.16394298180752004,520.9580015059653,1.4788395130009746,-531.9538141195225,-1.6001618852332284,1,0,1
1.0350283950039056,0.10942632864613558,521.955574050133,1.048529444049376,-532.979642395186,-1.1552983197601179,1,0,1
1.0288810850493206,0.06008556085091641,522.3567488854139,0.7371634669520745,-533.363402628246,-0.831724786426912,1,0,1
0.9589912973176666,0.01904254446175031,522.2025686445586,0.526714633924098,-533.1814920352548,-0.6151070847908955,1,0,1
0.8464318941089459,-0.01188597966155669,521.6662271119733,0.423500018121581,-532.6450958132575,-0.5137319259207516,1,0,1
0.7187650269758024,-0.0320059861307044,521.0254589693632,0.4465810689854834,-532.0628302824057,-0.5463037581516119,1,0,1
0.6038773015290104,-0.04167684115485315,520.6169349348952,0.6101719457967647,-531.7871309666573,-0.724333279295081,1,0,1
0.5237064779902596,-0.04247009154810542,520.7844233190606,0.9061144232069864,-532.1584177162358,-1.0350498855177874,1,0,1
0.4899472467756283,-0.03741544713155633,521.8228603260982,1.2929122704357723,-533.450120265469,-1.431234404771817,1,0,1
0.5024691037332474,-0.030999728246450788,523.9146276016311,1.6964302801394069,-535.8099714905899,-1.8330294049024247,1,0,1
0.5497621972367028,-0.028636390659418965,527.0597209639329,2.024071299663228,-539.1971469124733,-2.1434478802869195,1,0,1
0.6103274795228515,-0.03561181649056237,531.0167182822029,2.190010745569225,-543.3301412503639,-2.274905542819931,1,0,1
0.6547266137337573,-0.05584240985047302,535.2858715897717,2.1454597410121097,-547.6757466759642,-2.1803229686788312,1,0,1
0.6489940148531588,-0.09091215836401716,539.1668714459527,1.906024846414607,-551.511786084279,-1.88044979405596,1,0,1
0.5600679875147563,-0.13970448756320905,541.9069401086056,1.5679795104163303,-554.0795746161267,-1.4790995825321716,1,0,1
0.3626468620701786,-0.19860121276293655,542.9255664250554,1.3060471545427845,-554.811885710605,-1.1592064952792156,1,0,1
0.04545320302428024,-0.2619475982875869,542.0715323450163,1.3472986034808856,-553.5903606534456,-1.154912076525477,1,0,1
-0.385415105649912,-0.3224961228772429,539.8446717832066,1.9204930977955201,-550.9629156567954,-1.699574515735435,1,0,1
-0.9070976288564623,-0.3718315510857778,537.5026554302615,3.188919060708213,-548.2411160907907,-2.9580174739202336,1,0,1
-1.483543023896118,-0.4010720736546503,536.9750991470589,5.185776959157079,-547.402036443382,-4.962008530787057,1,0,1
-2.0697137856391663,-0.4021257972345936,540.5327069987418,7.778158052248341,-550.746267677728,-7.5748244969571825,1,0,1
-2.6146337492495775,-0.3694114032573282,550.2216492601581,10.6804032898998,-560.3258864077183,-10.505504183756148,1,0,1
-3.0635888971240206,-0.3015036682398403,567.1750621968538,13.517159969088675,-577.2559214151665,-13.372970112729707,1,0,1
-3.361726721693344,-0.2019970485129022,591.0246410375235,15.910830110445204,-601.1318713921496,-15.794574463285983,1,0,1
-3.4611899848311793,-0.07913565342520457,619.688520631089,17.556315389310885,-629.8278195856985,-17.46178891823356,1,0,1
-3.331467170503103,0.055714424463826615,649.7295993240534,18.25842918612907,-659.8669275481665,-18.178190195500644,1,0,1
-2.9695834793741227,0.1901805312744685,677.243132035903,17.933902850993604,-687.3200617807427,-17.861498454589242,1,0,1
-2.405385590778934,0.31283572804923665,698.9529728876587,16.599294632316536,-708.9086602896552,-16.530974560143772,1,0,1
-1.698454163108508,0.41445673318727216,713.0658093233703,14.365307052789376,-722.8590052731263,-14.300893022495575,1,0,1
-0.9263987792578519,0.48849675513681773,719.5593910083496,11.44063120178664,-729.1839383983885,-11.383528669990664,1,0,1
-0.16790847289448152,0.5310275411889848,719.8717355086778,8.129153101246493,-729.3612522236205,-8.085751224585238,1,0,1
0.513723531242789,0.540472085516619,716.2145955833234,4.79880899305324,-725.635632009156,-4.777630866666243,1,0,1
1.080978434748701,0.5173192405727349,710.8281327247475,1.8150681903051464,-720.2648516401223,-1.8260242186353595,1,0,1
1.5232408296748332,0.46387928799342576,705.4309530553899,-0.5424917261784685,-714.9671580920563,0.4885106837193007,1,0,1
1.849085427058668,0.38409208333010836,700.9800516435539,-2.146019160769856,-710.6853318315509,2.037195649352725,1,0,1
2.0732536846630865,0.2833867667025146,697.7176892545858,-3.039619144035669,-707.6432362148289,2.8631632339341535,1,0,1
2.203608926353226,0.16855383830172316,695.3938139389545,-3.408613615875197,-705.5803039670963,3.151033124255105,1,0,1
2.2334072891553234,0.04752936487076056,693.528055625874,-3.5139332161808396,-704.0235534524622,3.1619689367480874,1,0,1
2.142466670192576,-0.07104019527897805,691.6056177156718,-3.6167341628636676,-702.487048779599,3.159005024790679,1,0,1
1.907468887767294,-0.17852155998901367,689.1631995679929,-3.9154191588009324,-700.5523060590469,3.344409718402153,1,0,1
1.51762991012275,-0.26720770495387713,685.7855993499259,-4.508721197221234,-697.8509209810694,3.822450950213704,1,0,1
0.9890171799503946,-0.3311466538607604,681.075263421515,-5.389435044685888,-694.0159426416751,4.5921848114223165,1,0,1
0.37057648195892057,-0.366594125789301,674.6607910961109,-6.465448880627809,-688.6748013922155,5.5672971495138315,1,0,1
-0.26197477021530347,-0.3720065611616675,666.2767614673805,-7.5980068580703115,-681.5230609080347,6.613412139281479,1,0,1
-0.822991622480103,-0.347783625799606,655.8928396713416,-8.642773015962552,-672.4608223294139,7.588716482426276,1,0,1
-1.2382128539445176,-0.296092634266806,643.8233388077269,-9.479945260625096,-661.7213881006057,8.374082594131607,1,0,1
-1.462332331539784,-0.22094126733729952,630.7393251326764,-10.02654569064298,-649.907332471958,8.885528933314628,1,0,1
-1.486658322461352,-0.12834317024055225,617.5479870451709,-10.233836622396302,-637.8894320596474,9.071721433912614,1,0,1
-1.3353695878034841,-0.026209993186971304,605.1778875560462,-10.079568292549197,-626.5998839553363,8.906226407915927,1,0,1
-1.0534574549007658,0.07632229381797373,594.363746961742,-9.564494186383286,-616.8114801177309,8.38419649124271,1,0,1
-0.6917827632502451,0.17010920963127346,585.5201424434961,-8.716225007090951,-608.9956316479231,7.5268213982793215,1,0,1
-0.2944145224551278,0.24738476915293858,578.736897197552,-7.595750488256067,-603.298728302549,6.38888297357496,1,0,1
0.10847655008920754,0.30279669007702525,573.8651081706189,-6.298176798990494,-599.6125373130562,5.060641425029587,1,0,1
0.5012481679644338,0.33371629878269005,570.6318196035477,-4.942114611375928,-597.6810959956076,3.65801594541058,1,0,1
0.8781004738326317,0.3398134241703502,568.730589600432,-3.6497131984189535,-597.1926083466207,2.302737486335616,1,0,1
1.2356348375848683,0.32223520958523866,567.8658339251663,-2.525816988613883,-597.8325583648561,1.1009892668161227,1,0,1
1.5656345692304683,0.28285940513514873,567.7575571427715,-1.6451425859653228,-599.3009182216621,0.12978894229744356,1,0,1
1.8505046653655484,0.22396603018817557,568.1268409314116,-1.050876066821229,-601.3092726055417,-0.5650546589233614,1,0,1
2.062764653900018,0.14839205059866883,568.6807555718567,-0.7613912114442428,-603.5725090919801,-0.962457261794691,1,0,1
2.1688946409516205,0.05995692993790556,569.1055770756032,-0.7785788965911251,-605.8015874495696,-1.057586373665299,1,0,1
2.136811288101242,-0.03620130634206191,569.0687165838428,-1.0926652048176948,-607.6977422249487,-0.8567443553217003,1,0,1
1.945245779426628,-0.13369240155329862,568.2281365293397,-1.6821941486856986,-608.9492748917826,-0.3771778241815923,1,0,1
1.592397056075896,-0.22543019218220622,566.2511960561765,-2.5111763488742556,-609.2371099310031,0.35003868601278326,1,0,1
1.1008174673434894,-0.3044975161877758,562.8460306376364,-3.5267246773987155,-608.2569597322606,1.277339370194636,1,0,1
0.5160874104120126,-0.3650157159894462,557.8039375522551,-4.659808739580558,-605.7600518998377,2.340902216072061,1,0,1
-0.10128917794811798,-0.4028117909225074,551.0438924383093,-5.829808807112675,-601.6043366066721,3.4645149756784237,1,0,1
-0.6886673525915938,-0.4158634438496577,542.6457936540289,-6.951403090125285,-595.8005313615342,4.565640935809768,1,0,1
-1.19447049651221,-0.4045876012226032,532.8595941574245,-7.941219825499099,-588.5358789035953,5.561176765952837,1,0,1
-1.587392505994444,-0.37196083666005963,522.0826681760511,-8.722454965078061,-580.1634869312595,6.371260254216201,1,0,1
-1.8592232682734533,-0.32332266282021604,510.8074890044764,-9.227800868048025,-571.1564376927854,6.9217483873634595,1,0,1
-2.021823150395335,-0.2656724305467478,499.55468568259,-9.402703556044418,-562.041332866851,7.147696236460615,1,0,1
-2.1006302327994035,-0.20642119927463795,488.81593827434875,-9.210591933799908,-553.3375072322542,6.999682629940923,1,0,1
-2.1272113105247,-0.1518563463085826,479.02664640539587,-8.639653456249897,-545.5245073888411,6.452525160577409,1,0,1
-2.1324091608586713,-0.10583398943158073,470.5680219571562,-7.708693110628332,-539.039475858626,5.5136125822071,1,0,1
-2.140636895055465,-0.0692207489838168,463.7769019918109,-6.468896067813392,-534.2830895352315,4.227130350790662,1,0,1
-2.1655011706944975,-0.04030428241659791,458.9379731003102,-4.99922660024846,-531.6075103072628,2.6712513649346192,1,0,1
-2.20723081567742,-0.01594976291800663,456.24925909152995,-3.395558032305689,-531.2752797557602,0.9478062824324865,1,0,1
-2.2528103908280173,0.007038078699294204,455.77266305114114,-1.756574768507437,-533.3997530815243,-0.8328015840125886,1,0,1
-2.279599995832612,0.03090730708865692,457.3937074979172,-0.17113425324434955,-537.8921834233529,-2.5665670433980723,1,0,1
-2.2622660924394324,0.05659772829779257,460.8152230019918,1.2894394757753276,-544.4439240434392,-4.166634637099628,1,0,1
-2.181320779575401,0.08394271853297255,465.5991053595331,2.573884423630375,-552.5632700425261,-5.568699572072103,1,0,1
-2.0302494458064615,0.11210170808795965,471.2501905892744,3.6504813378982135,-561.6655230723801,-6.732391236934143,1,0,1
-1.818138239638131,0.13989656180515056,477.31530387295237,4.505439854072847,-571.1901778228219,-7.6402141367573675,1,0,1
-1.5664318778807456,0.16592304349496345,483.46241671490947,5.140518049035324,-580.7058222296223,-8.294535692880732,1,0,1
-1.3012097097257396,0.1885306735150479,489.51574622811466,5.569130913440626,-589.9700852559525,-8.712411267174412,1,0,1
-1.044484089814901,0.20587222577373013,495.44278647929235,5.8104439386473645,-598.9314226766043,-8.918320962663847,1,0,1
-0.8082651976259143,0.216170912611544,501.3036576322584,5.882139173487661,-607.6774211233338,-8.935857225054951,1,0,1
-0.5935799558783827,0.21817870882061072,507.1778435414944,5.793997050719208,-616.3451100103316,-8.780561521472658,1,0,1
-0.394293260682133,0.2116172301701127,513.0850166323235,5.545221119048807,-625.016296095097,-8.45671983191237,1,0,1
-0.20354383470213122,0.19733783052450776,518.9196623884654,5.127540642405444,-633.6271336700777,-7.9600625624952155,1,0,1
-0.019611653459961076,0.17705981873358212,524.4204970944097,4.533492003252223,-641.9218422930757,-7.285829257563944,1,0,1
0.15153764239964573,0.15276533343597548,529.1901610964665,3.766458266985302,-649.4711382871067,-6.4389382429689475,1,0,1
0.298034062062996,0.1260137339969063,532.7675150634404,2.8480721329862204,-655.7573761419455,-5.4419485287166935,1,0,1
0.40694642736433195,0.09749714368436031,534.7378231389639,1.820028419677675,-660.3064478545745,-4.337691176472004,1,0,1
0.4693884776100816,0.06706657212545793,534.8506662606369,0.7400224485373655,-662.828377831592,-3.1858731298491536,1,0,1
0.4831692445448539,0.03423779866892289,533.1073691491454,-0.3261464785124645,-663.3208051062937,-2.0552689610333688,1,0,1
0.45187214234314865,-0.001077697881618178,529.7843789621206,-1.313252376240888,-662.0969064105008,-1.0144080380704623,1,0,1
0.38139148096522035,-0.03802806947334432,525.3781277382711,-2.163598058334452,-659.7220217750516,-0.12348826190456066,1,0,1
0.27637246057244624,-0.07479451489562194,520.4852411176971,-2.831462855947535,-656.8750273935885,0.5712455190427136,1,0,1
0.1388341519870977,-0.10911653768492187,515.6581976033408,-3.286060640280772,-654.1798232804114,1.0412452848191607,1,0,1
-0.030388632276142857,-0.13906241584866735,511.28797333200083,-3.514601566662583,-652.0659226737803,1.2788658770557277,1,0,1
-0.22874305233379744,-0.16357931245315882,507.55418051312193,-3.5258434721243304,-650.7060209061523,1.3003692868552321,1,0,1
-0.44991108689322346,-0.18250406538176095,504.4528865039651,-3.352406850331107,-650.0449209515184,1.1471068488129503,1,0,1
-0.6842189494848867,-0.19608592737159683,501.8772167361562,-3.0488467585618593,-649.8939950063829,0.8820696061539366,1,0,1
-0.9212356808765918,-0.20440692897696522,499.70465059401107,-2.6833106451693594,-650.0397190610347,0.5798829566175641,1,0,1
-1.1526238799867343,-0.20713737352861017,497.84893442790207,-2.3235385370213804,-650.3171122377414,0.3113018440390192,1,0,1
-1.3731685114744607,-0.20380033014350687,496.26031045880956,-2.0215220045290265,-650.6258379223713,0.1268755255027713,1,0,1
-1.579467792750748,-0.19434514109078266,494.88966015265254,-1.803006637409726,-650.9013257135123,0.04628989837520976,1,0,1
-1.767696829197206,-0.17961659284342063,493.6521346660035,-1.666483964887584,-651.0761978274129,0.05816461959642538,1,0,1
-1.932539583299004,-0.16138177740277798,492.422812233127,-1.5918219388619037,-651.0668048400212,0.13027270211335917,1,0,1
-2.0683919337112115,-0.14185918160211344,491.07275328671057,-1.5538496450954085,-650.7971674187526,0.22505299997424116,1,0,1
-2.172194463241624,-0.12298234102731272,489.5241141390247,-1.5340418165892173,-650.2431219224002,0.3130547621064352,1,0,1
-2.2460770153274296,-0.10574798044015381,487.78804685508925,-1.525199816313716,-649.4632747555542,0.37884828390687064,1,0,1
-2.2980367235126664,-0.08991061493879755,485.95899734753715,-1.5283836529859627,-648.5912679852493,0.41852746346270353,1,0,1
-2.339827496897726,-0.07409966039201663,484.166154143057,-1.5454858916703302,-647.7891890612923,0.4322898487142311,1,0,1
-2.3824472902598615,-0.056282142538674404,482.5085162620099,-1.5724561409046942,-647.1865646166771,0.4173579164829221,1,0,1
-2.430648315875999,-0.03442122873042308,481.0083122956724,-1.5968333874484983,-646.8373550833026,0.3651863078211136,1,0,1
-2.4785739421387234,-0.007159265616051869,479.6058236227929,-1.6001422239885073,-646.7160510788852,0.2636465392756236,1,0,1
-2.5086934331173723,0.025654173685535398,478.1972757493002,-1.5627464972426992,-646.7532993402706,0.1016492310505555,1,0,1
-2.495361008685748,0.0627570338832399,476.69825082408005,-1.4675184056785384,-646.893225675192,-0.127745298248999,1,0,1
-2.4126042210154424,0.10167688092294469,475.1044194122256,-1.299820641167969,-647.1453043405414,-0.42842581290072984,1,0,1
-2.2437871194021426,0.13925360701298076,473.5226918991396,-1.0442059350265935,-647.6066565296439,-0.8059665470149753,1,0,1
-1.9895352784720757,0.1722314652694948,472.16058188266226,-0.6811765932523371,-648.4467824450486,-1.2721531811720523,1,0,1
-1.6704663846802674,0.19765847477497686,471.28381329075177,-0.18831473346185704,-649.8687209677393,-1.8444591464512996,1,0,1
-1.3230586876682793,0.2130146718345273,471.1679477313773,0.4518000628011464,-652.0734471902996,-2.537857741331936,1,0,1
-0.989911220130054,0.21623209203836638,472.06645691174396,1.2382619295475366,-655.2462300868268,-3.350594293139045,1,0,1
-0.7083336631810511,0.20587271252216227,474.196546363149,2.138051014539451,-659.5588868950231,-4.249386737718408,1,0,1
-0.5019891943889547,0.1816115464185586,477.72267628817434,3.0782344758280145,-665.1606425433982,-5.160976709660145,1,0,1
-0.37854671477209934,0.14490756696404503,482.7152763773117,3.9492711707309125,-672.13187675359,-5.975342602874514,1,0,1
-0.3330400883020843,0.09950422079351,489.0808701195554,4.620846903134639,-680.3991686065824,-6.5618875984437635,1,0,1
-0.35387709579381976,0.051349980226893875,496.4849295576201,4.967051709283493,-689.6391717177255,-6.795153779895145,1,0,1
-0.4276716552165567,0.007734674403643282,504.30503665741975,4.894027641591305,-699.2164236262454,-6.582983080639565,1,0,1
-0.5404596088316254,-0.02419604874751684,511.6532935899714,4.361972950820683,-708.2002084737937,-5.8889132622489795,1,0,1
-0.6754241767451674,-0.039066270462070916,517.4922823220982,3.39510532107638,-715.4875969521769,-4.74233997908965,1,0,1
-0.8095588853993405,-0.03445928456731053,520.8384648242122,2.077299460619656,-720.024984989251,-3.2340539544636613,1,0,1
-0.9125644760936211,-0.01127112210170651,521.006733327657,0.5361031100852642,-721.0760608932225,-1.4997833511926728,1,0,1
-0.9502941506562195,0.02681373236445097,517.8162758713559,-1.0786113484882436,-718.4480195175129,0.3019324719774431,1,0,1
-0.8926518990096639,0.07440468113627788,511.67372949893814,-2.6149986042040156,-712.5840423342947,2.010962446528447,1,0,1
-0.7231395604452047,0.12555593409215787,503.48827098350824,-3.9353967206576383,-704.4724162982266,3.4824773291442965,1,0,1
-0.4457513093191494,0.17460640184903725,494.44190122040806,-4.928825304577407,-695.3970021185091,4.599983433052591,1,0,1
-0.08573977214931006,0.21661592681334269,485.69881607273766,-5.521788015527415,-686.6198469979511,5.286550800328177,1,0,1
0.316375156146222,0.24755985805882688,478.1550506153796,-5.687753165086718,-679.1067991609609,5.514709638693001,1,0,1
0.7150997320899535,0.2645210030389549,472.299326383395,-5.452710758355858,-673.3754351823508,5.312349484421725,1,0,1
1.070639841745205,0.26600811301187266,468.2040292763241,-4.8924944838000215,-669.487762621651,4.760068854628753,1,0,1
1.3566003827340865,0.2523189992867344,465.6205846689381,-4.119151176288381,-667.1594769859693,3.9770028314809225,1,0,1
1.5630341044946476,0.22569331212695118,464.1292016767898,-3.2582501066412988,-665.9289645062925,3.0969519292013503,1,0,1
1.6949158797333297,0.19000691917046453,463.2891682877973,-2.4236685222088115,-665.3245246732956,2.241572152453057,1,0,1
1.7674292311090625,0.14997693251885807,462.74878466093793,-1.6977243881960589,-664.9833537880072,1.4989726279924411,1,0,1
1.8000504324221396,0.11012576210600855,462.29675922062444,-1.1218802492070723,-664.7023879834173,0.9134829852107714,1,0,0
1.8111818119503624,0.07388487443036666,461.85940015399507,-0.698837757814988,-664.4274828264956,0.4877440317528567,0,0,0
1.8143294195553352,0.04312784614712939,461.46213085064954,-0.40324277235599765,-664.2041254734205,0.1942870867939405,0,0,0
1.8161444813348027,0.018207170165527486,461.177806733419,-0.19642737194783422,-664.1170728810365,-0.0083835760281886,0,0,0
1.816357353150039,-0.0016238649922058813,461.0805238913243,-0.04048349964203908,-664.240605330243,-0.16046390509349068,0,0,0
1.8094885860488716,-0.01761587662536357,461.2156516981742,0.09185336625719173,-664.6103223041224,-0.2902455674039402,0,0,0
1.7878788442053803,-0.03095664647532459,461.5881569453781,0.21305639257639086,-665.2166061180299,-0.40995202849325096,0,0,0
1.7451058061499225,-0.04236599557137595,462.1649279573115,0.32198730651393814,-666.0128002665743,-0.517464756368156,0,0,0
1.6786772298112709,-0.051914600450362516,462.8843332913769,0.40872177623388095,-666.9291637242305,-0.6018871510355212,0,0,0
1.5912704648554268,-0.05908316745041446,463.66731832350985,0.46086775198542684,-667.8858094620466,-0.6503947048665737,0,0,0
1.4904839676688937,-0.06303838814495463,464.42732314638835,0.46934708096897565,-668.8019082683498,-0.6541286824572012,0,0,0
1.387521856236603,-0.06304295349841738,465.07927321913445,0.43213847823757306,-669.6021303901772,-0.6116893407890188,0,0,0
1.29518341505171,-0.05885196176108849,465.54934861298835,0.35530050823040255,-670.2229969837757,-0.5297782341512971,0,0,0
1.225312806830658,-0.05093045807411443,465.7864842532733,0.2515263640681155,-670.6210199297022,-0.42146457547254385,0,0,0
1.1859734717004926,-0.04040001937075033,465.77399470101403,0.13722588361240468,-670.7818921548151,-0.30316468175985845,0,0,0
1.1790590510646979,-0.02876032543725131,465.53703648054994,0.029390373902913325,-670.7272157120126,-0.1915516652361589,0,0,0
1.1993592265944955,-0.017540896904819192,465.1411620276821,-0.05679913103730314,-670.5143884595428,-0.10126916979752423,0,0,0
1.2358012254087782,-0.008037498978947611,464.68019159799263,-0.10927733705138962,-670.2274460212998,-0.0437433949398951,0,0,0
1.2746770361037676,-0.0011880124409515247,464.25659212750094,-0.11954593660007048,-669.9608105418291,-0.02687159132440229,0,0,0
1.3036672104829137,0.0024642493610542715,463.961222062539,-0.0827784192473473,-669.8013261144082,-0.055100274981032274,0,0,0
1.3150749986207018,0.002801213540317349,463.8593318360153,0.001997906330643673,-669.8145999663251,-0.12944142371593442,0,0,0
1.3071468664471269,0.00018015547071144057,463.98649984862055,0.13155974564296002,-670.0395643395761,-0.2472576865245287,0,0,0
1.2833032906421948,-0.004550623229039275,464.35388924698765,0.29826837572858267,-670.4917128970197,-0.4020126334190081,0,0,0
1.2499553004412007,-0.010152633245236586,464.9587000607998,0.49039141595847013,-671.1720226795126,-0.583389556568011,0,0,0
1.213985607103666,-0.015245108782825412,465.79397376432047,0.6932003061639648,-672.0763063919744,-0.7780906399398532,1,0,0
1.1808606057718123,-0.018637531668001372,466.85263393697954,0.8907266854035469,-673.1997925772579,-0.9713187538240959,1,0,0
1.1538529943041027,-0.019623981312314243,468.12384578496795,1.0677844115910375,-674.5345147937329,-1.1486304776390965,1,0,0
1.1342748929564124,-0.01813313200912603,469.58410575757733,1.211793037482778,-676.0613415869799,-1.2976998141252807,1,0,0
1.1222259482755135,-0.014698301493189092,471.1885951891406,1.3140554554525465,-677.7417169412277,-1.4095995470894764,1,0,0
1.1172918938029,-0.010281099456561549,472.86848891657445,1.370363830451447,-679.5145136526492,-1.4794396452431784,1,0,0
1.1188351854975593,-0.006016350735011144,474.5371759519257,1.3810247737294845,-681.300904742716,-1.5064573218538044,1,0,0
1.1258155463558666,-0.002945436383843969,476.10443022344833,1.3504911378050792,-683.016562480829,-1.4937658277672994,1,0,0
1.136320275710304,-0.0017893316657890067,477.4944438015131,1.2867268196134547,-684.5877083679145,-1.4478881984441159,1,0,0
1.1471443058755852,-0.0027998693776922325,478.66233836531427,1.200307846738235,-685.9664191319443,-1.378047824623127,1,0,0
1.1538220997535547,-0.005717037669589331,479.6042215016153,1.103220868622452,-687.1408796105125,-1.2951341850700486,1,0,0
1.1514062419333726,-0.009838896381985762,480.35754531503034,1.0074164866465138,-688.1374508549309,-1.210374807573021,1,0,0
1.1359596776462126,-0.014182699858068304,480.9911139811025,0.9233345937707782,-689.0133967781741,-1.13392833430471,1,0,0
1.10627619917949,-0.017699182779482216,481.5871842249597,0.8587041156120904,-689.8418198332112,-1.073704901621113,1,0,0
1.0650555715796202,-0.01949999615136875,482.2208038753651,0.8178497081803698,-690.6930587919281,-1.0346339838581002,1,0,0
1.0189029299830423,-0.019057113013053593,482.9426537830396,0.8015606665449695,-691.6182617283794,-1.018407902855472,1,0,0
0.9770081869168763,-0.01632880324066264,483.77052188963347,0.8074238499889134,-692.6401880857632,-1.0235937895141205,1,0,0
0.9488237185610444,-0.011772341958159415,484.69147137956924,0.8304761044152315,-693.7536114970401,-1.0460144067648003,1,0,0
0.9413203141966164,-0.006228149294318541,485.6729408833168,0.8640557672055479,-694.9340482064955,-1.0793741524519305,1,0,0
0.9565731757450493,-0.0006986387632309743,486.67794503076396,0.900754093905789,-696.1504981604991,-1.116127135867839,1,0,0
0.9905340673469283,0.00391486163122039,487.67846000150445,0.9333749670283282,-697.3768175056537,-1.1485242768295394,1,0,0
1.0336828223517784,0.0070308647516696965,488.66230635918265,0.9558230084058323,-698.5975949225789,-1.1696965168100746,1,0,0
1.0736781847030272,0.008494433617730123,489.631671653158,0.9638332706183291,-699.8071383026934,-1.174576638700114,1,0,0
1.0992898115471803,0.008565535953245274,490.5947251640176,0.9554044645154022,-701.0030911918896,-1.1604428957343316,1,0,0
1.104204187891824,0.007838890317970026,491.5545535456484,0.9307615691406227,-702.1783015602235,-1.1269154004296298,1,0,0
1.0892115774997393,0.007143210879799256,492.5008838670979,0.8917650387784988,-703.3152268964801,-1.0753954688214775,1,0,0
1.0619525230941775,0.007421811591298422,493.40885459581676,0.8409188529161042,-704.3859544727643,-1.0081703898035244,1,0,0
1.0344790780934972,0.009569115159666807,494.24551602472326,0.7803689662277407,-705.3580404543834,-0.9275720053903456,1,0,0
1.0197092173763167,0.01422059350100966,494.98055657472304,0.711346807100415,-706.2032022107918,-0.8355538639475071,1,0,0
1.0280052845430419,0.021544264417370583,495.59559541854895,0.6343173293019049,-706.9044528487138,-0.7338328892129425,1,0,0
1.0647521832599125,0.031117450583847982,496.0876485306655,0.5497154430394857,-707.4585214036889,-0.6244370993754046,1,0,0
1.1293739739484465,0.04196166956313334,496.46599602146006,0.4588178720935844,-707.8733149764823,-0.5102774880731318,0,0,0
1.2158841197131238,0.052746372102201636,496.74513972416213,0.36423361628654904,-708.1626769421684,-0.39535868696625587,0,0,0
1.3147324557208862,0.062091441326687404,496.9378984570366,0.26976307336982475,-708.341420084019,-0.2844758658250157,0,0,0
1.415378693730304,0.06885622946771974,497.05170797604325,0.17977790844827268,-708.4226725539776,-0.18256415560732647,0,0,0
1.5088282731310727,0.0723299892173074,497.08906258803376,0.0985072366454915,-708.4180017772114,-0.09403741743039973,0,0,0
1.5894162441161939,0.0723036504087105,497.05119075868225,0.029531687015435182,-708.3395413424269,-0.02235526602665914,0,0,0
1.6553934913603712,0.06904956699866602,496.9431467584215,-0.024481034319512672,-708.2027991126336,0.03018942803447544,0,0,0
1.7082715120535141,0.06324065629354862,496.77833565920577,-0.06195248141781349,-708.0288437668651,0.06262496091081857,0,0,0
1.7513051767161159,0.055822255180329704,496.58066778500387,-0.08260395068650724,-707.8448270230178,0.07550051151910112,0,0,0
1.7877886873470175,0.04784118318021058,496.38296540081984,-0.0876538664055829,-707.6820740639555,0.07105250087929563,0,0,0
1.8198696439351068,0.04025039856882558,496.22118567826493,-0.07982600500599801,-707.5714206961376,0.05313895596104885,0,0,0
1.84829068264861,0.03372913068682663,496.125614909984,-0.0630266984471632,-707.5364273330603,0.02679877349880826,0,0,0
1.8729550075241832,0.02856611098615076,496.11185895017155,-0.04173648574512754,-707.586414968828,-0.0025014023328822077,0,0,0
1.8937905255324097,0.0246420995772894,496.1751693119874,-0.020361455662123263,-707.7121475451846,-0.029656412473900672,0,0,0
1.9113322588193284,0.021521571749789813,496.2908025379738,-0.0028139622272874477,-707.8866122176009,-0.050435236571752286,0,0,0
1.9267075509844602,0.01862555125322558,496.4209237742106,0.0076177284421646615,-708.0715536074388,-0.06161708081026518,0,0,0
1.9410546012218788,0.015418942355026388,496.52578190097023,0.008319600183392594,-708.2278131359624,-0.06095161302149563,0,0,0
1.9546925078264081,0.011534468027016942,496.57472110258453,-0.002400620873720527,-708.3254078916041,-0.04726281395387559,0,0,0
1.966520894214014,0.006795044455834898,496.552528162731,-0.024790585776065653,-708.3491793887354,-0.020844497695577502,0,0,0
1.9740441998792733,0.001164350181602458,496.4591426852415,-0.05707288748080828,-708.2982448720581,0.016022280331878847,0,0,0
1.9740590674853706,-0.005306249442735123,496.30438168009886,-0.09519449563040325,-708.1809368263525,0.05882237882830168,0,0,0
1.9636353629187795,-0.01248332959726639,496.1016087012468,-0.13322357046604338,-708.009055472599,0.10118882766806792,0,0,0
1.9409054520825322,-0.020105759301657145,495.8639530924109,-0.1644204248224696,-707.7948599457837,0.1359765837036889,0,0,0
1.9054340273484343,-0.027728888319344946,495.60444043717933,-0.18264473160016906,-707.5519247418658,0.1566959515899839,0,0,0
1.8582697643919772,-0.03472242592939665,495.33885758166974,-0.1835593669203149,-707.2983884293179,0.1587479519300473,0,0,0
1.8018742550117963,-0.04036810999731984,495.0886880695502,-0.16521294593145514,-707.0596653307581,0.1400226707705201,0,0,0
1.7399970082053073,-0.044042274427198436,494.88157765274553,-0.12794905100752202,-706.8680472989255,0.10080421237702239,0,0,0
1.6774036246329587,-0.04540255073347481,494.74827378658284,-0.07393246895087487,-706.7584483757042,0.043290658598186836,0,0,0
1.6192966349200475,-0.04448389910462112,494.71693449352784,-0.006671618599580142,-706.7616998694349,-0.028863710775010532,0,0,0
1.570363099906075,-0.04166070116205702,494.80701322592694,0.06926082393370052,-706.898018164353,-0.11077214412216563,0,0,0
1.5336363232133863,-0.037505358987507974,495.02489117002364,0.14837395017717653,-707.1728947025823,-0.19640455105421778,0,0,0
1.5096098555840314,-0.03262097300892748,495.36228401173804,0.22450015835195244,-707.5761488866171,-0.2788408378966551,0,0,0
1.496066461036321,-0.02752580678049128,495.7972369064151,0.29133804570795974,-708.0834970535338,-0.35094513197428795,0,0,0
1.488827015727864,-0.022621551778006222,496.29704867651634,0.34332426712196595,-708.6596461830875,-0.406462666180812,0,0,0
1.4832161745168975,-0.01821307318080443,496.8225970834415,0.37663199943643805,-709.2624339398601,-0.44123337826257514,0,0,0
1.4756645249225215,-0.014515440254653811,497.3336896530697,0.3899387483156261,-709.8480737097246,-0.4540504947724912,0,0,0
1.4647389404003945,-0.011613112298083195,497.79495810982513,0.3846269116771282,-710.3774986186684,-0.44678041488167536,0,0,0
1.4511881068528965,-0.009395939283209032,498.1815164578025,0.36428786157082416,-710.8230750375124,-0.4236614228472149,0,0,0
1.4371659031120032,-0.007531214508732375,498.4832544878922,0.3336864765643327,-711.1740336520606,-0.390046853429476,0,0,0
1.4252086973595368,-0.005515931961554088,498.7064007090832,0.2975515557356857,-711.4385231120779,-0.35106658192146367,0,0,0
1.4175052002325543,-0.002805173783414716,498.8711602867949,0.2595914056590459,-711.6406988513991,-0.3106491360898985,0,0,0
1.415650462751941,0.001035945123835802,499.0051626274463,0.22200338821733112,-711.8127631150893,-0.2711237995439433,0,0,0
1.4207543159489973,0.006223731952378841,499.1341016720584,0.18554784366573357,-711.9839655878286,-0.23337709477031013,0,0,0
1.4336676961123231,0.012722191291450713,499.2725642338732,0.15009285707465098,-712.1703120023021,-0.19741003992087372,0,0,0
1.4551644366827503,0.02026070821280541,499.41851114003197,0.11542948576303616,-712.3689253007591,-0.1631087305931942,0,0,0
1.4860239761608796,0.028362765631165132,499.553723535243,0.08207118059964387,-712.5593117051641,-0.13099590519866525,0,0,0
1.526976259924183,0.036383024867900814,499.65043654648247,0.05169912221352888,-712.7112695663715,-0.10267168233203847,0,0,0
1.5784100197674036,0.04359189443732418,499.682445028549,0.026988463102600235,-712.7971754367211,-0.08069146200290334,0,0,0
1.6397729852400573,0.04933235836444396,499.6375493455226,0.010800594262775576,-712.8051209579926,-0.0678351067939957,0,0,0
1.7088363536711881,0.05320763230123902,499.52711251507964,0.005050744013863096,-712.7484821640645,-0.06601256622566325,0,0,0
1.7813354489115625,0.05520557588828723,499.3881515089302,0.00976305336880614,-712.6674156747195,-0.07527049280123492,0,0,0
1.851569407125183,0.055680995089048224,499.2750472584723,0.02278514659620896,-712.6196777351183,-0.0933916214296687,0,0,0
1.9140778995934369,0.05519444417109298,499.2421076146862,0.04037510339754817,-712.6623166557686,-0.11637733412412672,0,0,0
1.9657440191247133,0.05429265030825832,499.3230716740118,0.058518957889668856,-712.8304376645588,-0.13975075289984035,0,0,0
2.0072201955656226,0.05335025385601568,499.51614167372,0.07454424478850115,-713.1216302287714,-0.16028602198989575,0,0,0
2.042833927051362,0.052548124674167696,499.7815750012051,0.08848941213548187,-713.4932279194608,-0.17760741003522754,0,0,0
2.0789207016351128,0.051969222520101256,500.05418758045795,0.10378422548466233,-713.8750429076127,-0.19512920566669437,0,0,0
2.1213365228499867,0.05171573578224411,500.2676346074457,0.12698412738654952,-714.1946829657195,-0.21994864432513167,0,0,0
2.173275523800214,0.05194694580005006,500.3829917934076,0.1664628334429949,-714.4079811778915,-0.2614894793847043,0,0,0
2.234317600412865,0.052805573755996704,500.41200663643446,0.23011374054347017,-714.5245562644168,-0.3289307556059725,0,0,0
2.301027674112575,0.05428344779755463,500.42599376377683,0.32237141853830736,-714.6187077313864,-0.4278149064393119,0,0,0
2.368726764947624,0.056113255597861664,500.5448885323378,0.441295671641717,-714.8191641783696,-0.5567160847028276,0,0,0
2.4335473575939375,0.05774893061777675,500.9067359491161,0.5768715997598861,-715.2772114496156,-0.7052565872065998,0,0,0
2.4937997566846803,0.0584471273717682,501.62420907944653,0.7116790987053605,-716.1197452206185,-0.8547047974123757,1,0,0
2.550054673541169,0.05742479004918977,502.7398558591031,0.82439010476578,-717.3997792931646,-0.9816171149277807,1,0,0
2.6039664830299785,0.05404948874945177,504.1945317176223,0.8953347782321316,-719.060388766489,-1.0637127334197771,1,0,0
2.6564100078128803,0.04800423732949781,505.8229035780568,0.9122847344841147,-720.9276087796787,-1.0860607606586314,1,0,0
2.705807796567669,0.0393603016310351,507.3844255944993,0.8743150281013186,-722.7417309398433,-1.0453807137234663,1,0,0
2.747523424292112,0.028515454679946116,508.6268928410654,0.7923226220714354,-724.2241523271693,-0.9509807789941191,1,0,0
2.7748124879073828,0.016014969435371996,509.36535441875577,0.6860665428560537,-725.1616835986146,-0.8221413441414824,1,0,0
2.781070047407553,0.0023355777873661056,509.548841108618,0.5787432739044334,-725.4793153379727,-0.6828806203876752,1,0,0
2.762329781257975,-0.012259598729148991,509.28803881335097,0.49062564421385557,-725.2729713156043,-0.5555384184385275,1,0,0
2.7187019043933986,-0.027714550144300177,508.8299621698305,0.4331707369197829,-724.7870192395568,-0.4545258921108939,1,0,0
2.6539494510384003,-0.04402244478614108,508.48487450800707,0.40468974916378786,-724.3411586620333,-0.3813789184167149,1,0,0
2.57341045141483,-0.06101899297364923,508.52728859814744,0.3886909185669822,-724.2285854970413,-0.3223858995981573,1,0,0
2.4813704957384886,-0.07828914889314262,509.10078815976084,0.3563456504485373,-724.6157729508743,-0.2504528523726549,1,0,0
2.3792645063698785,-0.09530323742694265,510.15461094725464,0.27438962073281914,-725.4728677007877,-0.1327039171085403,1,0,0
2.265583348706258,-0.11175753564990032,511.4313230861372,0.11814862505866586,-726.5555201240104,0.05638792223281826,1,0,0
2.1373334945556195,-0.12795358804866624,512.5138020267352,-0.11386370908154504,-727.4480113231509,0.3199089008573878,0,0,0
1.9919209989759565,-0.14500721277220946,512.9288109232411,-0.390797644472309,-727.6662121223411,0.6286278405038729,0,0,0
1.8280376731381267,-0.16474775033637315,512.2927373159462,-0.6539766869779896,-726.8063545090581,0.9247930957622771,0,0,0
1.6447544247589718,-0.18929268418633285,510.4695250639376,-0.839976786525358,-724.7090920932761,1.144756704595102,0,0,0
1.4391660239067363,-0.22039343789538748,507.69132507901503,-0.9191779887904318,-721.5879302309829,1.2574659343280472,0,0,0
1.2038773233163056,-0.25870855720483094,504.576898063284,-0.9366308346449614,-718.0548802569946,1.3056657173739723,0,0,0
0.9259329480510985,-0.30317550873672305,501.98752172836754,-1.0349138613063302,-714.9806545394185,1.4293778045361365,0,0,0
0.5884436538751601,-0.3506518454491115,500.70102029450726,-1.439459241950209,-713.1682059049233,1.8519625530182793,0,0,0
0.17533012741600373,-0.39599690078559746,500.9628310593503,-2.398164641009413,-712.8982083575072,2.8204037740895047,0,0,0
-0.32150222334205125,-0.43273019158605874,502.06501473968757,-4.087239658552346,-713.4988629502707,4.511617531951776,1,0,1
-0.8944215928116108,-0.45425977823831404,502.1646634136719,-6.5173857983168775,-713.1542332777896,6.938773758108619,1,0,1
-1.5145974555151582,-0.45541153000533396,498.53421850373905,-9.486777686357915,-709.1465865921583,9.904023668149375,1,0,1
-2.131931334717848,-0.4337449660328147,488.31109090585204,-12.615634504387248,-698.6023167681631,13.032410404389953,1,0,1
-2.682547491101616,-0.39013395510925336,469.59712847841416,-15.45655905348641,-679.5929167737584,15.881246024128586,1,0,1
-3.103431758476404,-0.32841543361344494,442.51746709584626,-17.62680547294359,-652.2001926498967,18.07134988102332,1,0,1
-3.3502379767370343,-0.25438165333428914,409.70912119970484,-18.893754145957246,-619.0146435755008,19.371702826440107,1,0,1
-3.4115167122770487,-0.17466412484326668,375.83117668449506,-19.180683175350822,-584.656550495519,19.70479013258416,1,0,1
-3.3128958972173734,-0.0959326230812934,346.13542975964316,-18.51638737034499,-554.3557456636374,19.096210373754626,1,0,1
-3.1088242087184454,-0.024442945402647354,324.6947763299144,-16.98328333844716,-532.184709547274,17.623114757052804,1,0,1
-2.8653187566849425,0.03435159863343529,313.1274732801151,-14.706035576027642,-519.7818346858696,15.403439597512214,1,0,1
-2.6410628412442776,0.07639852397755646,310.3578316601637,-11.881455310033527,-516.1063319519479,12.626640819261661,1,0,1
-2.4739236863280922,0.09979901774697311,313.37034480028916,-8.81024752464973,-518.184482854612,9.586418730672914,1,0,1
-2.3763607887443214,0.10529734019721673,318.47825752138044,-5.881167176925959,-522.371169197635,6.665790713042941,1,0,1
-2.339031504767263,0.0960429687162403,322.53677271813774,-3.490608925000487,-525.5585207986362,4.25726302800166,1,0,1
-2.3394465187008393,0.07654962580410966,323.702913995511,-1.9335920248188985,-525.9337844572801,2.6538829339424184,1,0,1
-2.352247799267303,0.05132761112245845,321.60664595320753,-1.3290003699695432,-523.1504562687717,1.9741002104919858,1,0,1
-2.3585433103048814,0.023922328952812676,317.0195049152355,-1.6179445601593216,-517.9986433650896,2.159639102077881,1,0,1
-2.3524662100549705,-0.0031828479599710136,311.2293405096383,-2.623889641041484,-511.78311538362084,3.035444091363286,1,0,1
-2.343327950677349,-0.027940095748888893,305.35885608172543,-4.130306182579955,-505.6458802078498,4.387673227944049,1,0,1
-2.352042645460358,-0.048002306717506826,299.8374695804197,-5.93459510454407,-500.04083258094977,6.018306242890185,1,0,1
-2.401839551716151,-0.060523850831538085,294.1783860585705,-7.863882408393659,-494.5099409311691,7.761458588444742,1,0,1
-2.5057521659278024,-0.06271936153305972,287.1314483898743,-9.766047765372946,-487.8300419409792,9.474266447429425,1,0,1
-2.6557617462332104,-0.05281981234359421,277.1751956955809,-11.500045205581278,-478.49443691819454,11.026247000867363,1,0,1
-2.8190545719423312,-0.030747134768661512,263.19082167269704,-12.939164543218846,-465.37545836973436,12.301068336091395,1,0,1
-2.94468502701622,0.001953223881544375,245.0640899115744,-13.982056893118019,-448.3191985728327,13.20609005973364,1,0,1
-2.9794414145979005,0.0427949286238416,223.94616829947807,-14.55785945071212,-428.4077917944774,13.676499609770678,1,0,1
-2.8867414337408235,0.08907597958024241,202.0190528594227,-14.620101198287514,-407.736173356416,13.668929903754208,1,0,1
-2.6599375577415856,0.1381410389610025,181.83769507744984,-14.138227445096984,-388.7724320227069,13.15323393725419,1,0,1
-2.323795711861905,0.18714412558599774,165.53828715054524,-13.100642008457992,-373.5849796105134,12.115921502978875,1,0,1
-1.924093359221942,0.23272402425101008,154.25887507329847,-11.534580155683406,-363.275836483243,10.58024530346999,1,0,1
-1.5110797559137268,0.2711045646169993,147.97737407569534,-9.53275803871027,-357.82064189362706,8.632875619000242,1,0,1
-1.1243417763177774,0.29883561335766584,145.74917393890448,-7.266092123120598,-356.2977025684373,6.436766384893628,1,0,1
-0.7843204903732328,0.313897142482611,146.16877561100097,-4.965056560864963,-357.3352218884058,4.2131453458855335,1,0,1
-0.4918143294322306,0.3165432579211142,147.84502011586298,-2.869811731660653,-359.57300533503445,2.1928709616357596,1,0,1
-0.2336393808462276,0.30935130729047133,149.7365095244717,-1.1694554922463625,-361.9904423828303,0.5572346029387234,1,0,1
0.008914718978758174,0.29641639615347515,151.2852470682721,0.042080322282259885,-364.04012794554114,-0.6047955617643822,1,0,1
0.25222999108528654,0.28211498043961997,152.36848725077306,0.776635338438831,-365.60471989756064,-1.3065319397028987,1,0,1
0.5054950214695566,0.27000586450264025,153.1395777608433,1.1303567657041498,-366.8437224063493,-1.642353875278951,1,0,1
0.7697173610428081,0.26222541257238274,153.84373222808162,1.244142282273728,-368.0126335811262,-1.7490990311955101,1,0,1
1.0400706023128095,0.25939317627247077,154.67967829612107,1.2619742940436793,-369.3237921008868,-1.7655577897249657,1,0,1
1.3100700484824728,0.26079519099705806,155.74372746008365,1.2981670729402794,-370.88596129065604,-1.800576237194599,1,0,1
1.575716868708625,0.2645589742005498,157.05274159594597,1.4182488187797646,-372.7212413212268,-1.914211363882322,1,0,1
1.8379336353505948,0.2676748265863068,158.61019843373825,1.633956908639351,-374.8262122003609,-2.1125191730972745,1,0,1
2.1021174332924772,0.26595093664250413,160.46476305629977,1.9109679006773859,-377.2285832322841,-2.355020116093402,1,0,1
2.374312529124353,0.2541552421064523,162.7181802538745,2.1870974785038273,-379.9962047547763,-2.5730823703858734,1,0,1
2.6545044609842563,0.22658573211885483,165.46773525606974,2.397478616554744,-383.18224158436436,-2.696031147704474,1,0,1
2.928978256948355,0.1781341521465535,168.70805633716657,2.501427258125389,-386.7299116285334,-2.6795925507527896,1,0,1
3.165004387894598,0.10566489202771834,172.24925676761717,2.504051372175411,-390.3939235672833,-2.52921488698085,1,0,1
3.311269782107331,0.009338600046368129,175.7147070131199,2.465342171725214,-393.7434572849849,-2.3102821395833986,1,0,1
3.3059279235013577,-0.10654193145095121,178.6544644616685,2.491632172926535,-396.28410357793155,-2.139517958230556,1,0,1
3.091411569948008,-0.23347708381899537,180.75800004133754,2.7091920449786757,-397.68188679818394,-2.1572207565688246,1,0,1
2.6323657889858083,-0.3596164314004895,182.09325531770008,3.226161215615136,-398.0133901910353,-2.48693233748516,1,0,1
1.9313196358142761,-0.47140048572255183,183.2636201509904,4.09446932950446,-397.92903359619487,-3.1949237308747342,1,0,1
1.0366981187829651,-0.5556924940260586,185.38108478556512,5.28516170692364,-398.62376281458967,-4.263569612935413,1,0,1
0.0395416909343993,-0.6019281588514517,189.81010070366125,6.686906308396374,-401.5684123204645,-5.588687235032438,1,0,1
-0.9416598530206386,-0.6037766498873693,197.7293474122211,8.128881060426261,-408.05156495921597,-7.001964804268414,1,0,1
-1.7850266002771633,-0.5599802100493292,209.65274963221117,9.419025868561755,-418.67914893728073,-8.30922905628135,1,0,1
-2.3919205523659883,-0.474333024776233,225.10087383685357,10.382457327004659,-433.02961969663744,-9.329183502165545,1,0,1
-2.7080118064071854,-0.35498562061340805,242.58377009708363,10.887247500011995,-449.6303296353093,-9.919816523771141,1,0,1
-2.731838575372336,-0.21331994494812961,259.9432750659311,10.854450038133354,-466.3037516206157,-9.989474578070622,1,0,1
-2.5083905305452845,-0.06256917106182272,274.9482587269551,10.258872723808071,-480.77417736099744,-9.499183825813896,1,0,1
-2.1109644587765217,0.0837515572567142,285.91782858774667,9.129493392588785,-491.30522521269074,-8.465013303398587,1,0,1
-1.6185365703198045,0.21357169962754624,292.13609515111034,7.5527810932054305,-497.1271988339063,-6.963375127692712,1,0,1
-1.096501330698331,0.3179881270238127,293.92558516689866,5.673946240620841,-498.5185085952959,-5.133763190779422,1,0,1
-0.5861500196838278,0.39258250777401005,292.39882794174196,3.6869944113397706,-496.5602505786035,-3.1693813601210423,1,0,1
-0.10414428045349666,0.4378131406067382,289.02428133810895,1.807723509778225,-492.70169799320183,-1.289698898129427,1,0,1
0.3506903959982992,0.4581676967257337,285.1805605642655,0.23283156961571763,-488.31290021420784,0.30164265079897634,1,0,1
0.7879607178721386,0.4602354716456688,281.840336243062,-0.902531158358164,-484.36725160443166,1.4607677318074024,1,0,1
1.2178132713329148,0.4503218515554934,279.45371421048134,-1.5533329588248024,-481.3241432365197,2.1334708754683107,1,0,1
1.646292830695046,0.4324368278438442,278.02051016371337,-1.7690464591768944,-479.20074060190996,2.360575017073569,1,0,1
2.0732864367120527,0.4073629179931103,277.27657442311227,-1.6733293965929419,-477.7577508530077,2.2583432427849686,1,0,1
2.491390257680166,0.3731054181255999,276.89251700416503,-1.4271267730328874,-476.6975478946167,1.9823674835875464,1,0,1
2.8846819452351298,0.3264982844137677,276.6027655628623,-1.1873952481724814,-475.79249007922317,1.687303426480662,1,0,1
3.227866947740111,0.2652898802319896,276.2351205751297,-1.0731836920968418,-474.9127584245602,1.4939792300871375,1,0,1
3.4874791602472754,0.18986152416626112,275.66553397581254,-1.147269710269694,-473.9768181507538,1.4715246465438896,1,0,1
3.6269099008025023,0.10392487129185782,274.7530136077801,-1.416153714313333,-472.87802315732637,1.6367438778604708,1,0,1
3.615673240135976,0.014015899791606046,273.30660808254066,-1.845155914757953,-471.4398659494012,1.9672880779310902,1,0,1
3.440859520192035,-0.07187931344549839,271.10849932209356,-2.3806282113686565,-469.4274593035603,2.421067256263393,1,0,1
3.116428512995526,-0.14592898115147507,267.9810171077844,-2.969917975162639,-466.6088967710808,2.9534587146637534,1,0,1
2.685541543613624,-0.20170345654987046,263.85897302058004,-3.572218730434872,-462.83330182330525,3.5264217476448723,1,0,1
2.213445434628113,-0.2348209845926263,258.82501527553273,-4.158421551733386,-458.0848700736968,4.108153127861828,1,0,1
1.7725971232251823,-0.24313535960984609,253.08623489047847,-4.703227067446159,-452.4868753319828,4.666356086856257,1,0,1
1.4253921337203792,-0.2267810735172006,246.90358581123593,-5.17592183125584,-446.25790293258564,5.160816521835488,1,0,1
1.2108323822414064,-0.18825388506402305,240.512933270781,-5.536088518734272,-439.6485409481115,5.540817420101479,1,0,1
1.1392693143210124,-0.13241482617274442,234.08131845847868,-5.73733624348871,-432.8952868721355,5.750153707840758,1,0,1
1.1955563047040414,-0.0661363725656173,227.7207429333185,-5.737651773093177,-426.2144622887638,5.738519826955502,1,0,1
1.3478625049639703,0.0025763497714493154,221.54738976998226,-5.51153787773153,-419.83170073104634,5.474795200393833,1,0,1
1.5583206695518044,0.06584044407902354,215.74761413475085,-5.058425090679663,-414.0192851025455,4.95682293508857,1,0,1
1.7922802512680818,0.1171113266871231,210.6076546728973,-4.404099379846298,-409.10735969267324,4.214058691827501,1,0,1
2.024177817957451,0.15193601984534552,206.48245528964827,-3.595606531384982,-405.44810355375023,3.30287218898456,1,0,1
2.2392089323426063,0.16806860224095743,203.70963649821744,-2.692956112303051,-403.33691806975844,2.2972750887638766,1,0,1
2.4310015640154177,0.16509130331870522,202.50198398368184,-1.7613334186023963,-402.9186459810971,1.2787705864479277,1,0,1
2.59650540059161,0.14386057782061812,202.86259201277295,-0.865671468590034,-404.11731601431063,0.32777389256581274,1,0,1
2.7301925806948617,0.10606357005866869,204.55686795693117,-0.06707443176967445,-406.6198190582659,-0.4829967174468891,1,0,1
2.8199553367305867,0.05401666530362235,207.15175733544817,0.5805408652602694,-409.92253598449673,-1.0940063207792092,1,0,1
2.8464693378910937,-0.009314221009475432,210.10740874729453,1.0345831631103408,-413.4267564242845,-1.4638788122320023,1,0,1
2.7864682831701515,-0.08018652548185515,212.89067508408192,1.2681459460794031,-416.5539618053882,-1.5733204044373508,1,0,1
2.6189563701384913,-0.15400154342931102,215.0768698170541,1.2730079892780508,-418.8492522770144,-1.426674493747339,1,0,1
2.3324469043043052,-0.22541873620135106,216.4130633255,1.0601133152077409,-420.04742290046534,-1.0503108494192361,1,0,1
1.9310356078626967,-0.28874468678038456,216.82828692075168,0.6577530371954083,-420.08689167607025,-0.4884865548254993,1,0,1
1.437343677524055,-0.33856150702060434,216.39109595901147,0.10859803648804131,-419.07012211413195,0.20173313512272556,1,0,1
0.8909861297223074,-0.3704464064125673,215.23206387646235,-0.5337071957326259,-417.1853909185705,0.9554092855983128,1,0,1
0.3423180385780995,-0.3815976460272722,213.46372516485036,-1.2088901684175881,-414.620424508503,1.704848331352298,1,0,1
-0.1572542871089837,-0.37124242556368187,211.13439832888525,-1.8563433115383874,-411.50468460652087,2.386018189139378,1,0,1
-0.5656597334754565,-0.34079375572903386,208.23773770032858,-2.4232976267951924,-407.9052046332695,2.946493933999119,1,0,1
-0.8579947262345797,-0.2937647019531269,204.77033678996827,-2.8727357350836087,-403.8726635683014,3.3530780709751467,1,0,1
-1.0295081771025707,-0.23543232524050522,200.80177339990604,-3.1875422268054647,-399.50547849186523,3.595666286091091,1,0,1
-1.0934678854983275,-0.17222852492522805,196.51343670167023,-3.36835455893509,-394.9890703856206,3.6846377122490592,1,0,1
-1.0754906529860335,-0.11087304619398708,192.18008705754806,-3.4258842159136575,-390.58248356047415,3.6422658264118866,1,0,1
-1.0066114116685725,-0.057361189545659386,188.1009295699156,-3.3719978886501623,-386.5561109663188,3.4923443326563017,1,0,1
-0.9169795748809975,-0.016029442418550845,184.51567369095682,-3.2147283782349176,-383.11345925322104,3.253438647808508,1,0,1
-0.831299119529973,0.01103866713329893,181.54851828711145,-2.9596023705807624,-380.3390137960799,2.938641310445348,1,0,1
-0.7664124233617713,0.024100788061244317,179.20488300571378,-2.6152209514193885,-378.1977662443841,2.560238158910761,1,0,1
-0.7308661825655776,0.02536539756101632,177.41441944238363,-2.198270932606164,-376.58124127995785,2.1346634806760845,1,0,1
-0.7259541576609649,0.018308979447638762,176.0904539179794,-1.7339704025304343,-375.3708181551844,1.6836155445617522,1,0,1
-0.7476080549015904,0.006917507166234316,175.17431308416064,-1.2515052952527583,-374.4862504638479,1.2305580890728833,1,0,1
-0.7885002964901275,-0.004999325632569196,174.64956388571215,-0.7776347418434171,-373.9030969027576,0.7954544686313397,1,0,0
-0.8398139098881643,-0.01435012032804508,174.5307273756086,-0.3327736152938314,-373.64243557885976,0.3918438837924157,0,0,0
-0.8924008585096459,-0.019126626185659745,174.84038303224372,0.06825621413142927,-373.7463281148566,0.028396356401430012,0,0,0
-0.9374363400062293,-0.01856550847198548,175.585876617388,0.4123358595187767,-374.25053007558995,-0.2865716250988669,0,0,0
-0.9669728312066894,-0.013086866017728483,176.73932627252265,0.6849582795010463,-375.15891456690764,-0.54156945490883,0,0,0
-0.9748003228104238,-0.004016838237106413,178.22078213417313,0.871064392528001,-376.4205749581557,-0.722580515460362,0,0,0
-0.9576786852183687,0.00684248152618352,179.88744514702807,0.9596452630623162,-377.9138026803698,-0.8177807789794713,0,0,0
-0.9165212672854324,0.017676519067181574,181.5377780375714,0.9489181986849815,-379.4469575309465,-0.8231208127243008,0,0,0
-0.8568228178382498,0.027025338011702614,182.94003671298987,0.848422644861148,-380.7865127042727,-0.7450144106811365,0,0,0
-0.7877764372726546,0.03397347659038985,183.88495700944065,0.6765476701723856,-381.71205561845153,-0.5984956994450613,0,0,0
-0.7200754812282923,0.038159030457977396,184.24601651633532,0.45499253118628075,-382.08090469255234,-0.4022075108693059,0,0,0
-0.6630487192163486,0.039663800124576196,184.0199093624584,0.20345876562439572,-381.87364370610277,-0.1734328577719225,0,0,0
-0.6221474783926197,0.03887300783688232,183.3246094808552,-0.06254067750556942,-381.196472221668,0.07396858151743686,0,0,0
-0.5977015741023308,0.03637171267483552,182.35135331911187,-0.33011996060653814,-380.23548707004056,0.3280567933584223,0,0,0
-0.5853825266269155,0.03288764967852984,181.28925158438545,-0.5856164582141673,-379.1809896756007,0.5755845726310668,0,0,0
-0.5781623215646619,0.029236039178049112,180.2553697904171,-0.8123610051487731,-378.15490353587495,0.7999576472915635,0,0,0
-0.5689486068495455,0.0262172758021336,179.26203837197238,-0.9916887756784319,-377.17411686519546,0.9823279280420707,0,0,0
-0.5528041405370772,0.0244709205572363,178.23657843150602,-1.1071033949813511,-376.1663895973623,1.1056840449445986,0,0,0
-0.5279463210529514,0.024349757332365128,177.0838721308482,-1.1495249768415021,-375.030666977962,1.1599658245475837,0,0,0
-0.49541604549216345,0.025883722206894787,175.76134695795292,-1.1206968253414231,-373.7124791455359,1.1454668210643775,0,0,0
-0.45790272320695635,0.028842494042154953,174.329128759551,-1.0325368752732629,-372.25762541213163,1.072431395283695,0,0,0
-0.4183395136439856,0.032829619310960824,172.9488754126449,-0.9023543109241245,-370.8168032566568,0.956689860679478,0,0,0
-0.37864990506896845,0.03732455277587547,171.82935971244018,-0.7462938746683335,-369.59681397619215,0.8134538051568712,0,0,0
-0.33886435203338294,0.041658031019933615,171.14438506569763,-0.5744933972127001,-368.7808188593968,0.652533815137781,0,0,0
-0.29695758620536594,0.044998861306089565,170.96388283165282,-0.3904430184481157,-368.45667572276375,0.4774415434764592,0,0,0
-0.24986612845505363,0.04644880398156914,171.23182668117585,-0.19454435232733544,-368.58800492908017,0.28857525856890903,0,0,0
-0.19570307909079077,0.04525901415828457,171.79909962528905,0.01064873229696559,-369.03957881362675,0.08825627512179039,0,0,0
-0.136223830337741,0.041067751682024325,172.49164445937902,0.21707992744368312,-369.6410514459845,-0.11580020746471291,0,0,0
-0.0779577079920557,0.03401182866591483,173.17944194636704,0.4121028283675173,-370.25625154319744,-0.3110608441474085,0,0,0
-0.030928005676472026,0.024631304113393072,173.81590343467957,0.5831701738013806,-370.8267265598468,-0.4846176813386819,0,0,0
-0.005312581624110635,0.013633193727334004,174.43561608252065,0.7232205143213036,-371.3750626609137,-0.62867722224712,0,0,0
-0.007661996823742356,0.0016921927172148798,175.11967468708173,0.8332328763820442,-371.9748053313039,-0.7435468856749197,0,0,0
-0.03853161840982011,-0.010565704941053865,175.95038799611535,0.9203605091269254,-372.70742241766624,-0.8362380666583362,0,0,0
-0.09255131089945223,-0.022414929583365505,176.97608680371144,0.9928641236283227,-373.6269956727836,-0.9155701101300338,0,0,0
-0.1606256489320259,-0.03288800481777088,178.19608797486586,1.0548354839755518,-374.74344794523495,-0.9866348903226481,0,0,0
-0.23294420128290483,-0.04081740974637711,179.5641554449963,1.1035168783620861,-376.02347378582937,-1.0475731509347839,0,0,0
-0.3013601285013294,-0.045108229307977865,181.0027047165583,1.1302880532912467,-377.4019594802101,-1.0900330531470785,0,0,0
-0.36037312617139605,-0.04512914792725127,182.42028569566224,1.1243206191656214,-378.7967525472848,-1.1025684361291952,0,0,0
-0.4068377561697645,-0.04102525026179933,183.72779678612255,1.0766906917000996,-380.1226004464239,-1.0748468896224608,0,0,0
-0.4391021031402431,-0.03378453262259455,184.85107221830043,0.9829359577428874,-381.30245806919464,-1.000544672920256,0,0,0
-0.4563948747038893,-0.025008623023286703,185.73849661543312,0.8433512041093933,-382.2753931923845,-0.8780310021930517,0,0,0
-0.45895347609625503,-0.016478155038844023,186.36288087873794,0.6618487679233965,-383.00048969259586,-0.7095277475526587,0,0,0
-0.4487841210278134,-0.00968831646409285,186.71729491311635,0.44495207241669166,-383.45589131389085,-0.5002898265768578,0,0,0
-0.4303966371253978,-0.005524810077405106,186.8054463811403,0.20193537829949265,-383.63244240198617,-0.2588836234585415,0,0,0
-0.41071187916489293,-0.004169742089078454,186.6296000159598,-0.05425534452923557,-383.52375796716547,0.0017430963894753404,0,0,0
-0.39772575167134505,-0.00522023600706234,186.18264312423025,-0.3067062620990043,-383.11875126135595,0.2638281149898319,0,0,0
-0.3982432931422579,-0.007925757535501532,185.45222544072521,-0.5360991012198781,-382.4048577459787,0.5063311738916354,0,0,0
-0.4156212269454471,-0.011429138198717225,184.43963947865717,-0.7241261863564035,-381.38558878187024,0.7085334507283676,0,0,0
-0.448535177060549,-0.014924858276702934,183.1852433408302,-0.8573951420742674,-380.10516948252916,0.8543618112613103,0,0,0
-0.4913044632108665,-0.017712923986144345,181.7840095973104,-0.9299571752267013,-378.6641769192963,0.9354673880578332,0,0,0
-0.5356524500589046,-0.019201630015797378,180.37750560323434,-0.9432584166540778,-377.21208145346816,0.9516507258239472,0,0,0
-0.5732448580834273,-0.018945636228245633,179.1216190151739,-0.9037469826252504,-375.9151551853122,0.9086762609383812,0,0,0
-0.5980327037948427,-0.01675975970445478,178.14334349237367,-0.8196844656550809,-374.91227320127774,0.8149910118321089,0,0,0
-0.6075258769868412,-0.012857324237455715,177.5058746288733,-0.6989942913702578,-374.27776852140784,0.6793250915239923,0,0,0
-0.6027281793228667,-0.00790671792353521,177.19701584941902,-0.5489913182227439,-374.007250708926,0.5102126524718813,0,0,0
-0.5871821139538014,-0.0029255232154028477,177.14517329797775,-0.37737364860220735,-374.03198865197214,0.3168972635036084,0,0,0
-0.5658408901868057,0.000985462563397732,177.2553807841744,-0.193105617134853,-374.2549476276576,0.11017601091219262,0,0,0
-0.5441944693200043,0.0029758351798435,177.4496965649546,-0.006251492207297815,-374.5923378666303,-0.09790467228109492,0,0,0
-0.5276023562959011,0.0027062941507125515,177.69533015860276,0.17315624152841452,-375.00304295781035,-0.29549903545242273,0,0,0
-0.520559695364895,0.0004269871423119298,178.0102731112883,0.3364407039953676,-375.49520428426024,-0.4727078054135063,0,0,0
-0.5257978244249273,-0.0031386938008893138,178.4464494318858,0.4770650710087807,-376.11032134434623,-0.6226781183920309,0,0,0
-0.5434865062849923,-0.007022243328458444,179.05910409310093,0.5906399340832934,-376.89420190812314,-0.7416220353896449,0,0,0
-0.5709697622877172,-0.010239154567777575,179.87490590765782,0.6743836872654981,-377.86726355580197,-0.82795476050876,0,0,0
-0.6032560055637219,-0.011953216647656006,180.87028166882698,0.7264740808935926,-379.0048465755429,-0.8811610511606943,0,0,0
-0.6341151173317598,-0.01158195789932961,181.96766655950682,0.7457096318823233,-380.2340318928463,-0.9010566882486557,0,0,0
-0.6574045472383858,-0.008882690258471371,183.05157263881068,0.7317177233409666,-381.4482090058686,-0.887835412429348,0,0,0
-0.6682324358645815,-0.0040250064449367075,183.9992176568294,0.6856323114287648,-382.5344952327452,-0.8427948457405705,0,0,0
-0.6637266357965643,0.00240013681453064,184.71443737389052,0.6108444908903834,-383.40394837823726,-0.769195608008323,0,0,0
-0.6434219352891972,0.009488041363323419,185.152426477426,0.513307292396405,-384.0136098402969,-0.6726170793717529,0,0,0
-0.6093865979496087,0.01623826706543241,185.32745034469798,0.4010383825748477,-384.3735584085537,-0.5604576349797753,0,0,0
-0.5660478888742944,0.021814262153345965,185.30277254617346,0.28280750731739773,-384.53826980175194,-0.4406527970633249,0,0,0
-0.5194851381396859,0.025755312309851775,185.16754900200476,0.16635106704347322,-384.58615798820637,-0.3200221659105125,0,0,0
-0.47608934865448305,0.028066716540651272,185.00797883162187,0.056703391429755355,-384.5934343495195,-0.2028240609009174,0,0,0
-0.44087333490939784,0.029155021732910312,184.88066549457545,-0.044721280353144266,-384.60942292534065,-0.09007244173666322,0,0,0
-0.4159724957983002,0.029638722693560736,184.7957416326808,-0.1398901053000145,-384.64055986347955,0.020073022068208955,0,0,0
-0.3998514241398681,0.030120393581168515,184.71508330924541,-0.23279487611578703,-384.6484306649737,0.13094028615146272,0,0,0
-0.38756527045806877,0.031012216456701935,184.56625157112694,-0.32747472573557274,-384.5627358417544,0.2454972924436106,0,0,0
-0.3721764184674612,0.03246361889513168,184.26722457035908,-0.42615038644444214,-384.3046727956039,0.36470785152857277,0,0,0
-0.34703470835358985,0.03438503707611602,183.75352542442585,-0.5280718474449145,-383.8128796196148,0.48662746263781287,0,0,0
-0.30818266213792356,0.03652429299210382,182.9995015835401,-0.6292730087793188,-383.0641555470391,0.6063637672072957,0,0,0
-0.255925724307275,0.03854086098479428,182.02802528881773,-0.7230461311541205,-382.08329687731583,0.7166520577139636,0,0,0
-0.19484894918836915,0.04004499003318642,180.90604513756034,-0.8008559482613009,-380.93907947292064,0.8087359506864231,0,0,0
-0.13223897789332284,0.0406159356840476,179.72726035717272,-0.8535703295230576,-379.72715972314137,0.8734588557815016,0,0,0
-0.0756304049883596,0.03984786822799151,178.58793540678226,-0.873029465868342,-378.5457852532677,0.90267301689521,0,0,0
-0.030563885950357417,0.03745429364496573,177.5652803211396,-0.8539095561244153,-377.4740392863399,0.8910245512516781,0,0,0
0.0005984761919961556,0.03340158347581479,176.7065238266324,-0.795570822467738,-376.5610711581095,0.837858059726932,0,0,0
0.018594086382407227,0.027992921740873554,176.03054827589636,-0.7032626181318733,-375.82814728393936,0.7485651311179652,0,0,0
0.02630226381245393,0.02183038545893936,175.53692991167566,-0.5879157128582676,-375.2779426266518,0.6344792727521564,0,0,0
0.027508228096067455,0.015644490049233184,175.2144298631817,-0.464055710004709,-374.90263410709804,0.5107475977816875,0,0,0
0.02583317262022433,0.010056266949723636,175.04379335886273,-0.34619936740072604,-374.6855749497698,0.3925534233305257,0,0,0
0.02400349310146055,0.005376135464112508,174.995399107499,-0.24502987788580982,-374.5976455661362,0.29110289483202223,0,0,0
0.023454905401024462,0.001523624843662219,175.02688800897766,-0.1649648081154112,-374.5942867453991,0.21110709246682974,0,0,0
0.024205922599009,-0.0019076313525388856,175.08670325712563,-0.10407339383588692,-374.6196837453245,0.15073822964774308,0,0,0
0.024932264508876756,-0.005473792993419125,175.125941732775,-0.05607953747797865,-374.62025101996244,0.10371869119296093,0,0,0
0.023197468690767664,-0.009659894753538368,175.1149815422815,-0.013232390402220063,-374.5630103380197,0.062231441400211904,0,0,0
0.015834724628618346,-0.014687138053645299,175.0568757454783,0.031315963674978776,-374.4500002334412,0.019269052132113985,0,0,0
-0.0004822271429816283,-0.020410674788557515,174.9898143375375,0.08238069942916582,-374.3207649874619,-0.030274477358034346,0,0,0
-0.028435666121737313,-0.026340836302486535,174.97613453689587,0.14274045088134812,-374.2407557147222,-0.08957011516592957,0,0,0
-0.06909071943931622,-0.031775412272828873,175.0821059591595,0.21353264840510633,-374.2803196930959,-0.16012534153258,0,0,0
-0.12103820791622866,-0.035988746412260755,175.35695299561252,0.29432783007295027,-374.49288442844863,-0.24168714726025087,0,0,0
-0.1801032547841146,-0.03840745080167522,175.81920610179066,0.382720926380739,-374.9003903397165,-0.3317038118306641,0,0,0
-0.2399534576238409,-0.03871820107345485,176.45429251779115,0.4739353163629687,-375.48998789705837,-0.4249141625601965,0,0,0
-0.29354820012927973,-0.03689090900161318,177.2220297411767,0.5611632943415259,-376.2209371606503,-0.5137955894049867,0,0,0
-0.33495519961373077,-0.033143134860756616,178.0692200335045,0.6369620236781316,-377.03712249256495,-0.5901363065974579,0,0,0
-0.3608770393259846,-0.027892851449213652,178.9421908060889,0.6952874038959237,-377.88004845632634,-0.6472490343787058,0,0,0
-0.37134728610593015,-0.02172579101845571,179.79622890910798,0.7332606124728727,-378.69914185904315,-0.681879485870985,0,0,0
-0.36939131715911344,-0.015356170516081135,180.60144728095275,0.7518910222253907,-379.4587208815118,-0.6950092735069404,0,0,0
-0.3598670147293035,-0.009537729810749341,181.34575477367719,0.7555684109957213,-380.14211878069676,-0.6913497490864586,0,0,0
-0.34801923393145273,-0.004919601510503924,182.03497999811873,0.7507078746312856,-380.752810036883,-0.6779175102365684,0,0,0
-0.33829611810078575,-0.001904522696497679,182.68955912034124,0.7441353125036813,-381.3116792871585,-0.6623195037071525,0,0,0
-0.33366495994492595,-0.0005840053995513017,183.33811632404456,0.7416502655417105,-381.8504830747859,-0.6512289687326926,0,0,0
-0.3353307557313343,-0.0007733474347574543,184.00997662774836,0.7469368204485078,-382.40348538792296,-0.6492336908539016,0,0,0
-0.34274421523431897,-0.0021033456313816145,184.72910848748955,0.7608343087644869,-383.000112263016,-0.658040696826663,0,0,0
-0.35400042657870756,-0.004108711299197409,185.51057315854132,0.7810009286013496,-383.6603175296365,-0.6760372703514406,0,0,0
-0.3667170933214976,-0.006288181959943984,186.358693461506,0.8021158029614014,-384.39233814365326,-0.698355710444838,0,0,0
-0.3790807604535047,-0.008156000508118665,187.26559711359306,0.8167620757020018,-385.19147876758217,-0.7176403572304423,0,0,0
-0.3904247734729296,-0.009322100636664743,188.20979036859762,0.8168823226902588,-386.0391278497784,-0.7254943538345799,0,0,0
-0.4009541277212776,-0.009611216397739496,189.15576405969068,0.7953513923838841,-386.90249148421117,-0.7141980708155927,0,0,0
-0.41090105353089257,-0.00916781173914245,190.05613802773274,0.7471079426082156,-387.73636714133136,-0.6780816028814172,0,0,0
-0.4198561231819724,-0.008449173176857982,190.85717987736126,0.669582196280561,-388.4880828594629,-0.6141437653265825,0,0,0
-0.4268859663115734,-0.00805113382012621,191.50693955094715,0.5626423474438411,-389.1054266131317,-0.5220194250269856,0,0,0
-0.4314429197087293,-0.008433827074209432,191.9634905515872,0.4285549319757706,-389.5454660960789,-0.4037949043926801,0,0,0
-0.4344223326257435,-0.009714459310991685,192.2001879135717,0.27228087809355656,-389.78092829183015,-0.2641193703393583,0,0,0
-0.4384921583472874,-0.011665136740901971,192.20639512134693,0.10194097741240285,-389.8017551829023,-0.11059245532600812,0,0,0
-0.4472284315227597,-0.013907050994215808,191.9851169359444,-0.07113755063198823,-389.6125323939231,0.04610658714755687,0,0,0
-0.463419031195599,-0.01614961827941812,191.55114643335077,-0.23340122005672015,-389.22942781150897,0.19302935108930797,0,0,0
-0.48756936658284644,-0.018298987817583167,190.9325991495332,-0.37123465552044765,-388.680321553172,0.3169994141770019,0,0,0
-0.5176054951302973,-0.020368743811646085,190.1751738338147,-0.47379601655821946,-388.00841603747125,0.40745324942079153,0,0,0
-0.5499715634730507,-0.022282614216106823,189.34476252141286,-0.5355349004852371,-387.2753012698558,0.45905611734957574,0,0,0
-0.5813523059761536,-0.023744824580796832,188.52316767679406,-0.5574367293199145,-386.5577893485698,0.47302009209504947,0,0,0
-0.6098758444874051,-0.024299503451727843,187.79459299574268,-0.5465836476715822,-385.9354324713617,0.45662734683392614,0,0,0
-0.6351303578251901,-0.02355069412489854,187.225530386005,-0.5143570631998159,-385.47093360187097,0.42130247773130236,0,0,0
-0.6572484747868117,-0.021392066467527115,186.84483890871934,-0.47406129427959626,-385.1903671183344,0.38011518350130585,0,0,0
-0.6759404041552557,-0.01809141626619919,186.63202782814778,-0.43866307715189806,-385.0715542619518,0.34551010793695125,0,0,0
-0.6902234660400381,-0.014180311890059727,186.51928045922858,-0.4189205839876536,-385.04625892558386,0.32756610799197006,0,0,0
-0.6989259724445844,-0.01022956074731809,186.4075758013526,-0.4218807897124123,-385.01640303419595,0.3326995377703213,0,0,0
-0.7014900312581176,-0.006654824504867918,186.19198620673723,-0.4497901872960369,-384.87916971815895,0.36274669248942926,0,0,0
-0.6985196577922892,-0.003654558408244668,185.78854306229573,-0.4996779941631644,-384.55331495810174,0.4146089392938109,0,0,0
-0.6917746823736479,-0.0012747315160268613,185.15555668153632,-0.5638641019886961,-383.9996401899361,0.4807168406628762,0,0,0
-0.6836479134493345,0.0004892062159825627,184.30435977966994,-0.6313431357824811,-383.2307939708666,0.5503263312271998,0,0,0
-0.6764240895360842,0.0016409867033544856,183.2966911227823,-0.6896873672306014,-382.3079655464674,0.6113492453517608,0,0,0
-0.6716759419076368,0.0022034634279890497,182.22875044437336,-0.7270569468190728,-381.32484420893286,0.6523185714332499,0,0,0
-0.6699957899470803,0.002268735250974885,181.20619788883238,-0.7340540550457547,-380.38319871170563,0.66419152503438,0,0,0
-0.6710483419954301,0.002023593776560517,180.31859647032297,-0.7052831148615895,-379.5682909496798,0.6418174426173096,0,0,0
-0.6738135990064933,0.0017195944643688676,179.62240678692257,-0.6404605528501406,-378.93276647206625,0.5849212152676557,0,0,0
-0.6768913381646939,0.001594934717019214,179.13700633316188,-0.5448060276026411,-378.49321731986345,0.49839078083074356,0,0,0
-0.6788026787483687,0.001788016975532969,178.85144565627968,-0.4283873644319044,-378.23725446781515,0.39161214122798355,0,0,0
-0.678283720026684,0.0022910761184846253,178.73571191367984,-0.30425354969061685,-378.13514053192864,0.2767210704742354,0,0,0
-0.6745787377299592,0.002968999979005105,178.75095115303492,-0.1856545627708101,-378.15042803725953,0.16603964496840148,0,0,0
-0.6676985662791424,0.0036291401208757177,178.85629950364353,-0.08320870921789378,-378.2468861625592,0.06947431101531265,0,0,0
-0.6585439197807545,0.004099878822196956,179.01281747846326,-0.0030680914279230366,-378.3918441341876,-0.007168088774858461,0,0,0
-0.6487651807227905,0.004277469881387219,179.1862149474672,0.05333655296277016,-378.5576335041905,-0.06241607713420194,0,0,0
-0.6403057901570293,0.004128366731264066,179.34965226112428,0.08822252880971745,-378.7228022620216,-0.09814720898517067,0,0,0
-0.6347569407866729,0.0036645116605413365,179.48650937814404,0.10586066627578816,-378.8735478395267,-0.11810993308728826,0,0,0
-0.6328148107845237,0.0029188936321489223,179.59172587264334,0.11120603107962665,-379.00444735981483,-0.1266377695065671,0,0,0
-0.6341166393508217,0.0019367866812132206,179.67037186278958,0.10903870754056584,-379.11737809120547,-0.12783687901357438,0,0,0
-0.6375190114357281,0.0007821129210768163,179.73367094437685,0.10348422208247143,-379.21872655766686,-0.1251514089897398,0,0,0
-0.6416386034212707,-0.00045124024415201804,179.79431857643772,0.09766111967655888,-379.3162398628015,-0.12108020428300392,0,0,0
-0.64538980140847,-0.001639351341103179,179.86301146383119,0.09332434801780778,-379.4168057323252,-0.11691262421172724,0,0,0
-0.6483306994670102,-0.0026524595357429346,179.94668657904919,0.09056562150259424,-379.5252549526949,-0.11252741712049215,0,0,0
-0.6507227905699864,-0.003395642008371169,180.04765969928798,0.08774829625797906,-379.643358224085,-0.10640307503509235,0,0,0
-0.6532775831643107,-0.0038366256234809272,180.16282614423278,0.08181009016586813,-379.76843554702054,-0.09593221845515813,0,0,0
-0.656699303568061,-0.003996599851033978,180.28289574130235,0.06889371276222392,-379.8919285041389,-0.07797178978660213,0,0,0
-0.6612815361441022,-0.00390904349464023,180.39216559316998,0.04512285478876947,-379.9988220107316,-0.04946378547094241,0,0,0
-0.6667712308682354,-0.003574364975223432,180.46920883522313,0.007358299067539065,-380.06847811016576,-0.00801886728368686,0,0,0
-0.672482895585631,-0.0029379881678636365,180.48847276444826,-0.04611741261454085,-380.07670027575705,0.047534122355136786,0,0,0
-0.6774850099460679,-0.0019062300938060162,180.4226080719991,-0.11500449488976869,-379.9984444555329,0.11662775931596911,0,0,0
-0.680729038367673,-0.0003965824023353548,180.2455471243254,-0.19660468730623393,-379.81087771751095,0.19659110304964997,0,0,0
-0.6811334511607043,0.0016039203328233498,179.93659445450658,-0.28589137071138565,-379.49699440516207,0.2826889986276001,0,0,0
-0.6777105811456465,0.004011245437141042,179.48551245290378,-0.37620622823909,-379.04991372914355,0.3687610167322021,0,0,0
-0.6697850915080465,0.006664690458789835,178.8976147503903,-0.4604965335389807,-378.4770806309253,0.44839449611794746,0,0,0
-0.6572434071876643,0.009367698194616025,178.19677927117044,-0.5327015256814605,-377.80252451652404,0.516243272425504,0,0,0
-0.6406601002398276,0.011904755802235911,177.4239820341885,-0.5887664164168882,-377.0650385178629,0.5689558835151672,0,0,0
-0.6211690817726918,0.014022759101356997,176.63010331077908,-0.6269345085801319,-376.3112118434096,0.6053583015002062,0,0,0
-0.6001243262803371,0.015414104459357248,175.86424349983332,-0.6473375148062587,-375.5845331489863,0.6259434408608513,0,0,0
-0.5788059136394708,0.015753419117126556,175.16145750763366,-0.6511986521595248,-374.914267551502,0.6320399830781867,0,0,0
-0.5584374519237087,0.014803079079189273,174.5349439078302,-0.6400105717909185,-374.3088856203812,0.6250501752382774,0,0,0
-0.540501447354103,0.012542646138820146,173.9762020385241,-0.6149220292265625,-373.7572947025089,0.6059445640271861,0,0,0
-0.5269924065671319,0.0092431362415212,173.463219306444,-0.576432695694308,-373.23755999655356,0.5750210741501576,0,0,0
-0.520176389974381,0.005427812757027084,172.97352593130853,-0.5244313975596071,-372.7295138983617,0.5319041772115213,0,0,0
-0.5217543007161538,0.001725741336851172,172.4975090324811,-0.458579860981439,-372.2265788785425,0.4758182172500426,0,0,0
-0.5318169457994628,-0.001308262656382908,172.04755897890482,-0.37898735918548143,-371.7430788762522,0.4061955192537539,0,0,0
-0.5482287378246156,-0.0033130212906499422,171.65965507724542,-0.2870396120123019,-371.3148277763613,0.3235978260655713,0,0,0
-0.566890954202421,-0.0041341771142484164,171.385789335183,-0.18615781800564832,-370.99217007129437,0.2307293377946394,0,0,0
-0.5828669129118254,-0.0037646213089388425,171.27844489001893,-0.08219784619166148,-370.82635097648586,0.13310425520441527,0,0,0
-0.5918885402032998,-0.0022841062515169598,171.37158391577884,0.016778955413616358,-370.85231235896447,0.03891004132912031,0,0,0
-0.5915676648302082,0.00015725160634048053,171.6645477877072,0.10146775955510065,-371.0729073597255,-0.042105288317083024,0,0,0
-0.5818432184965872,0.0033181174522070476,172.1146238584676,0.16285472666656914,-371.4500013245625,-0.10044514570943193,0,0,0
-0.5646386196565203,0.006838702081898873,172.64124084452737,0.19392121010530444,-371.9065174445094,-0.1287774177385245,0,0,0
-0.5430174524895506,0.010230364922259127,173.1413154854447,0.19101829421496747,-372.3404134850705,-0.12333783456909372,0,0,0
-0.520181784652749,0.012891197990683168,173.5121866280321,0.15452196890566938,-372.64763176171334,-0.08448447537421089,0,0,0
-0.49863577127739234,0.014149333268700558,173.6761062455705,0.08866359067155258,-372.7475303333465,-0.01645164354786175,0,0,0
-0.47984171700562683,0.013333570416769192,173.59886717829846,0.0007667806559538803,-372.60260195374656,0.0733535796806791,0,0,0
-0.4645873049798297,0.009875194316252589,173.29597227733268,-0.09968697968389506,-372.2255484169853,0.1751359234607321,0,0,0
-0.4539549330049937,0.0034471349939281027,172.82366457907563,-0.2018678741105191,-371.67119573022796,0.27746000313897523,0,0,0
-0.45039520751629425,-0.005872225971504008,172.25821982249437,-0.2943706691516354,-371.0168287944431,0.3681954611358719,0,0,0
-0.45823196066251626,-0.017461862653077274,171.67221559426673,-0.3663438238552999,-370.3393715629187,0.4360131885355202,0,0,0
-0.48309127533406127,-0.030124411114512382,171.11775406162866,-0.40924680179943496,-369.6986420899552,0.4724928157562772,0,0,0
-0.5301672697172393,-0.04221084196466478,170.62256210342218,-0.418954393189756,-369.13191741311965,0.47433280984416226,0,0,0
-0.6017397122045907,-0.0518898416562962,170.19760879392834,-0.3973429824039272,-368.65845887371177,0.4447182951425475,0,0,0
-0.6948004111835218,-0.057479450740274274,169.8487483894791,-0.3523797173322919,-368.28749987635814,0.3929818596278153,0,0,0
-0.7998798824225162,-0.05773889959881018,169.58363822757616,-0.2962644996400002,-368.02260217578373,0.33232783807884514,0,0,0
-0.9019501366522746,-0.05205169958941127,169.4093232464009,-0.24207048591337638,-367.85927385530493,0.2762456184185396,0,0,0
-0.9834857215427917,-0.04048352229150254,169.3225424532934,-0.2000996268800975,-367.77836546555983,0.23486410615817022,0,0,0
-1.0287494404077364,-0.0237408610234894,169.2998674057527,-0.17539290398526078,-367.7413771339498,0.2125868162573113,0,0,0
-1.027784203504396,-0.0030747628404739656,169.29557482609437,-0.16734082027279557,-367.69355041365463,0.2078261038175583,0,0,0
-0.978748956556629,0.019838544557028114,169.25151073513297,-0.17133264734807768,-367.5769153787333,0.21473388248270453,0,0,0
-0.8879264982490866,0.04304321205027861,169.11675779282768,-0.18141716538763147,-367.35000102837347,0.22596259084406825,0,0,0
-0.7675758799521333,0.06450389186055787,168.86863306356958,-0.1926065248266582,-367.00604925054654,0.23516921629916396,0,0,0
-0.6324873406093303,0.08237114168779983,168.52420059120038,-0.20189355418677907,-366.5801978355362,0.2383425281178347,0,0,0
-0.4964149656132406,0.09526858979396025,168.13542191599834,-0.20789463208047892,-366.1401610515311,0.2337794692534203,0,0,0
-0.36944776191973006,0.10251352628431079,167.76946657369984,-0.20974273272900631,-365.76297626734305,0.2211973251313452,0,0,0
-0.2569112180466959,0.10418538951447545,167.48325799813432,-0.2061168221936896,-365.5075816923133,0.2007519137605584,0,0,0
-0.15977430466479348,0.1010089210063981,167.30360691142562,-0.19505339750651843,-365.3949401843815,0.17258050291056862,0,0,0
-0.07606354246813396,0.09409429187043372,167.22092108494792,-0.17462244866469517,-365.4035824414156,0.1370341558349651,0,0,0
-0.0026489406612881794,0.08463408513041912,167.1981474988043,-0.14400795620136933,-365.4815771623412,0.09528317284061813,0,0,0
0.06310493858812549,0.0736624093177383,167.19034251319607,-0.10431919934096072,-365.5693962411277,0.04974936856269778,0,0,0
0.12216271181489446,0.061935433869768984,167.1662238177625,-0.0586208430667682,-365.6241959992678,0.003925931029925778,0,0,0
0.17336703875220394,0.04993137680032049,167.12240857692262,-0.01099536383984514,-365.6357076921969,-0.03857277195936604,0,0,0
0.21385351069486092,0.03793013860091463,167.0841210291867,0.03525738755666339,-365.62736610713,-0.07562632373548013,0,0,0
0.24020912756414248,0.026127955631716306,167.09222992258873,0.07985464540688554,-365.6426673659041,-0.10849910574463592,0,0,0
0.2499065767779598,0.014751630301178409,167.18325814303216,0.12728489969765064,-365.7237169570438,-0.14319015296991894,0,0,0
0.242402549956509,0.00413998621360605,167.37330435973587,0.18681151722775552,-365.89330941190696,-0.1901077122766935,0,0,0
0.21952708134435284,-0.0052414783207638035,167.65618078699225,0.2698651804379665,-366.1512034217363,-0.26131828040105914,0,0,0
0.18521601384902908,-0.01287402876426853,168.01946753901677,0.38533147935700074,-366.48857349886197,-0.36589854397053045,0,0,0
0.1448673623504959,-0.018331615926538803,168.4709964957808,0.5347806865757321,-366.91347869204037,-0.5053625151959465,0,0,0
0.104504800724186,-0.021441280747295365,169.05845768547363,0.7101598067154669,-367.47047336389465,-0.6715670682500161,0,0,0
0.06974792860725643,-0.022382252391808778,169.86487562214216,0.8953217507966997,-368.2373788032784,-0.848379487955009,0,0,0
0.044626751109518636,-0.024035388566292996,170.97572337049263,0.9736856990292545,-369.2946931319022,-0.9238002694096584,0,0,0
0.030537351429472892,-0.0241803785605601,172.431927894944,1.0600368580008634,-370.68099125908947,-1.0070385518571996,0,0,0
0.025796320091188818,-0.022733137284165292,174.1938279897434,1.1595725874260552,-372.3583380484043,-1.1027054768188447,0,0,0
0.02608405285987203,-0.019797218248437314,176.13647565099916,1.2775798592030583,-374.2075118365939,-1.2156721907589183,0,0,0
