Pitch_Normalized,Delta_Pitch_Smoothed,Roll_Normalized,Delta_Roll_Smoothed,Yaw_Normalized,Delta_Yaw_Smoothed,Label1_Move,Label2_Bend,Label4_Speed
-0.4109862493571512,0.08330550505528152,-7.01242286721083,1.2437600915692912,7.407629151415307,-1.3304490438895982,0,0,0
-0.30010780352681365,0.08306260899225038,-5.492671082645828,1.30540601662864,5.740160815149153,-1.383124707666255,0,0,0
-0.19168886634727755,0.08080989868125853,-3.9546563795960736,1.3486426105864626,4.0734725931655476,-1.418305141727769,0,0,0
-0.08863972363583628,0.07733354324942887,-2.3887749309220965,1.3762311178904874,2.4112687293775537,-1.4409416973144893,0,0,0
0.00554127591925635,0.07340751341413447,-0.7936224093643744,1.3897547045211855,0.7553839319673159,-1.4536949007271858,0,0,0
0.08738940459635103,0.06974317022886964,0.8200132325610099,1.3913686348101764,-0.8911190945822227,-1.458838905499914,0,0,0
0.15468304141165845,0.07356765896810344,2.4280754068944077,1.5227096380183525,-2.520506840679076,-1.6048925939637768,0,0,0
0.20768209663827975,0.06703890388535569,3.9974260759130686,1.4947642421331822,-4.119904427100607,-1.581559280998104,0,0,0
0.24968137137005897,0.06185876628986762,5.49536947347984,1.460526806595864,-5.675624955129365,-1.5577161219726008,0,0,0
0.2864454529315452,0.058427984649443945,6.9012634808909326,1.4209973628931167,-7.180759903583834,-1.5343915116806301,0,0,0
0.3246903403238832,0.057007274349741975,8.214673512972695,1.375340784840762,-8.641296788222462,-1.5095143506132132,0,0,0
0.3702812353267433,0.057782178434766254,9.454971338685993,1.3204211629094857,-10.075431994831888,-1.4776792683870865,0,0,0
0.4268987965513986,0.06087640537705994,10.650611686362566,1.251506429688598,-11.50368862656046,-1.431402849760761,0,0,0
0.49564012285860315,0.06630236531627247,11.82119869800907,1.1637706506257133,-12.932646387428747,-1.3632946064588878,0,0,0
0.5756140194166761,0.07387748759005888,12.959785439043245,1.053768597219782,-14.339759574164816,-1.2680684094281787,0,0,0
0.6652111889440135,0.08315666980133471,14.024224861655867,0.9201409848448321,-15.667911778453089,-1.1434958177602765,0,0,0
0.7634470951822578,0.09342464750811671,14.943139703780389,0.7633642593629233,-16.834535338286685,-0.9901262264090803,0,0,0
0.8707057498010045,0.10376979707378524,15.6351325821702,0.5849984845451359,-17.752850491689486,-0.8103483546236816,0,0,0
0.9884562472706477,0.11323303106642157,16.03305544567766,0.38719308108238837,-18.356309049411152,-0.6076534065707477,0,0,0
1.1180121509448924,0.12098897895256329,16.102673329339254,0.17299055684384115,-18.6157180811866,-0.3866555873817731,0,0,0
1.2589368154050504,0.1264852921811766,15.848316106601928,-0.05264694032655228,-18.542559052313266,-0.15377855804076432,0,0,0
1.4079792060645957,0.12947566760154672,15.304956184137353,-0.28176339303396675,-18.178915541068704,0.08202400634328341,0,0,0
1.5592291072156144,0.12994117015002332,14.52254249718645,-0.503086215807086,-17.580222692267938,0.3091900561078035,0,0,0
1.705529912384236,0.12795873827517426,13.551104266447481,-0.7028013804481745,-16.799202261246478,0.5143316387111639,0,0,0
1.840466941228442,0.1235981508956101,12.433316035777722,-0.866176775553727,-15.87754515457246,0.6835968946150046,0,0,0
1.9599678649594807,0.11690400923295527,11.2065909313162,-0.9795835064660935,-14.847671715020255,0.8042667756869151,0,0,0
2.062858796682491,0.10797097671217273,9.912277545709529,-1.0326689499804544,-13.74263477720865,0.8665306437174849,0,0,0
2.150293132552747,0.0970711215256415,8.607118777688456,-1.0205133183593902,-12.609534104577847,0.8654437605418763,0,0,0
2.2244377562267488,0.08475626320344247,7.371287690140392,-0.9452259358626535,-11.520340103261105,0.8025924059190259,0,0,0
2.287052243274445,0.071853144216756,6.306838264678319,-0.8160519204275516,-10.57305032431745,0.6864765421890467,0,0,0
2.3386465825267777,0.05931493125605698,5.521626606797383,-0.6473912919801421,-9.877252615138417,0.5308509106939454,0,0,0
2.3786904213210107,0.04797799939725848,5.099823000543452,-0.45523037619848167,-9.52447793564994,0.35135191096457274,0,0,0
2.406791739250039,0.03833907772392564,5.070283138559915,-0.2535607364325173,-9.554298633077678,0.16190207989426425,0,0,0
2.424061354551796,0.030460763156590076,5.390585062171965,-0.052502116822579124,-9.93443683935601,-0.027351517345906018,0,0,0
2.433616253789012,0.024042411382535534,5.959403115976301,0.141223794572781,-10.569036047633006,-0.20979815736534135,0,0,0
2.4397478589320656,0.018610438466849642,6.654287169331383,0.322435535711935,-11.334152605374527,-0.38065323067405926,0,0,0
2.4462495739217474,0.013728338878041767,7.376670181384355,0.4861289080088739,-12.123613978266008,-0.5355556677169006,0,0,0
2.4549007641186478,0.009123568370826262,8.082097609462664,0.6278769460357481,-12.883049278036907,-0.6707363468996335,0,0,0
2.464861870052104,0.004686868298128389,8.783525635868202,0.7455759980429704,-13.618321676914519,-0.7844636392091218,0,0,0
2.4731566279429416,0.0003929215599285385,9.53119362179767,0.8408136994549963,-14.379582631058042,-0.8782288320439079,0,0,0
2.4759299713071954,-0.0037590694249729495,10.382915686886122,0.9183373332698921,-15.232809292307422,-0.956266468002039,0,0,0
2.4699261050292733,-0.007733123826311328,11.378592460900933,0.983576190779813,-16.231841404646275,-1.0233288060817671,0,0,0
2.453660422231323,-0.011410200017867567,12.52604311898962,1.039652178874904,-17.398935025168896,-1.081992734958223,0,0,0
2.4279905701510813,-0.014577966234975292,13.798722056721928,1.0856842080244107,-18.71672515979509,-1.1311162432883208,0,0,0
2.3960255595392823,-0.016983305404930604,15.142776448675221,1.1172853347807745,-20.131700727653396,-1.1662288403373253,0,0,0
2.3624166206689523,-0.018418875019197856,16.490049077129513,1.128761654438054,-21.567440666192198,-1.1814198252304835,0,0,0
2.3321475737430717,-0.018796752174507957,17.773191970133396,1.1157269535051868,-22.943541327848237,-1.171669464219687,0,0,0
2.309121101768895,-0.018178221172536268,18.93893968970677,1.0770493407692157,-24.194211710920115,-1.134805649588364,0,0,0
2.295028816002798,-0.016759785123068128,19.956378983675947,1.015713335282149,-25.280610080287772,-1.0727612044624295,0,0,0
2.288967877750963,-0.014841804673916669,20.81881016617821,0.9386040430442989,-26.193780883362876,-0.9919522391484776,0,0,0
2.287962449562116,-0.012803733591647415,21.54018522193799,0.855285954248464,-26.949503934504293,-0.9024915980625423,0,0,0
2.2881438933039107,-0.011076517936810148,22.14908586859309,0.775935534827083,-27.579897900529915,-0.8161059823433504,0,0,0
2.2860625710006417,-0.010079104782974468,22.68317647181111,0.7089049689644511,-28.12654706979319,-0.7432082109977699,0,0,0
2.2795725234119146,-0.010110459799996363,23.184762487164917,0.6587141202826245,-28.636247551279865,-0.690175225126626,0,0,0
2.267988223622808,-0.011239981404726507,23.69563599115986,0.6252689410034478,-29.15661670827882,-0.6579852584575974,0,0,0
2.251651441300851,-0.013261448289944156,24.249404425400343,0.6046965182076548,-29.728500489625702,-0.6428297308386106,0,0,0
2.231356525913327,-0.01574550474958869,24.862241659777908,0.5914809936151443,-30.375623437825936,-0.6383813660380355,0,0,0
2.208016503768931,-0.018169231896237648,25.526080892533017,0.5808796120885631,-31.095963962186374,-0.6385457683579062,0,0,0
2.182629001955533,-0.020058427883988372,26.209068393710425,0.5703657541238926,-31.860462664863746,-0.6392763938109113,0,0,0
2.1563533948515214,-0.021076409901822045,26.865775348254758,0.5593793707737958,-32.62207819174898,-0.6386311910523801,0,0,0
2.130507402066229,-0.021037962202127856,27.45499515808943,0.5476969196942519,-33.33331759488465,-0.6353540347571822,0,0,0
2.106451574341534,-0.019888353299563732,27.95788198947872,0.5335832023960563,-33.96535558410898,-0.6271483084945715,0,0,0
2.085478292160758,-0.01770896924541745,28.386834013050034,0.5130090439362277,-34.5193110079023,-0.6099213518192613,0,0,0
2.068808424393694,-0.014765392478180673,28.778556194902876,0.480559842953484,-35.02255946180367,-0.5786088175007762,0,0,0
2.0576086016015296,-0.011543576528944754,29.17260518810238,0.43163469153525397,-35.51015705585064,-0.5291965732745666,0,0,0
2.0527679083052135,-0.008700478586669646,29.585236449360906,0.36476801696052374,-35.99998357457142,-0.4608514769949494,0,0,0
2.0542668334591525,-0.006911698069167471,29.992332099140185,0.2828770820970036,-36.47483695601855,-0.3770553969073376,0,0,0
2.0603625789871245,-0.006678973226354401,30.331679322067856,0.19294055330812226,-36.88205213719414,-0.2852641360736527,0,0,0
2.0671932366660855,-0.008194762151539692,30.525415309062964,0.10449882085844564,-37.15242839760941,-0.19541305785932367,0,0,0
2.069348608984825,-0.011322449511150978,30.513455517859995,0.02778963450439136,-37.23059296169848,-0.11801282925353292,0,0,0
2.061390421374554,-0.015669996127125784,30.283765979059467,-0.027890581259117652,-37.10387156395802,-0.062430778474313796,0,0,0
2.03966184207799,-0.020679284638519847,29.887287522559944,-0.05549577257762053,-36.817996944845504,-0.03553446664080582,0,0,0
2.003530670645361,-0.025673755547069278,29.43182222163449,-0.05134047524376513,-36.47344158649554,-0.04063569126504092,0,0,0
1.9555839292821844,-0.029884655668510618,29.05645253994679,-0.01597119624751997,-36.202687754338996,-0.0767747963535271,0,0,0
1.9009086403302717,-0.032530970975905404,28.893699375511204,0.045529414925738365,-36.13446484059378,-0.13859757186226035,0,0,0
1.845975061920015,-0.032993074877440166,29.0302787235847,0.12415551924827355,-36.355328240979475,-0.2170711110586808,0,0,0
1.7975292779884597,-0.03101923891489946,29.478927346702534,0.20851814042081857,-36.88119386866896,-0.3009819259013966,0,0,0
1.7615160223020183,-0.02684006615841241,30.171967359592657,0.28687647898235297,-37.64980010072941,-0.3787995712758999,0,0,0
1.7418835269070314,-0.021107813897701534,30.980709458320348,0.3490136519151264,-38.538404116232016,-0.4403660509360378,0,0,0
1.7394178602104233,-0.014686115244397512,31.75501071034273,0.3874657679006347,-39.401304072285285,-0.4780490301033041,0,0,0
1.7511980322255596,-0.008399519629446673,32.36894738326765,0.3979896652592572,-40.11369082297199,-0.4873006091428408,0,0,0
1.771261180493866,-0.002855611205119146,32.756052312383474,0.3794763585175218,-40.6059926576045,-0.4667701785717441,0,0,0
1.7924525316683457,0.001618895525191988,32.921958740785755,0.33358748718798664,-40.87710209585592,-0.41812130356756827,0,0,0
1.8087227768382093,0.004971795121944922,32.93111021895314,0.26423207103035795,-40.983178055372036,-0.3455641774570751,0,0,0
1.816913444035805,0.007414160637391376,32.873596028103776,0.17683502488423244,-41.00747093202219,-0.25503201662910724,0,0,0
1.8174189498688236,0.009408592640536995,32.82504230875992,0.07739605841070726,-41.023030026696915,-0.15305973910615195,0,0,0
1.8137182332403796,0.011590178585889533,32.8148022185824,-0.028441710429015644,-41.06240690434464,-0.04568545161689315,0,0,0
1.8112339735214675,0.014569198563287955,32.814288069896236,-0.13597611143626126,-41.10544187530016,0.06220299615813474,0,0,0
1.8160251332809452,0.018671679356705793,32.74905970716267,-0.24149850419044583,-41.08872428252309,0.16687633629328502,0,0,0
1.8335037866157933,0.02376294006670463,32.5289712944498,-0.3418960821034432,-40.931901463346804,0.2652748529122846,0,0,0
1.867099818084455,0.029271292107820555,32.084530278977496,-0.43402282107414863,-40.57054533914092,0.35433751994465296,0,0,0
1.9169531661267456,0.034404065081994874,31.39629119802086,-0.514065657932683,-39.983962696023156,0.43042479961993935,0,0,0
1.9791693252354037,0.038430851286692304,30.506973698881296,-0.5771624929384771,-39.20833873292307,0.48905155080119583,0,0,0
2.0463521775052556,0.0408852681355512,29.512149397918705,-0.6175623886288648,-38.33042952624919,0.5251154675801388,0,0,0
2.1096263651140106,0.04161081794871109,28.53336781736229,-0.6294836532580007,-37.46409573257566,0.5336778551558126,0,0,0
2.1614596006887723,0.040682355287520976,27.68438572943309,-0.6085300688425093,-36.71878203049752,0.5111388612027099,0,0,0
2.1980267461073026,0.038297580322665684,27.04317728919763,-0.5532821778455528,-36.17189139633268,0.45651971449399864,0,0,0
2.2200866548769795,0.034719839234509206,26.638664183607588,-0.46656859903977194,-35.85428719949877,0.3725260910211318,0,0,0
2.232133312768056,0.03028376209082495,26.454223174582665,-0.35585744327735114,-35.75194573096496,0.26597137243235236,0,0,0
2.240327339491003,0.025409540225271598,26.44367060602471,-0.23228390459536713,-35.820512851319705,0.1470848417338118,0,0,0
2.2500756213111117,0.020569687262398873,26.55170850052197,-0.10829606217429984,-36.005348194200934,0.027550858007887768,0,0,0
2.2641515584718377,0.016209761277603717,26.730605207623142,0.0053287388523941106,-36.25870178581184,-0.08217051466646694,0,0,0
2.282006946143653,0.012671133362506738,26.948399266107785,0.10183439480095728,-36.548625008599544,-0.1751319965548248,0,0,0
2.3004475797579715,0.01015008997563598,27.189310351965034,0.17918787870456612,-36.85958110891107,-0.24879989213700923,0,0,0
2.3153232377379993,0.008687898811409411,27.45040719561929,0.23900084989456047,-37.18858715249678,-0.30430944148637307,0,0,0
2.3235572134648095,0.008179447795050976,27.73767311795703,0.2844491207709325,-37.54048717716219,-0.34466127775653205,0,0,0
2.32473807973237,0.008407974201062984,28.061521237207202,0.3183605025696593,-37.92321136188093,-0.3728939525621769,0,0,0
2.3215875546333393,0.009112673748028044,28.43054297065325,0.34236151216365157,-38.34228612086886,-0.39111683369737305,0,0,0
2.31901230088215,0.010066409346536886,28.84423167352827,0.3572156965847412,-38.79504014582869,-0.40064051793455063,0,0,0
2.322121817441513,0.011118563027203265,29.288161813734035,0.3637163241635889,-39.267125628885026,-0.4027042047600105,0,0,0
2.3341553633217416,0.01216962405229367,29.73531352621856,0.363267738088841,-39.7342877198227,-0.39902109711704836,0,0,0
2.355278295952118,0.013087225333140395,30.15422032925966,0.3577864023632372,-40.16987012278557,-0.3917604708774519,0,0,0
2.382671039609022,0.01362598451838153,30.520556231955197,0.3492896681696678,-40.55503018794505,-0.3832358243857044,0,0,0
2.411633210030004,0.013431767493881353,30.826473593600923,0.33977174693304163,-40.88662315651118,-0.3757945584506814,0,0,0
2.437019478260936,0.01215860557103241,31.0830845765077,0.33148165705566723,-41.178798123667264,-0.3720008789563252,0,0,0
2.4544294667962134,0.00963399787854513,31.315537141589402,0.32708002325451274,-41.45809188593671,-0.37465149894485705,0,0,0
2.4609979249161853,0.005960861604800982,31.55441791890388,0.32905854302605064,-41.755569605737975,-0.3860849863520997,0,0,0
2.455905229572153,0.001488119173609448,31.828260439983666,0.3383718812328908,-42.10023170537568,-0.40677247387576754,0,0,0
2.4405983565924743,-0.0033245056508462768,32.15904824408494,0.35297503127621044,-42.515048935391945,-0.4338883615865086,0,0,0
2.418461796226964,-0.008056601942030284,32.55896204627916,0.3672949518395541,-43.013640618333596,-0.46088139436220954,0,0,0
2.3937639793697514,-0.012408876488196085,33.02589895647907,0.37331456061374696,-43.5951375833437,-0.47870178022582477,0,0,0
2.3701594876882126,-0.016200660284363268,33.537939141588566,0.3630870786492778,-44.23759486154324,-0.4784707665048643,0,0,0
2.3494259831005593,-0.01933659330133679,34.0503065447173,0.3316904440242155,-44.893913803810136,-0.45457456309999317,0,0,0
2.3310671906097014,-0.0218063790867248,34.499423111996464,0.2794431601797953,-45.49543710013327,-0.4069768654290556,0,0,0
2.312930713378975,-0.023724127757989776,34.81623018264517,0.21268638850095273,-45.96581592592551,-0.3420215126348552,0,0,0
2.2924228639525808,-0.02535191605113738,34.94640792808218,0.1430778730713939,-46.24279955098535,-0.27165742313490854,0,0,0
2.2676319919028174,-0.027055754829930834,34.871322359146035,0.08567500504693726,-46.301315236737906,-0.21140663103721807,0,0,0
2.237841438704905,-0.029203733136577627,34.62269204178162,0.05616208440038974,-46.17000035966623,-0.17750921598206731,0,0,0
2.2033570790125765,-0.03206228898966259,34.28591212909447,0.06769355107884963,-45.9352640617405,-0.18375062255056776,0,0,0
2.1649426357155903,-0.03573292776912638,33.9897407769931,0.1280042389359096,-45.73021484968268,-0.23856913368299218,0,0,0
2.123206431070443,-0.04013061291470876,33.88264900694844,0.23745210991200735,-45.70920389371588,-0.3430256867487088,0,0,0
2.0781221563224364,-0.04498730454775881,34.099559985592464,0.3884304435115581,-46.01268702136392,-0.49005198311299125,0,0,0
2.0288030932039334,-0.04987426536460617,34.7272420555058,0.5662870174841856,-46.731420029315814,-0.6651844031136278,0,0,0
1.9737379129184376,-0.05425209482826432,35.77946550135556,0.7516347133886399,-47.881128436963195,-0.8487820197000986,0,0,0
1.9116245842318875,-0.05756540714446316,37.190751281765245,0.9236764661853443,-49.3960727934126,-1.01943806506315,0,0,0
1.8425498184749927,-0.05938483541756483,38.83071236319776,1.0639015816875854,-51.143319382115266,-1.1579413817705357,0,0,0
1.7688893382567557,-0.05955101299826282,40.53419253398789,1.1593641530592322,-52.953159267874184,-1.2508893164720973,0,0,0
1.6953204904222616,-0.05823193962507674,42.13903917566802,1.2047772899598186,-54.65782055666722,-1.2930174492409265,0,0,0
1.6277030075679448,-0.055833851691173206,43.52267679094791,1.2028318366504465,-56.129644712372,-1.287537347872194,0,0,0
1.571094281539942,-0.05280404396531537,44.62875659386896,1.1625635554886373,-57.30962866738804,-1.2443225152061246,0,0,0
1.5276963010878148,-0.04944284169036166,45.47629053754076,1.096293391722392,-58.218097058436854,-1.1765904234242157,0,0,0
1.495802760071669,-0.045830092676501975,46.14733288519065,1.0163007082238267,-58.94286151377318,-1.0973619669721444,0,0,0
1.4704645762922013,-0.041888394681680555,46.75556042201026,0.9323775278214896,-59.606793508037754,-1.0168844059201008,0,0,0
1.4456974732652839,-0.037516585374318366,47.40510105624193,0.8506516728977289,-60.32435358902444,-0.9413683536462714,0,0,0
1.417196167328271,-0.032684915233458865,48.153685198989166,0.7732196261234264,-61.16197702765476,-0.8725337048876298,0,0,0
1.384248891709973,-0.027416189696981518,48.99371944543603,0.6979687166133886,-62.11693905183671,-0.807352540678042,0,0,0
1.3500053914399501,-0.02167425491437882,49.85796781220279,0.6185647906581864,-63.12200332707519,-0.7380409958610954,0,0,0
1.320154636679078,-0.015270621742146773,50.645555904645306,0.5252578943850665,-64.07150409312993,-0.6530452959187215,0,0,0
1.3008538552333562,-0.007898770311305725,51.25487305218218,0.4071745905935614,-64.8549817612483,-0.539715839542896,0,0,0
1.2969323845701268,0.0006893205250520396,51.60844376000284,0.25598516321705633,-65.38315407416846,-0.38846020492778166,0,0,0
1.3109537519440266,0.010456714379182585,51.661938444122626,0.06978345343784724,-65.59850701704781,-0.19702052196682018,0,0,0
1.3430965426502013,0.020936902135181866,51.399911829041315,-0.14455191425159625,-65.4733144729604,0.027037250393328806,0,0,0
1.391476873179144,0.03125892942134243,50.82730632794588,-0.37184917109657933,-65.00395190346671,0.267012135637583,0,0,0
1.4525906785158043,0.0403382701720119,49.964952688412495,-0.5920486136673873,-64.20895563830226,0.5008892897188388,0,0,0
1.5217633111200968,0.04714707164904155,48.85151973336764,-0.7851253460637878,-63.13218224732296,0.7067055392931195,0,0,0
1.5936179130617916,0.050953780995388345,47.548200302920065,-0.9354281849023721,-61.84656654790342,0.86721293685315,0,0,0
1.6625946856533744,0.05146077897849608,46.139476101236994,-1.0338711406680374,-60.45188197069936,0.9722513002791601,0,0,0
1.723537338399197,0.04882799977874726,44.72506976797143,-1.077780620745503,-59.06261119594154,1.0186840082649127,0,0,0
1.7723245717237717,0.04361014490645232,43.4036195915443,-1.0694007754514445,-57.7879263683171,1.0089351638915218,0,0,0
1.8064701945240103,0.03664478959195776,42.25416191097912,-1.0143515978085191,-56.71102470563696,0.9494074131218497,0,0,0
1.8255615417289874,0.02891908004958026,41.32322703744225,-0.9207367184423589,-55.87599401425621,0.8494516746433873,0,0,0
1.8313765404376738,0.021429677795890712,40.622105621586286,-0.7987047408481714,-55.28647439031127,0.7207028190097049,0,0,0
1.8275783222436672,0.015046745812968254,40.13329857343143,-0.6597531224696326,-54.914600264551495,0.5761167698280332,0,0,0
1.8190385744353819,0.010398063462383788,39.821436710327305,-0.5152718580129289,-54.71488150708376,0.4282651930826177,0,0,0
1.8109541116158994,0.00779159812075676,39.64415254894405,-0.37458175579047576,-54.637665500889085,0.2871937264236493,0,0,0
1.8079146910206987,0.007189073303187854,39.56115289443835,-0.24341039384682403,-54.63953835780637,0.15881027946680604,0,0,0
1.813062143783057,0.008237353345045051,39.54194487654067,-0.12373523288177637,-54.69071427241903,0.044722003698055346,0,0,0
1.8275179730230349,0.01035795645769184,39.572351187842145,-0.015143693613089227,-54.779959265115366,-0.056343926788576935,0,0,0
1.8502405529313393,0.012876580089370293,39.65780203363954,0.08305963836486115,-54.91598910408061,-0.14628895215770968,0,0,0
1.8783609275558888,0.015154398644644119,39.82005797251088,0.17009749792016748,-55.1229219109689,-0.22563633643996467,0,0,0
1.907935075179438,0.016689836083988042,40.08587470862449,0.24299893749650323,-55.428773977275654,-0.2924923804972252,0,0,0
1.9349561050145923,0.017189765441601425,40.470668685455394,0.29690517665121663,-55.84991365819704,-0.34259413495981333,0,0,0
1.9563441231373702,0.01662058347400972,40.96389495708004,0.32598341941340153,-56.37748978612859,-0.37015565555416574,0,0,0
1.970582560881823,0.015228596699274987,41.52241168952898,0.32456521272205807,-56.97124487148341,-0.3691577145725688,0,0,0
1.9778524724557798,0.01350276799174992,42.07414192390908,0.2883935849508106,-57.56258930586134,-0.33486625881581633,0,0,0
1.979812345436713,0.012067425694550594,42.53020466095052,0.21601731312929928,-58.065479707404506,-0.2654636429129084,0,0,0
1.9792679785231542,0.011522793900469707,42.801779070674684,0.11017534567866676,-58.39227082796069,-0.16352217445975725,0,0,0
1.9798039400157847,0.012276638464523159,42.818003315062725,-0.021410514395668656,-58.471536410841054,-0.03672051563748937,0,0,0
1.9852682328488385,0.01442291603357404,42.54173788314765,-0.16656724643940207,-58.26465169223877,0.10285447340644964,0,0,0
1.9990351845013947,0.017713431414601643,41.980231103803874,-0.3107337912353046,-57.77755834009798,0.24091101273767493,0,0,0
2.023163014184135,0.021630797689837777,41.187628165411155,-0.43983605254483676,-57.063995721873226,0.36385663256174894,0,0,0
2.057722489659824,0.025524035319064352,40.25656354149871,-0.5427312076014431,-56.21711881457193,0.46115835814627815,0,0,0
2.1005732834731106,0.02874698725378124,39.29822249268602,-0.6123567095610468,-55.348945052064096,0.5263597085935914,0,0,0
2.1477168750278395,0.03075931087683017,38.415073777175934,-0.6456370148889305,-54.56213474410666,0.5568773689615909,0,0,0
2.1941604493541575,0.03118568279187599,37.675781398460714,-0.6428480951058333,-53.92402298024385,0.5533022791625456,0,0,0
2.2350526986273564,0.02984722932624635,37.102892584936086,-0.6070719448327339,-53.453896125941725,0.5188264491755348,0,0,0
2.2667378510609666,0.02677364278777077,36.678211975064215,-0.5438103647235437,-53.12867374202477,0.4588571474230207,0,0,0
2.2873970487840865,0.02219116179673506,36.36163316617342,-0.4603253329300941,-52.902762721225145,0.3803887911573952,0,0,0
2.2971250607675984,0.016476454769812677,36.113256932089314,-0.36427547623883927,-52.731628900613316,0.290692486033285,0,0,0
2.297507477763858,0.01007575890887864,35.909511655476535,-0.2617805891314077,-52.589293848342635,0.19543034271354146,0,0,0
2.2908994420618427,0.0034082942448307564,35.74952451817572,-0.1557619456676605,-52.47542424764302,0.09702844362091127,0,0,0
2.2796341076271744,-0.003211813873879521,35.653310212197766,-0.04562185420818991,-52.41323090299798,-0.005619787539825438,0,0,0
2.2653378311712373,-0.009608330692559263,35.65546773029763,0.07131612877944064,-52.442020191731245,-0.11568936000380177,0,0,0
2.248474464116626,-0.01573243709836305,35.79726788586186,0.19729957677953963,-52.60783131697124,-0.23589667581065613,0,0,0
2.228243391802465,-0.021631129059845478,36.11816194178411,0.33196191637767924,-52.953738544034735,-0.3662971607022598,0,0,0
2.2029345598885612,-0.02740832973022265,36.64667404285419,0.47155424506757415,-53.51009400133998,-0.5034771130371866,0,0,0
2.170654544135374,-0.03317651988356971,37.39137326285862,0.6096960283690095,-54.28556734206279,-0.6412220280676536,0,0,0
2.130072677800456,-0.038998541693766244,38.334628933968816,0.7388881634294364,-55.261729479331706,-0.7719239242931053,0,0,0
2.0808137701691436,-0.04483325018221222,39.432876095866106,0.8518823619873842,-56.394600507635914,-0.8878696454932197,0,0,0
2.0234241804616317,-0.05050868278506471,40.62505410615228,0.942476916779657,-57.6240649787145,-0.9820304307497224,0,0,0
1.9591342432261456,-0.05574922120456023,41.84648480186581,1.0059192835950939,-58.887644528319555,-1.048571516581012,0,0,0
1.889648690689512,-0.06027263957329154,43.04219184649213,1.039376266766689,-60.132470145929034,-1.0835457039584468,0,0,0
1.817005329349115,-0.06393347106553052,44.17429135017147,1.042703084654073,-61.32071664666344,-1.0859348259381363,0,0,0
1.7433876362659788,-0.06683459759199764,45.222037053658426,1.0191982850760695,-62.42813562446847,-1.0585999008974512,0,0,0
1.6707511797568628,-0.0693164421486557,46.17735477773505,0.9756530221862107,-63.439453709844855,-1.0083513667968362,0,0,0
1.6002081641556458,-0.07179886795735513,47.04043671052108,0.9211999202179897,-64.34555104092445,-0.9446645141329413,0,0,0
1.5313198334800688,-0.07455361820972399,47.81840410939935,0.8651661502351032,-65.14491560144415,-0.8773704315793139,0,0,0
1.4617267018804796,-0.0775411690581734,48.52661178472951,0.8147870414250746,-65.84772848830622,-0.8143054830580354,0,0,0
1.3876493486825865,-0.08040836110853747,49.18940631772821,0.7737221024080299,-66.47811417560428,-0.7598897608393684,0,0,0
1.3054355008880805,-0.0826409607810021,49.83705330833217,0.7418228937340501,-67.07071012004391,-0.7149970742828685,0,0,0
1.2135980611289057,-0.08377367451280833,50.498146304216846,0.7159604180072876,-67.6613488441127,-0.6777844312725193,0,0,0
1.114237000107778,-0.08353837933765788,51.19006226074288,0.6913531150413291,-68.27552497650939,-0.6448295880648913,0,0,0
1.0129217182637404,-0.08188650786254356,51.91151237425177,0.6628587628924322,-68.91961425505713,-0.6120763076925613,0,0,0
0.9169780284559579,-0.07891326297683462,52.64026599099893,0.625950346148727,-69.57810636729715,-0.5754719344657702,0,0,0
0.8330144346287796,-0.07477650320456349,53.33695895780792,0.5773620700409936,-70.21729802257005,-0.5314729115827646,0,0,0
0.764824370779067,-0.06969358812705195,53.95396786093437,0.5155028545251298,-70.79384692157336,-0.47759806644994,0,0,0
0.7124547548546332,-0.06401973874671399,54.446991738323675,0.4406607131154459,-71.26567867836977,-0.41297780147105245,0,0,0
0.6725940721121333,-0.05832440287450567,54.78611524621678,0.3549058231406718,-71.60244783296392,-0.3386324820875046,0,0,0
0.6398843166369517,-0.053363015720078975,54.96302701813815,0.26163575442033676,-71.79284329143192,-0.25725191399730535,0,0,0
0.6084996196175609,-0.049908721834428606,54.99208185358347,0.1648900955957373,-71.84669078454331,-0.1725151334074269,0,0,0
0.5734006736617658,-0.048505611361493096,54.904753435371305,0.06867608698260881,-71.79112685882322,-0.08822503460262396,0,0,0
0.5309929713627213,-0.04925975239826954,54.739120492149596,-0.02354427787151394,-71.66184979738443,-0.007542184662213458,0,0,0
0.4792915610629507,-0.05176872995203752,54.52786991845514,-0.10922022942252738,-71.49213339503018,0.06754200421866016,0,0,0
0.41789081011167184,-0.055223092710107835,54.2891669469563,-0.1869766263464953,-71.30325770137142,0.13645323250264596,0,0,0
0.3479583210138486,-0.05863440617277575,54.02371982763401,-0.2567075640458768,-71.09954836859629,0.19995162787523668,0,0,0
0.27222684679637155,-0.061094593452494905,53.71852508221923,-0.31934772660989097,-70.8692687681955,0.25965587483978536,0,0,0
0.194767455334258,-0.06196899291565785,53.3547894440984,-0.3762582518596787,-70.59025863618317,0.3172256058593092,0,0,0
0.12036314501105494,-0.060962483710484607,52.91634898275183,-0.42838556457719223,-70.23791550793746,0.3734555524502866,0,0,0
0.05354025490919412,-0.05805502535523459,52.39595137767938,-0.47555543512991677,-69.79332701267955,0.42766303512522086,0,0,0
-0.002446314907388114,-0.05336198672501809,51.79860458748456,-0.5162870545173263,-69.25013203614546,0.4776724755575941,0,0,0
-0.046289255494812664,-0.04700845529064139,51.14217091677452,-0.5482711559410461,-68.61887080023013,0.5204205854115515,0,0,0
-0.07863186574212477,-0.039087716431360775,50.45526484637767,-0.5692683329138447,-67.92729427288157,0.5528812671746153,0,0,0
-0.10125869248939523,-0.029712328584025727,49.77231556715597,-0.5779376215233725,-67.21550304377797,0.5728655603608729,0,0,0
-0.115729057138509,-0.019109827573393544,49.12629640178304,-0.5742090408324259,-66.52653294579548,0.5794051384473959,0,0,0
-0.12212623189256533,-0.007698260150704073,48.54100826822355,-0.559180983438722,-65.89534251448077,0.572761017492897,0,0,0
-0.1186503175172362,0.003906457686295539,48.02584175308078,-0.5348424215001188,-65.34045609644934,0.5543320506798353,0,0,0
-0.10235583050599928,0.014966994720192871,47.575413228864676,-0.5039226835871062,-64.86160303257444,0.5266622451110947,0,0,0
-0.07073513072288051,0.02476109008614884,47.17425857442757,-0.46986570640975456,-64.4438641234635,0.49343249459589344,0,0,0
-0.02344234659784661,0.03272100190506251,46.80414154329216,-0.4366014903849361,-64.06571683775059,0.4590814074812585,0,0,0
0.03661826195556728,0.038516088443843445,46.45018037248337,-0.4077862165408021,-63.70681152934711,0.4278121246847263,0,0,0
0.10338069170711606,0.04205455479649629,46.102944080903455,-0.3855912261743498,-63.35224834911918,0.4021997215380878,0,0,0
0.16897903511936363,0.043428745790227194,45.75660778228013,-0.3696359047144739,-62.99296932692263,0.3820804837753542,0,0,0
0.22595132656122985,0.04285390236680513,45.40630066330661,-0.3568012752990626,-62.62468896896539,0.36445129939987453,0,0,0
0.26943182729992543,0.04063912025538201,45.048434236375016,-0.3422230003070865,-62.24841169894822,0.3445967457866857,0,0,0
0.2984193160723976,0.037192704275808806,44.68509600648005,-0.32104149133897975,-61.873345299099896,0.31792905827528556,0,0,0
0.31563714038503576,0.03302953588350732,44.329482705936044,-0.2900284647724902,-61.5196512586958,0.2816178801463707,0,0,0
0.326183193162052,0.028740577893127294,44.00740047587405,-0.24833184582080606,-61.21709003857569,0.2352781340791438,0,0,0
0.3356560718309396,0.024907253619497284,43.7520285713567,-0.1971496589771192,-60.99789666559664,0.18057978438477845,0,0,0
0.34848469616024147,0.021980170673271005,43.59372662990236,-0.13874586711885967,-60.88642625499773,0.12021479601248472,0,0,0
0.3669136207906405,0.020171237281819288,43.54989572475847,-0.07549331792955342,-60.8906327278834,0.05688838801833072,0,0,0
0.390786470638389,0.019410468916495914,43.619625622695395,-0.00945165848009708,-60.99946700832774,-0.0071796541438374105,0,0,0
0.41805157131433646,0.019389423065763366,43.785111192508936,0.05748026432725908,-61.18717148307485,-0.07019595427318563,0,0,0
0.4457530332939399,0.019673764223450973,44.01884199211801,0.12320252291726774,-61.42254100884054,-0.1304967144243477,0,0,0
0.4711442001181183,0.019843814043812812,44.29350105707948,0.1852450399310129,-61.67952781876491,-0.18635738218682718,0,0,0
0.49252400523735673,0.019619853526165798,44.59057942167908,0.2409064429489689,-61.94514184053827,-0.23600061730506922,0,0,0
0.5095313710426694,0.018938503928329454,44.904285349208635,0.28755329381359046,-62.22161080142766,-0.27769906102767267,0,0,0
0.5229208353965618,0.017958949147114822,45.23942570504673,0.32292615720919854,-62.52205718281917,-0.3099070539130707,0,0,0
0.5340942122690677,0.01699281699193591,45.60447897066683,0.34541997840330796,-62.86147048746491,-0.3314546801160304,0,0,0
0.5446832314218994,0.016374424160950696,46.00279105939205,0.35433483090635887,-63.24643242804842,-0.34180016247273953,0,0,0
0.556298660073935,0.016318446882726788,46.425428662894376,0.3500409456418708,-63.667623338160126,-0.34123373651605393,0,0,0
0.5703759621095372,0.016831591967034855,46.84888719478738,0.3340084439937755,-64.09853754745845,-0.33093151268653853,0,0,0
0.5879797412336956,0.017726390347768017,47.239310976542015,0.30872773268393133,-64.50171828423515,-0.3128718450145726,0,0,0
0.6094972749034469,0.018728409430929106,47.5621903011816,0.27759221258646105,-64.84054263356794,-0.28971985211943263,0,0,0
0.6343286689453862,0.019612774294907355,47.79391051349819,0.24479598175855982,-65.09186518392545,-0.2647869811832663,0,0,0
0.6608399249077053,0.020292384836754707,47.930663861616836,0.21524262971965982,-65.25445696740366,-0.24208559729071907,0,0,0
0.6867952745203496,0.020812586274014677,47.99156267604795,0.1943590562002271,-65.35032925157338,-0.22633398758075884,0,0,0
0.7102049297058528,0.02126343116020024,48.01534783091134,0.18758837857715208,-65.4192557040135,-0.22260335338120285,0,0,0
0.7302219552181413,0.02167161562892801,48.05243878825243,0.1993654234368421,-65.50934029929758,-0.23533826349722062,0,0,0
0.7476070797894465,0.021946840884298525,48.15521735658865,0.23169691278460788,-65.66728840095561,-0.26685753790221156,0,0,0
0.7644245228140818,0.021918218122534937,48.36901922489665,0.2829173854796238,-65.93096321396771,-0.31595422391407907,0,0,0
0.7830102737115396,0.021433891728756295,48.7247709805589,0.3473731711460431,-66.32457108127048,-0.37742458827404735,0,0,0
0.8046958975229757,0.020458902089221454,49.232965210910436,0.41645859681866854,-66.85510091920736,-0.44301300924227005,0,0,0
0.8289656837464321,0.019114705267760712,49.87915942902768,0.4807679671157956,-67.50911801259005,-0.5035548502832313,0,0,0
0.8535108501707356,0.017641688880415528,50.62308436829443,0.5325654881547962,-68.25140742306624,-0.5514947296257617,0,0,0
0.8751788421952682,0.01630263417260238,51.40439557307727,0.5676410345243937,-69.02870285014413,-0.5828031260044554,0,0,0
0.8913842954125641,0.015265763303429481,52.156148644234634,0.5859474204964272,-69.78045934399609,-0.5976453698156945,0,0,0
0.9013519823834599,0.014511946821174604,52.823027502069294,0.5909908533423192,-70.45480420684581,-0.5997517262207765,0,0,0
0.9066388440222966,0.013802960805151088,53.37809366980039,0.5884485949520695,-71.0242875955552,-0.5949692760986665,0,0,0
0.9106334215154703,0.012726092523541866,53.83162770183259,0.5846490865812143,-71.49531966100017,-0.5896674083320761,0,0,0
0.9170821558483766,0.010799255926836792,54.22849342986092,0.5853208184948017,-71.90741691212466,-0.5894504141507951,0,0,0
0.9281297419232857,0.007593358802550654,54.63467951398209,0.5946288750525127,-72.32208834347824,-0.5982272468602418,0,0,0
0.9427255055744865,0.0028245649679831787,55.11745116043113,0.6143233265013095,-72.80479368019402,-0.6174622717288628,0,0,0
0.9562266089818507,-0.003605428976267433,55.725650294839824,0.6429818185982669,-73.40579209591081,-0.6455554466449371,0,0,0
0.9615034094391035,-0.011606997222364157,56.476292553242445,0.6756451104051138,-74.14591156457419,-0.6775911338635439,0,0,0
0.9511124302207747,-0.020902972584634937,57.350684323602394,0.7042603664258337,-75.01097531874655,-0.7058083714645733,0,0,0
0.9196299450923959,-0.031003655632120798,58.29938190924773,0.7191066704688012,-75.95508206128471,-0.7209378452322767,0,0,0
0.8652976926207856,-0.04116220340447683,59.25284568805196,0.7109502831540311,-76.91035867329518,-0.7141816273730797,0,0,0
0.790568871798655,-0.050359375574977605,60.13454477385153,0.6733392669004417,-77.80019893419063,-0.679324664659589,0,0,0
0.701603695669121,-0.05738612299492729,60.874231366090925,0.6043521067829658,-78.5534033756459,-0.6143820596698987,0,0,0
0.6070455995271686,-0.061061803401521786,61.41956013454893,0.5072837641883439,-79.11679536444743,-0.52231190358319,0,0,0
0.5165077078785174,-0.06055061764865712,61.744182345522404,0.3901201597013852,-79.46390461720904,-0.41061682019411594,0,0,0
0.4391317498247105,-0.05566176678997721,61.85084382943555,0.2640453339751815,-79.59804032678991,-0.28999498982558125,0,0,0
0.38236537903257783,-0.04699450781299106,61.76917136266948,0.1414316966171924,-79.5496126926098,-0.17241404081125894,0,0,0
0.35088537542388565,-0.0358440096980928,61.54913019512588,0.033731602210221465,-79.36903060040609,-0.06901157718109233,0,0,0
0.3456062537342035,-0.023891688689344902,61.251885920616246,-0.050422301289611934,-79.1171435206877,0.01182379017151618,0,0,0
0.36301227719262386,-0.012801144034568779,60.93983524899954,-0.10663363128627168,-78.85503195954053,0.06586317381578226,0,0,0
0.395352614490875,-0.0038718113883447814,60.66716265422389,-0.13538544494946905,-78.63449908140777,0.09363973052287519,0,0,0
0.43212877481772693,0.0021435079945845816,60.471860795953745,-0.14169535745618306,-78.49031470600156,0.10006633018291211,0,0,0
0.4626868087756719,0.005039837874187469,60.370008353194805,-0.13380052326717476,-78.43516547393074,0.0931359648274082,0,0,0
0.47903415918148085,0.005044608950665008,60.353223821686214,-0.12119243101815584,-78.4581636262896,0.08204015152734882,0,0,0
0.4777895939950696,0.0026846407429587773,60.39032789602771,-0.11253110069693832,-78.52750731198029,0.07519801065865579,0,0,0
0.4605668297705563,-0.0012967073641135586,60.43389025487372,-0.11398117925897396,-78.59737702496079,0.07866991725451271,0,0,0
0.43276375777445253,-0.005978910637944068,60.431166129997735,-0.12834558420203734,-78.61825304433572,0.0952757953968387,0,0,0
0.40133146493053573,-0.010323703335170364,60.337205884944325,-0.15511537551113008,-78.5486290851326,0.12453739659015639,0,0,0
0.3724526611637913,-0.013305517289893487,60.12657491364686,-0.19128768297543958,-78.36516341410115,0.16336228798386684,0,0,0
0.35004520355148827,-0.014096675943746107,59.800023456409804,-0.23259116753814055,-78.0683327869954,0.20719636174619893,0,0,0
0.3355635081114343,-0.01223689009130453,59.38370681220351,-0.2746815660533315,-77.68174112743938,0.25125405020106084,0,0,0
0.3288917414660233,-0.0077187514404116085,58.920707040842444,-0.3139786354190733,-77.24494074009999,0.2914813020695249,0,0,0
0.32963163587673705,-0.0009632345155580424,58.45713152344041,-0.3480442964528578,-76.80154259409207,0.32509435356418803,0,0,0
0.3380673997440198,0.0072950516518275775,58.02731214630481,-0.3756016563426897,-76.38620000882761,0.35072451753611633,0,0,0
0.3554206930820243,0.01616477432158092,57.6435122354944,-0.396373176963192,-76.01496680996968,0.36828913040706085,0,0,0
0.3833793153664402,0.02474546744848851,57.294103900682984,-0.4108879527121644,-75.68256400426554,0.3787252613274859,0,0,0
0.4231314126188721,0.032236313022879416,56.95072316546916,-0.42031507110920074,-75.36730950869384,0.3836927544527839,0,0,0
0.4742819814488115,0.038008600739225074,56.58118932151743,-0.42625150956251334,-75.04138390977144,0.38525528593918634,0,0,0
0.5341004043796005,0.04165886405327228,56.16284314401494,-0.4303072528376333,-74.68227211003054,0.3854343215244029,0,0,0
0.5974998780363734,0.04304577279776396,55.69114392928816,-0.43340698914125253,-74.28108017372054,0.38554819647135047,0,0,0
0.6579266383402285,0.042292261420679725,55.180556101111506,-0.4349719684023142,-73.84481358291154,0.38544153807197007,0,0,0
0.708977748858274,0.03973417660262442,54.65819194521731,-0.4323789680900404,-73.39238788070813,0.38292613633292943,0,0,0
0.7462202764094599,0.03582408336733778,54.15405899506408,-0.42112262251449406,-72.94719937884804,0.37382064504600976,0,0,0
0.7685251277216594,0.031030977866331,53.69324225489228,-0.39588574777141333,-72.53071804411411,0.3528388328754346,0,0,0
0.7783433072888215,0.025782121772270728,53.293792551471256,-0.3523146115989846,-72.16055142924998,0.3152359404396293,0,0,0
0.7807210813926844,0.020462398561421936,52.97031421978258,-0.28884216880204006,-71.85330264093625,0.25865466743840104,0,0,0
0.7813722462922499,0.015444133719424259,52.739496940324216,-0.2076747767052609,-71.62910305823374,0.18430266955737692,0,0,0
0.7845917601121215,0.011102474837984743,52.622331843803295,-0.11434888813625718,-71.5129955810171,0.09679960201827384,0,0,0
0.7919216221023078,0.007791221006033311,52.6396970280251,-0.016028458289238757,-71.52991270563425,0.0027443502307448854,0,0,0
0.8021238636505927,0.005790609624376941,52.80272224126776,0.08056494278117157,-71.69453349933653,-0.09122939970652624,0,0,0
0.812367975534471,0.005257894357191617,53.1038083340589,0.17057466741534028,-72.00178688733777,-0.17995188096808193,0,0,0
0.8200024972381215,0.006200493301322751,53.51470306385474,0.2512977456795795,-72.42439186052539,-0.2602282194208584,0,0,0
0.824132486469793,0.008471782907034254,53.99377441217169,0.32158682289972373,-72.91975587654059,-0.3304777699261365,0,0,0
0.8264312239654288,0.01178537073990924,54.498891682704,0.38104427251227835,-73.44301204117937,-0.390064327832917,0,0,0
0.8309222508607377,0.015747504697282012,54.99953922562466,0.42957497505119874,-73.9600702389308,-0.4388455096617463,0,0,0
0.8427260144059119,0.019901768418725395,55.483291676578375,0.4673427199092771,-74.45558483514483,-0.4770341512868157,0,0,0
0.8660900753625924,0.023772077559539185,55.95536516932145,0.4947256940849769,-74.9338807574951,-0.5050602726448232,0,0,0
0.9024454675112139,0.026895327660302826,56.43277456892608,0.5119342252806376,-75.41363885934626,-0.523166326631116,0,0,0
0.9493966690751279,0.02885013668820733,56.935446778537084,0.5184320217933106,-75.91836780225171,-0.5308709698852596,0,0,0
1.0011415478378467,0.029297646728508653,57.47614944036053,0.512617397946508,-76.46487501220469,-0.5266876168960181,0,0,0
1.0500887511298629,0.028048038632582005,58.051065274908666,0.4920448940371841,-77.052389613786,-0.5083150539145294,0,0,0
1.0889557738411497,0.025149717616626786,58.634045316661116,0.45407897635108724,-77.65605512683655,-0.4732007958517329,0,0,0
1.1126338533518663,0.02096528226317105,59.178094630104795,0.39669605346862225,-78.22846557539319,-0.41926764583731424,0,0,0
1.1194076912505153,0.016171262871577597,59.62506566216908,0.3192421945733003,-78.70988821013955,-0.3456798598964809,0,0,0
1.1114026371865577,0.01163635589650056,59.9199881659965,0.2230944390482051,-79.04322077807609,-0.2535949955386002,0,0,0
1.0942231905721798,0.008197808454418976,60.02408144008925,0.1122091838723378,-79.18759279366216,-0.1468101710807332,0,0,0
1.075742897994303,0.0064179752482061755,59.922325704007676,-0.006564342828281155,-79.12655721586825,-0.032099599812042356,0,0,0
1.0641580962269899,0.006417622667257206,59.62519651465908,-0.12371186824661606,-78.87043745831107,0.08107491007059764,0,0,0
1.0657602280401335,0.007847228007184981,59.166391169019136,-0.22816032464951946,-78.45431775763771,0.18175320127255928,0,0,0
1.0831196323820365,0.00999503385044136,58.59824127908391,-0.3092417871370657,-77.93297672301202,0.2594693234275411,0,0,0
1.1142685036119246,0.011974029222112392,57.985421846625854,-0.35889833102737045,-77.37338561190643,0.30641210851045175,0,0,0
1.1531320005137218,0.01291568681243831,57.396926634194955,-0.37320771809579584,-76.84530602613057,0.31888666569464874,0,0,0
1.191106133423716,0.012128588488734238,56.8964913836096,-0.3526480696007866,-76.4109335626676,0.2975706260249467,0,0,0
1.219358029754929,0.00921153034469171,56.53264779079842,-0.3012527717050716,-76.11519497586414,0.24673565358074256,0,0,0
1.2311429294076817,0.0041111870303709,56.331004855722796,-0.22534670029804432,-75.97909969297157,0.17305178922688072,0,0,0
1.2233800586965629,-0.002894382373294491,56.29200425913129,-0.1325325803335602,-75.99872613671567,0.08453593289794696,0,0,0
1.1970287828816453,-0.011286704139648407,56.39584500799981,-0.031129520362293307,-76.15085095561878,-0.010185959146841127,0,0,0
1.156273399673907,-0.02043288717103593,56.612668797608364,0.07020447633200319,-76.40308092250365,-0.10247984644828137,0,0,0
1.1068720983438425,-0.02968822603619401,56.91292416603869,0.16302390315180731,-76.7237998653689,-0.18437877868548186,0,0,0
1.0541758086490916,-0.038443741236814336,57.272915475748306,0.23987328422520876,-77.08761739403255,-0.2493038346773801,0,0,0
1.0014014622154406,-0.046136626014842363,57.67412664300292,0.29499068671889006,-77.47524520337484,-0.2925737427428004,0,0,0
0.9488031288033625,-0.05226745434389528,58.09897139751499,0.3246076747102478,-77.87010449061339,-0.3114891250051045,0,0,0
0.894223873061776,-0.05644853222537023,58.52673041512767,0.32683763284827305,-78.25472134952241,-0.3050752836065129,0,0,0
0.8349206173867856,-0.058466021776175124,58.93138063305051,0.3014885766874471,-78.60823332263794,-0.27383538351534187,0,0,0
0.769776669259258,-0.05831337277497965,59.280911722911696,0.2501615380966996,-78.90483712039958,-0.2198323680693221,0,0,0
0.70070551525761,-0.05616383574398185,59.53808100623377,0.17666823068132942,-79.11361738676672,-0.14708704102699244,0,0,0
0.632543460627943,-0.052288848463614104,59.66422133648254,0.08740578969326407,-79.20160379168391,-0.061920957839259924,0,0,0
0.5716131819121557,-0.046974034102305495,59.627554564482836,-0.008791897563659746,-79.14143475765707,0.027210646706541296,0,0,0
0.5237383705940459,-0.04049865835196016,59.41453954700569,-0.10153804211982446,-78.92212354606212,0.1105801103927547,0,0,0
0.49253745120927306,-0.033198608910288384,59.0395977825616,-0.1803029759621239,-78.55848780430247,0.17853303550209887,0,0,0
0.47851297757929956,-0.025552463599393605,58.54818453993556,-0.23592907929358092,-78.09445478176744,0.22292000643460314,0,0,0
0.47906278778030753,-0.018192447035956148,58.01105242187839,-0.2619516795188844,-77.59799802354797,0.2383315293638617,0,0,0
0.4892372895421744,-0.011791879187155985,57.51134999392943,-0.25566259422083987,-77.14892024559487,0.2230641482216953,0,0,0
0.5029345282839017,-0.006871017210090713,57.12835087342927,-0.21889790121331315,-76.82290296761695,0.17978788471048973,0,0,0
0.514252033265322,-0.003613208715195526,56.92162092997589,-0.15833706175808118,-76.67563705605355,0.11572357752815207,0,0,0
0.5187810448980485,-0.001769815730702362,56.918564211044924,-0.08491467239023223,-76.7303020931281,0.04198454168732724,0,0,0
0.5146246687563831,-0.0006905594244599911,57.10759539427414,-0.012051868256023113,-76.97096230946696,-0.02817082506030033,0,0,0
0.5029030098112486,0.0005244644785776132,57.438575552349704,0.04713790591113991,-77.34355591055217,-0.08203762852124896,0,0,0
0.48760628344209067,0.0027921697179181136,57.83116892942488,0.08295559927513807,-77.7648877707806,-0.11046704087852674,0,0,0
0.47483929390224944,0.00680613285090601,58.19045105865928,0.09150545252839493,-78.1386423874292,-0.11020112212854087,0,0,0
0.47160738333469965,0.012870144763721215,58.42766585737533,0.07549843383155803,-78.37616303237044,-0.08466971624984865,0,0,0
0.48430743256608366,0.020859529448414092,58.48243148098979,0.043196799716204735,-78.41837430876046,-0.0429157507557818,0,0,0
0.5171589867213555,0.030308644350502335,58.34090598668081,0.005920627165383508,-78.25359065438013,0.0029861334284333905,0,0,0
0.5709958567929618,0.04056608018151593,58.04340539871322,-0.02504658048934232,-77.92491418890236,0.04116930572060653,0,0,0
0.6429534809025341,0.050931006413848935,57.67660526829147,-0.041306188558641564,-77.52233421855203,0.06294951001658547,0,0,0
0.7273763393821895,0.06071073976072512,57.35053220820697,-0.039343713409786575,-77.15945960068592,0.06485843083186467,0,0,0
0.8177111122614065,0.06921663042501933,57.16680166592798,-0.021371475736100366,-76.94110097518262,0.04942633338142741,0,0,0
0.9085638116264079,0.07578091496867216,57.18810974745628,0.005051671903248689,-76.9318628533461,0.024706608861521318,0,0,0
0.99691634758058,0.07985740419481147,57.41810704383846,0.02853827180459234,-77.13539267061475,0.002679914105871717,0,0,0
1.0819466915095006,0.08117209147400502,57.79701392456141,0.03634053959353025,-77.49005807911055,-0.0032780442153210743,0,0,0
1.163773687584893,0.0798146356692527,58.21395110001433,0.01739662063875471,-77.88189969855617,0.018468325539694776,0,0,0
1.2421165822528053,0.07618921970140206,58.532948200022275,-0.0347243624599912,-78.17130822014525,0.07473912302640998,0,0,0
1.3157330286694702,0.07084772897595286,58.62628870472673,-0.11984407637807237,-78.22679151332142,0.16542662781558307,0,0,0
1.382716771533012,0.06431336447940054,58.40681079464852,-0.23079630224959544,-77.95769463105557,0.2830485276836157,0,0,0
1.4410998375950612,0.05700206316214036,57.850571474679015,-0.35468921553964206,-77.33765096315508,0.41405838354071706,0,0,0
1.4892685363962102,0.049269115300143086,57.00328858360706,-0.4753031811177351,-76.41206837042182,0.5413971246806113,0,0,0
1.526188402020935,0.041508585086600644,55.96836090214725,-0.5759246441950466,-75.28683469702679,0.6475132331390597,0,0,0
1.5516974564204133,0.0341908662625201,54.880146724960326,-0.6420428725146365,-74.10137757650995,0.717192551638837,0,0,0
1.5669369792019836,0.027782415991099187,53.87121488844204,-0.6635671584974346,-72.99480883520758,0.7398244777359195,0,0,0
1.5746378445109315,0.022607066538049024,53.04398211338406,-0.6363744537010205,-72.07608683230444,0.7109598472098725,0,0,0
1.5788595384508994,0.01876939492007921,52.45470465806386,-0.5629952355137675,-71.40676736716557,0.6330349159067851,0,0,0
1.5840252448780063,0.016201887669147652,52.11251947487591,-0.4521763414831327,-70.99938270375688,0.5150109795245215,0,0,0
1.593557188580462,0.014779775026597974,51.990617119752386,-0.3171598165626648,-70.82854673596222,0.37070704361923956,0,0,0
1.6087874369135022,0.014392208177071097,52.043066257638316,-0.17292368629144902,-70.84809615895685,0.2159989633447225,0,0,0
1.6287937867958533,0.01491261685629297,52.22061911954134,-0.03314390712062902,-71.00730180408723,0.06563358705779195,0,0,0
1.6512874130876867,0.016110374214575528,52.48152516877573,0.09214399342275499,-71.2619585751766,-0.06930371062999541,0,0,0
1.6739861522869148,0.01759855838173934,52.796762736520606,0.19749931243953256,-71.5797642608344,-0.18250790154474714,0,0,0
1.6956195381911243,0.018881866415755157,53.150909862045836,0.2816072180033501,-71.94138794306272,-0.27208359518839415,0,0,0
1.7160631477649133,0.019487052596660705,53.53977581723575,0.34594654894930843,-72.33847296462966,-0.3392567251501447,0,0,0
1.7357415866566868,0.01909249157345556,53.96542204761161,0.3933832157412098,-72.7691239386044,-0.3869857074184466,0,0,0
1.7548451222682928,0.017575344153883066,54.429697782459186,0.427258511461514,-73.23184638261304,-0.41904927838754985,0,0,0
1.7728439090355579,0.014962696890027872,54.92859165490941,0.4510483108975677,-73.72021865564082,-0.4396662566493575,0,0,0
1.788427714547069,0.011348777409708077,55.45008260924547,0.4682493073479691,-74.22111398746367,-0.45327652378034883,0,0,0
1.7997123526480578,0.006855979713601812,55.976898415050414,0.48211229871691896,-74.71795323314132,-0.4640997477282383,0,0,0
1.804547228334684,0.0016607958436281934,56.49320423415648,0.49517965816631315,-75.19779458796273,-0.4754654778330433,0,0,0
1.8009143819879654,-0.003966026191913841,56.99200827775141,0.5089375132944184,-75.65862114167018,-0.48929750708427094,0,0,0
1.7874739263839956,-0.009672635453728162,57.479255810000296,0.5238992291713259,-76.11252949863788,-0.5061438032190892,0,0,0
1.7641793353271424,-0.015105863825056076,57.972032849215026,0.5400762644181072,-76.5823854203451,-0.5257306627040037,0,0,0
1.7326711062011952,-0.020000338820781848,58.49157239889888,0.5574017599792427,-77.09312774296009,-0.5475481381317053,0,0,0
1.6960813247375484,-0.024206482522032502,59.054797180555795,0.5756377828845416,-77.6620990094471,-0.5708963532117366,0,0,0
1.6581187677310112,-0.02764612163173581,59.668690074172446,0.5937177768144579,-78.29328441480394,-0.594277783790119,0,0,0
1.6217852707849971,-0.03025409792155358,60.32935429909048,0.6090535846125107,-78.97752528268086,-0.6146764846258123,0,0,0
1.5884243263392506,-0.03197414239227925,61.0241002090379,0.6175714330261058,-79.69659536878072,-0.6275539278728729,0,0,0
1.5576475274277328,-0.03282104042673524,61.73327624389583,0.6148352396204132,-80.42691676525868,-0.627986983292186,0,0,0
1.5280860120173259,-0.032955729479000696,62.43038200230106,0.5978052577359421,-81.14057242586392,-0.6125284943521677,0,0,0
1.4983734027724296,-0.032703231561335144,63.08254412387652,0.5662239025909429,-81.8053859879283,-0.5807577599944779,0,0,0
1.4677325024612031,-0.03248245235386378,63.654970140261355,0.5228199160246845,-82.38806877736661,-0.5356267533332982,0,0,0
1.43596893105979,-0.03267597722884545,64.12038524541916,0.4723260604138346,-82.86225525326697,-0.48249195488515967,0,0,0
1.4031138114111883,-0.03350580385529298,64.4696249762583,0.4200407650400024,-83.21841268648177,-0.42751238157946714,0,0,0
1.369049009124197,-0.03497514357787566,64.71703620646522,0.37076329028882354,-83.46967660939188,-0.3762987856920802,0,0,0
1.3332942441923734,-0.03689329698762691,64.89688923441929,0.3284180994888118,-83.64955194813692,-0.3332664336966616,0,0,0
1.2950254984965426,-0.03895362453274771,65.05261490322883,0.2960717797274441,-83.80244483153245,-0.3015285042997192,0,0,0
1.2533662877863208,-0.0408205432995075,65.22450785943792,0.2758418095042714,-83.97171918457539,-0.28287759509848626,0,0,0
1.2078960916489763,-0.042204143437662364,65.44090914678407,0.26849631493199694,-84.18990462217948,-0.27759494232157633,0,0,0
1.1591530421410567,-0.04292485299128117,65.71456299718918,0.27301487294147364,-84.47323676283054,-0.2842358495432876,0,0,0
1.1088371574449525,-0.04296476185170946,66.04326192115096,0.2865709571194316,-84.8206710309255,-0.2997415244965538,0,0,0
1.059527069466128,-0.04248150879163859,66.41338823530407,0.30512473065507495,-85.21684472835148,-0.3200227675658226,0,0,0
1.0139274966831664,-0.041761942063125446,66.80534839473913,0.32434306496818693,-85.63820467648273,-0.34077226305600733,0,0,0
0.9738652814983766,-0.04112377086763388,67.19977370567304,0.3403619252112208,-86.06077118191465,-0.35811211773625756,0,0,0
0.9394013906071024,-0.04080613907812847,67.58274577765954,0.35016078183591615,-86.46709185435742,-0.368923909485423,0,0,0
0.9084791562759875,-0.04089656670916213,67.94813654097004,0.3517235201597373,-86.84977962379514,-0.37104612908454726,0,0,0
0.8774060778652881,-0.041319976184239236,68.2960455529107,0.3442757948666156,-87.21016746209253,-0.36357661032194244,0,0,0
0.842128579109982,-0.041882458288064583,68.62812711155013,0.3286294298345808,-87.55284036193797,-0.3472506100022798,0,0,0
0.7998347008676916,-0.042336832980815586,68.94251696514323,0.30734230973151,-87.87914371703371,-0.32458546781465714,0,0,0
0.7501873750494354,-0.04243411582987733,69.23179819878655,0.2843570146773743,-88.18369805367601,-0.2994820578470751,0,0,0
0.6956373956025601,-0.04194882703028498,69.48601986981711,0.26406153724925047,-88.45643713414492,-0.2762662855375709,0,0,0
0.6407024865854822,-0.0406966799467412,69.69968253364988,0.2500931685288606,-88.68935082837427,-0.25851692351369876,0,0,0
0.5905591668750105,-0.03856952721616409,69.87877149205423,0.24440369199727457,-88.8840593546293,-0.2481941266491816,0,0,0
0.5495241231996033,-0.03558782092599415,70.04334385244678,0.24697284623545102,-89.0555917603854,-0.2454197893174154,0,0,0
0.5199131203042526,-0.03194101157249492,70.22336115015204,0.256163515030957,-89.22975470973313,-0.24885615763830343,0,0,0
0.5015123568085755,-0.027980534619875642,70.44906822625865,0.2693315012775429,-89.43494885893213,-0.25627702163654364,0,0,0
0.4917108057036472,-0.024153571342560555,70.74008247288344,0.28323810126692023,-89.69210872858434,-0.264908043195868,0,0,0
0.48625036985004044,-0.020898708633043838,71.09785557390464,0.2941179690091104,-90.00703825511212,-0.27143343198451647,0,0,0
0.48042458514274244,-0.018541368111922907,71.5041521154528,0.2976617365529449,-90.36770529341675,-0.27194138716837984,0,0,0
0.47038202885067903,-0.01721738930372254,71.92511321156198,0.2893348218346688,-90.74646827004145,-0.2622032231375272,0,0,0
0.45410168217695457,-0.01683087362227127,72.31840088248632,0.2652405553809615,-91.1055175661036,-0.23846925354530413,0,0,0
0.43171540025504385,-0.01704343005696245,72.64086222374098,0.22331925249775395,-91.40368514821944,-0.19858637205847174,0,0,0
0.40514548575578146,-0.017308186883791165,72.85538885758368,0.16436320078415748,-91.6034732263131,-0.14296588750222555,0,0,0
0.3773502301623779,-0.016979934245753725,72.93669207079347,0.09233291386769622,-91.67762399176067,-0.0749423467511349,0,0,0
0.35160438408153993,-0.015512482776421166,72.87576670396166,0.013772951436766333,-91.61444724518617,-0.00034597845164228145,0,0,0
0.33107805623895104,-0.012691170876375679,72.68226075123619,-0.06346308442503527,-91.42081257951685,0.07354421819533456,0,0,0
0.31862893686573557,-0.008793906239402816,72.38371448072502,-0.13171252147776896,-91.1217676036066,0.1393051737509154,0,0,0
0.3164510273925032,-0.004585813901225322,72.0211847125816,-0.18477111168747626,-90.75646172262347,0.19057409461101713,0,0,0
0.3252997573785308,-0.0011309104200549313,71.64188162982046,-0.21866314952955007,-90.37116507793317,0.22290917868360793,0,0,0
0.34347032008692224,0.0005072572915779006,71.29048236731163,-0.2318768637643359,-90.0110260880881,0.23420719406644536,0,0,0
0.3661626197829264,-0.0004383369623596423,71.00127566770863,-0.225194802121581,-89.71246582859445,0.22471883423208397,0,0,0
0.38585726124279063,-0.004242812213522029,70.79315110686622,-0.20131664420335654,-89.49794420210927,0.19679989828793226,0,0,0
0.39383638155523215,-0.01063639926910298,70.66875736228818,-0.1644170955077243,-89.37438143947702,0.15452876684115893,0,0,0
0.3824228030781569,-0.018873918388622714,70.61792343315011,-0.11963865427192388,-89.33555205109622,0.10321436046224335,0,0,0
0.3472210144579435,-0.027875252425789653,70.62381868274585,-0.07242734785608036,-89.36725890286533,0.0487338818615882,0,0,0
0.28864993410373074,-0.03639846009482994,70.66909430920262,-0.027699777064884756,-89.45281359663753,-0.0033096822032632643,0,0,0
0.21226494417470576,-0.04323284398972049,70.73954352564778,0.010982664332163949,-89.57647993519501,-0.04846704358892566,0,0,0
0.12771184350627607,-0.047396549927685785,70.82479816986236,0.04194399043636565,-89.72431811800104,-0.08409974384444467,0,0,0
0.046547233120634246,-0.04829883771062811,70.91760815125966,0.06540217652142247,-89.88382625931729,-0.10957951114239109,0,0,0
-0.020514280861377188,-0.045822558883507725,71.01348459666278,0.08293817718961236,-90.04412291012073,-0.12596323022233094,0,0,0
-0.06616582011427852,-0.040314648556284284,71.11110231103027,0.09666610776194488,-90.1971362644837,-0.13531119154684462,0,0,0
-0.0881082380340672,-0.032511864054052354,71.21259101122988,0.1085026702012442,-90.33894164055371,-0.1399707462983514,0,0,0
-0.08915199555104891,-0.02343607000579908,71.3227791275024,0.1198345809600994,-90.47017655090093,-0.14208917258323198,0,0,0
-0.07580278575692034,-0.014265867902167884,71.44730520504623,0.13155425867096823,-90.59518435331952,-0.14337900711822443,0,0,0
-0.055925471104899316,-0.006167761658080906,71.5904797603653,0.14416358270844967,-90.72037081833378,-0.1449648002550532,0,0,0
-0.036468706436792786,-8.724799178736476e-05,71.75412101121506,0.1577000455089433,-90.85252105962104,-0.14718850135831757,0,0,0
-0.02209575588328505,0.003449308691257613,71.93788933524877,0.17152945321924734,-90.99737166102733,-0.14945493143010538,0,0,0
-0.014946835515402768,0.004435816498468625,72.14034075657204,0.18424074541197227,-91.15810818918328,-0.1502949003014379,0,0,0
-0.015130383460174812,0.0033263668843417802,72.35924397834415,0.193808900566097,-91.33347426186782,-0.14770704076003655,0,0,0
-0.021386760779250835,0.0008274543073667929,72.59048505175221,0.19799366632267948,-91.51600792370391,-0.1396553848278387,0,0,0
-0.031672733201702385,-0.002356019979414725,72.82639684322274,0.19480272221464076,-91.69168557878476,-0.12452186647504107,0,0,0
-0.043750073049380944,-0.005687500178936489,73.0549984653496,0.18284026151702903,-91.84189064356809,-0.10138076237262225,0,0,0
-0.05588832670763111,-0.008806567697179446,73.26086813316337,0.16147266195526414,-91.9472469585013,-0.07010845804103098,0,0,0
-0.06752824268325242,-0.011421938553279175,73.42724186827303,0.1308928934028984,-91.99173820159791,-0.03145090161540907,0,0,0
-0.07948567089904657,-0.013208842274276832,73.5385069825117,0.09221182237245103,-91.96558948308419,0.012864165693005702,0,0,0
-0.09334370822615767,-0.013805323722917252,73.58252362638535,0.0475717715994989,-91.86632868334726,0.060050309400833154,0,0,0
-0.11016143285507951,-0.01290960957730931,73.55261595480141,9.918423640442597e-05,-91.69845624143764,0.10642897722776468,0,0,0
-0.12916622104819453,-0.010402432260099204,73.44926969060103,-0.04648316727632107,-91.47261720533737,0.14796830685324097,0,0,0
-0.14721880620294314,-0.006411634396145871,73.28136220206866,-0.08854907507300709,-91.20483260493776,0.18108213842902215,0,0,0
-0.15943999800842334,-0.001294909569811864,73.0662027677472,-0.1233223228665338,-90.91550482969558,0.20339754653513467,0,0,0
-0.1607688289747955,0.0044194645080821715,72.82738868558678,-0.14941912962542006,-90.62739580650711,0.2142154489596578,0,0,0
-0.14777439565037298,0.010083437997087686,72.59016679258639,-0.1670171859647837,-90.36220757503568,0.21453237127734326,0,0,0
-0.12000467066908982,0.014966997960200956,72.3753773824333,-0.1776119083573832,-90.13642557421107,0.2066421993049687,0,0,0
-0.08047733838137106,0.018326893399972732,72.19401863960769,-0.18342454391751345,-89.95776273624656,0.19344947541414684,0,0,0
-0.03529102581822485,0.019543847350497856,72.0443156862575,-0.18662531263844925,-89.82343499348761,0.1776927639888754,0,0,0
0.0074906717447191795,0.018301064411171807,71.91235176673752,-0.18860554020893688,-89.72100497057383,0.16128698838161598,0,0,0
0.03950854674693005,0.01471050739882145,71.77649687122758,-0.1895413894982795,-89.63203424838795,0.1449552710387934,0,0,0
0.054102712951532794,0.00929201394624215,71.6150242514259,-0.18842870825731098,-89.5381224511959,0.12825718253828314,0,0,0
0.04821966730203542,0.0027895274080123045,71.41510907568417,-0.18362635249460196,-89.42790496504901,0.11003023897932565,0,0,0
0.023570646103294735,-0.004085779149411906,71.18014736565783,-0.17373040280582472,-89.30263494587942,0.08912692631770654,0,0,0
-0.013663754986581012,-0.010847052125146205,70.93197479060399,-0.15840515258688015,-89.17784309611918,0.06518418421324838,0,0,0
-0.05485425618795148,-0.017269124476632668,70.70587971001328,-0.13877746050763448,-89.07963574965285,0.039107082281935844,0,0,0
-0.09210939658896677,-0.023295827478743546,70.53911385748728,-0.11722836917445818,-89.03612318441782,0.013059797042660647,0,0,0
-0.12133512987549011,-0.028929586415397068,70.45671461154944,-0.09675549961802403,-89.0664934730695,-0.01000604253031554,0,0,0
-0.1437615470696869,-0.034199995254192574,70.4602641603887,-0.08028171704151532,-89.17159315135513,-0.027041215784871044,0,0,0
-0.1652005730216075,-0.039199187146316206,70.52457716166117,-0.07020315239017805,-89.32993414775447,-0.0355154957480579,0,0,0
-0.19344972804050542,-0.04408154035019294,70.604213179483,-0.0681960772135426,-89.50143627796135,-0.033804505237040414,0,0,0
-0.2351931512024379,-0.048951543168784896,70.64746925524565,-0.07508268246877207,-89.63818287649906,-0.02137995277039124,0,0,0
-0.2937802852398903,-0.05368040409684625,70.61229190526902,-0.09056312395608188,-89.69831712289772,0.001064868676178321,0,0,0
-0.3684212253598673,-0.05778525577019877,70.47811584175605,-0.11282810792298506,-89.65778990336,0.03146823626306343,0,0,0
-0.4544791584885104,-0.06049109862191528,70.25001401846856,-0.1383090760683018,-89.51588814848958,0.06629836171333067,0,0,0
-0.5443696878758004,-0.06098329578170052,69.95505288532556,-0.16192633135289328,-89.29343527735676,0.1007211095862317,0,0,0
-0.6289134375574292,-0.058725844554031424,69.63348261792646,-0.17804638480954224,-89.02547449765603,0.12927323966390247,0,0,0
-0.6991876875774778,-0.053665733560869455,69.3284335323196,-0.1819780378712977,-88.75181111043887,0.1470448012247232,0,0,0
-0.7486725332888398,-0.04622021329572732,69.07717339970569,-0.17144229176543319,-88.50860953422182,0.15100964760243016,0,0,0
-0.7750335308386127,-0.03709773957568814,68.90531384813224,-0.1473562921969176,-88.32272305189215,0.14094092449952597,0,0,0
-0.7807081735808197,-0.027100379352107497,68.82374933138757,-0.11358822166077687,-88.20870388132232,0.11950012856131878,0,0,0
-0.7718504868111324,-0.017016289956841034,68.82768887653268,-0.075847684423249,-88.16773486425183,0.0914852488266206,0,0,0
-0.7559824181971635,-0.007593691026026761,68.89786898761469,-0.04023635759939452,-88.18822064687342,0.06259244239037969,0,0,0
-0.7393986211167487,0.0004846680728817887,69.00455291978687,-0.012023932871647958,-88.24838065836474,0.038191399932080115,0,0,0
-0.7254829520095853,0.006676697367899465,69.1141318018608,0.005012045000418653,-88.32088686287639,0.022505810139486472,0,0,0
-0.7145325874442108,0.010675033185897576,69.19657604109307,0.008666934718144148,-88.37858278909056,0.018326931768666555,0,0,0
-0.7048503478176968,0.012452475959727849,69.23111904193252,-0.00196411110979966,-88.39955007375224,0.0271371219942381,0,0,0
-0.69434100684866,0.012228190912180992,69.20819420360311,-0.026834922905462123,-88.36989711111806,0.049408729020149166,0,0,0
-0.6819055596098451,0.010382034965446962,69.12729384970987,-0.06519778946064321,-88.28355143282695,0.08487178392162206,0,0,0
-0.668283198979637,0.0073658513953404284,68.99198319531368,-0.1157071476291236,-88.13945373420549,0.13262970120633497,0,0,0
-0.6561834139835412,0.00364060468230889,68.80410822028958,-0.1764032285872929,-87.93733266137994,0.19109913906835346,0,0,0
-0.6495685776893225,-0.0003618979850088522,68.55933964747805,-0.24464060437415186,-87.67364757405034,0.25785541580849836,0,0,0
-0.6521620685426939,-0.004266316259058556,68.24589109300825,-0.3170613209483605,-87.3395028076572,0.32954099169611484,0,0,0
-0.6657401071633444,-0.007770259987378836,67.84748144349564,-0.38970687345035343,-86.92208364630139,0.40197519941448834,0,0,0
-0.6890769051864964,-0.010627205990753907,67.35009951598786,-0.4582771256306188,-86.40989547219286,0.4704808766737301,0,0,0
-0.7181515672942993,-0.012580063307453315,66.75016999735155,-0.518419615379446,-85.80002863100557,0.5302960761667549,0,0,0
-0.7475135104082824,-0.013286212964256094,66.06050583244891,-0.5658925754081651,-85.10414015679109,0.5768796756715204,0,0,0
-0.7720436067224483,-0.012327959737123705,65.31112546909958,-0.5965760838723838,-84.35014511697318,0.6060265174618621,0,0,0
-0.7881776195173842,-0.00936727229689609,64.54452259340368,-0.6065306241791234,-83.57874266608965,0.6139379290285092,0,0,0
-0.7940838320541701,-0.004382405095174136,63.80778704151922,-0.5924036287391032,-82.83649297253794,0.5975474911923129,0,0,0
-0.7890455436261021,0.0021721602484774394,63.14518246620793,-0.5522978591736575,-82.16853590466474,0.555270196457198,0,0,0
-0.7728481750605596,0.009413997166794275,62.593578808754216,-0.4868204153960022,-81.61338239943171,0.48795888772002627,0,0,0
-0.7458347915116548,0.016289396634685715,62.18058485121702,-0.3997405696796335,-81.2001235173721,0.39953483938296586,0,0,0
-0.7095641581150858,0.02190538950370069,61.923445156104606,-0.29778412341253785,-80.94660873437826,0.2968209579291113,0,0,0
-0.667355302701722,0.02576227737339707,61.82712092425129,-0.18955368832081945,-80.85719350762088,0.1885281084251716,0,0,0
-0.6240115956263566,0.02778758661298042,61.88196584339153,-0.08404552414418731,-80.92043975380531,0.08380245944126444,0,0,0
-0.5846195440614252,0.028208710460229724,62.063100135652576,0.0106222151070682,-81.10879176296143,-0.009091440723580035,0,0,0
-0.5529897116854414,0.02739144643777962,62.3332842349742,0.08792174699647148,-81.38193553768207,-0.08358232635367528,0,0,0
-0.5305548457834135,0.025747477551783506,62.64898571019549,0.1431609670939878,-81.69346158183794,-0.13512653608287623,0,0,0
-0.5162079659243659,0.0237135664670447,62.967331800077346,0.1736295225967382,-81.9984683781253,-0.1613807627495049,0,0,0
-0.5069584390238049,0.02173319600744179,63.25140461727861,0.17892672341245658,-82.25945031190054,-0.16248325341899203,0,0,0
-0.4989337106827634,0.020189645545362112,63.47279627871893,0.16138796981653059,-82.44920566296847,-0.14137616679618645,0,0,0
-0.48836001599381973,0.01931136073855555,63.6121945221569,0.1262045218232913,-82.55138887820087,-0.10379163882449234,0,0,0
-0.4724284934446388,0.01911541841651996,63.65974038207199,0.08085093018130181,-82.56041636187331,-0.057554113060982105,0,0,0
-0.45002334262730415,0.019433615131477212,63.616388158375855,0.033789399290367325,-82.4820260418108,-0.011208351014036565,0,0,0
-0.42211514017273544,0.020002375041394772,63.49584554155683,-0.007180426985513577,-82.33420142176718,0.027634170401972823,0,0,0
-0.39150593667586975,0.02055027173573478,63.32514535388549,-0.036381878002785584,-82.14670815120635,0.053687490796374956,0,0,0
-0.36183552752024184,0.0208298797700067,63.14179353678722,-0.05107940840582046,-81.95747666829189,0.06469713382498413,0,0,0
-0.3362186944686414,0.0206018441353649,62.98687970309916,-0.051467345819699514,-81.8055450919783,0.0613190948984851,0,0,0
-0.3161842155104182,0.019629136287129256,62.89552753022221,-0.039965710125696316,-81.72212667410557,0.04635182947638441,0,0,0
-0.30145572166645707,0.01773038249445591,62.887585837250754,-0.020202914129851025,-81.72257540393679,0.023714630250447045,0,0,0
-0.2906349129826964,0.014879832958678207,62.96200219466073,0.0039040070182807087,-81.80223432471863,-0.0024430172302061237,0,0,0
-0.28234157464017073,0.011284462821097917,63.0975210639599,0.028743512988245356,-81.93819792921602,-0.028319039578167348,0,0,0
-0.2761371305733462,0.007370861754547775,63.260083280815024,0.05128829027223105,-82.09689806710946,-0.05076233231006313,0,0,0
-0.27271951768274505,0.0036746592870699145,63.414359017077345,0.06920494718021644,-82.24487973930633,-0.0674369929933107,0,0,0
-0.27331681058595336,0.0006900595249149432,63.53488561173964,0.08094842922867258,-82.35863159406924,-0.07696039518912415,0,0,0
-0.27866130846489057,-0.001243959995605337,63.61258048376794,0.08592445321739035,-82.42989854698803,-0.07906010940544377,0,0,0
-0.2881269099747641,-0.0019789104052179594,63.65467643950953,0.08468628136110112,-82.46509999139252,-0.07470646336695666,0,0,0
-0.29947210159794224,-0.0015261970941523374,63.67892917490133,0.07900695911343973,-82.47991502191141,-0.06608942758566627,0,0,0
-0.30928362026126877,-5.443392603865505e-06,63.705011822508936,0.07163106377398094,-82.49173062599681,-0.05629258721490658,0,0,0
-0.31389532162251044,0.0023892693758725157,63.74683036942466,0.06563822022311001,-82.51317649799122,-0.04863252968333427,0,0,0
-0.310424017034876,0.005393975029144826,63.80886500827174,0.06358045120681481,-82.54929895838819,-0.04582278052529887,0,0,0
-0.2976035455816941,0.008664389292212605,63.8875906550943,0.0667156590926055,-82.59909220507268,-0.0492473154017631,0,0,0
-0.27619156449938487,0.01177515987172768,63.976393918554834,0.07464059385493726,-82.65982393925853,-0.058607339867555196,0,0,0
-0.2488268239240199,0.014249731496265383,64.07074121930845,0.08546234302739322,-82.73120503613967,-0.07206840533203832,0,0,0
-0.2193770602945051,0.01563038169992268,64.17069012380779,0.09643310039296296,-82.81685939932223,-0.0868507187204159,0,0,0
-0.19201741554276452,0.015583954656956677,64.279737074694,0.10478295671634612,-82.92237170100566,-0.10002459657042664,0,0,0
-0.17037531125748728,0.014019697955926346,64.4010823780589,0.10839469913175606,-83.05117339006807,-0.1091729171044733,0,0,0
-0.1569747866352884,0.011172002524561719,64.53355260517526,0.10605504808766568,-83.20059907523179,-0.11266052248083155,0,0,0
-0.15297980326204197,0.007593547980278004,64.66934282643857,0.09727240786988886,-83.36023781320097,-0.10949957046738348,0,0,0
-0.15805577505294366,0.0040353200530717,64.79465993658812,0.08190442968873982,-83.51342246369549,-0.09905143852681135,0,0,0
-0.17022703747561252,0.0012459568303128776,64.8928119995893,0.05991175559572639,-83.64102812943293,-0.08087302394147286,0,0,0
-0.1858835203360769,-0.00023497580374680637,64.94814113597096,0.03142560156204013,-83.725697429881,-0.05486935020393276,0,0,0
-0.20025608469660483,-0.00021130429941536023,64.94911799725372,-0.0028993854281310406,-83.75481964393236,-0.021683355155721527,0,0,0
-0.2084736233933029,0.0011538985574404137,64.88978551619584,-0.041460950277658525,-83.72171942140778,0.01691710505334356,0,0,0
-0.20691749199137632,0.0034332230808274745,64.76980767976505,-0.08151046838120238,-83.62558963873695,0.057929907805109336,0,0,0
-0.1943671735802326,0.006082922262504553,64.5939930903144,-0.11940150900096,-83.47106520304499,0.09744526396627577,0,0,0
-0.17248835425164089,0.008573309661976225,64.37208852377759,-0.1512761171026881,-83.26800694162529,0.1313487385370536,0,0,0
-0.14543580106088427,0.010464653302052795,64.11894310239867,-0.17392635017544364,-83.03142802469836,0.156151468880239,0,0,0
-0.11864757245376722,0.011438341297517241,63.85423814262654,-0.18548208138955147,-82.78093873514987,0.16965996439501224,0,0,0
-0.09722655242789813,0.011313668455552772,63.60064484657852,-0.18570076168403488,-82.53896982403273,0.17131005316282427,0,0,0
-0.08449394085585027,0.010071549460013785,63.38005082856242,-0.17584259744278086,-82.32754074406239,0.1621417635759002,0,0,0
-0.08123698731554896,0.007884431835960016,63.20887763421652,-0.15826432645778254,-82.1641827410786,0.14448954243615902,0,0,0
-0.08587267172143243,0.0051289950862241085,63.09429718335821,-0.1359106218116665,-82.05821999998224,0.12149616397045122,0,0,0
-0.09533693883777516,0.0023472491595612154,63.032777899355494,-0.11184074788783675,-82.00861888977954,0.09655901808626197,0,0,0
-0.10620199739123848,0.00013590741903755089,63.01138170533724,-0.0888366294770293,-82.00417200297795,0.07279847178453451,0,0,0
-0.11552285522063244,-0.0010185358893338048,63.01134982573657,-0.06906701743320412,-82.0261697786834,0.0526123132770465,0,0,0
-0.1211984033893998,-0.0009031720318546377,63.01298230566093,-0.053801307598789094,-82.05304530192078,0.03737156927495846,0,0,0
-0.12196330946527212,0.00032947835499612664,63.00053562352031,-0.04324780331528473,-82.06583784383574,0.027315071076299092,0,0,0
-0.11728849826339172,0.0021887230410669646,62.96587184785625,-0.03661284118401227,-82.05295401730453,0.021668339664728364,0,0,0
-0.10741191132123618,0.0039873259520376795,62.90997467224648,-0.032385803461093585,-82.01284669126227,0.018937874572014835,0,0,0
-0.09352566117439665,0.00504008625401724,62.84203775257453,-0.028748607355669264,-81.9538250513128,0.017281028103650443,0,0,0
-0.07794220376558769,0.004843716496259276,62.77639960106367,-0.023993636039139687,-81.89103203031561,0.01487602363490339,0,0,0
-0.06398544131076278,0.0031829012107252195,62.728168771518085,-0.01688252597412543,-81.84153660333496,0.010266342633153158,0,0,0
-0.05546367931739837,0.00014143802711146235,62.70891986474456,-0.006896679756252411,-81.81924014405939,0.002646931207308967,0,0,0
-0.05580113485106608,-0.003972405495197506,62.72389563178055,0.005690345573202649,-81.83136172194145,-0.007993304352365272,0,0,0
-0.06708569025803968,-0.008750162589115007,62.77141346534518,0.019979164587527975,-81.87740954233436,-0.020971174532357396,0,0,0
-0.0893693912821476,-0.01380378431920235,62.84415704591967,0.03483793142129059,-81.95038187558924,-0.035274996655616064,0,0,0
-0.1205489291941575,-0.018838184829307637,62.93156882595778,0.04940874039803589,-82.03936853176265,-0.05008836393980971,0,0,0
-0.15701255321536678,-0.02366258644040755,63.022775303588276,0.06352587006400653,-82.13288706082818,-0.06524008260348353,0,0,0
-0.19491353721238625,-0.02815751936125537,63.10976631812176,0.07782785588583466,-82.22255843658584,-0.0813229249521811,0,0,0
-0.23156350436642015,-0.03223194959891629,63.19041706678743,0.09346755614100175,-82.30657501786897,-0.09937817848109773,0,0,0
-0.26632405205866405,-0.035811777668689614,63.27048700504403,0.11156120899086944,-82.39191566971371,-0.12032174249302159,0,0,0
-0.3006113057148383,-0.038883994892471206,63.36342747215815,0.13268452234897268,-82.4939374293698,-0.14445908779592004,0,0,0
-0.33703887292995205,-0.04157070378743697,63.487198423602905,0.15665134671230022,-82.6324693935812,-0.17132423515108997,0,0,0
-0.37812063084022896,-0.04415987242282142,63.65857119319057,0.18256969670461273,-82.82514350675243,-0.19979759189611174,0,0,0
-0.4252034669449358,-0.04703333762751356,63.88702555525387,0.20900263147974557,-83.08062696726458,-0.22829099883095694,0,0,0
-0.4782093402068597,-0.050510837294694966,64.1710022694094,0.23409515319202967,-83.39497275354844,-0.2548556395361345,0,0,0
-0.5362559670685272,-0.05470153963547801,64.49808229308078,0.2556711886175293,-83.75261088327355,-0.27724552608940767,0,0,0
-0.598611277443581,-0.05945430549420934,64.8484722706344,0.27140421519729613,-84.1308629797893,-0.29308131417333244,0,0,0
-0.6652469134875219,-0.06442879331196565,65.19979263291921,0.27914995376445406,-84.50546842489541,-0.30022419732780464,0,0,0
-0.7366718773133698,-0.06922750110000635,65.53136859870773,0.2774082860170438,-84.85513141323031,-0.29730134308448725,0,0,0
-0.8133394484134442,-0.07349029836639005,65.82719889121933,0.2657280845589014,-85.16437093060779,-0.2841339801546184,0,0,0
-0.8951543606569317,-0.07688765840068612,66.07746962413111,0.24482074081916494,-85.42475057110312,-0.26178876378315297,0,0,0
-0.9813268060496085,-0.07903814036863252,66.27869796124745,0.2162947861401136,-85.63471136685925,-0.23218678983396046,0,0,0
-1.0703956418402925,-0.0794481129089192,66.432654053361,0.1821639991799202,-85.7981569375973,-0.1974991244981311,0,0,0
-1.1601064506088363,-0.07755837871779221,66.54430640084288,0.14439979629904656,-85.92196676881076,-0.1596636200368721,0,0,0
-1.2470859242137209,-0.07289231031123222,66.61920967760105,0.10470636962937192,-86.01286039137997,-0.12020424787741604,0,0,0
-1.3266373707548524,-0.06521769133426006,66.66103015448192,0.06450996264061644,-86.07447878161315,-0.08029938331516746,0,0,0
-1.393092406532773,-0.05463096278703574,66.6701122624336,0.025032990947073584,-86.10585422477061,-0.04092025070660839,0,0,0
-1.440830700665444,-0.041537606416491714,66.64379059590968,-0.012678412976987375,-86.10210462526413,-0.00288357741577272,0,0,0
-1.465594980425692,-0.02657069630607083,66.57843229500145,-0.04783352589133756,-86.05717389200447,0.033232784518850166,0,0,0
-1.4655163617560447,-0.010510900983557291,66.47229851762549,-0.0800622012390619,-85.96736476375946,0.06725745440019182,0,0,0
-1.441463988527289,0.005758058008113664,66.32779953360185,-0.10960502270451115,-85.8339530781692,0.09958091062463552,0,0,0
-1.3967028702145257,0.021271527426017657,66.15191383147757,-0.1374770721992064,-85.66354714101698,0.131238143281783,0,0,0
-1.3361026049010007,0.03502306324358813,65.95431879444763,-0.16556208592928953,-85.4658290924088,0.16390712053385242,0,0,0
-1.2652154604444092,0.04605316730719409,65.74368438845227,-0.19655134439341565,-85.24939222480884,0.19980255989061674,0,0,0
-1.1895053441325842,0.05359318789387686,65.52315945055594,-0.23359294280283222,-85.01705128513362,0.24139453716277046,0,0,0
-1.1139220964946759,0.057237677091805494,65.28625943248986,-0.2795678230164043,-84.76209734879532,0.29088212460396223,0,0,0
-1.0428617740968917,0.05709017890554406,65.01449140314071,-0.3360970926071474,-84.46678301943209,0.34945698408460546,0,0,0
-0.9802990275935031,0.05381368543555283,64.67827715197552,-0.40260915622083926,-84.10407902635797,0.4165522709600594,0,0,0
-0.9296631014869234,0.04853066921586304,64.24250286697313,-0.4758763270894605,-83.64322852037677,0.48937140643363364,0,0,0
-0.8931395908379898,0.042568103721353626,63.676620287461446,-0.5502606310573384,-83.05854351771984,0.5629294414598547,0,0,0
-0.8705621994718484,0.03712167093684258,62.966828607530374,-0.6185678323661051,-82.33938323732315,0.6306277887945129,0,0,0
-0.8585660158589974,0.032977822930726576,62.12582226926918,-0.6731409652953346,-81.49802443141638,0.6851655921789017,0,0,0
-0.8507959127423703,0.030421408067768142,61.195555523553026,-0.7068364858552059,-80.57211502807246,0.7195253302560787,0,0,0
-0.839534423230873,0.029350591162034333,60.24107807787888,-0.7137764789696235,-79.6200978102103,0.7278679277253872,0,0,0
-0.8182886347641585,0.02948891481280782,59.337481126894886,-0.6900047211692624,-78.71077339718849,0.7063046352244413,0,0,0
-0.7841438671874101,0.030536759812493132,58.55484977953651,-0.6341831704284289,-77.9104414270063,0.6535591495367357,0,0,0
-0.7386476934192103,0.03218017307109733,57.94612654458865,-0.548262266311579,-77.2715297168713,0.5714733815883392,0,0,0
-0.6867931159731597,0.0340043600790537,57.54051236227929,-0.437829195603328,-76.8253997491041,0.46520388507279903,0,0,0
-0.6347739533588452,0.03543998702847943,57.3424556552805,-0.3117852407837205,-76.58018216813235,0.3429068033941746,0,0,0
-0.5877719927130585,0.035847990575011576,57.33478858317716,-0.18121152221952458,-76.52295202235248,0.21480855365332446,0,0,0
-0.5487604687608751,0.03473782544997874,57.48420594441458,-0.05764697547107574,-76.62464942143976,0.0917874795838884,0,0,0
-0.5185224150684604,0.03199470427331903,57.7475303132359,0.048721570355886,-76.84598558068839,-0.01620087178257279,0,0,0
-0.49639604245757596,0.0279623230611989,58.07770311571582,0.1304560984826452,-77.14304699413071,-0.10147240258357612,0,0,0
-0.4810545174807572,0.023317966131359925,58.428962855683636,0.18358345577038904,-77.47201227367705,-0.15946089390481005,0,0,0
-0.47091038026437104,0.018811584322341444,58.76101137218413,0.20763865882336177,-77.7928986013496,-0.1889606929960223,0,0,0
-0.46419682445421984,0.015013669098868832,59.04206548309537,0.20521747143017705,-78.07245014483203,-0.19183907780391962,0,0,0
-0.4590244628072213,0.012185841123712748,59.2506875294151,0.18126967316069625,-78.28625374270706,-0.1724175917156913,0,0,0
-0.4536134546595605,0.010293740288155107,59.37634691998318,0.1423179130888542,-78.4200086881522,-0.13674169022760055,0,0,0
-0.4466581101354308,0.009099856035095399,59.41884224351412,0.09568986920160967,-78.46978909809258,-0.09186579370799564,0,0,0
-0.43763530172437015,0.008255962903575664,59.38696329747893,0.048771186271869736,-78.44134280039168,-0.045163117387508576,0,0,0
-0.42690205752374766,0.007358347607564042,59.296902676021546,0.008279009038045616,-78.34882533859667,-0.0036280358187440243,0,0,0
-0.41558501218690935,0.005985812796431844,59.17070944412444,-0.020387451802983493,-78.2134024829644,0.026812963234991116,0,0,0
-0.40539748210662196,0.0037586320551298512,59.03460180773192,-0.033611865456600755,-78.06170493121067,0.04189410565316223,0,0,0
-0.3984948884450006,0.00042701541472780493,58.916674718402334,-0.0297557733503254,-77.92364344755214,0.03939244033581417,0,0,0
-0.3973269041887306,-0.0040441655926898076,58.843801462564585,-0.009091316130079009,-77.82917895953705,0.019226070420120322,0,0,0
-0.4043386964899014,-0.00944205168973582,58.838190965065536,0.02643139724025616,-77.80432051248212,-0.016719392597315162,0,0,0
-0.4214381422559228,-0.01534783499748329,58.914568874849095,0.07347950815188256,-77.86731268617544,-0.06495385819167723,0,0,0
-0.44934330051228244,-0.021235922365374905,59.07878918647992,0.1276712704314235,-78.02608428479405,-0.12084777771939059,0,0,0
-0.48709976606232885,-0.02658295571728786,59.32792908221333,0.18400109823056426,-78.27752839389137,-0.17915946381656056,0,0,0
-0.5320558186217283,-0.03094350957107821,59.65127726988149,0.2373974483154825,-78.60853672636483,-0.2346213143967361,0,0,0
-0.5803804074985806,-0.03398105901851238,60.03169775754037,0.2833655352983385,-78.99836392051344,-0.2825602845698654,0,0,0
-0.6279442358406584,-0.035478254328927504,60.447422148438676,0.3185791597798868,-79.4218802601583,-0.31946906965729627,0,0,0
-0.6712270392795006,-0.03536260884846598,60.87461279003756,0.34126756310249673,-79.85329956937628,-0.34340949086813455,0,0,0
-0.7079299841557827,-0.03375830148545304,61.29064920155716,0.35130644298349123,-80.2698565915195,-0.3541561031685376,0,0,0
-0.7371374943738545,-0.03102894378718162,61.67745681554797,0.3500237404328942,-80.6547818052357,-0.3530541012685376,0,0,0
-0.7591212397791764,-0.027754017418479292,62.023982562864404,0.33979871307126075,-80.99901120905508,-0.34262471935025757,0,0,0
-0.7750642307405826,-0.024611044155588502,62.32724450587406,0.3235325210409485,-81.30140759485678,-0.3259846137508987,0,0,0
-0.7869263153668129,-0.022194757694444435,62.591853616314836,0.30404184732317674,-81.56764531647943,-0.3061655117331156,0,0,0
-0.797389203934145,-0.02084651096792669,62.82816648654227,0.28344375390353777,-81.80806940657675,-0.28544778454705694,0,0,0
-0.8095959928065213,-0.02056454121851914,63.0492644005941,0.26267280137408877,-82.03478391986741,-0.26486333081719804,0,0,0
-0.8264908490544656,-0.02102554224768909,63.267022967949856,0.24132439626811503,-82.25821005802243,-0.24404317674784579,0,0,0
-0.8498918127851027,-0.02169655593326212,63.48784062167044,0.21795089554395589,-82.48353537748946,-0.2215163895057998,0,0,0
-0.8796921489587675,-0.021980143255267138,63.70905032907294,0.1907375131131431,-82.70777741484684,-0.19539033799542266,0,0,0
-0.9135753963409741,-0.021332673818555747,63.917377215298046,0.15827610925511237,-82.91848989969148,-0.16414919129778696,0,0,0
-0.9473929168507453,-0.019326664728451702,64.09070077822912,0.12010563992429865,-83.09521357271416,-0.12724425243117424,0,0,0
-0.9760867991117976,-0.015671646538645233,64.20349151830396,0.07685476619382996,-83.21417510411308,-0.08527894925994417,0,0,0
-0.994865663293254,-0.01023175142999122,64.2346196370055,0.030075527887694874,-83.25531097481101,-0.039825212791342324,0,0,0
-1.0002530535523704,-0.003066235159002417,64.17461470886596,-0.018001022359683816,-83.2091372294573,0.006911546754568576,0,0,0
-0.9906558512186621,0.005516961925440001,64.02922288578526,-0.06461270154836143,-83.08051193088849,0.052346704538777544,0,0,0
-0.9663124581929736,0.014936052904489827,63.8178120625324,-0.10653041567016146,-82.88757341246685,0.09361557010045658,0,0,0
-0.9288083633543778,0.024382686449469303,63.567778246826805,-0.14022164738044296,-82.65646218593585,0.12765741099573233,0,0,0
-0.8805541643751269,0.03295679731803745,63.307830398073605,-0.1623023514242817,-82.41441990994377,0.15150768361656902,0,0,0
-0.8245225297043675,0.039858690990814696,63.06292331358932,-0.17026708066308913,-82.18431036945907,0.16287415644191583,0,0,0
-0.7642148672960758,0.044567934505012376,62.85207305859643,-0.16322700753949276,-81.98233419868691,0.1608068968176326,0,0,0
-0.7035660523560523,0.04693017602350125,62.68848430442469,-0.14229745151083933,-81.81863946275683,0.14612461863618761,0,0,0
-0.6465188259314232,0.04711224242784624,62.580468004061146,-0.11044603151125898,-81.69909826794739,0.12135862520705701,0,0,0
-0.596278753385107,0.04545721720490832,62.5319488303746,-0.07188943619954954,-81.62656941039185,0.09023159946293617,0,0,0
-0.5545737085022466,0.042329853609260226,62.54234463347103,-0.03129933095239039,-81.60106826128097,0.05690783659227065,0,0,0
-0.5213540909836496,0.03804357658552959,62.606248370676866,0.006925682415032952,-81.61926574452661,0.025304031551405613,0,0,0
-0.4951900339145112,0.03289650513899147,62.71335174741981,0.03917101251589372,-81.67398716039628,-0.001359911593834795,0,0,0
-0.4742361913052946,0.02726108592578811,62.84888388483131,0.06285700008029949,-81.75414619130649,-0.020754164727708257,0,0,0
-0.45725562828252464,0.021633529619522564,62.9948370885497,0.07644737112901226,-81.84534154402107,-0.03145436346700592,0,0,0
-0.44408676384907153,0.016582121752612977,63.13218013773965,0.07925045952837877,-81.93127005394501,-0.032838454185852586,0,0,0
-0.4352498159061611,0.012609650925573136,63.24378318375537,0.07106043087515843,-81.99593331462526,-0.024860746129047585,0,0,0
-0.4309551930981712,0.010010233805031988,63.317054305227686,0.051721085104969686,-82.02618111003392,-0.007692400255120901,0,0,0
-0.43018352973619756,0.008812082093143658,63.34494171535127,0.020735259806758676,-82.01364190261745,0.018707960865282303,0,0,0
-0.4304575358589773,0.008846511141696567,63.32445342565839,-0.022964518604067053,-81.95495395225038,0.05495651989573105,0,0,0
-0.4284771992465153,0.009902000416801116,63.252948942222616,-0.08104141111629418,-81.84967572257145,0.10241882884152745,0,0,0
-0.4212517529333297,0.011866991581001685,63.12345922172656,-0.15560593202559403,-81.69618974707782,0.1631610104599588,0,0,0
-0.40706921298307464,0.01477540179318737,62.920704345487394,-0.2489178380477341,-81.48690755174346,0.23969674535613877,0,0,0
-0.3857710798883289,0.018734146804276007,62.61923869879064,-0.3629062790371734,-81.20458099234918,0.3345437805456754,0,0,0
-0.3582356241145135,0.023781547734482444,62.18442297738676,-0.4984838436651245,-80.8211532556058,0.4496050882132664,0,0,0
-0.3254168480390547,0.029752154832347343,61.57612081748371,-0.6547370263499659,-80.29965994934543,0.5854394929708349,0,0,0
-0.28749579797428737,0.0362017965323048,60.75460480327803,-0.8281915797087777,-79.59896586106387,0.7405413283668849,0,0,0
-0.24361372505541112,0.04240616501634946,59.68799151485595,-1.0123764665510238,-78.68074330457716,0.910758723506396,0,0,0
-0.1923680523913731,0.04741782587387178,58.360103278700024,-1.1978376159072952,-77.51759102048479,1.0889601425098534,0,0,0
-0.13293598753550384,0.050162412448307235,56.77708316215873,-1.3726439131324242,-76.10055902254203,1.265047010970082,0,0,0
-0.06645923392346731,0.04956792211686718,54.97103314513484,-1.523329043794186,-74.4442624389026,1.4263968920652559,0,0,0
0.002809897230164893,0.04473233614042016,52.999694556216326,-1.6361489331470096,-72.58860251201386,1.5587843877777687,0,0,0
0.06710904575564314,0.03512491845581138,50.94232818641444,-1.698549868079533,-70.59730612664492,1.647797400655321,0,0,0
0.11585304459474344,0.020785045409373027,48.8927995674664,-1.7008320018774044,-68.55411088264836,1.680759757834187,0,0,0
0.13744359705415832,0.0024576670789087985,46.9511325394449,-1.6380157799882853,-66.55718433495323,1.6490900391062269,0,0,0
0.1219065133651469,-0.01838601032180378,45.214631486013616,-1.5117195816605602,-64.71181607156774,1.5507620632548054,0,0,0
0.06375338658382645,-0.03966252813583253,43.7691061224827,-1.331510119431681,-63.12099185451066,1.392184465953605,0,0,0
-0.03576327096168086,-0.05892213332190721,42.67967149608191,-1.1150203526832712,-61.87314572623529,1.188706418277755,0,0,0
-0.16779138160228513,-0.07370925961161987,41.97994547881717,-0.88639368024524,-61.02669062942252,0.9632980737738024,0,0,0
-0.31679609075354165,-0.08199099899990188,41.65988734555313,-0.6731651637841821,-60.592938389993975,0.7435529873971831,0,0,0
-0.4630845152817926,-0.08257004034071116,41.65593195081803,-0.5021452856688597,-60.52241777936655,0.5575982740566161,0,0,0
-0.5864114359889072,-0.07538371647619044,41.849491029383614,-0.3950409426855884,-60.701538329236314,0.42960868949845976,0,0,0
-0.6699835503605556,-0.06160414309714923,42.07839138396204,-0.36456515191973154,-60.9643253889069,0.3756047950587174,0,0,0
-0.7040569454042753,-0.04348255995163584,42.161147929624576,-0.4118163121242674,-61.11858100867653,0.40029796466535855,0,0,0
-0.6882568063529533,-0.02393260106378392,41.9296796827563,-0.5256956329299897,-60.98120159438707,0.4958532809432228,0,0,0
-0.6319306513967575,-0.005935436813574313,41.26422205915773,-0.6848574628352537,-60.41572917658314,0.6432606220930666,0,0,0
-0.5522880443876659,0.00806454566945689,40.12345460328538,-0.8620194508117691,-59.36494390392349,0.8163212681639663,0,0,0
-0.4705888704780392,0.01659519426153224,38.561508374839235,-1.0296017058642861,-57.87016607958171,0.9872840485744832,0,0,0
-0.40711739224012433,0.019328741194775033,36.722989149517275,-1.1651248334463702,-56.06815781999029,1.132490739251344,0,0,0
-0.3761504588892848,0.01700472831090849,34.81131271720059,-1.254974455202887,-54.16033216906331,1.2364968554907336,0,0,0
-0.3824390585872237,0.011176134186192144,33.03573744270034,-1.2959312707862367,-52.359205097726885,1.2939475927747908,0,0,0
-0.4204594933735848,0.0038543654128361028,31.553473970740754,-1.294734417195653,-50.82869784349148,1.3094346763012283,0,0,0
-0.4766961384128052,-0.0028836334718093325,30.42714304949834,-1.266343847897653,-49.63941799639346,1.2960173945153854,0,0,0
-0.5340096622951904,-0.007270280001226581,29.611403377595707,-1.231346100906805,-48.75361245376919,1.272867699916435,0,0,0
-0.5764954644910318,-0.00815279147263226,28.970366974893935,-1.2124941429985612,-48.04172566663917,1.2619990991414027,0,0,0
-0.5933869972683965,-0.005176144781351866,28.3168778872012,-1.2303090382367459,-47.32138241357086,1.2839374615000025,0,0,0
-0.5811243791057592,0.0012111122407247876,27.46001612430885,-1.2982567673787557,-46.404769958769634,1.3527924503936988,0,0,0
-0.543291670490305,0.009952795500636569,26.248047365771185,-1.4187827702978013,-45.14148908041736,1.4720297150854549,0,0,0
-0.4886453069664469,0.019733220415450604,24.598047719531664,-1.5816381139757325,-43.44816682857626,1.6324718289202338,0,0,0
-0.42791190670280344,0.0293581726287087,22.508222334833135,-1.7651782545981092,-41.320957554063284,1.8133215745366358,0,0,0
-0.37032793617997584,0.03804333688610342,20.05316976891278,-1.9402008723100466,-38.8312805937899,1.9858426320667035,0,0,0
-0.3209315383672191,0.04554144502036763,17.36564626776274,-2.075161222974343,-36.108400692636934,2.1185470937312063,0,0,0
-0.2793639342582992,0.05210788394597472,14.610761909741015,-2.141526297508868,-33.314699707191124,2.18263003611267,0,0,0
-0.24042793600810342,0.05834622918016663,11.959620831614615,-2.1183678609975063,-30.620396708402836,2.1567170609153097,0,0,0
-0.19606209562999766,0.06498864095997306,9.56835825179347,-1.9956642856675813,-28.18329934597213,2.030344806218352,0,0,0
-0.13797254706472017,0.07266575117639604,7.565265657457772,-1.7759499816165785,-26.135911476258798,1.8057541628592475,0,0,0
-0.060045539646012,0.08171473185440448,6.0447531492201705,-1.474000501887653,-24.578469597642936,1.497647376171028,0,0,0
0.04017062131136129,0.09206294032095882,5.064368755796124,-1.1144485092593386,-23.574318471264263,1.1308099955513655,0,0,0
0.16124110263328362,0.10320652435832614,4.64140486285585,-0.7277291687133598,-23.144718766392742,0.7360257179865812,0,0,0
0.298745605061157,0.11428029150938102,4.74872251866735,-0.3453347618710211,-23.26341592547081,0.34528308555686066,0,0,0
0.44681938236406893,0.124196311868549,5.31316475003625,0.004412374031461752,-23.854806832079618,-0.012519224135917283,0,0,0
0.5996978648423692,0.13182274426024493,6.221161175169357,0.2991977957905817,-24.80030073712328,-0.3145041707132009,0,0,0
0.7527013093249622,0.1361740952553049,7.333470222607417,0.5239579929950068,-25.954442527325313,-0.5451682750572218,0,0,0
0.9023749790857067,0.13657848896076247,8.506273212904404,0.6708620534894294,-27.16756585283423,-0.6964575172479215,0,0,0
1.0459010230554924,0.13278233320962302,9.612481992108087,0.7385312783004693,-28.308491587331304,-0.7670333575147567,0,0,0
1.180254895537729,0.12496179688936734,10.55724361536359,0.7308991463645725,-29.280953183390807,-0.7611071981224768,0,0,0
1.301695412907037,0.11363922892173264,11.284333079170239,0.6560226444311894,-30.030152348215154,-0.687149451525815,0,0,0
1.4059555109189859,0.09954258412988537,11.772989290690418,0.525150293857618,-30.538893643743478,-0.5568040628082429,0,0,0
1.4890644347295137,0.0834714639832768,12.026717645860543,0.3522408120898007,-30.81505234154031,-0.384256340220179,0,0,0
1.5483635739548305,0.06622051908698978,12.057713982313075,0.1537488469914848,-30.874487906695578,-0.18593065247818003,0,0,0
1.5832116715813953,0.048567577078908644,11.873391194348144,-0.05195806285235562,-30.726301347337767,0.020080458924564937,0,0,0
1.595123706141223,0.03129311940018766,11.472664113745537,-0.24622201164130644,-30.36834136520571,0.21553229396293433,0,0,0
1.5874159491577302,0.015184620574773077,10.855878343505424,-0.412749451319317,-29.797005929527103,0.3845328901402155,0,0,0
1.5645801699556046,0.000995466225651853,10.043761682819252,-0.5403051149119904,-29.02687237761603,0.5161141525259808,0,0,0
1.5315767938445788,-0.01063955643993637,9.09290136358453,-0.6240460361575586,-28.107686998085654,0.6055137815987621,0,0,0
1.4931860895396056,-0.019299839790332386,8.095023498950525,-0.6647590805835876,-27.125630243761464,0.6534191001613039,0,0,0
1.4535416186547678,-0.024842949826502547,7.156838565977068,-0.6665562860921141,-26.184823446813,0.6636778714284702,0,0,0
1.4159101731755044,-0.02741035283327591,6.369938141570515,-0.6345278767889013,-25.37775211848367,0.6409419150904683,0,0,0
1.38266887033015,-0.027375773078141208,5.786257284284957,-0.5737560313276873,-24.759914525552688,0.5896619656743838,0,0,0
1.3553651760515066,-0.02525830749894169,5.4101231764771995,-0.4900116732619523,-24.34029690508254,0.51480307278878,0,0,0
1.3347821733163698,-0.02163239149220999,5.207828333427003,-0.3911368005175575,-24.089522633053065,0.42331172170752607,0,0,0
1.3210201778084638,-0.017064865636750425,5.127385345856524,-0.287521410533958,-23.958922214301026,0.32472551993029697,0,0,0
1.3136582183763181,-0.012094397980445138,5.118318030228551,-0.19070575577394636,-23.900386272783265,0.22991079213922205,0,0,0
1.3119970949661877,-0.007243685574943015,5.143644950199729,-0.11049823649429129,-23.87884164972823,0.14828712303386737,0,0,0
1.3152528789224789,-0.0030319224398240863,5.181533358408956,-0.05202345283829004,-23.874569781010393,0.08495306265143085,0,0,0
1.3225374331721014,4.6708297516318e-05,5.219809393610944,-0.014143650791507412,-23.878375044458494,0.03916263801100968,0,0,0
1.3325976388503165,0.0015861724948081247,5.249781008237605,0.010049041684328585,-23.88571552542078,0.004829624897695339,0,0,0
1.3434733174260742,0.0013480782589127215,5.264955776627602,0.03088799709310166,-23.894880888144996,-0.027204354030820353,0,0,0
1.352349645931909,-0.0006792363147567926,5.266022755902057,0.05884981913624614,-23.91038389903838,-0.06607936496395155,0,0,0
1.3558322590266698,-0.00426433580714729,5.268686668562125,0.10158461972417428,-23.948670524972442,-0.11821494984803849,0,0,0
1.350643898264451,-0.008956772868803854,5.308318750270288,0.16236710013268407,-24.04122638407611,-0.1859994121414502,0,0,0
1.334500960397591,-0.014134423448368238,5.436265316787541,0.24040942021918568,-24.23096575460923,-0.2682072530903639,0,0,0
1.3068658552287502,-0.019061585902584,5.706816221591012,0.33254810312101457,-24.56117992242278,-0.36163409413273373,0,0,0
1.2693537368947148,-0.022962891473190437,6.1594911474414715,0.4351616645209049,-25.060991148208615,-0.46288175257897707,0,0,0
1.2256851502344404,-0.025128445340946826,6.8052043597357965,0.5452042079379353,-25.734563902424895,-0.569286917780596,0,0,0
1.181193198688419,-0.02504934863686543,7.623903595802801,0.6599363754158218,-26.560447575362133,-0.6786252101529158,0,0,0
1.1419817798244765,-0.022546244393257097,8.57526203944775,0.7758655826443558,-27.502056466748115,-0.7880606433870241,0,0,0
1.1138444026941698,-0.01783448517387711,9.61657242183665,0.8879490226713088,-28.523698413934767,-0.893306339806324,0,0,0
1.1010651925224408,-0.01149325983339793,10.71806483528141,0.9898465285921688,-29.60325307684434,-0.9887371575678031,0,0,0
1.1053387726580155,-0.004352167744684721,11.868050422720344,1.0751150682326553,-30.7349226265016,-1.068393878711356,0,0,0
1.12518145433188,0.0026602225927931044,13.066974576713847,1.1384544238610617,-31.921832817946353,-1.1270985971737673,0,0,0
1.15615610865882,0.008661531639855013,14.315755543500629,1.1761225164541684,-33.16402915267247,-1.1608818770196678,0,0,0
1.191933256894771,0.012933385516329565,15.6052815075127,1.1853977383344059,-34.44855149810081,-1.1665914244228843,0,0,0
1.2258320594478676,0.015016060885736237,16.910641829768025,1.1637817235218932,-35.744929935322176,-1.141295032714956,0,0,0
1.2522873761623714,0.014789399795044744,18.189748598346412,1.1088488425667051,-37.00554987416257,-1.0822927097483757,0,0,0
1.2678085150869691,0.012527175143607395,19.385128760344486,1.0191356533617124,-38.16926634555881,-0.9880796888932565,0,0,0
1.2713156349877721,0.008881943023415318,20.42923942279181,0.8956279474231593,-39.16797071097696,-0.8598235562973031,0,0,0
1.2640050115515322,0.004758706645709765,21.254389657055583,0.7428700567898006,-39.936648741084326,-0.7024286245009336,0,0,0
1.2489591904728883,0.00108793838078185,21.806553260948462,0.5688986281646222,-40.426180174328096,-0.5244379371158374,0,0,0
1.2306105240940894,-0.001421381294731816,22.05940695633747,0.38393340434283657,-40.615719515434165,-0.33670724922081374,0,0,0
1.2140008845660333,-0.0024386778102154947,22.02325405094544,0.198445911168902,-40.52006838091938,-0.15042563145786972,0,0,0
1.2037431751159176,-0.0020064085841823955,21.744456111398634,0.02139914064444639,-40.188315397681805,0.024766373855086954,0,0,0
1.2028126407025894,-0.0003799167041790952,21.294267789158923,-0.14082821788868358,-39.692930869259186,0.1820307408006215,0,0,0
1.2116182465005494,0.0022085829837422467,20.74997587319639,-0.28460008324062896,-39.112002427530314,0.31764508079324116,0,0,0
1.2279005980602165,0.005758441242230105,20.174207710035432,-0.40802837102497025,-38.509806188741265,0.4300412556864302,0,0,0
1.2477444292451452,0.010604837809745504,19.59912016678895,-0.5085263056828679,-37.92160260700794,0.5172135560667129,0,0,0
1.2675164679459812,0.01739325146517672,19.020957243904974,-0.578953066532516,-37.347663302970744,0.5725742340353577,0,0,0
1.2860908413889547,0.026938057314031028,18.408388824649293,-0.6032837531704501,-36.760197933151915,0.5803357493366604,0,0,0
1.3065436028951893,0.039994821019980975,17.72626955069876,-0.5537037239363258,-36.125767617463794,0.5125255786119027,0,0,0
1.3366589021915445,0.05698619044079578,16.97414389950879,-0.3912493875149224,-35.443583954767035,0.32989149020321806,0,0,0
1.3879333992178005,0.07774216216065213,16.23372338562028,-0.07109449985776735,-34.79432604056581,-0.012277728614907345,0,0,0
1.4731237482562278,0.10133121615386642,15.711618579694132,0.44833100162872197,-34.3849579043152,-0.5545294185343608,0,0,0
1.6027608509023992,0.12604508759731914,15.757230549795665,1.1948857355712534,-34.56767508314016,-1.3226828225422396,0,0,0
1.7814801509085072,0.14955876254365422,16.837481998047167,2.173848882807415,-35.81308752549813,-2.319430923495639,0,0,0
2.0053222196667377,0.16924064371558956,19.46326271145776,3.362714537133536,-38.63258347489034,-3.520037658508832,0,0,0
2.2610565907838094,0.18255405525880802,24.08243018307617,4.710549848067904,-43.46689679235155,-4.872618277708864,0,0,0
2.5279673439191725,0.18747730390245748,30.969814599617507,6.142097621757038,-50.57449152839314,-6.3027370134477705,0,0,0
2.781678466825497,0.18287007125851318,40.14687765272345,7.566245441772606,-59.95450716810831,-7.721722732624727,0,0,0
2.998950040051085,0.1687171592971069,51.35341492203412,8.887496418673761,-71.32614420255211,-9.03745617047123,0,0,0
3.162199454779625,0.14618575254728655,64.07964238018783,10.018095786336294,-84.16976673185567,-10.165642927364733,0,0,0
3.2627064382423754,0.11745479099497658,77.65469960319066,10.888474743945533,-97.82169617504351,-11.03960288353247,0,0,0
3.3018244608413596,0.08532710294834941,91.3740729974202,11.454638849141329,-111.60218523056247,-11.617374811506135,0,0,0
3.289932443873468,0.05270570290979322,104.63219473653328,11.702084774766655,-124.94223678785247,-11.885633663356098,0,0,0
3.2433376763813726,0.022071033702810893,117.01843986141012,11.646224762991736,-137.46951679914545,-11.86016710605281,0,0,0
3.1798701296165035,-0.004901397085235714,128.3480101509131,11.329301116148017,-149.02861231021504,-11.582712751000509,0,0,0
3.1143276202673036,-0.02750427808322655,138.62881867448945,10.813666066343961,-159.6406449074129,-11.11404208602533,0,0,0
3.0550243730171047,-0.045954305961200245,147.99066234728406,10.171476890757475,-169.4308281619541,-10.523532399754918,0,0,0
3.0023888038536057,-0.061216553156513955,156.6091252826408,9.47193124042289,-178.5561782286364,-9.876590224594196,0,0,0
2.9499360691987278,-0.07478174906975994,164.64642608351429,8.769032915577279,-187.1532717125572,-9.223038087530757,0,0,0
2.8871566739473593,-0.08844617099340582,172.21630304362745,8.093921055836486,-195.31018759210897,-8.590391394443765,0,0,0
2.803163378630373,-0.10409928275082052,179.36946851076542,7.454384790479702,-203.0570201725927,-7.984320192915453,0,0,0
2.68965892927622,-0.12349737402415144,186.0933854016491,6.840893091496691,-210.36808747650443,-7.395224680640013,0,0,0
2.5421149531758687,-0.14800415471229086,192.32252389230607,6.235703627640513,-217.17261766316003,-6.8072312406746445,0,0,0
2.3588759664473145,-0.17830683178226253,197.95765041977498,5.621148921825659,-223.3734307435831,-6.205736135093531,0,0,0
2.1388773021082983,-0.21415221043519211,202.89185805571012,4.984831657837423,-228.87181423936957,-5.58151616656437,0,0,0
1.8793538800257892,-0.25417487026259805,207.03774958945635,4.321707714206639,-233.59289171381303,-4.931774835323353,0,0,0
1.574982825894196,-0.295896421835792,210.34769862368918,3.634409412041646,-237.50314056870056,-4.259800161613976,0,0,0
1.2193204860309805,-0.33594858582385995,212.8206145008974,2.93306822470106,-240.61353957957172,-3.574652530302558,0,0,0
0.8084139648468067,-0.3705083613919925,214.49474266188852,2.2348859620980646,-242.9684333782009,-2.8911110800225,0,0,0
0.3454079713213787,-0.3958575783339612,215.43338018569384,1.5628868362087531,-244.6279359453425,-2.2291518766186584,0,0,0
-0.1558008397275472,-0.4089418077377431,215.71356263118187,0.9433189000004518,-245.65502178873245,-1.612190360905157,0,0,0
-0.6698269289623795,-0.4078263561701121,215.4240676486597,0.40185756045373183,-246.11461277953,-1.06399609036701,0,0,0
-1.1629686607440561,-0.3919974588645303,214.6713835132867,-0.0405298805594839,-246.08372846338503,-0.6049655403056591,0,0,0
-1.5996998168922971,-0.36249222171758644,213.5865187818625,-0.37096010602201657,-245.66494950976968,-0.2488155795926275,0,0,0
-1.9505407752691326,-0.3218523321892846,212.32504705571463,-0.5864862895859233,-244.99371784842114,-0.0005518051626836496,0,0,0
-2.1989096816753317,-0.2738974325239468,211.05632519399367,-0.6942828358343149,-244.23285261748313,0.14402135086098725,0,0,0
-2.344991762751107,-0.22331879836340107,209.94239981809434,-0.7104561962506807,-243.55279597175715,0.19747953390019007,0,0,0
-2.405601731144884,-0.17511541103209965,209.11101344067723,-0.6578016851555276,-243.101695375498,0.17896951880746315,0,0,0
-2.4101093570460392,-0.13393392222089204,208.6298797660293,-0.5626681863644365,-242.97395142982774,0.11157993290242416,0,0,0
-2.3935663539180894,-0.10341200932805919,208.49055182735069,-0.45115987244031996,-243.18772243673263,0.01907014538522276,0,0,0
-2.388988823361558,-0.08563779756344161,208.60900066867507,-0.34528322167576564,-243.68022644973055,-0.07755229818357634,0,0,0
-2.420981039283376,-0.0808240952403537,208.84605079710443,-0.25999562241119634,-244.32491759145537,-0.1627992041317839,0,0,0
-2.5023078829529766,-0.0872712703518971,209.04470164964235,-0.20203581955525465,-244.9679291343608,-0.22803878138526557,0,0,0
-2.633819910172889,-0.09023363723613266,209.0749200574593,-0.13210797979282538,-245.47424805591746,-0.30349871223464536,0,0,0
-2.8069187509035487,-0.10094938865300485,208.87221483895698,-0.08847976793593659,-245.7692408302569,-0.35740404447275864,0,0,0
-3.0071506340788687,-0.1177340160502841,208.4563689698817,-0.08121574354412685,-245.86084465880097,-0.37792304983959674,0,0,0
-3.217704466270078,-0.13811927381808667,207.9220416225418,-0.11449317435554462,-245.8331837856098,-0.35882622264654174,0,0,0
