Pitch_Normalized,Delta_Pitch_Smoothed,Roll_Normalized,Delta_Roll_Smoothed,Yaw_Normalized,Delta_Yaw_Smoothed,Label1_Move,Label2_Bend,Label4_Speed
0.18079795064683424,-0.0401383093985487,0.21228647627080477,-0.03078844798233149,-0.25835930130952534,0.06297933108975258,0,0,0
0.12248049541835826,-0.038536289979106186,0.16865006813527827,-0.03271217889605064,-0.1386220487068499,0.05348615240203477,0,0,0
0.06784092663613706,-0.036054330143195604,0.12876864373771468,-0.03628924862678673,-0.03954234447780891,0.045428355326679694,0,0,0
0.019786506388669522,-0.03302044797997716,0.09333270020130158,-0.04137378399198255,0.025863760867849805,0.040008659855953255,0,0,0
-0.01989359634590926,-0.029634457932772307,0.05834423635914732,-0.047024618726699906,0.05653735413923755,0.037030253444742006,0,0,0
-0.05041978922780288,-0.02605302798664013,0.016013402894500928,-0.051830485181848476,0.06255761310268326,0.03536621244856235,0,0,0
-0.071582360355535,-0.024660222766367212,-0.04173826411670234,-0.059757776910247175,0.0596391859772325,0.036885269260872634,0,0,0
-0.08336563319298307,-0.01678314187991532,-0.11870379566505562,-0.05965933185600107,0.0617099775381007,0.02423831657143296,0,0,0
-0.08591217074811652,-0.00873122719173125,-0.21093509226949436,-0.05442812643028674,0.07491297969315269,0.009814078141863547,0,0,0
-0.07973232921956708,-0.0008801873579258768,-0.30601837554767997,-0.04290645279322121,0.09530282317609817,-0.006337159398083258,0,0,0
-0.06580427701683789,0.006496748557513854,-0.38529129283166696,-0.02438527092012066,0.110493391299201,-0.024659904096594687,0,0,0
-0.04535092338079494,0.013147434606028695,-0.42794325042473247,0.0010599312566270669,0.1037611170074797,-0.04572263323584593,0,0,0
-0.019471345281175445,0.01872385582765048,-0.4155126205651527,0.03202343992812331,0.05859843694082656,-0.06938812725126695,0,0,0
0.010984632809410755,0.022712744903888905,-0.3357318277309105,0.06527939676971073,-0.03750783311298278,-0.09394186334538404,0,0,0
0.04507388922922928,0.024482135283675176,-0.1855084728420593,0.09575945732818666,-0.19006168682670932,-0.11573871251416393,0,0,0
0.08105455683248408,0.023448036733772427,0.026612715460771597,0.11727856267202981,-0.39466871925577607,-0.12972719137173386,0,0,0
0.11565619792096982,0.01928748711435304,0.27849613516453076,0.12392915852117312,-0.634242086535437,-0.1307684027135167,0,0,0
0.14376181584590597,0.012094222864406845,0.5340901720320517,0.1117158649663054,-0.8777086559157397,-0.11526671305110199,0,0,0
0.15890918208863525,0.002414960672744826,0.7466594810123723,0.07987330983239645,-1.0824741454484865,-0.08250292377658468,0,0,0
0.15474803811815718,-0.008823727770075607,0.8667672511726181,0.03142094738039845,-1.2019690905412403,-0.03521607186420965,0,0,0
0.12707059412669253,-0.02044486009431239,0.8540002923800643,-0.02723849789557988,-1.197190635835966,0.02073256415451965,0,0,0
0.07559130526327351,-0.03115934183065434,0.6892153992383214,-0.08757870532433713,-1.0489060135035402,0.07749976976709264,0,0,0
0.004678261446272813,-0.03969706878891941,0.38322047775881174,-0.14072541038734415,-0.7664308008250202,0.12689027331262254,0,0,0
-0.07725264489134531,-0.04494013365681582,-0.02152235392692603,-0.17927999202030803,-0.3896685517550793,0.16206461749907816,0,0,0
-0.1593747117138946,-0.04607071160147456,-0.4578934517978581,-0.1987390124870288,0.017263954718487184,0.1789153632311468,0,0,0
-0.23053886147405933,-0.042728265307614775,-0.8491743377825998,-0.19819512671765835,0.38032897841515023,0.17678936445044827,0,0,0
-0.2813144899682243,-0.035142393485512,-1.1287579687089107,-0.180225055749257,0.6346606465907882,0.15840943703674099,0,0,0
-0.3056395207222522,-0.02418586211575615,-1.2587097481710288,-0.1501113556092136,0.742937519075042,0.1290938716005087,0,0,0
-0.3017979339261103,-0.011295539451577952,-1.2407306438579155,-0.11470863776835642,0.7066794868629813,0.09558747692076963,0,0,0
-0.2725346149579906,0.0017527566000296701,-1.1151840160039654,-0.08126229877920821,0.5659245539632423,0.0648613113746336,0,0,0
-0.2243533407284275,0.013169295789739976,-0.948250265112506,-0.05632771050394751,0.3869037345314439,0.04307433596559633,0,0,0
-0.166267315894288,0.02148536721357175,-0.8118981568538146,-0.04476720322239771,0.24203270250154674,0.03467788793624891,0,0,0
-0.1082771330695067,0.025809654534754145,-0.7638658999247525,-0.048804503261962395,0.18944396838267608,0.04160705127187327,0,0,0
-0.05972507889104861,0.025951073741441632,-0.8341453417190081,-0.06732489097061034,0.2589445619912567,0.06269299268742543,0,0,0
-0.027681753816494847,0.02238899972485058,-1.0211705568373333,-0.09582990539976635,0.4480073143744505,0.09365428365119328,0,0,0
-0.015685189338341843,0.016106196841916186,-1.2968463700065769,-0.12741276550656835,0.7271078577776393,0.12801502103268944,0,0,0
-0.02321794462068283,0.008337202270188016,-1.6168030013285346,-0.1547166102460281,1.050731159309521,0.15894336849551677,0,0,0
-0.046128783307835874,0.00030573426044639974,-1.9319586578771322,-0.17227924404271705,1.3698674459492963,0.18147108968544784,0,0,0
-0.07790793667760454,-0.006991334550539819,-2.199029697855579,-0.1783360176835586,1.6432223233749141,0.1942021776704223,0,0,0
-0.11147264653882871,-0.01293097877692304,-2.389311671069649,-0.1753194793781944,1.8460747642901367,0.19975110659928533,0,0,0
-0.14098131802654734,-0.01733648621801933,-2.495416367572787,-0.16890829642286462,1.9763374194866117,0.20375345447085919,0,0,0
-0.163209973289824,-0.020462620803237998,-2.534690597280985,-0.16615765815280953,2.0567435993560252,0.212975937067381,0,0,0
-0.1781904785749049,-0.02288025193908254,-2.5472260767603387,-0.17354294104056578,2.1314657450868992,0.2333506550992098,0,0,0
-0.18903486666027902,-0.025274868069183755,-2.587340135500952,-0.1955268873973594,2.25645562798411,0.2685375452400365,0,0,0
-0.20104661599668816,-0.028211948176789292,-2.7102535210659795,-0.2337835432298064,2.4855418590830425,0.3191649700489677,0,0,0
-0.2203113973707218,-0.031942345603675905,-2.958422951534672,-0.2868720594578093,2.856867228451449,0.38258667405796987,0,0,0
-0.25202046401150824,-0.03631083076909647,-3.3522324117341924,-0.35014802856128713,3.384237710301619,0.4529800535193374,0,0,0
-0.2988774639996734,-0.040793591665880057,-3.8872275318507263,-0.41594901045153565,4.055242898349661,0.5218007914707016,0,0,0
-0.36002741844549746,-0.044641002602774905,-4.536865130153643,-0.47433405502500536,4.834872023864591,0.5787787859359639,0,0,0
-0.43089610257558775,-0.0470688212599029,-5.258032265647742,-0.5146264276458737,5.671941504869835,0.613582626968514,0,0,0
-0.504089625717512,-0.04744172881989357,-5.996896653185658,-0.5276313444530984,6.506137954679986,0.6179525469416319,0,0,0
-0.5711458899486246,-0.045413366094223306,-6.694180701796341,-0.5079068379022089,7.274751514063041,0.5877091587811123,0,0,0
-0.6246005046026539,-0.041002137125816775,-7.290566627010392,-0.45524466706467026,7.9192536044465385,0.5239151656347986,0,0,0
-0.6597230792593081,-0.034590712445397284,-7.733604411959689,-0.37478071515591155,8.39228189766925,0.4327536233681542,0,0,0
-0.6754639041956239,-0.026852795430190212,-7.986566965596964,-0.27573867200077873,8.665067328499362,0.3242045945840403,0,0,0
-0.6744450583129549,-0.018629394594587723,-8.037491330556762,-0.1693382819463011,8.733958816262572,0.21001106452080479,0,0,0
-0.662041835269676,-0.010782852866938697,-7.904679082380895,-0.06659513688677521,8.623389366649604,0.10154058703521969,0,0,0
-0.6447845884536463,-0.004052991470349809,-7.635034683409842,0.02340853656740194,8.382779132031203,0.008030968093947877,0,0,0
-0.6285553727473996,0.0010605365171215907,-7.29425185016143,0.0945247589684783,8.076917969704994,-0.06450304644133667,0,0,0
-0.617190048521465,0.004366116758222916,-6.951415085110753,0.14385844385744234,7.772052150077883,-0.11364422401827312,0,0,0
-0.611918154386899,0.005986380504258193,-6.66284802205341,0.17160005763286393,7.521543825032182,-0.14033782757681762,0,0,0
-0.6116758046521227,0.006306107990357646,-6.460095336122322,0.18053228686216158,7.35506119500252,-0.14821117586800767,0,0,0
-0.613995139431438,0.005871660299114012,-6.345319037325609,0.17525109207976755,7.274223140033172,-0.1425758244526662,0,0,0
-0.6160619116770789,0.005256656069335008,-6.295019973385266,0.1611136452502322,7.2558396574865185,-0.12923311365603354,0,0,0
-0.6156000991530419,0.004922949671033905,-6.270566389268325,0.14305804076200984,7.261689052731185,-0.11328493361473022,0,0,0
-0.6113839784093784,0.005120396081819934,-6.232168461935146,0.12460255133340752,7.251847057582495,-0.09822472373339224,0,0,0
-0.6033252322785359,0.00586431508337597,-6.152168161583219,0.10734092960706647,7.197631122122942,-0.08553234297392578,0,0,0
-0.5922180277602962,0.006998688022255806,-6.02389823090752,0.09106472732111826,7.090447995470868,-0.07483245033592709,0,0,0
-0.5793258760370605,0.008309012814771677,-5.863671442541332,0.07438329013882025,6.944068633557691,-0.06449295327949471,0,0,0
-0.5659860877032656,0.00962202985919447,-5.705389571776678,0.05553709573484582,6.789804912743961,-0.05241703563924034,0,0,0
-0.5532750035531393,0.010843766360184758,-5.589438725982745,0.03310865491621513,6.666220395292925,-0.03677497233642839,0,0,0
-0.5416889244295646,0.011932101668337225,-5.549448062911139,0.00650017295813825,6.606736691643249,-0.016536981949323605,0,0,0
-0.5309050112837213,0.012841745825407713,-5.601486135937407,-0.023781056038791347,6.629293607238225,0.008189800809367398,0,0,0
-0.5198416130851342,0.013492638991515093,-5.739649016036807,-0.05596197509209304,6.731669301094115,0.035981066388907836,0,0,0
-0.5071624355511943,0.01379142486339333,-5.9394798401061735,-0.08702072440314054,6.893939329366901,0.06411887909597454,0,0,0
-0.49206296172600617,0.013691384914667992,-6.167166732353763,-0.11304500525204446,7.086477238089259,0.08894779750602595,0,0,0
-0.4749077740244587,0.013238884742160905,-6.389978721971133,-0.13004222623048775,7.279529130216616,0.10664112812243047,0,0,0
-0.45729163784514526,0.012558328998009927,-6.58351798182845,-0.13508317359256808,7.450258659359946,0.11426155054449794,0,0,0
-0.4414116274031272,0.011775260951530697,-6.733878686572737,-0.12738941218015754,7.585257424517437,0.11076986628608551,0,0,0
-0.4290722385565857,0.010926769126515978,-6.835839624297122,-0.10885665205618125,7.67928288780422,0.09753147687438854,0,0,0
-0.42088615613153024,0.009916973841073684,-6.889860988287623,-0.08368673579579564,7.732631676517229,0.07802724126534315,0,0,0
-0.41610563444946536,0.008542957929937246,-6.90027979883682,-0.05723393712704876,7.749352197088228,0.056864837328231485,0,0,0
-0.4131524017684143,0.006574761584785449,-6.875380257738982,-0.03458789417962578,7.73699227009908,0.03856511610032669,0,0,0
-0.41057392181997443,0.0038498901592220135,-6.82821553659862,-0.01950932705470194,7.7069840698380006,0.026677608389735496,0,0,0
-0.4079926971404575,0.00034611993235529327,-6.77634719806413,-0.014039614418580015,7.674211742020333,0.023496467177776027,0,0,0
-0.4066333824266337,-0.003785108023545547,-6.739506103624251,-0.018669375760597972,7.655125611371574,0.03023120743267498,0,0,0
-0.4091601581766042,-0.008227792005601486,-6.735857663767391,-0.032699599749327034,7.665180291219883,0.047244277821368995,0,0,0
-0.4187927362529251,-0.012551358625178467,-6.77861125237547,-0.05448370223703165,7.717034743257301,0.07403764708762992,0,0,0
-0.4379504280795743,-0.01629410049950053,-6.874274830758537,-0.08148191347556946,7.820222096295197,0.10895897381264774,0,0,0
-0.4669233187920412,-0.01905918015846737,-7.022533381903102,-0.11028397596355007,7.98159496213097,0.14888567805233208,0,0,0
-0.5031640761875451,-0.02059200417028393,-7.216856985780893,-0.13681453292236653,8.20507445473092,0.18923750547009774,0,0,0
-0.54161922070125,-0.020813933999826874,-7.445116821207137,-0.1568160985009314,8.489728667964528,0.22451061403501454,0,0,0
-0.5760934067634196,-0.019807923214460742,-7.6901993924946765,-0.1665291485345975,8.826582008225557,0.24924260838968165,0,0,0
-0.6011657234046481,-0.017771567109443255,-7.9310552962341205,-0.16340604017823068,9.195840850361321,0.2591152626552599,0,0,0
-0.6139127388432968,-0.014961626786825378,-8.144492527287795,-0.14673006797165158,9.56658679672131,0.25188542197149105,0,0,0
-0.6147727224249024,-0.011653483144789334,-8.307667088633565,-0.1180400432934448,9.90023175172172,0.227924838120299,0,0,0
-0.6072393903212117,-0.008131153685123137,-8.401149149113365,-0.08119022530702721,10.1576063751167,0.19021986462240364,0,0,0
-0.5965084073473577,-0.004703164504358881,-8.412671654157776,-0.04182039328978533,10.3081873698099,0.1437517849267124,0,0,0
-0.5875666959478281,-0.0017117619389054538,-8.341575510475053,-0.006190935786256091,10.339076316010107,0.09437347036071345,0,0,0
-0.5834581502399345,0.0005083182472176873,-8.20293381483755,0.02025235085503141,10.26084334333396,0.04759447162158779,0,0,0
-0.5844756130387765,0.0017439616727443763,-8.028759238851165,0.03392031709176848,10.107273100954956,0.007823881859894754,0,0,0
-0.5886508657448388,0.002072597670093046,-7.86332075410499,0.03322388083221171,9.927246517231652,-0.0216268426936324,0,0,0
-0.5932110261524741,0.0020309890022403463,-7.7521087503572375,0.017881296625628807,9.770316711832692,-0.03799954822918039,0,0,0
-0.5960825409324713,0.00270584142408552,-7.728531787683806,-0.011998337885233922,9.6717855665772,-0.03862710348263931,0,0,0
-0.596473122115853,0.0056697871752774635,-7.8052893563701105,-0.056338394836585336,9.644825615320258,-0.021134557669739706,0,0,0
-0.594046745723972,0.012730251345945475,-7.975428280311448,-0.11473534805701177,9.683963324785395,0.015620145925680617,0,0,0
-0.5869295002988082,0.025536092210067807,-8.222336182857077,-0.18569243110376732,9.777610892824896,0.07044523671877982,0,0,0
-0.5694499931065025,0.04515162370362873,-8.532655033010116,-0.2662436511483236,9.921916334983507,0.13946999603123517,0,0,0
-0.5308688241950534,0.07172446729751983,-8.904959458840906,-0.3525689284560329,10.12773073931271,0.21714497025951118,0,0,0
-0.45615563678047977,0.10434571529800821,-9.350287295407668,-0.4414232756578599,10.417044802590766,0.29826917797984437,0,0,0
-0.3291146909380984,0.14113933007529483,-9.885683549888839,-0.5314024769226406,10.811725468142754,0.37984478384549336,0,0,0
-0.13713462870855153,0.17953670324501161,-10.525757265588226,-0.6229895837664415,11.321946477544003,0.4614914632062607,0,0,0
0.12403364682272411,0.21663640793431824,-11.277798034917566,-0.7172143562116673,11.941766414427804,0.5441524956134458,0,0,0
0.44737461204761075,0.24955967229674342,-12.142764544262405,-0.8139400890005064,12.654477346375643,0.6281752263774706,0,0,0
0.8149201786370952,0.27576424409136846,-13.119314125596517,-0.911170209312445,13.443273453775191,0.7123533824235153,0,0,0
1.201320286726144,0.2933115233784463,-14.205324117975863,-1.0059093777214343,14.298877956848003,0.7946542725906426,0,0,0
1.5794345790443742,0.30107670930941877,-15.39447974497375,-1.0957793874855923,15.219135848959354,0.873872153732745,0,0,0
1.9261467298609318,0.2988775061745514,-16.67205592301518,-1.1799884894095556,16.203668598758213,0.9506679993910752,0,0,0
2.2267736167186314,0.2874911952411736,-18.016661551965356,-1.2588426659741558,17.251264563547863,1.0269823747798141,0,0,0
2.476959597003983,0.2685333284045285,-19.40938107262201,-1.3321729236833746,18.36358752849719,1.1041066788805523,0,0,0
2.6816524021560895,0.24419556281604998,-20.843477424744762,-1.397903709313455,19.550447005470204,1.1807522284402183,0,0,0
2.8516404330369625,0.21688872621042066,-22.32564215968378,-1.4519449702328415,20.828626471454754,1.2525466611538263,0,0,0
2.9989455992344602,0.18887655001195752,-23.866224694659124,-1.4896851723891529,22.211590162225946,1.3134505992780532,0,0,0
3.132707896092896,0.16198325053439647,-25.464493781096152,-1.508218245274442,23.695544135181166,1.3582866155786149,0,0,0
3.256875806797595,0.13742944097887175,-27.098351218731068,-1.50792536857452,25.250795738177374,1.3848858584768493,0,0,0
3.3702075488303507,0.11582442433415849,-28.72477382030428,-1.492498518546438,26.824344568386266,1.3947203090498363,0,0,0
3.4682000791639496,0.09730896024985043,-30.29133146886528,-1.4673816557512525,28.353641841739886,1.391786110042878,0,0,0
3.5459792352048964,0.08178045161930356,-31.7542383757596,-1.4371361890643044,29.786534754544363,1.3801388253428513,0,0,0
3.601068026507349,0.06907248281083156,-33.09591523771056,-1.4023335415909728,31.100123148316356,1.3607038550138184,0,0,0
3.635203840345568,0.05897084088065725,-34.33436625808639,-1.356766853970815,32.310790618995554,1.3282381545951183,0,0,0
3.6547420046545938,0.05105037397619725,-35.517293982257286,-1.2862124626164841,33.468308105898984,1.2697505853651365,0,0,0
3.669444949229998,0.04444741145994868,-36.697004050326825,-1.170054475692524,34.63001472488327,1.1657561574480126,0,0,0
3.689670427342776,0.037748488293549085,-37.88956011056885,-0.9862028908322031,35.81862871236413,0.9948679939211758,0,0,0
3.7224163048994683,0.029132061749191963,-39.032162320804304,-0.7181179329936895,36.97792568113235,0.7406152077103144,0,0,0
3.7673795465595674,0.016768564002627783,-39.96047584489591,-0.3613996503186286,37.94830159182874,0.3979875355000132,0,0,0
3.8146816634298375,-0.0006622999073570667,-40.42531857722952,0.07271498208612855,38.48190614286639,-0.022949718794706087,0,0,0
3.8456849620994404,-0.023551859469540658,-40.15336037718731,0.5582761776111255,38.302321780951644,-0.4977174890840388,0,0,0
3.837299852696816,-0.051205047422978114,-38.935417705696494,1.0592556915110607,37.19268683164751,-0.9916879640601479,0,0,0
3.7687536665336268,-0.08196959021046979,-36.70991174089684,1.5356884168258063,35.07999850331649,-1.4658264801563519,0,0,0
3.6285808412719973,-0.11354610022075065,-33.607216437225105,1.9491167445114796,32.08129343104849,-1.8818118904674406,0,0,0
3.419223409959187,-0.1433348738491304,-29.93453220614603,2.2664552074764486,28.491133215058596,-2.205740143830545,0,0,0
3.157394475000217,-0.16873314763351743,-26.10444713521622,2.462812029780774,24.713135084281788,-2.410978265040788,0,0,0
2.869974525238078,-0.18739190091765892,-22.53267594231079,2.52414377266376,21.160363910800612,-2.481021008617378,0,0,0
2.586955302691962,-0.1974935607791366,-19.540994875689506,2.449819509131319,18.15980677645794,-2.4123758106621693,0,0,0
2.3340308080682632,-0.19807290688943055,-17.295923770131424,2.254154773910271,15.89090015352329,-2.2164896652921984,0,0,0
2.127350187094663,-0.18930384827937558,-15.797198279421778,1.9656420859782542,14.372123492458513,-1.9194192515877178,0,0,0
1.9717659529228513,-0.17260605737900506,-14.911922650549712,1.6231711270934865,13.492111694777861,-1.5585213033669192,0,0,0
1.86236424490545,-0.1504556154957868,-14.437222614383302,1.2696602933416599,13.068928725025813,-1.1765420283965284,0,0,0
1.7880245976393212,-0.1258995460366009,-14.168364001794131,0.9446527280996861,12.915101850394507,-0.8145586243302659,0,0,0
1.7355423584782415,-0.10190593429594941,-13.950795577442562,0.6779601641975915,12.887100915171317,-0.5057115348769884,0,0,0
1.6931628361691367,-0.08075791368885063,-13.702820935211165,0.4860269760742952,12.905920181389405,-0.27127519524790955,0,0,0
1.652838320042349,-0.06367943781843763,-13.40784420179962,0.3716075651702454,12.947714800316504,-0.11963510464778437,0,0,0
1.610979064872069,-0.050774903293930154,-13.086148661313928,0.3262820650971278,13.014777667497953,-0.047809074630620785,0,0,0
1.5678959597324678,-0.04124175436735698,-12.76139323371359,0.33471711614284627,13.102691427688058,-0.044646873654161826,0,0,0
1.5264516711797569,-0.033745305410666046,-12.435654009388472,0.37936213261890683,13.178148201044195,-0.09467507305656682,0,0,0
1.4905558089102868,-0.026835578196572386,-12.081122627719324,0.4443009427621618,13.17577244598067,-0.1815482882241497,0,0,0
1.4640169199835498,-0.019299485082191835,-11.649101999578434,0.5173134820424451,13.014020948471654,-0.29027845184411377,0,0,0
1.4499467012318803,-0.010365639027301653,-11.090051452954839,0.5899120030695201,12.622459988484195,-0.4079400209436443,0,0,0
1.4505715435326607,0.0002661997956209916,-10.374742675605063,0.6559429611684819,11.968351119828839,-0.5232166373144338,0,0,0
1.4671865765125176,0.012520674280199273,-9.507786149820944,0.7098285030719168,11.07161803292982,-0.6255868597129848,0,0,0
1.5001679853472183,0.026068081685509982,-8.529686114786713,0.7454401812269481,10.003135662948267,-0.7049346086725962,0,0,0
1.5491819297693326,0.04039122832664788,-7.508724171104419,0.7561240849125426,8.868314590880061,-0.7520240162157762,0,0,0
1.613641062828279,0.054785079913445146,-6.526719049629108,0.7358416445449734,7.7826112943536145,-0.7598284656095047,0,0,0
1.6931027025344605,0.06834133533000256,-5.663108202994422,0.6809698678941345,6.84682283055821,-0.7253154954669185,0,0,0
1.7871324880348567,0.07999318635938409,-4.981252197118991,0.5921270481919692,6.128802114318233,-0.6510750426484663,0,0,0
1.8944680921767656,0.08865954187176187,-4.5198817785938985,0.4754467869677896,5.655532283822907,-0.5461832020754513,0,0,0
2.011867719118001,0.09345012434050233,-4.2906855541287,0.3428462749548302,5.415736292376607,-0.42581660583261965,0,0,0
2.133360054531906,0.09383478399610112,-4.280352774013494,0.21089500640733547,5.36930503381501,-0.30927372361414884,0,0,0
2.2505034071265015,0.08970252066461626,-4.453472193685371,0.09808374820261463,5.457600693344176,-0.2163787763123139,0,0,0
2.353781995230136,0.08132296633161218,-4.7533182801430485,0.02091465450303929,5.609786012175306,-0.16296049598787193,0,0,0
2.4346692287522416,0.06928841643083387,-5.101223365238411,-0.009938159553819048,5.744969604622071,-0.15692475376721973,0,0,0
2.487529769730344,0.05449442538844238,-5.399774107031064,0.00813751113790886,5.775577354738573,-0.19659485704924862,0,0,0
2.5106662694744415,0.03813896213360124,-5.545881567602962,0.0698957133603642,5.6188235312304755,-0.2720475026022342,0,0,0
2.5063323658505823,0.02166268558916897,-5.4539616579640295,0.1644641584598631,5.217217870679491,-0.3686649894287143,0,0,0
2.4800166523431955,0.006565382280511756,-5.080633792657181,0.27829906634332247,4.559554576646036,-0.4710949450255811,0,0,0
2.4394123460611894,-0.005893375674452273,-4.43850666721481,0.3975173179586079,3.6895837133304212,-0.5658927255427159,0,0,0
2.3932573404540136,-0.015016393084796676,-3.591728420525058,0.5089997091442242,2.695261266354265,-0.6422021781714676,0,0,0
2.3499869104235955,-0.02088053724065304,-2.635711189414863,0.6006996254591869,1.682655139527867,-0.691213154666724,0,0,0
2.316157229931619,-0.02433743842760947,-1.6704815302521467,0.6621872502649253,0.7466512430883654,-0.7058650883299947,0,0,0
2.2948482384856135,-0.026788937280673508,-0.7781451005569693,0.6860457029672332,-0.049141243251852984,-0.681737326697126,0,0,0
2.284505297904275,-0.029814839059226016,-0.011226273796168584,0.6696227802127808,-0.6770521770926052,-0.6186965976749889,0,0,0
2.2787243973238134,-0.03478399209901113,0.6072221475608046,0.6159066919893021,-1.136554191928667,-0.5219006449330266,0,0,0
2.267291885198347,-0.042568551331885376,1.075990935046292,0.5326605698106505,-1.4398273520694715,-0.40105080515412794,0,0,0
2.238442993043847,-0.053412175907773474,1.4064953717083029,0.4300498655511575,-1.6001553962917683,-0.26800442644285455,0,0,0
2.1818682617509353,-0.06692405544782502,1.6155940094706267,0.31788601659860377,-1.6274114001038527,-0.13392561491329785,0,0,0
2.091572425071078,-0.08213748020033051,1.7205602526782116,0.2037008099565824,-1.5294227359998445,-0.0073082618498176545,0,0,0
1.9675718271351599,-0.09759889787280826,1.7348772775814467,0.09224196448870572,-1.3152467851870142,0.10650071432858396,0,0,0
1.8158651513458608,-0.11150658739089607,1.664787466096712,-0.013845672684288957,-0.9973891249006783,0.2045868254012845,0,0,0
1.6469166754533688,-0.1219426471122361,1.5083786357338909,-0.11286750478357135,-0.5926049060446132,0.28537686987676236,0,0,0
1.4734734364823083,-0.12720612957432564,1.258862999008855,-0.2030986558315604,-0.12222386175002953,0.3478483108234343,0,0,0
1.3085163191761922,-0.12617838992947128,0.9111933710908886,-0.28225449467816616,0.38795496619323444,0.39124645015875215,0,0,0
1.1636585234148527,-0.11859230685121389,0.46876542071791505,-0.3474054981928901,0.909314062084178,0.415158029586496,0,0,0
1.0478654140759858,-0.10508976604617146,-0.05268411278942153,-0.3952530970957696,1.4139413466981523,0.41972550673762327,0,0,0
0.9663816973005908,-0.0870446337225701,-0.6244911866073011,-0.42272639237862253,1.8783277119425748,0.4059189813057372,0,0,0
0.9200843624562225,-0.06624318646635459,-1.206950937311035,-0.4278793027604138,2.285053101483669,0.3759038745698405,0,0,0
0.9056493565589392,-0.044564516344185276,-1.75349472925069,-0.41093569400073593,2.6221575598651157,0.3334705048634589,0,0,0
0.9166741666734453,-0.023755029675457708,-2.217653693376249,-0.375066801325265,2.8820082821892186,0.2842405842014671,0,0,0
0.9454188141201598,-0.005295737122584398,-2.562476457689513,-0.32637496208176914,3.061800688156694,0.23523172839108497,0,0,0
0.984484810789823,0.009693921639217251,-2.770414391870247,-0.27287681420496457,3.1664338396537914,0.193639567928642,0,0,0
1.0278282730404555,0.02054789540254518,-2.850493940998504,-0.22285171602111972,3.2124811868845597,0.1652435656589347,0,0,0
1.070966022421615,0.027113325663071917,-2.839474642161761,-0.183230667307339,3.230360808207905,0.15314779843685072,0,0,0
1.1107011521890087,0.029727196938463863,-2.794984200099776,-0.15851998326121475,3.2616313459950277,0.15735588447839746,0,0,0
1.1448046304681583,0.029094608308170677,-2.781452254839067,-0.150368342838469,3.3503370259845724,0.17519401975077642,0,0,0
1.1718606513260426,0.02610960320478455,-2.8530083468184984,-0.15764722668578202,3.5307633685319217,0.20223449604560528,0,0,0
1.1912176190869417,0.02168510246042956,-3.039257610384425,-0.17687898941809124,3.8165310858521764,0.23329126301045733,0,0,0
1.2029213259435778,0.016637698802033186,-3.3386945618628374,-0.20290529099793417,4.19571640464909,0.26320377835412784,0,0,0
1.207620249755152,0.011631002378013022,-3.7213371217609392,-0.2297677532633969,4.633948479696983,0.2873801090664756,0,0,0
1.2065148461680053,0.007154244045899816,-4.138948724547333,-0.2517988318701768,5.084145648612747,0.3022666465756544,0,0,0
1.2013358353941186,0.003514358395359807,-4.539204286051159,-0.2648032697479252,5.499346469758365,0.30587788374093067,0,0,0
1.1942052610607874,0.000836766880134121,-4.879546850977846,-0.2670021765767288,5.844518970425838,0.29827720214361475,0,0,0
1.1872760462017453,-0.000916980859982175,-5.13715217479573,-0.25934579228643456,6.104161898872661,0.28170822705397996,0,0,0
1.1822435926480068,-0.0019088560177252134,-5.312972518801544,-0.24502561888331229,6.284297811751571,0.2601564365274811,0,0,0
1.1799482144217563,-0.002369182859825969,-5.429484952318319,-0.22838394076944724,6.409115863393879,0.23840208573895155,0,0,0
1.1802283201273838,-0.0025431293693515046,-5.523030112585786,-0.21364666275544691,6.5135353899680695,0.2208612372345499,0,0,0
1.18204781048712,-0.0026483389577151685,-5.632715533248771,-0.20388002632031146,6.633613356391976,0.21056452474930154,0,0,0
1.1838327657663257,-0.002842728228236524,-5.78895075069596,-0.20039480819751815,6.797280769923901,0.2085368988721683,0,0,0
1.1839284211568923,-0.0032051129035778557,-6.005176529455412,-0.20263533511899112,7.017969337086498,0.21370211508653653,0,0,0
1.1810835524744903,-0.0037415196383761896,-6.275415352101803,-0.2084769643877223,7.292758020958246,0.2232952655469546,0,0,0
1.174852445816967,-0.004423381075866928,-6.578004549254274,-0.21484093802664717,7.60499171725138,0.23366507523446386,0,0,0
1.1657779787784222,-0.005239681647047689,-6.8834949329530275,-0.21856764891247024,7.929887959147521,0.24129539865946015,0,0,0
1.1552249171659668,-0.006228730850784814,-7.1635055259856415,-0.21745096822150883,8.241183049738027,0.2438319161971066,0,0,0
1.144828396264245,-0.007464379526975051,-7.397742162678767,-0.21117498044301755,8.517250467221118,0.24083724523200373,0,0,0
1.135714403663087,-0.00900120448934132,-7.5778943325847905,-0.2017324891222259,8.745766615738518,0.23397356719512458,0,0,0
1.1278315036569069,-0.010813203617345835,-7.708706601710489,-0.19296345985855226,8.926489376562671,0.22643701575179875,0,0,0
1.1197605019792718,-0.01276728429664047,-7.807225215463859,-0.18922491296836624,9.071932518363042,0.22176933220854664,0,0,0
1.1091889704965752,-0.014649128526717448,-7.900700555126136,-0.19370016844666652,9.205653222243939,0.2224988201899464,0,0,0
1.0939163762634792,-0.016223579804713496,-8.02250142067767,-0.20711000110730565,9.357705009037744,0.22917747254907397,0,0,0
1.072951516301032,-0.017292157802096142,-8.205049950687325,-0.22738205081986962,9.557128178476233,0.24017851390280498,0,0,0
1.0471796028505622,-0.01772050620439245,-8.470253678937937,-0.25030778273136606,9.822685039336847,0.25223267549905015,0,0,0
1.0192866935112477,-0.01743658529750718,-8.820496617419693,-0.27074030283383765,10.154876161046985,0.261362879605457,0,0,0
0.9929891191188318,-0.016419124245335582,-9.234605537058698,-0.28374219314445953,10.532957775228766,0.2637870010782876,0,0,0
0.9719068182432835,-0.014693522782854984,-9.671562670877464,-0.28529769166909913,10.919035606249167,0.25649663893250646,0,0,0
0.9585093416191626,-0.01234008269559439,-10.080972159898451,-0.2725781988495598,11.26809337072902,0.2374823393618101,0,0,0
0.9534656506818351,-0.009508188981239129,-10.416109630048865,-0.24404588333476482,11.540118172617241,0.20580788868620062,0,0,0
0.955569259525916,-0.006422933746954129,-10.644647146908454,-0.19969517653951102,11.709802529145918,0.16177777460812023,0,0,0
0.9622537426680253,-0.0033710080049303313,-10.753677471817127,-0.1414527313282335,11.770619611569003,0.10724239250608321,0,0,0
0.9705155493075353,-0.00066218690469384,-10.748283409173268,-0.0734221020760927,11.732528402655845,0.045804140964759196,0,0,0
0.9778696264886406,0.001424194118573041,-10.645508784034973,-0.0015824871083779612,11.61520706533824,-0.017410648074704226,0,0,0
0.9829502653810209,0.0026915158746575684,-10.467205444333047,0.06717908532881722,11.440462785418049,-0.0765486503579325,0,0,0
0.9855766134619444,0.003062872884984813,-10.235023930702027,0.1264222359088052,11.227300086107817,-0.12618776044857896,0,0,0
0.9863672500718934,0.0025926314265092287,-9.968826557819625,0.17139239027671066,10.990999184876358,-0.16243596238839472,0,0,0
0.9861487594290139,0.001445368817989845,-9.687387541961243,0.19973106954496841,10.744929125502125,-0.18359696247702856,0,0,0
0.9854245003657383,-0.00015526491949202637,-9.409181306610279,0.21153137860521554,10.502606867149694,-0.1902516804822824,0,0,0
0.9840943795316832,-0.0019901609220568162,-9.151887270960813,0.20889598358887157,10.278240568131451,-0.18484598008715808,0,0,0
0.9814955737910083,-0.0038965150057379107,-8.930723244141348,0.19529445801921524,10.08544290526197,-0.17102630701230054,0,0,0
0.9767074308479238,-0.005790085667598532,-8.756366776367443,0.17496756125727586,9.934649986798718,-0.15297083855762422,0,0,0
0.968962900112615,-0.0076533765742951235,-8.632969623121113,0.15243367876871758,9.830011597833021,-0.13482933549013865,0,0,0
0.9579680172680725,-0.00949824394100176,-8.556548948146258,0.13196935662824671,9.766747264466659,-0.1202210079242775,0,0,0
0.9439851153236418,-0.011320094841751427,-8.514260864140894,0.11694084051251678,9.730199715295043,-0.11170659619826609,0,0,0
0.927675756785959,-0.013062433165518427,-8.485348318129269,0.10908075835305908,9.697591700531575,-0.11028785026749403,0,0,0
0.9098334843289422,-0.014606394326693816,-8.44448977013245,0.10803330642971645,9.642705829974972,-0.11514662532487704,0,0,0
0.8911663200189963,-0.015791081614358403,-8.367693975678776,0.11149214450234127,9.54271904625935,-0.12383695516923865,0,0,0
0.872223551948224,-0.016457835969644917,-8.23977290148511,0.11598555098826466,9.385540905167034,-0.13295765795624276,0,0,0
0.8534700478764989,-0.016500448504861254,-8.061079687430222,0.11800792530877544,9.175362065456511,-0.13908806911978785,0,0,0
0.8354316305240701,-0.01589990028603694,-7.850390179844183,0.11500621199253373,8.9339766520132,-0.13963275124393987,0,0,0
0.8187966147043397,-0.01472908097520218,-7.6414453313440305,0.10584021035490707,8.696280435106331,-0.13328573017318773,0,0,0
0.8043845404161658,-0.013127679643402246,-7.473114113238466,0.0906720002210875,8.500435018270593,-0.12004903188806679,0,0,0
0.7929635322194599,-0.011261375910517301,-7.376469695058503,0.07056509770358729,8.37586657326878,-0.10097340382157824,0,0,0
0.7849861124632724,-0.009284360047203677,-7.364198744215557,0.047166626778069085,8.333872202855645,-0.07787942546273996,0,0,0
0.7803849470339372,-0.007318874131870245,-7.426946214580198,0.022659926168388723,8.364734398799698,-0.05321564050249208,0,0,0
0.7785566878949197,-0.005454034083733461,-7.537769767921574,-0.00014024228361932955,8.442215511094304,-0.02999622043385557,0,0,0
0.7785525609138233,-0.0037560306510869166,-7.662042998642903,-0.017885865383374267,8.532985008043568,-0.011593974236609484,0,0,0
0.7793799514761872,-0.0022784848591967943,-7.76810663370442,-0.027254707181778314,8.606746650539634,-0.0011909445395559715,0,0,0
0.7802813065577965,-0.0010645655481198446,-7.834480425746335,-0.025921139887887534,8.64320566043159,-0.0009208646930431996,0,0,0
0.7808912896867355,-0.00013898465535362449,-7.851792602680376,-0.013551748647930139,8.634014447674645,-0.011012379947891305,0,0,0
0.7812363081934706,0.0005054081054964854,-7.820303985177773,0.007674398007766569,8.580340692740236,-0.029348106211296,0,0,0
0.7815996918241979,0.0009215756498093697,-7.74566118505625,0.03333100851802726,8.488525572875034,-0.05170894176862646,0,0,0
0.7823178767382615,0.001224550859129181,-7.635681093937379,0.057729110944659115,8.366657926338348,-0.07265953608430493,0,0,0
0.7835962659097362,0.0016146355758593245,-7.499716230694858,0.0752125746023907,8.223748403376732,-0.0867279748791077,0,0,0
0.7854390280889021,0.0024026083065834315,-7.350202234502532,0.08125164815391628,8.071253336686738,-0.08942200917686023,0,0,0
0.7877724443930134,0.00401521903880706,-7.204459682741302,0.07300904804747717,7.925126093408039,-0.0777806173511891,0,0,0
0.7907980695051151,0.006952284484842153,-7.084751889196312,0.049392446569254386,7.806389647200518,-0.05047572471598301,0,0,0
0.7955263072347805,0.011682153071025426,-7.015980887680513,0.010871909567877935,7.739466901748557,-0.00773101117888757,0,0,0
0.8043073896236308,0.018493087653162377,-7.021963944207172,-0.04061917917360489,7.748985568662988,0.04865365028823589,0,0,0
0.8210434800748061,0.027345038778423713,-7.121702122205605,-0.10157070071321925,7.8562082741627535,0.11509258130929823,0,0,0
0.8507591530418921,0.03777603666002847,-7.326379519485229,-0.16674183617726754,8.075583445580406,0.18603477589457498,0,0,0
0.8984212225344521,0.048904668760435754,-7.63694208937747,-0.229349005181831,8.411215461086158,0.25420216826523756,0,0,0
0.9672487532698852,0.059536851119088394,-8.041872885673428,-0.2819061535316479,8.853194429220707,0.31152194491618557,0,0,0
1.0570466536939733,0.06834833955019377,-8.51542323782705,-0.3176682932481583,9.374674216469714,0.3506587822472227,0,0,0
1.1631993946891868,0.07409698099318547,-9.017620596275208,-0.3322265423503367,9.931601095632487,0.3666693504060191,0,0,0
1.276819131997371,0.07582485558389038,-9.497949734559612,-0.32464341376513206,10.467147776060415,0.35817578363145797,0,0,0
1.386166580695999,0.07302374355575977,-9.90381342451279,-0.2976841192281725,10.921609096362374,0.32764650718684435,0,0,0
1.4790097027367182,0.06574358816956902,-10.192663820162096,-0.25707058330802823,11.246054724220784,0.2807322324480282,0,0,0
1.5452771995554855,0.0546246481173327,-10.34422936771054,-0.2100697099457946,11.41567907272318,0.2249442193220716,0,0,0
1.57929203591371,0.040838491324527125,-10.368136259856925,-0.16394709477021366,11.437966110477333,0.16814612820342348,0,0,0
1.5809965885994899,0.025935073236577465,-10.303220711766954,-0.12476051167450919,11.35204851744885,0.11728997141055117,0,0,0
1.5558571042301423,0.01161337231607149,-10.207647922457753,-0.09668427723469222,11.21853778556644,0.07760017695218266,0,0,0
1.5134952344432122,-0.000542873311904657,-10.142569985131374,-0.08175684531378095,11.102636622441423,0.052156788849057986,0,0,0
1.4654315669392446,-0.009309417053773927,-10.154894185529187,-0.07983194234391817,11.056135498503949,0.041716160140555306,0,0,0
1.4225501270549614,-0.014000464983813288,-10.2652257130203,-0.08861774630299095,11.104500809738,0.04467546698454043,0,0,0
1.3929528551580859,-0.014559912783796846,-10.464792506906534,-0.10388375236851743,11.243149545582241,0.05724363359305187,0,0,0
1.3807378475769525,-0.01155714318790615,-10.7213818776506,-0.12004351124897283,11.443176984852954,0.0739943297667736,0,0,0
1.385915532198979,-0.0060823010030446765,-10.990983243601278,-0.13126319452598095,11.663216325626337,0.08893872435122603,0,0,0
1.4052725497173526,0.00045718928959530557,-11.23040683074045,-0.13296854239737854,11.862433742568584,0.09702115582518615,0,0,0
1.4336929080757415,0.006612731331490806,-11.4069737835421,-0.12326929069770927,12.010402446407852,0.09560826538578908,0,0,0
1.4654251567204284,0.011181767696648137,-11.503655824256683,-0.10367657837904432,12.091991815116586,0.0853620821406679,0,0,0
1.4950340941996956,0.013423243833697996,-11.520279867717562,-0.07873923537282508,12.1079250290787,0.07006835722954463,0,0,0
1.5180671273391653,0.013138197037888233,-11.47225540910516,-0.05474036856180078,12.072848180693285,0.055467630788527345,0,0,0
1.5315588802541527,0.010612104441842973,-11.38758709250628,-0.03802036081769415,12.01221815236184,0.047587605100466134,0,0,0
1.5343678040214428,0.0064744363965658636,-11.301991496810743,-0.033550342749367704,11.958121631144678,0.05120703399264244,0,0,0
1.5271852934950658,0.0015439356365249068,-11.252184860634785,-0.04409737204196347,11.943833117877688,0.06887209805985606,0,0,0
1.5121198179558348,-0.003306942261531276,-11.268785563268608,-0.06996173432692813,11.997853292738228,0.10055221721496252,0,0,0
1.4920365766174086,-0.007277547256072126,-11.37118685177822,-0.10907962423773085,12.139092376630998,0.14379343465368208,0,0,0
1.4700169136830112,-0.009769818759612293,-11.565910258234126,-0.15733883325876405,12.374504082495008,0.19419455662690552,0,0,0
1.4491322644409905,-0.0105046959191057,-11.847947503961734,-0.20913435231360608,12.699123427006413,0.24613536568313918,0,0,0
1.4323557341051156,-0.009569681061363156,-12.203273167525964,-0.25829261158499295,13.097513987266211,0.29377464880075765,0,0,0
1.4222586216389743,-0.007354992158694529,-12.61107611009487,-0.2993704666743767,13.545859375615521,0.3322672995404076,0,0,0
1.4203689397430423,-0.004397274965323561,-13.0456437416928,-0.3290288081173884,14.01479374696234,0.35893235515161165,0,0,0
1.4265119210630957,-0.0012120381683701,-13.47893061564234,-0.34693044273718526,14.473571809193231,0.3739294018309039,0,0,0
1.4386709934078112,0.0017985746007923354,-13.884917612660672,-0.3556803718446503,14.895868119152254,0.38008466440217603,0,0,0
1.4536353719081205,0.0043359109657160385,-14.245889527378552,-0.35975159771711135,15.266506113281764,0.38186685658005787,0,0,0
1.4681470683025992,0.006141614412942431,-14.559073644442492,-0.36385408027177846,15.587176844254344,0.38391877598921836,0,0,0
1.4799161949337076,0.006961673120900969,-14.840491279150072,-0.3714464536233365,15.878386394940037,0.3897241484807495,0,0,0
1.4880026596909346,0.00658553963509263,-15.122713976680629,-0.3839172799366281,16.17535072651677,0.40083631907264133,0,0,0
1.492491374098151,0.004939297095863537,-15.445463481132848,-0.40054838022509925,16.51779199280699,0.4167619239171586,0,0,0
1.49377187823454,0.002161547207673209,-15.841813970243749,-0.4190133393380009,16.936701747158395,0.43531454139527453,0,0,0
1.491875352847984,-0.0014029457392496169,-16.325540646328236,-0.43604311716628813,17.443100860423016,0.45317147168726424,0,0,0
1.4862243360939686,-0.0053033900976146246,-16.88481654105908,-0.44801041893512517,18.023156937688753,0.4664628013841991,0,0,0
1.475904892021731,-0.009131663559443837,-17.484414417893333,-0.45142320024165483,18.641191048364817,0.47137903435903467,0,0,0
1.4602864654845433,-0.012650921626547528,-18.07505100604068,-0.4434910586352402,19.249013533105,0.4648717350162485,0,0,0
1.4396059145156244,-0.015850505877629928,-18.606320699041433,-0.42287172413437163,19.798220830154406,0.44545326628737314,0,0,0
1.415113167326453,-0.01890776525328732,-19.039177833793744,-0.3904252720883477,20.251804858096335,0.4138986100323564,0,0,0
1.3885995593392693,-0.02207108637900603,-19.35472328156662,-0.34954791193363804,20.592176738530384,0.37348496257584146,0,0,0
1.3614934434254593,-0.025506551501527495,-19.55762456303303,-0.3057043443420199,20.824068076679254,0.3294728995441318,0,0,0
1.3339863153218516,-0.029170822662500484,-19.674180722476564,-0.2651393688400674,20.972324655680723,0.28784997965713616,0,0,0
1.3046942257016667,-0.03277035932779313,-19.746066691127226,-0.23316105379126242,21.07568784748196,0.2537118096123464,0,0,0
1.2711644890579237,-0.035830913881378025,-19.821019765664616,-0.2125861491033035,21.17795048618143,0.22982017634799945,0,0,0
1.2311588210786937,-0.03784709453815793,-19.94185998447928,-0.20286609473044165,21.31788593313007,0.215806570629141,0,0,0
1.1841966653967262,-0.03844264787971667,-20.135808106294007,-0.2001641075022505,21.51969084493618,0.208271814769887,0,0,0
1.132582872206612,-0.03747106808939975,-20.406661543953305,-0.19834198251380145,21.786131629228464,0.20175214614779408,0,0,0
1.0812967757018441,-0.035022558554724983,-20.732182190074468,-0.1905457380722723,22.0964225936344,0.1902531129851411,0,0,0
1.0366422219448737,-0.03135606944015308,-21.06783878109816,-0.17095887550094346,22.409870564387745,0.16890657455352312,0,0,0
1.0041730805421025,-0.02681343391397064,-21.356364356589125,-0.13633534640862166,22.674894886229254,0.13534230866313238,0,0,0
0.9867827625314618,-0.021771332359938354,-21.541044388171045,-0.08701719800778988,22.841589538157194,0.0904964731164398,0,0,0
0.9837607297746018,-0.016644267942750444,-21.579638103199287,-0.027191572079971138,22.874855785532134,0.038677960782374045,0,0,0
0.9911335313001359,-0.011899938879805916,-21.45565544613666,0.03578850739435353,22.76475359301719,-0.013206555183174373,0,0,0
1.0030301499182173,-0.008032220076584906,-21.184373229750832,0.09297951729668767,22.531373572812754,-0.05718921190227775,0,0,0
1.0134454974793101,-0.005469740783516386,-20.81203196455718,0.1359418534871466,22.22285066429447,-0.08617746591919798,0,0,0
1.0177539859692217,-0.0044476795752927956,-20.40772382709372,0.1587361616404223,21.90647045275992,-0.09573132777881596,0,0,0
1.0135834834085529,-0.00489847616819219,-20.04877647000977,0.1592557988047531,21.65406607739672,-0.08518181343050628,0,0,0
1.000974574935995,-0.0064156540419006095,-19.80238701710759,0.13962655152770082,21.524530474611623,-0.057857411744342356,0,0,0
0.9819448141097098,-0.008324241197064453,-19.708420246226694,0.105722573799693,21.548095905195765,-0.020459376818465103,0,0,0
0.9596962847891746,-0.009853413987647741,-19.769002740184902,0.06601068013344076,21.717581608441094,0.018220679785434866,0,0,0
0.9377980008495399,-0.010356949544073757,-19.948486400123514,0.029938797368536996,21.98977140385213,0.0490033814883958,0,0,0
0.9196041893555957,-0.009496743928373519,-20.18337258792228,0.006049392967429412,22.29628166808871,0.0641989733913249,0,0,0
0.9078911193294914,-0.0073238750104735574,-20.39842970813973,5.6089897391586874e-05,22.56015982483254,0.059377325907803424,0,0,0
0.9044960100417399,-0.004241639731178281,-20.524266428416425,0.013296432854430407,22.713580370667103,0.03465347501250733,0,0,0
0.9098760020385726,-0.0008750238264639166,-20.51264399087181,0.04211816448308525,22.712884479178427,-0.004969084783752464,0,0,0
0.9227865466854865,0.002106262322976704,-20.347229897419425,0.07863031274101359,22.548460186673168,-0.05053860338285574,0,0,0
0.9403447333038173,0.00415071459891152,-20.048215571035854,0.11277206171416906,22.247839336474755,-0.09130695037970896,0,0,0
0.9585581776242122,0.004923101410858522,-19.669422688563287,0.1350689804078513,21.871065224736697,-0.117500512534167,0,0,0
0.9731945758450706,0.0043256295440301075,-19.287238601395842,0.13915010746838874,21.49840505735824,-0.12283899097774054,0,0,0
0.9807589080189416,0.0024675725804343073,-18.982699612774766,0.1232652087423233,21.212195574612537,-0.10606284846663527,0,0,0
0.9793051468386551,-0.00038368637889192315,-18.820765782981823,0.0905086378787118,21.076701900055042,-0.07113844176998327,0,0,0
0.968835203464181,-0.0038495689208957627,-18.832682783843765,0.04792483340915652,21.12127654274704,-0.026249318855693104,0,0,0
0.9511474147697925,-0.007476947555498725,-19.006928633455843,0.004925324674707099,21.331769915055133,0.018018209594637825,0,0,0
0.9291717358460829,-0.01076974820805674,-19.291614340993192,-0.028559704803434727,21.65295188600075,0.05080117339285266,0,0,0
0.9060391382496533,-0.013235845760473808,-19.60755761208469,-0.04392594870298154,22.001500061478595,0.06300504357145087,0,0,0
0.8842908574765289,-0.014466738273121393,-19.86798156332786,-0.03556713787478856,22.285966998116237,0.04902008206073276,0,0,0
0.86557525774883,-0.014235271798366967,-19.998962324288783,-0.002148240664109835,22.428021432421133,0.007901296039361228,0,0,0
0.8508606955436449,-0.01256144500388956,-19.955019736597635,0.05285423926751633,22.379076958665223,-0.05623946962917614,0,0,0
0.8408361182403326,-0.009698923431704998,-19.726498088425657,0.12163033666839454,22.12845549307275,-0.13484104133578398,0,0,0
0.8360915252877277,-0.0060418966403645415,-19.338370991522652,0.19354967772922152,21.702396395219864,-0.2164909650598247,0,0,0
0.8369524288549854,-0.0020045585083948935,-18.84224818962292,0.2573738630358179,21.155714860448654,-0.2891945573711297,0,0,0
0.8432207534252854,0.002061401994855316,-18.304140391168602,0.30358819117837044,20.55888184645528,-0.3427648545435488,0,0,0
0.8541581804527425,0.0058821888094428235,-17.790625266771897,0.3262409888745864,19.983359501697294,-0.3707342024648341,0,0,0
0.8687527694424375,0.00923501622731635,-17.356117563700977,0.32385842588569036,19.488042235402503,-0.37133513076638847,0,0,0
0.8859935531657044,0.011929770959098107,-17.03381898172651,0.2993111242534511,19.109554487767298,-0.3473915563325676,0,0,0
0.9049048774250821,0.013827677791780957,-16.832099651544155,0.2588069829695968,18.85831845268075,-0.3052808598142519,0,0,0
0.9243971458432583,0.014878256644935561,-16.73655243554292,0.21035086515143747,18.720679407772792,-0.25333014466251597,0,0,0
0.9432108578168084,0.015129660758468333,-16.71643547774073,0.16203223564529026,18.66572565100134,-0.200044707174618,0,0,0
0.9601338278313136,0.01468883997715693,-16.733386845891147,0.12046352427341134,18.654539929747074,-0.15251135562920126,0,0,0
0.9743683032055372,0.013657453694585797,-16.750301161826684,0.08966722072545394,18.649587797077345,-0.11526794799720505,0,0,0
0.985734995304341,0.012095603913262209,-16.738739538108547,0.07066121540562306,18.622413413823494,-0.08986690851091055,0,0,0
0.9945173610099687,0.010038639488524837,-16.6838180347157,0.06182784865403903,18.5584347747091,-0.07519896356108405,0,0,0
1.0010465802243118,0.007541851396588584,-16.585990024037784,0.05988377686018538,18.45824594540528,-0.06839334186825567,0,0,0
1.0053273063882955,0.004708181814099532,-16.459445356446437,0.06105912638661124,18.335362755430452,-0.06592512235689015,0,0,0
1.0069495922983265,0.0016799838561993852,-16.32720682767028,0.06209975845709011,18.210885402658192,-0.06457559013445291,0,0,0
1.0052912723103304,-0.0013882714595709444,-16.213821165003765,0.06088880110335424,18.106328817069908,-0.062063051357159796,0,0,0
0.9998156598091441,-0.004351737376757115,-16.137714666941065,0.056667156208050073,18.036745989090235,-0.05732387536322392,0,0,0
0.9902926759578037,-0.007086248541634177,-16.10584421387462,0.04991225697458361,18.006474427432437,-0.050483454417664574,0,0,0
0.9769336663933075,-0.009499590455472173,-16.112389261320246,0.041943541459384906,18.008784028402545,-0.042553592380295414,0,0,0
0.9604855886098278,-0.011547598516916936,-16.14141315079314,0.03432669353600346,18.028957283505747,-0.03489806393050117,0,0,0
0.9422176215367699,-0.01324373347721064,-16.172067976028046,0.028179023208173247,18.049174660191255,-0.028556728902444206,0,0,0
0.9236548755936269,-0.014647504889948948,-16.184695464969863,0.023550541391004744,18.053600230532453,-0.023612191274457926,0,0,0
0.9060506756695901,-0.015832818761010968,-16.166554609443935,0.01913157467640616,18.032710021602327,-0.018867015780412544,0,0,0
0.8898513212191261,-0.016858415712164287,-16.116178421086403,0.01250093665885572,17.98638211612544,-0.012056860340820208,0,0,0
0.8745122575262201,-0.017765426984503563,-16.04541659558855,0.0009062306287987099,17.92531811363375,-0.0005946239724863745,0,0,0
0.858816223410841,-0.01860188419242519,-15.978315751093717,-0.017719609654339764,17.87020690432533,0.017448925408945114,0,0,0
0.8414874721990344,-0.019444077470015485,-15.946398920177003,-0.043923591690857224,17.84807583128611,0.042541089523635375,0,0,0
0.8217085188361608,-0.0203826682461667,-15.980834847286062,-0.0763701517028366,17.885905824024235,0.07334062633084101,0,0,0
0.7992793965482718,-0.02146977810510009,-16.10332695503226,-0.11200655439578924,18.00283778867768,0.10685724878500764,0,0,0
0.7744667466855759,-0.022656276867419934,-16.31860924733654,-0.14664497113335812,18.203446537595198,0.13901239594263756,0,0,0
0.747776846836615,-0.023762341756319926,-16.61130389293662,-0.1757885987644144,18.47458555542761,0.16544927203881626,0,0,0
0.7198281931319599,-0.024509852340443672,-16.94839698199823,-0.19552765428055635,18.787006493840863,0.18243390287911723,0,0,0
0.6913528946185892,-0.024607904547315228,-17.286620153401827,-0.20335596583183105,19.101282509452403,0.1876862680522578,0,0,0
0.6632885525449268,-0.023846603337256057,-17.582628132419984,-0.19877632830965125,19.376506075551816,0.1809741125496828,0,0,0
0.6368888399630208,-0.022150533211731726,-17.803302583232693,-0.1835409708859544,19.579810834021913,0.1642919777747494,0,0,0
0.6137177000064042,-0.01957617245280403,-17.93359229389928,-0.16136069633933942,19.6945459331165,0.14148158209845008,0,0,0
0.5954084267258821,-0.01627333372815798,-17.979958578495314,-0.1370242971683382,19.724938511808688,0.11729878187616408,0,0,0
0.5832424854636002,-0.012439716908470188,-17.968598130382574,-0.11510865057220059,19.695646949521063,0.09616268609422604,0,0,0
0.5777740644309546,-0.008288400880962854,-17.938736663891802,-0.0986691216316757,19.645757566425175,0.08096998610551509,0,0,0
0.5787050221575356,-0.0040394295919981005,-17.932216210729933,-0.08832527857798737,19.6182623585797,0.07231574494727795,0,0,0
0.5850435095550353,6.725844957600202e-05,-17.98154686462,-0.08201803404348311,19.64757337418925,0.06830677859906871,0,0,0
0.595431024047258,0.0037644352335661326,-18.099483487720235,-0.07551973891967804,19.748633354783124,0.06500624029056042,0,0,0
0.6084688858089606,0.006788643958878992,-18.273311369718584,-0.06357819618871759,19.910982370507554,0.05742338859863594,0,0,0
0.6228942566249458,0.00894817123311924,-18.465880918199858,-0.041397122747119396,20.099663525024596,0.04083898734855893,0,0,0
0.6375614244587808,0.010183741064984986,-18.623482923667524,-0.006075505194867503,20.2628786200126,0.012173305567185367,0,0,0
0.6513620523420656,0.010575482017777915,-18.68878968309606,0.04232111294362255,20.344608336022105,-0.028904024112509318,0,0,0
0.663294866314672,0.01028718183431181,-18.61574054038249,0.10028634349494894,20.299172397795047,-0.07939064297905248,0,0,0
0.6727241977947926,0.009477773772135833,-18.382569357853768,0.16115117886121338,20.104036823006652,-0.13311668459433007,0,0,0
0.6796114750808044,0.008226329376041975,-17.999491715840477,0.21616670396414434,19.76749062209703,-0.1817610388748534,0,0,0
0.6844598423353148,0.006510251437475745,-17.509005081293708,0.2562354626741509,19.329222117454606,-0.2165779566332759,0,0,0
0.6879153278981534,0.0042498671048107894,-16.97868342967051,0.2738889281595078,18.853666944398725,-0.23041404889801526,0,0,0
0.6902087617686163,0.001393563349320459,-16.4879716991081,0.26498583802934095,18.417466508839823,-0.2194515480906091,0,0,0
0.6907321795693804,-0.0020087457092628825,-16.11164433007714,0.22969009396530282,18.09337198175902,-0.1841907714245906,0,0,0
0.6879967709997032,-0.0057848250601892914,-15.903526291458348,0.17251225949507898,17.933883958691837,-0.1294268218263966,0,0,0
0.6800600955068887,-0.009673792979381802,-15.884593642072446,0.10144892167306238,17.958738131032447,-0.06326670836531889,0,0,0
0.6652976858352702,-0.013384737597161234,-16.038931302802652,0.02645258200086431,18.150092855116014,0.004525491637463119,0,0,0
0.6432074092220432,-0.016648040935587007,-16.31883960072946,-0.04242754317166373,18.45726468354914,0.06444325158926176,0,0,0
0.6148759471928997,-0.01924247621212203,-16.65744676290298,-0.09688237191709419,18.809768604742686,0.10901233510378176,0,0,0
0.5828735452869864,-0.020995729662642758,-16.985002499109854,-0.1318437394100016,19.13482353844384,0.13412113682983318,0,0,0
0.5506124663637024,-0.021766417190949027,-17.244479261285065,-0.1463622190354826,19.374477033829237,0.1396889702285506,0,0,0
0.5214349185422833,-0.02142621552417836,-17.402958861387148,-0.1436111404773314,19.498099460291343,0.12951297277054435,0,0,0
0.49778399964739606,-0.01986523605030044,-17.456795418279043,-0.12991091826205264,19.50758985987764,0.1102474349144984,0,0,0
0.4807748829429528,-0.017031970165240294,-17.430081724177157,-0.11296606477267943,19.434583350057352,0.08970151734600336,0,0,0
0.47033259909021297,-0.01299551803102048,-17.367148481813174,-0.09983303258462825,19.330773660977343,0.07490919876196642,0,0,0
0.4657979402651051,-0.007999360962907076,-17.32070504684576,-0.09526993030117126,19.25386785873789,0.07054756546800718,0,0,0
0.46664532533226577,-0.0024732996742116596,-17.33804048542318,-0.10095017347735791,19.252567204261,0.07814954135923813,0,0,0
0.47288770756964027,0.0030171798379583946,-17.448500248456256,-0.11564722849694675,19.354279857009175,0.09623632912331744,0,0,0
0.4849207668826949,0.007878525260875336,-17.65577708874926,-0.1361199405580166,19.55886059236235,0.12115451397560832,0,0,0
0.5028799356579157,0.01161513122678457,-17.937701802121566,-0.15823116284541355,19.84029919312391,0.14821087650703363,0,0,0
0.5258794696215858,0.01391834751097747,-18.253980996058644,-0.17790918058401814,20.155972447421618,0.17273691396756022,0,0,0
0.5516067169218672,0.014681695519836068,-18.559431146356616,-0.19184142535066115,20.460462751524517,0.1909306480855605,0,0,0
0.5765692522561494,0.013949509306013397,-18.81799482385921,-0.1980324116517565,20.719134999633724,0.20052554286612861,0,0,0
0.5969261952107985,0.0118453595581272,-19.012393352631292,-0.19633236697301443,20.916692115127688,0.20133081094648447,0,0,0
0.6095160741999877,0.008533693328958236,-19.146240287653356,-0.18877724287308553,21.058142800652945,0.19548431408173314,0,0,0
0.6126148954634658,0.004235356397964551,-19.23911930035237,-0.17937413349438885,21.163174339593496,0.187110011315562,0,0,0
0.6061404183923997,-0.0007313525700723744,-19.318364601940743,-0.17309690176459752,21.257822632922284,0.18121867199476185,0,0,0
0.5913413031509123,-0.005935936218862991,-19.4118239181864,-0.17428797178508687,21.36758796647402,0.18209345712683103,0,0,0
0.5702577001722773,-0.010878106375670882,-19.543549517480116,-0.18507124271638134,21.513703733179682,0.19176171300393322,0,0,0
0.5452334996375612,-0.015076332951304039,-19.731443137065455,-0.20445814360113984,21.71139930627953,0.20919191540045007,0,0,0
0.5185659439208621,-0.018163926791079633,-19.98495001370462,-0.22851797686018785,21.968159167369237,0.23053558988716816,0,0,0
0.49224735473323733,-0.0199510257569969,-20.302310864207485,-0.25148418329460753,22.281397322792827,0.2502558126261533,0,0,0
0.4677881884994406,-0.020427643340855183,-20.668707251023022,-0.2672789764550316,22.636752129673056,0.2626247055006331,0,0,0
0.4461628656977581,-0.01971756226528214,-21.05697478864269,-0.270876937147375,23.00861126913219,0.26303025829757587,0,0,0
0.42787680628919134,-0.018025954823970382,-21.431420056255234,-0.2591879825951267,23.363498699524627,0.2487961190021565,0,0,0
0.41310463789349683,-0.015619299059525815,-21.753961133298446,-0.2314820227000709,23.66573246585503,0.21955175894686932,0,0,0
0.4018639849838479,-0.012834672460569152,-21.99115436649106,-0.1895192781025486,23.884069687928616,0.17732233751968351,0,0,0
0.39416568049809086,-0.010082865048981659,-22.12059328966015,-0.13743436038010232,23.997890549449778,0.12638526239629755,0,0,0
0.3899981519325735,-0.007814936895681513,-22.135429343431383,-0.0812660959403729,24.001664923201247,0.07277829299166569,0,0,0
0.38904050904230303,-0.006446901668350336,-22.046263364066164,-0.0280571293352466,23.906916895748225,0.023373632042563486,0,0,0
0.39021921931517056,-0.006258672026810075,-21.880142794730105,0.015352877436831136,23.741382542566072,-0.015356071965018713,0,0,0
0.39141870424342073,-0.007300629244880952,-21.676654468008508,0.0435513505920639,23.545249946755803,-0.038568358685054704,0,0,0
0.38963881954262547,-0.009351358056999003,-21.48136821042675,0.05350163052496981,23.364535059589713,-0.04395792094899491,0,0,0
0.38169384901425474,-0.011955030982547044,-21.337546081995157,0.04504051171227985,23.242347589557824,-0.032153135690026605,0,0,0
0.3652900860210906,-0.014528132093070667,-21.277891281886923,0.02088672886484062,23.20993797987444,-0.006577601086451068,0,0,0
0.3400983454446873,-0.016495920068642533,-21.318447627377807,-0.013777468696693518,23.280048879004482,0.027127888043025905,0,0,0
0.30835040441385786,-0.017417326349736584,-21.45613806124136,-0.05205634049205514,23.444490478438667,0.06198188277279826,0,0,0
0.27461537067262043,-0.017066508705737247,-21.67018817253735,-0.08635481502122673,23.676359192549512,0.09072908370143865,0,0,0
0.2447168310018668,-0.015450908932450602,-21.926562054782977,-0.10960629312676104,23.935888912336736,0.10703240552464877,0,0,0
0.2240813083558777,-0.012769918050777563,-22.1840380510331,-0.11658054589438507,24.178195776178484,0.10667382117472926,0,0,0
0.21604595581780472,-0.00934749235666601,-22.400706199650656,-0.10497178538067545,24.361201370294054,0.08849692366510738,0,0,0
0.22075361718604825,-0.005576628075884571,-22.540202618220775,-0.07587487578449696,24.45254078377019,0.05472846412627632,0,0,0
0.23512973021811945,-0.0018856750717887393,-22.577431141694362,-0.033398854148099136,24.4348591148362,0.01044420587132322,0,0,0
0.2539946685064791,0.0012941188591781838,-22.503351540939008,0.016481561273393196,24.309085801305116,-0.03771872256246809,0,0,0
0.2718151624544305,0.003583816512441729,-22.327609135693677,0.06739707530878007,24.094907216525513,-0.08316855992386252,0,0,0
0.2843320646858416,0.004736128461624389,-22.077196385222777,0.11385154173764249,23.827333520267246,-0.12074762201262104,0,0,0
0.28949365369597047,0.004711460737684092,-21.790126602722353,0.15197218545397534,23.5489325371519,-0.14754100446588153,0,0,0
0.28755655926440227,0.003707602546819544,-21.50537255980342,0.17975364815579553,23.29917196692483,-0.1630463859468705,0,0,0
0.2805549961262841,0.002112965527680899,-21.252591301695176,0.1969985457341096,23.10420331309811,-0.16887069445161274,0,0,0
0.2714425929721216,0.000392696725435826,-21.045522633656674,0.20511537290520182,22.970719556052273,-0.1681610971525714,0,0,0
0.26316056319464565,-0.001047325563195045,-20.880984345110903,0.20676450673746133,22.88579132563524,-0.16488225644591523,0,0,0
0.2578296426542437,-0.00196924660500315,-20.74266613666282,0.2052385624852647,22.822076924301484,-0.1629577778973271,0,0,0
0.25625938549492844,-0.002354440825597237,-20.607445684353266,0.20355268999651344,22.746152170320073,-0.1653242661379153,0,0,0
0.2579216357608374,-0.0023851350313037756,-20.45219781188699,0.2034651088244644,22.627474829779402,-0.17309717322226845,0,0,0
0.26134190682248004,-0.0023586487457990303,-20.259964068319064,0.20484428927279197,22.44608465206636,-0.18516393225511366,0,0,0
0.2646395986358101,-0.002558196637266974,-20.02481076037013,0.205730248986778,22.197755741293975,-0.19843321013330523,0,0,0
0.2659492454399981,-0.0031275072986687745,-19.75459970275722,0.20309606498040012,21.895689875772746,-0.20868918713182155,0,0,0
0.2637052089513645,-0.004000901785811095,-19.470721471558775,0.19395198728090576,21.568200234702147,-0.2117312525971073,0,0,0
0.2569685086682938,-0.0049207042265507536,-19.204148408967257,0.17632561758924653,21.252563990546975,-0.20441660297947523,0,0,0
0.24586062659945185,-0.0055389723894705865,-18.988220143788894,0.14982956210280776,20.98638745471922,-0.1853626654687389,0,0,0
0.2318854902079579,-0.005558130432093833,-18.850023695306902,0.11578419602801944,20.798899454317024,-0.15524714700935363,0,0,0
0.21782062479613273,-0.004835515752732533,-18.803146263853762,0.07699915126962793,20.70476439833041,-0.11673114740357562,0,0,0
0.2070523432294209,-0.00339464296123424,-18.8441895084608,0.03731127561223815,20.70198614052532,-0.07402491892015348,0,0,0
0.2025319118661315,-0.001353311464376361,-18.953902190858912,0.000924293929075759,20.773848175092013,-0.032106444016750404,0,0,0
0.2057606025015417,0.001158915303059871,-19.10212210803887,-0.02841240291634648,20.893613181972825,0.004333142443641691,0,0,0
0.21628444110848477,0.004022933177265031,-19.25481924767385,-0.04827802688863159,21.03044426725822,0.032009089978507176,0,0,0
0.2320028158276557,0.007082879666504028,-19.381486946634837,-0.05828963791585977,21.15544068657121,0.04990052146356731,0,0,0
0.2501720943076009,0.010081940558693247,-19.461478532268018,-0.060373207848357424,21.247135794534643,0.059523963178449435,0,0,0
0.2685576616988925,0.012646943641713903,-19.48827243813072,-0.05841059003716538,21.29589541498339,0.06447442822986602,0,0,0
0.28608995837210216,0.014353827065596647,-19.47100041267521,-0.05730152167971312,21.306478354504293,0.06936238332257574,0,0,0
0.3027142868729982,0.014854180900708513,-19.4329200744655,-0.06172311547502289,21.297904668952697,0.0785112002881192,0,0,0
0.3186400303830652,0.014002574432882397,-19.406878342337336,-0.07498076338706312,21.300004030114906,0.09484235693082041,0,0,0
0.33352177964655993,0.011917523628285664,-19.428295408832454,-0.09826839515706212,21.34673042282398,0.11924213984828498,0,0,0
0.346070182522098,0.008943218541648434,-19.526917407656043,-0.13046724794245534,21.46747200831777,0.15047869933284802,0,0,0
0.35430241150862685,0.005536227065444166,-19.7193532627891,-0.16843107413585443,21.678725184854017,0.18555683986022586,0,0,0
0.35631018543730875,0.0021399756130179525,-20.004626881544482,-0.20760528917634957,21.978867836566423,0.22032851223608815,0,0,0
0.35117805211051234,-0.0008993630064409785,-20.364170898205458,-0.24282151387801748,22.34786208505406,0.2502141105042341,0,0,0
0.33960427972408525,-0.003362697005513837,-20.76615101169257,-0.26916944897842965,22.751922787863123,0.27097698464188225,0,0,0
0.32391993235333416,-0.005153168492468297,-21.172583179489266,-0.2829001220182434,23.15146381358565,0.27953910067038806,0,0,0
0.3074897145022817,-0.006282149171266837,-21.547053304438705,-0.28226995722149295,23.509763476865174,0.2747566142825889,0,0,0
0.2937206568085884,-0.0068598748864573626,-21.861135213245674,-0.2681018963037431,23.800045773995038,0.2579263173380184,0,0,0
0.28501306032792684,-0.00708848433532836,-22.098572832121633,-0.2437708183683256,24.00977387653373,0.23272708073617138,0,0,0
0.28199009472187697,-0.007242880993410949,-22.25729662901489,-0.21447039904233378,24.14212142952786,0.2044567902464422,0,0,0
0.2832486908094296,-0.007625366833472924,-22.349616979870973,-0.18594411460059632,24.21503815114366,0.1787530776393737,0,0,0
0.2857036626440532,-0.00849945754558803,-22.40037222582653,-0.1631315898034927,24.2579883582342,0.1602539628975478,0,0,0
0.28542534208402515,-0.010032143291624607,-22.442335065227738,-0.14919830556830932,24.306138643928136,0.15166898161953385,0,0,0
0.27874924217640284,-0.012275227813513822,-22.508874888628796,-0.14519663765757684,24.392429987518483,0.15350548614956097,0,0,0
0.263350611389356,-0.015190381251201757,-22.625592157698534,-0.15031502604865069,24.53945356425686,0.16439540063692276,0,0,0
0.23892535689745387,-0.018692222148251857,-22.803899077524193,-0.16247193303808274,24.754003442561128,0.1817601277605007,0,0,0
0.20716828158603562,-0.022672350843306786,-23.0390363601218,-0.17897971897798898,25.026453293060513,0.2025164605253366,0,0,0
0.17096837867345016,-0.026980958449432536,-23.313101589821443,-0.1971135799512922,25.335100635490647,0.22364565272955303,0,0,0
0.13310924781590927,-0.03137169551705767,-23.60172309260814,-0.21454952132496885,25.653727882902956,0.24260279728124773,0,0,0
0.09506787323935839,-0.03544242705184786,-23.882015959395716,-0.22965385121395343,25.95972270713287,0.2575855850752447,0,0,0
0.05652518237636173,-0.03861581867763562,-24.139414169650863,-0.24151709991901668,26.240202756397025,0.267585515151319,0,0,0
0.015894078149727875,-0.04019328596590697,-24.371508025339452,-0.24958495441523923,26.49444488552973,0.2720719579734265,0,0,0
-0.028291613086551592,-0.03948434103367902,-24.587830278477426,-0.25289022527064875,26.732166616740614,0.27028129672912654,0,0,0
-0.07567502834207573,-0.035974479482013065,-24.80541340076833,-0.24916941138323806,26.96828583827093,0.2603559049045458,0,0,0
-0.12280757538700016,-0.029471338912485122,-25.0407631568887,-0.23432811851413363,27.21530871577005,0.23877947542934236,0,0,0
-0.1630075027616158,-0.02017498298122149,-25.299748621676585,-0.2026505690855373,27.474723022295393,0.200526251148392,0,0,0
-0.18767512875075454,-0.008650376378534474,-25.567938612828286,-0.14787799223462345,27.72926626035178,0.1400968015160288,0,0,0
-0.1887764161466805,0.004277565158338348,-25.804795703653824,-0.06495168031708402,27.938659684536105,0.05326176064601782,0,0,0
-0.16160414130894196,0.017654092490299433,-25.945004277749476,0.048052592103741174,28.04152263719638,-0.06099100104876527,0,0,0
-0.1066819565728565,0.030493790157140665,-25.90852165025109,0.18839188901181103,27.96498521861679,-0.19896714946461885,0,0,0
-0.029978581408983018,0.041823503664451776,-25.618194091997097,0.34803181256648374,27.641170771557313,-0.35178996599694584,0,0,0
0.05866972973311135,0.050695154111727446,-25.021024828510292,0.5141864650803498,27.02706249198991,-0.5061802969269195,0,0,0
0.14824931181644274,0.05623025084373978,-24.107304357440015,0.6709978588350936,26.12225660625296,-0.6463897006140712,0,0,0
0.22926287322933092,0.05774266377679425,-22.92149451065022,0.8021024857608154,24.97861434362474,-0.7569254969794741,0,0,0
0.2954274612575176,0.05492218893160015,-21.560445031223864,0.8936224491204768,23.69740905580059,-0.8255219562324868,0,0,0
0.3439440383556587,0.04799644926826261,-20.157883970873087,0.9369138469140651,22.4129200530262,-0.8456838871557807,0,0,0
0.3746273796866433,0.037776142747829054,-18.85796002447735,0.9303356320962294,21.265369254211066,-0.8181372985226488,0,0,0
0.38865022162126195,0.025539244046241548,-17.78377084604567,0.8795131625008764,20.369404714741364,-0.7507574396259145,0,0,0
0.3876177480070595,0.012787703872210444,-17.008779786544707,0.7960291072593477,19.786303074871512,-0.6569738860428401,0,0,0
0.3732825361097696,0.0009665187376015183,-16.539383181110438,0.6949655330731119,19.508146347058982,-0.5531052471125918,0,0,0
0.34778284606930754,-0.008760651442155164,-16.314837771034803,0.5920112817633167,19.459797786330824,-0.45534785157986163,0,0,0
0.31406217019552685,-0.01562882937543435,-16.225893203501528,0.5008285055718502,19.519488095730765,-0.37711713482072184,0,0,0
0.27612635053854717,-0.019289488575928715,-16.147013284846537,0.4311032523466167,19.55251774582456,-0.3271662666728957,0,0,0
0.2389280606053461,-0.019770585407978557,-15.971839179919101,0.387392786811256,19.447561872498824,-0.30858549112664946,0,0,0
0.20782094683596597,-0.017416985297920462,-15.640332213590696,0.3687470170132855,19.143930540001975,-0.3186348100590067,0,0,0
0.18765574460131518,-0.012823865510455335,-15.149598915154584,0.3691602374632737,18.64174870481898,-0.34941961550078415,0,0,0
0.18173249392735613,-0.0067564925028392505,-14.546927501011183,0.37899177649551347,17.99370658748211,-0.3894910291545415,0,0,0
0.19094436754147637,-4.9846472714420996e-05,-13.90984297793311,0.387325300179009,17.28354980347487,-0.42630897991662664,0,0,0
0.21344789502785488,0.006506191875750744,-13.321309616411853,0.38481242468058807,16.599954974281445,-0.4491320073272419,0,0,0
0.24504388100521624,0.012276958023100804,-12.8477808064777,0.3661672770414796,16.01395019205114,-0.4515474008349599,0,0,0
0.28021792104091503,0.016862054732645505,-12.524920006079668,0.3314757451283043,15.56488749478541,-0.43283246390386976,0,0,0
0.31356370546838264,0.020121553390471548,-12.352640201711438,0.2859079989377619,15.256398296564498,-0.3977191071131102,0,0,0
0.3411882692960546,0.02214418069855384,-12.298889038040656,0.2380250001155133,15.06119767255214,-0.35471351865270717,0,0,0
0.36169764083635414,0.02317301332117836,-12.310166409504305,0.197328478464415,14.932087864149224,-0.31359871867681477,0,0,0
0.376441494162421,0.02351679742476449,-12.325574762307653,0.17183962855248608,14.815605900963277,-0.2829246319050952,0,0,0
0.38887127850603065,0.023471399757063693,-12.290518925776965,0.16632154856146855,14.664557633687878,-0.26815019770303933,0,0,0
0.4031743009128945,0.02326211399457776,-12.16667749985605,0.18144342311044284,14.446571400955037,-0.270777507836857,0,0,0
0.42267450075325996,0.023008104156485843,-11.93655819328896,0.21390354669483144,14.147562616706722,-0.2884946162391543,0,0,0
0.4486158692754998,0.022708497050722087,-11.602913330886992,0.25736360911815126,13.770708655230493,-0.31613185110414577,0,0,0
0.47975787857585317,0.022250023136413687,-11.184565320863015,0.30394805204812203,13.332448215020747,-0.34712117277024107,0,0,0
0.5128390609866926,0.021439524295563218,-10.71048577497524,0.3459547858307303,12.85711241641684,-0.3750716404897389,0,0,0
0.5436447470332411,0.020068620516252623,-10.213604734763123,0.37733274644341036,12.371452134172955,-0.39504898715532305,0,0,0
0.5682732398032755,0.018008443399423868,-9.725252946859143,0.3945255130743163,11.899879161510682,-0.40424789135030037,0,0,0
0.584197872200491,0.015306892993454824,-9.270685889023085,0.3965153148808426,11.460876136446814,-0.40197840413513575,0,0,0
0.5908367371180532,0.012240662112822065,-8.86602690400035,0.38421350221853035,11.064889496065888,-0.3891301184710073,0,0,0
0.5895574836685569,0.009282052905238914,-8.517191461342861,0.3595399292608434,10.714067762134647,-0.36739219281959945,0,0,0
0.5832587349071332,0.006975815002951436,-8.221422369112886,0.32453409357166835,10.404092487452033,-0.33848258780691654,0,0,0
0.5757434306878082,0.0057631496365132765,-7.971405044480534,0.28072081843524616,10.127778575355364,-0.30356470273748926,0,0,0
0.5710224904037204,0.005818931303493003,-7.760778308701688,0.22882445311815616,9.87940747052042,-0.2629665841148949,0,0,0
0.5725784076282423,0.006972734284502735,-7.589166028254581,0.16883944813168483,9.658526286824753,-0.21625974154336233,0,0,0
0.582597211016207,0.008755492268518595,-7.465144839258556,0.10041984105385496,9.472286538347674,-0.16268144922313468,0,0,0
0.6012762433983738,0.010556613451701936,-7.406396550410662,0.023511647455192984,9.335805106798063,-0.10179481998468135,0,0,0
0.6264625528382055,0.011822486771167462,-7.437008415677582,-0.060927289746294376,9.270213320361734,-0.034180660860121746,0,0,0
0.6539252150455184,0.0122107816407933,-7.582291407706236,-0.1503776721584785,9.29827872101319,0.038112598729429695,0,0,0
0.6783916598032391,0.011643403668371377,-7.8618284934618,-0.24063562914978717,9.438075003834541,0.11157367108773712,0,0,0
0.6951236181855762,0.010256349939787412,-8.282074986790931,-0.32617915601582864,9.696119562287834,0.18167715940922732,0,0,0
0.7014836026188078,0.008296178130123621,-8.83069526657583,-0.400827996479704,10.062285878850815,0.24352657239327585,0,0,0
0.6978512470957412,0.006030068002299061,-9.475181766065319,-0.45841868481477094,10.508904562649661,0.2924069149072238,0,0,0
0.6874565270874342,0.003708915935814616,-10.16713460019956,-0.49338627232233423,10.99514418139779,0.3241725453632995,0,0,0
0.6751419070261164,0.0015717617077498857,-10.850957588412868,-0.5013823793323752,11.475297880917026,0.3356467570934655,0,0,0
0.6655589923174432,-0.00015301898959165782,-11.473424804055597,-0.4801184469847854,11.907552262280433,0.32525207451581933,0,0,0
0.6615769234213644,-0.00128170521098383,-11.990583398558371,-0.43041388660282676,12.2598742558703,0.2938615217004582,0,0,0
0.6635517121963517,-0.0017335011902659403,-12.370871138900924,-0.35708436606657445,12.511938773994729,0.24552940365098835,0,0,0
0.6696428321230172,-0.0015690519326966522,-12.596115201029988,-0.2691006356462978,12.654746291947845,0.18759612797625494,0,0,0
0.6768614699073225,-0.0009681333150268756,-12.663012963309654,-0.17860585647132582,12.690595748992735,0.12983362759738667,0,0,0
0.6823065660757379,-0.00014302710875995216,-12.5862138528192,-0.09886026031879425,12.634734779292415,0.08272253942714088,0,0,0
0.6841485907161484,0.0007682650543586079,-12.401538927241575,-0.04167638372297233,12.517579915360699,0.05534887392151973,0,0,0
0.6821607277687747,0.001761555200408793,-12.166188122528297,-0.015099895914848106,12.38486584241221,0.05353953821944799,0,0,0
0.6777751939371655,0.002934200312027713,-11.953193164912818,-0.02192958768538631,12.293480457371658,0.07871148250050339,0,0,0
0.6737116359385169,0.004376496450797162,-11.83956019160081,-0.05935014552554918,12.302523275188435,0.12764861136995762,0,0,0
0.6732416428610293,0.00605980976554008,-11.89018864128532,-0.11966953538673977,12.46104100149563,0.19319388662545123,0,0,0
0.6791924754254524,0.007803692187185618,-12.141582357706852,-0.19195827436475668,12.79526963806478,0.26569087274542086,0,0,0
0.6928937153166288,0.00935081555383448,-12.590167015754787,-0.2642435992777578,13.299053598999762,0.33489374897756363,0,0,0
0.7134077966309889,0.01049915900479732,-13.18961665628548,-0.32580673056966847,13.931232405647421,0.3919620555664835,0,0,0
0.7374595675627234,0.011198609505731838,-13.859708317177052,-0.3691039736068447,14.622534615247247,0.43109905100291146,0,0,0
0.7603434879475941,0.011548682914045117,-14.505796596466766,-0.39091999088262525,15.291643506746624,0.4504481056291468,0,0,0
0.7776567462544932,0.011706769980538923,-15.043974920019153,-0.3925598164602107,15.866517405136335,0.4520631890571593,0,0,0
0.7871523178167479,0.011771485376142721,-15.424255428224981,-0.37914198103671454,16.304486398077046,0.44106074172154025,0,0,0
0.7897612889944838,0.011711590184022213,-15.644232900981265,-0.3582686323057544,16.604470967400772,0.4242964715983419,0,0,0
0.7891984650789681,0.011378365634982401,-15.748760100427063,-0.33841106972184887,16.807004331479902,0.4089489711840315,0,0,0
0.7903093426664185,0.01059188039943706,-15.815786805887427,-0.32725913231453774,16.981672892067223,0.4012375871130217,0,0,0
0.7969073291868796,0.009250417824061686,-15.933002168073997,-0.3301941186861015,17.205877055280183,0.40533805963517866,0,0,0
0.8100096171568509,0.007400458945151911,-16.17285333881233,-0.3490928920302238,17.54201831498318,0.42255775166867976,0,0,0
0.8271914529808129,0.005233967242483572,-16.57372735350397,-0.38178192171119035,18.020722117487736,0.4509547886816506,0,0,0
0.8433783715570939,0.0030278508636271797,-17.13229964032243,-0.42243410739658316,18.634910486377464,0.48564102727496844,0,0,0
0.852847666188211,0.001067683246641593,-17.80773778332778,-0.46295123919235265,19.34502410309841,0.519870391420497,0,0,0
0.8516613357060123,-0.00040861979083501866,-18.53490384032139,-0.4950031744889912,20.092094921823133,0.546715278889323,0,0,0
0.8394919902415836,-0.0012339382595143889,-19.242074645336885,-0.5120833919040593,20.814034284893552,0.5608150801339662,0,0,0
0.8200397976307556,-0.0013102917249412371,-19.868573974947097,-0.5108640008983656,21.460881240150457,0.55954038718682,0,0,0
0.799875297545384,-0.0006032986508273553,-20.37827249235059,-0.49140626233368323,22.005708245684872,0.5431279395081419,0,0,0
0.7862231447580683,0.0008493853814570684,-20.76581855077734,-0.45632237866490755,22.448825680960454,0.5138553201111108,0,0,0
0.7845679465917357,0.0029152365372070222,-21.05383608711459,-0.4094541682613553,22.814027856619845,0.4747960909171695,0,0,0
0.7969066999074386,0.005348109903398779,-21.281493347795987,-0.3547088474685367,23.13742218685138,0.42877849630017123,0,0,0
0.8211584664725393,0.007798568330900935,-21.4877899768408,-0.2953877979167416,23.452001512569154,0.37786801405322024,0,0,0
0.8518722253716646,0.009869108393601778,-21.695523426971505,-0.2339745610141506,23.773463687488572,0.32332060736212326,0,0,0
0.8820000315602812,0.011208851592294877,-21.902279465941334,-0.17218398320734138,24.092985012270105,0.26578823809099106,0,0,0
0.9051424347400001,0.011614988206997624,-22.081992315006758,-0.11113532996382389,24.379879884824845,0.20562266155464215,0,0,0
0.917477673550593,0.011091647151351936,-22.1959526245043,-0.05164237460906094,24.592714425425754,0.14325434680544333,0,0,0
0.9187308815667734,0.00983140498635322,-22.208319585088603,0.00534996264478309,24.69408731377169,0.07965711324858091,0,0,0
0.9119638134683328,0.008124507148426118,-22.100112324424003,0.0582673773848029,24.663590626594782,0.016801432587638488,0,0,0
0.9023730268280445,0.006235351854641635,-21.87717185041558,0.10460052993929878,24.505052296506875,-0.04214566693507038,0,0,0
0.895484418105255,0.00429700730306024,-21.5702598332052,0.1410782043822607,24.246571324674278,-0.09312114203611373,0,0,0
0.8952207497709708,0.002267042585562251,-21.227993721348156,0.16440126296364782,23.93399331933719,-0.13200392177946013,0,0,0
0.9024035379568005,-3.336026336597797e-05,-20.905116202992772,0.17230802444492924,23.62001583844554,-0.15573783154991644,0,0,0
0.914225743918081,-0.002809593527145182,-20.649518127578517,0.1645619196966294,23.35200701813787,-0.1633381982165389,0,0,0
0.9249701045908836,-0.006161042940583172,-20.491497422118726,0.1435011181667079,23.16177359190897,-0.15644750062601814,0,0,0
0.9278128605956226,-0.009984718925315406,-20.43797968537028,0.11396153163126144,23.059840667030244,-0.1392747838101201,0,0,0
0.9171440709169332,-0.013951628619503253,-20.47287238005501,0.082552176296484,23.03533610992659,-0.11790620306169615,0,0,0
0.8906349462953216,-0.017559098590672305,-20.56270038812231,0.05640984369429134,23.0607053316063,-0.09910681966446191,0,0,0
0.850353384062501,-0.020241436172005932,-20.665101142756924,0.04170813753908931,23.0991156203346,-0.08887531584971953,0,0,0
0.8025258375748905,-0.021510509165101156,-20.737556534102964,0.04230371918039992,23.112304458405674,-0.09112366587351631,0,0,0
0.7559681319102225,-0.021088628531221332,-20.74473807024036,0.05890863536415196,23.067509294057317,-0.10686372078287434,0,0,0
0.7196297638642477,-0.018994178791122352,-20.663895284405243,0.08905765163421933,22.94292512269257,-0.13415938543933237,0,0,0
0.6999891762367412,-0.015554171152110996,-20.48803482760188,0.12789802362108132,22.731262679948344,-0.16885579518607868,0,0,0
0.6991206522670694,-0.011342604587824212,-20.226480935774518,0.16952280315846338,22.440770359402705,-0.20580116149539834,0,0,0
0.7140838192786703,-0.0070635237294965235,-19.902411068477207,0.20835670160094963,22.093136384080225,-0.2400968238464401,0,0,0
0.7378710726843991,-0.003405006564466362,-19.547403169028087,0.2401503120471972,21.71824681263692,-0.26798257228851696,0,0,0
0.7616023593958232,-0.0008932502547935428,-19.193892143844195,0.26241420276465277,21.346778158065803,-0.2872262277968815,0,0,0
0.7772089004170795,0.00021971585460391906,-18.867472356537675,0.2744024126125041,21.002693716652317,-0.29712269729205615,0,0,0
0.7797181467675358,3.9089590742946715e-06,-18.581534126747428,0.27685067574534516,20.6981473818702,-0.2982767443960824,0,0,0
0.7684757719302269,-0.001179775222865942,-18.336053413630992,0.2716036153135363,20.432478735520505,-0.29228232000682225,0,0,0
0.7470356293622871,-0.002782416877620619,-18.12059604259383,0.2611585831969464,20.1952470160885,-0.28132793664600797,0,0,0
0.7218269224102869,-0.004214734187537772,-17.919871158280202,0.24811781315207782,19.97169814977201,-0.26772662637393696,0,0,0
0.7000282658274841,-0.004996596365138828,-17.719528070148428,0.23460452690953987,19.74849523598752,-0.25341687880176095,0,0,0
0.68732290003841,-0.004859788025423484,-17.510444782639155,0.22180801939622086,19.517947159334483,-0.23957212367383535,0,0,0
0.6862596505024641,-0.00377549426996211,-17.290825236507743,0.209856513474611,19.279857017620145,-0.22648636636318997,0,0,0
0.6957237308090214,-0.0019187668538236835,-17.06622503750731,0.19809077740806202,19.04098054889755,-0.21379457486461034,0,0,0
0.7116363957444349,0.0003924199379014226,-16.847846874748797,0.18559825517475873,18.812609370048193,-0.200905730700228,0,0,0
0.7286110201628446,0.002759666806190353,-16.649392162575467,0.1717435303582647,18.606972479913964,-0.1874302060458291,0,0,0
0.7419632040679147,0.004771977453479792,-16.482968992001318,0.1564847957202332,18.4332837182383,-0.17343286535754315,0,0,0
0.74928810339199,0.006085488695765662,-16.355145639550372,0.14041773929278065,18.2945329868744,-0.1594591136780906,0,0,0
0.7509598287413013,0.006500087673154553,-16.264613490846244,0.12460413838797564,18.18618970908622,-0.14636661018470248,0,0,0
0.7494235904721904,0.00600274687190705,-16.202435854697555,0.1102679565674265,18.09739608931372,-0.13502746492078188,0,0,0
0.747748040362282,0.004756599028179665,-16.154680112946096,0.09841866027236393,18.014166582412088,-0.12597160474565214,0,0,0
0.7481777869960666,0.003039012747154857,-16.10626738971135,0.08945945573903061,17.923356022553577,-0.11905223204341268,0,0,0
0.7512605272340096,0.0011522178737536138,-16.044783852627987,0.08288459545082105,17.81619091577312,-0.11324209582504637,0,0,0
0.7557511995280919,-0.0006632054141419985,-15.963545471833044,0.07722102004239276,17.690705899689732,-0.10669181656928117,0,0,0
0.7592023860262316,-0.002286557842873549,-15.863660272025157,0.0703358550863058,17.55289332259167,-0.09713364319141533,0,0,0
0.7590011476343932,-0.0037326366325586948,-15.75479760518516,0.06007043049413596,17.416450159479837,-0.08255777277770733,0,0,0
0.7534853828054509,-0.00512187792031682,-15.654123037493108,0.04496603098503442,17.300862759987837,-0.06190891878686102,0,0,0
0.74265604925057,-0.006611746216142933,-15.582935439126445,0.024778911155317475,17.22761482118159,-0.03550508311371061,0,0,0
0.7280942503125658,-0.008307332281280822,-15.561254939983186,0.0005970698796389229,17.214853277172068,-0.005018500038025309,0,0,0
0.7120972241466035,-0.010183500955679391,-15.601731549756195,-0.025437378911776422,17.271818361536646,0.026933221332404854,0,0,0
0.6965292611591138,-0.01206060411280987,-15.705019803095752,-0.05066494685165566,17.395077394543478,0.05740472331189324,0,0,0
0.6820603248346373,-0.013664144676972967,-15.858478278158174,-0.07254173182678443,17.56830519141647,0.08375975760249617,0,0,0
0.6681872044212014,-0.014754134780156391,-16.038813153831597,-0.08924007749154014,17.766005915392867,0.10420615460087959,0,0,0
0.653916189971298,-0.015254093171076021,-16.217919260950808,-0.10012120324667535,17.96003811301378,0.11817187412011379,0,0,0
0.6385963448981329,-0.015295865865023472,-16.370309740541714,-0.10597921513460733,18.126940555710604,0.1264700409109878,0,0,0
0.6223597008646635,-0.015150994118550897,-16.480214923453005,-0.10894032267693063,18.2540477355048,0.13116812143875906,0,0,0
0.6059440350038869,-0.015100810994024983,-16.54652381240851,-0.11195595095842918,18.342924305996632,0.13510049943125182,0,0,0
0.5901151175398098,-0.015334687895501986,-16.584147471593198,-0.11798910268653628,18.409333562382727,0.14110085753252122,0,0,0
0.5751355916623311,-0.015928670245928346,-16.62104709132926,-0.12915934515586258,18.479553686281946,0.15119300854728693,0,0,0
0.5605872829610945,-0.016882793092868553,-16.6911347765255,-0.146133766037552,18.583499575924236,0.16601455639598442,0,0,0
0.545521151218864,-0.018152069711958062,-16.824579312680044,-0.16791136040674104,18.746082388855996,0.1846234198393688,0,0,0
0.5287134458796174,-0.019628445726202415,-17.038369305023537,-0.1919772549495235,18.979313766741683,0.20466803312667708,0,0,0
0.5089005019619179,-0.02109375824269364,-17.330406605390223,-0.21472412316355616,19.277936000865736,0.2228150532987172,0,0,0
0.48508825904261244,-0.02220769025094711,-17.679256921326328,-0.23206313626590003,19.620183676973625,0.23535099895009637,0,0,0
0.45707564777855225,-0.022578571159175453,-18.049423344609124,-0.24020029520233804,19.973174754104292,0.23893266343946779,0,0,0
0.4260752436026394,-0.02190132279498158,-18.39998747294824,-0.2365347455926127,20.30072806677157,0.23144312030477182,0,0,0
0.39500645257695055,-0.020090186741113313,-18.69376504404407,-0.22049964085884993,20.571074838983805,0.2127696013989322,0,0,0
0.36803821503033873,-0.017329747983070833,-18.9047788342522,-0.19401258223010132,20.76284355188369,0.18516873403436307,0,0,0
0.34934988007057655,-0.014017262241630135,-19.02305004335264,-0.16122268684632388,20.868880320676624,0.15292333580508172,0,0,0
0.3415740550112787,-0.010633799119950993,-19.05648223245163,-0.1275079454075126,20.897930778971954,0.1212828249604712,0,0,0
0.3446192838077309,-0.007612847049145444,-19.029575721268543,-0.0980312183699624,20.873778402845318,0.09503371466911119,0,0,0
0.3554159660489091,-0.005253525749556331,-18.97849512732455,-0.07636635108532061,20.831001107085314,0.07722041959973751,0,0,0
0.3687278795456166,-0.0036812843446469403,-18.942633473853462,-0.06365288607256332,20.807169358916553,0.06844205616080216,0,0,0
0.3787502678431025,-0.0028387275981643255,-18.954336375401454,-0.05849776907588762,20.833011926578337,0.06688379602676946,0,0,0
0.3809471772870978,-0.002502617918008809,-19.02973552830875,-0.05755998266760827,20.923511900795404,0.0689649414067361,0,0,0
0.37353998610707606,-0.002336855616761113,-19.163650983801446,-0.05656162315130331,21.072932262768944,0.07033193314887284,0,0,0
0.35819360913048115,-0.0019783391794973683,-19.330293904769704,-0.051427960525298036,21.255495400591826,0.06693127115647712,0,0,0
0.3396509390486955,-0.001128255293036773,-19.489756525011074,-0.03932147520880704,21.431681512151386,0.05598166183509932,0,0,0
0.32432370089048845,0.0003825982150516438,-19.598649870028723,-0.019393534641076828,21.558529734743985,0.03669956106436416,0,0,0
0.31820549884366756,0.002566556978244705,-19.62209846396466,0.0069059076069606816,21.601250110460683,0.010602142817373306,0,0,0
0.3248358920127572,0.005282433144084564,-19.543855326521523,0.036076035835090184,21.54309111441009,-0.018761807141848406,0,0,0
0.3441334131185414,0.008255062612705899,-19.37170987941262,0.06335357520954972,21.390817725436307,-0.04663860467903476,0,0,0
0.372553861696133,0.011100912503090398,-19.13656882026423,0.08385146907441907,21.174164969560195,-0.06822916889378802,0,0,0
0.40441583762554956,0.013365696873388799,-18.885277299331847,0.09374598323251745,20.93903335475207,-0.07985194123444614,0,0,0
0.43377150872794346,0.014598850846600443,-18.668975169957847,0.09121413424011138,20.73589382937692,-0.07981860375636529,0,0,0
0.45609061223413505,0.014480442566606655,-18.53011523170595,0.07691140194363726,20.606546215978597,-0.06883968084696904,0,0,0
0.46920273416138514,0.012964645317264,-18.491779214025513,0.05389194350038338,20.573203711653946,-0.04988905346094441,0,0,0
0.47330790778258347,0.010354167803485836,-18.5522966926859,0.02697949718291568,20.633162099806924,-0.027559537961928983,0,0,0
0.47031220935649287,0.007234136455905116,-18.68650852762761,0.0016966614011792557,20.760343697180332,-0.007029791825618759,0,0,0
0.4630099245097341,0.004273358947231997,-18.85298444452829,-0.01704172105567352,20.912853301990992,0.007167808308150825,0,0,0
0.4544823451853972,0.001982416562594835,-19.00493589151769,-0.026171323135491774,21.044200579800645,0.012315344817068308,0,0,0
0.44767509115339976,0.0005444196282709868,-19.101914907583463,-0.025299930036698014,21.115222345817017,0.008280439181299925,0,0,0
0.4448952262551842,-0.00020283874994646566,-19.119602206252438,-0.01680258484121424,21.103867051304007,-0.00241400173582349,0,0,0
0.44714942709786953,-0.000632405458812002,-19.055694509888582,-0.005097675672755031,21.010711437833578,-0.015313848468065317,0,0,0
0.4535956743538918,-0.001121815932526715,-18.930688401312764,0.004679629648231298,20.859047277547603,-0.02533037168435328,0,0,0
0.4615348085168449,-0.0018909794959043325,-18.78311453207293,0.008156813158514353,20.689350607791596,-0.028172199013388875,0,0,0
0.4671743466619205,-0.0029604498326150975,-18.659805062437655,0.002886227633626959,20.54906369429571,-0.02147366449235335,0,0,0
0.46698385319446345,-0.004218784294093325,-18.60327344941345,-0.011108513851824852,20.48002361512627,-0.005339112390402079,0,0,0
0.4590940500312257,-0.005521689793427242,-18.639712231145296,-0.03147082596538127,20.5070399803368,0.01777772509756801,0,0,0
0.4441001295506908,-0.006748285494353468,-18.771416312943145,-0.05422223858460029,20.631131311857104,0.04377076408550522,0,0,0
0.42487784685924623,-0.0077966526263452355,-18.97607361518142,-0.07483383205807001,20.82946393487711,0.0679532225748261,0,0,0
0.4054872482124665,-0.008556401212641163,-19.213000046101712,-0.08941154243149896,21.061831221912996,0.08625389902269376,0,0,0
0.38967832832091176,-0.008907725021252588,-19.43431046590625,-0.09574424816618006,21.281644302279688,0.09628141944093613,0,0,0
0.37966657215433486,-0.008765171784463632,-19.597916895734585,-0.09396083589901565,21.44841907868863,0.09800118892636363,0,0,0
0.37562914809043946,-0.008141892497241088,-19.679026721893464,-0.08657745827577515,21.538579503295864,0.09380638113220811,0,0,0
0.3759707963904333,-0.007189079170997559,-19.67722995638792,-0.07786232703604412,21.551889598018533,0.08790594437626283,0,0,0
0.3780970964493946,-0.006177346987928445,-19.617247544099456,-0.0726924295858467,21.511877888705072,0.0851894210170883,0,0,0
0.3793321353498271,-0.005419963170230346,-19.542881808403607,-0.07527896251158239,21.460035504389907,0.08992585522561,0,0,0
0.37767512505881484,-0.005168815372726954,-19.505486813903048,-0.08814830634847937,21.44510379165888,0.10468133134172604,0,0,0
0.3722093378407152,-0.005525318010349167,-19.550039583303587,-0.11159886222282722,21.510190755619732,0.12970765866062378,0,0,0
0.3631043769799618,-0.006399653384021065,-19.702997911039887,-0.14366269172288212,21.681358145047994,0.16288076288259107,0,0,0
0.35128761651016305,-0.007533928507501742,-19.965789671217536,-0.18050053958240966,21.961089774169096,0.20014282225961894,0,0,0
0.3379901745936422,-0.008584776224755331,-20.315793529391044,-0.21714464370974582,22.328457615696948,0.23634160536109902,0,0,0
0.3244133920508432,-0.009239582277908198,-20.713905517962857,-0.24850370915357162,22.745495665294868,0.2663304769070976,0,0,0
0.3116326142502288,-0.009324722002510555,-21.115653639122286,-0.2704940363511682,23.167387132121775,0.28614367971880483,0,0,0
0.3006315113154159,-0.008865413451994186,-21.482235352212015,-0.28105289344251505,23.553317820614723,0.2939787643005417,0,0,0
0.2922493342018413,-0.008076805757028183,-21.788693981196914,-0.28070564778249574,23.875293942316063,0.2906728263165377,0,0,0
0.28693631257074514,-0.007294801800495065,-22.027918899939323,-0.27242208674601615,24.123340273460883,0.27946041685874834,0,0,0
0.2844279050337093,-0.0068805748241786095,-22.21042717741473,-0.2607486208690645,24.30654058884693,0.2650570744960561,0,0,0
0.28355520332077333,-0.007141878315432848,-22.360568517728737,-0.2505097779267643,24.44997839862515,0.25237875440550683,0,0,0
0.28233631940967996,-0.008296604894279368,-22.510054388864845,-0.2455272342648797,24.58808640821337,0.24531120234504158,0,0,0
0.2783395985052124,-0.010467138889036675,-22.690010538677697,-0.24772150650259306,24.75569394275658,0.24584457142335053,0,0,0
0.26918442635185613,-0.013668431713017525,-22.92327973808169,-0.25674545653307346,24.97902836065751,0.25369566252744563,0,0,0
0.2529946088965147,-0.017765427336098583,-23.2190032972305,-0.27011839665115217,25.269283209349936,0.26639346026133526,0,0,0
0.22866656530743512,-0.02241730214106923,-23.570925981771083,-0.28376343373962953,25.62049915557219,0.2797645507240816,0,0,0
0.19596012242504912,-0.027059662809216435,-23.959450417237946,-0.2928597917391528,26.011763534848228,0.28877538836646865,0,0,0
0.15556501707166603,-0.030974694200904197,-24.35614854652765,-0.29291787912934664,26.41225056759052,0.28866364587099724,0,0,0
0.10928203920975932,-0.03346075137480966,-24.729102866450845,-0.2809113216036664,26.787274876074235,0.2761677719435056,0,0,0
0.06025488362301701,-0.03405038073611451,-25.048061514811025,-0.2561856985358702,27.104186096087744,0.25051345087503873,0,0,0
0.012958575228608993,-0.03267440658001704,-25.289166435120265,-0.22081587570038436,27.337732282289835,0.21378444344159106,0,0,0
-0.027410622599362,-0.029677752695542382,-25.43923318015831,-0.17920464354262577,27.474722866923344,0.17047961899397707,0,0,0
-0.056267915242884214,-0.025672618630967748,-25.49912375471436,-0.13699023446193906,27.517371662191636,0.1263695377935818,0,0,0
-0.07131938100928892,-0.02131264952611218,-25.48513672344039,-0.09960963366667101,27.484162869407896,0.087034611624793,0,0,0
-0.07374945690365564,-0.01710972804606996,-25.427162054234344,-0.07098704891112391,27.407127643765847,0.056551035488158166,0,0,0
-0.06811096164798869,-0.013367321236432871,-25.36297241719734,-0.052739316013871475,27.32529534551196,0.036688738732595996,0,0,0
-0.06076606388462835,-0.010218659309515488,-25.329352761857336,-0.044081345403581905,27.275458912784046,0.02678850497052281,0,0,0
-0.057561478189455784,-0.007699904330692675,-25.35224488319436,-0.042373523781823505,27.28259668383845,0.024277201506163238,0,0,0
-0.06181524125094029,-0.005788193607970981,-25.438973355562084,-0.04406687798820315,27.352785230955817,0.02561198828107649,0,0,0
-0.07341832874131171,-0.004383610571746033,-25.57545467494974,-0.045731682776521156,27.471073483413704,0.027354233508083324,0,0,0
-0.08922801786654588,-0.00327491537452147,-25.729979889156084,-0.044900145691237014,27.605617331995063,0.027075303145321073,0,0,0
-0.10440966590628875,-0.002150116953231418,-25.862968417976546,-0.040551083492877636,27.717494881984976,0.023866336557452426,0,0,0
-0.11414985132259403,-0.0006755026914319728,-25.939792534596393,-0.03316257663271642,27.7734915450024,0.018339436451634585,0,0,0
-0.11515548672674925,0.0013903168359718165,-25.942453551205602,-0.024362898138376464,27.75770520448873,0.012166313598245892,0,0,0
-0.10649861064887034,0.004103487440745823,-25.876163511146714,-0.016319137095126734,27.677880675219058,0.007361923858991304,0,0,0
-0.08961213118030287,0.007299306865986921,-25.768483252126117,-0.01105768825643878,27.563958711086485,0.005582238740799994,0,0,0
-0.06752109079894808,0.010621366823436063,-25.6609785281845,-0.009873641227351015,27.458853277300392,0.0076180161752120055,0,0,0
-0.04365830982973762,0.013607783403689667,-25.595873864578124,-0.012915510438564582,27.404259819820908,0.01312811302076966,0,0,0
-0.020780366843482057,0.015816106112130513,-25.60216472651335,-0.019005343796706597,27.42640446954573,0.020600017738669863,0,0,0
-0.00042526008144250227,0.016953412625596798,-25.686031557514127,-0.025761914359597425,27.526895870821704,0.027554994492436435,0,0,0
0.016985650367814742,0.01696876901347082,-25.828716301429594,-0.030071472822466205,27.681797493747183,0.03102999837585685,0,0,0
0.03166816813060791,0.016070432947439883,-25.992123522362192,-0.028873939169002938,27.848776012192673,0.028313286739654588,0,0,0
0.04401120979871109,0.014650452145562553,-26.12984597256346,-0.020123011007581227,27.9794917223891,0.017808944427216034,0,0,0
0.05437863952921873,0.013135796163268765,-26.200072694801577,-0.0036561273711001262,28.033255149413094,-0.00020865651792689732,0,0,0
0.06318907948583785,0.01182657502567679,-26.176878239371376,0.018373535295913256,27.988180658977626,-0.023266943640294357,0,0,0
0.07109219829409597,0.010797593829714458,-26.057222643816147,0.04178898844945707,27.84709157848303,-0.04705154340901459,0,0,0
0.07898343065667746,0.009910289111964232,-25.862208638260313,0.061427526885192665,27.636942721572552,-0.06645208919942433,0,0,0
0.08769965180295003,0.008924274313027069,-25.632435138289125,0.07259501571559639,27.40217325464164,-0.07697113728378327,0,0,0
0.09748538341328583,0.007645497218841513,-25.41842937355422,0.07239518248791939,27.193735033142787,-0.07598709523879847,0,0,0
0.10755067821570208,0.006029223856444332,-25.268141673019556,0.0604667476755111,27.05638043673156,-0.0634453642062482,0,0,0
0.11608854148745706,0.0041851917168088445,-25.214441032577668,0.038951879386485186,27.01727660175294,-0.0418103755758068,0,0,0
0.1209109112608786,0.002297803527986275,-25.266173365206228,0.011830559123674788,27.07906463935484,-0.015376460991225827,0,0,0
0.12046618198712622,0.0005295906635964798,-25.405894147684265,-0.016068280390068423,27.219620770001114,0.010792537077992392,0,0,0
0.11467087809366205,-0.0010240824922092885,-25.595405218046466,-0.040070048526919776,27.398801507350612,0.03197828803253629,0,0,0
0.1050409966539263,-0.0023119072780431794,-25.787359445506524,-0.056491074116837584,27.570076903219558,0.044736513544049214,0,0,0
0.09407023357395872,-0.0032730202151384446,-25.9389170525794,-0.06326238861498154,27.693326968570773,0.04752636348386261,0,0,0
0.08427933729264225,-0.003811513481788609,-26.022891442160997,-0.060323508917853985,27.744868092352476,0.04099443440234722,0,0,0
0.07745882688085715,-0.0038348768058042992,-26.033135623558323,-0.04968969434096948,27.721956134967,0.027842867875571643,0,0,0
0.07436631063285404,-0.0033405263919760843,-25.983340114722594,-0.035044111137690945,27.64110016858328,0.012210471250344312,0,0,0
0.07482047606431763,-0.0024885199032326,-25.900765559169372,-0.02082048242991732,27.531644071570184,-0.0013687978228091424,0,0,0
0.07797340666957098,-0.001597030464856175,-25.817676121756207,-0.010994582173964318,27.427220945776412,-0.009152138906770801,0,0,0
0.08256214320283561,-0.0010463927994322831,-25.763070308615923,-0.00800279162484543,27.357493318110556,-0.009127922428615421,0,0,0
0.08706091806736538,-0.0011374866079904677,-25.756335259061174,-0.012185146264442892,27.341725482504557,-0.0014064464820933154,0,0,0
0.08978567906133605,-0.0019760342162854273,-25.80361004234564,-0.021919709923703578,27.38511352912252,0.012015969307719842,0,0,0
0.08907069200536455,-0.0034383808053433996,-25.897305267246168,-0.03432645557212055,27.47855551415185,0.027970635968793546,0,0,0
0.08360630557963589,-0.00523523332553566,-26.018944968827853,-0.04622679727553418,27.60204774428462,0.04303224121535152,0,0,0
0.07290447121273758,-0.007044858989159764,-26.144742904805426,-0.05502453796594438,27.730803627531543,0.05436848020922014,0,0,0
0.057698484718002874,-0.008652370296748303,-26.25233272279536,-0.059302479178411714,27.8421158280442,0.060361107491559096,0,0,0
0.03998250257942004,-0.010027644246541456,-26.3266046704438,-0.05909546726550587,27.920806528271214,0.06094461351227096,0,0,0
0.022468142808961034,-0.011308858567566915,-26.363033531924714,-0.055877933534591764,27.9619664837237,0.057639211196988074,0,0,0
0.007524816777973342,-0.012711047911137996,-26.36792150141565,-0.05226870516728468,27.970905747868613,0.05322817036845322,0,0,0
-0.003961559764647404,-0.014416282248231483,-26.35609510040004,-0.05142270445455921,27.961104393026147,0.05105633633405375,0,0,0
-0.013215524398049183,-0.01650330164344922,-26.347289931716233,-0.056165777713322027,27.951171617627267,0.0540730555407805,0,0,0
-0.023302906614333097,-0.01894046980510211,-26.362389377691557,-0.06809759239772858,27.9615056410924,0.06391880836985706,0,0,0
-0.03803978710601541,-0.02161837373410691,-26.419992318919014,-0.08697870157901662,28.010837217836382,0.08039057424532814,0,0,0
-0.060556516902678936,-0.02437251858712557,-26.533172013373445,-0.11063442505298723,28.112611107625156,0.10145959379935902,0,0,0
-0.09212854522175462,-0.02696683060165128,-26.706400681938646,-0.13540319237181392,28.271534182939348,0.12377387923348807,0,0,0
-0.13170621333301824,-0.029060293191201937,-26.933308646772645,-0.15695391921678664,28.48130391174277,0.1434161084659479,0,0,0
-0.17620123476164906,-0.030212990235496305,-27.196391686233966,-0.17119737113112024,28.724712270724496,0.156674628313408,0,0,0
-0.22125704306229466,-0.029969322952668166,-27.469377782454586,-0.1750606148154361,28.97656242171729,0.16068486045613498,0,0,0
-0.2621434892385395,-0.028001883320087018,-27.72195342513379,-0.16702775041145515,29.208644540203494,0.1539151933671093,0,0,0
-0.29456449167666676,-0.024253750006775477,-27.925634292567906,-0.14744658337703526,29.395265477685626,0.13650757277041806,0,0,0
-0.31534542675301225,-0.019007118343577645,-28.059263643027435,-0.1185816515498459,29.517917900761347,0.11041260341177406,0,0,0
-0.32299613614101474,-0.012835284444823004,-28.112995525845918,-0.08432881666507797,29.56835424565375,0.07917910286422228,0,0,0
-0.3180586203068856,-0.006451728348771724,-28.090269823033566,-0.04953503255285909,29.549989151507475,0.04731182132192657,0,0,0
-0.3030940169704337,-0.0005244890062840568,-28.007637847143798,-0.019023409590798224,29.477686835329337,0.019313689366236987,0,0,0
-0.28219972865753107,0.0044625456475458234,-27.892217197437105,0.0034079006060721896,29.37566021705709,-0.0012793749026400291,0,0,0
-0.26005905778124827,0.008258069303285254,-27.776596813423424,0.015703112843098666,29.273094940384993,-0.012549070655344963,0,0,0
-0.2407185182493663,0.010814314980055428,-27.691742011762557,0.017794761584161732,29.19783048394376,-0.014379431684054112,0,0,0
-0.22650193312513522,0.012224879677798128,-27.65961187836257,0.011396495111162608,29.16969931537966,-0.0082457185156386,0,0,0
-0.21751803276308124,0.012670477388888912,-27.68787441907307,-0.00048264049304691525,29.195850791177094,0.003199165836710449,0,0,0
-0.21198379864381423,0.0123912610474747,-27.76860316413692,-0.01411342194548979,29.269774771132177,0.016582863113305278,0,0,0
-0.20720227695245796,0.011677778326999544,-27.881316027185818,-0.025624636960102976,29.374123583920806,0.028288234664449873,0,0,0
-0.20074733936303346,0.010855417990602235,-27.99903057473429,-0.0315950198260623,29.485897060497365,0.03499963479182213,0,0,0
-0.19135384641799646,0.010243063255252594,-28.095096227964035,-0.029657471292301806,29.58198080987458,0.03431963042086465,0,0,0
-0.1791814064956867,0.01009102326954121,-28.148772066598696,-0.019004321152064563,29.64351546646239,0.025308990435007672,0,0,0
-0.16542194538753563,0.010523102531506368,-28.148463567038135,-0.0005928281840539285,29.658542563701587,0.008718274315310737,0,0,0
-0.15150487787522593,0.011509378245148128,-28.092547011684047,0.023100055543787336,29.623091288303215,-0.013235288614544061,0,0,0
-0.13828788569684036,0.012885274058929497,-27.988316724685575,0.048728793061746954,29.541026788152408,-0.037478065303287164,0,0,0
-0.12559170042972312,0.014415275958410235,-27.849655089883214,0.07288871652833677,29.422789219729736,-0.06082767710604457,0,0,0
-0.11228700744801756,0.0158780763104275,-27.693802700913608,0.09279662472298185,29.2830335343302,-0.08061451009226346,0,0,0
-0.09689001619233295,0.01713506712446673,-27.537602608699046,0.10669673983912845,29.137421884986736,-0.09505615306051425,0,0,0
-0.078349536363163,0.018152900263874016,-27.39402809656835,0.11401468953433777,28.999342930887934,-0.10342021755068913,0,0,0
-0.05659457977893112,0.018979361830204766,-27.270143409450924,0.11533613717026014,28.87762028943692,-0.1060530266530435,0,0,0
-0.03257308331372144,0.019692742406628837,-27.167129980734217,0.11223469531879289,28.775835708951945,-0.1042811579231909,0,0,0
-0.007830735251019405,0.02034454728998867,-27.08180466820741,0.10691559247266583,28.692953935857247,-0.10011829548569437,0,0,0
0.016107057251204537,0.020909059490165305,-27.008316671694757,0.10165590272526685,28.624340388194696,-0.09573476731885364,0,0,0
0.03828874042682173,0.021254844970337673,-26.939185639981446,0.0981275806331297,28.56256102177278,-0.09278201739093958,0,0,0
0.05863953836944802,0.02115595806421311,-26.865969771497646,0.09683246090698674,28.4982152089205,-0.09181746230427165,0,0,0
0.07785377247016356,0.020352364516283215,-26.780499165156556,0.0969331214743903,28.421606264872793,-0.09211423520588084,0,0,0
0.09680358745363549,0.018648177820101353,-26.67724367366094,0.09662300983150089,28.325685861141665,-0.09199306811950692,0,0,0
0.11565843351104377,0.016010874314120828,-26.55632680236775,0.09389449255476308,28.20960171107734,-0.089546981064791,0,0,0
0.1332100442789681,0.012619536933667064,-26.42570348749848,0.08733994078663443,28.081168307845218,-0.0834191567951649,0,0,0
0.14692906538390105,0.008823279027387798,-26.30081219470702,0.0766282995424504,27.95647793737811,-0.073286524712654,0,0,0
0.15390869488729209,0.005018952818809907,-26.200899882419208,0.06251586367474146,27.855905027756876,-0.059894952517123554,0,0,0
0.15227800789018886,0.0015142861946415564,-26.14285974265978,0.04650791357137507,27.797484125209337,-0.04474488810610353,0,0,0
0.14230242658787517,-0.0015414217074052772,-26.134917263828413,0.03042528775957578,27.790148820243047,-0.029669495396132107,0,0,0
0.1265215307006997,-0.004125260279376164,-26.17290264455694,0.016086915780374512,27.82969577464624,-0.016507856326487057,0,0,0
0.1088290665575471,-0.006249053217142375,-26.24081113475023,0.005151533005087572,27.899265683749263,-0.006916028913821037,0,0,0
0.09299663441657913,-0.007889743198387578,-26.315420029442805,-0.0009995827593314744,27.974157383811757,-0.0022138509173515787,0,0,0
0.08138937037958272,-0.008997695859287091,-26.37299079606518,-0.0014844235973924924,28.028990907180344,-0.0031481988554247662,0,0,0
0.07440583071728213,-0.009569719072125338,-26.395457644564004,0.0037430672525047724,28.04452314781247,-0.009579326986005299,0,0,0
0.07071951210754435,-0.009715889912170894,-26.374188157447605,0.01361820972534673,28.012008018707007,-0.02026136175356328,0,0,0
0.06803163340002527,-0.009650802908952016,-26.310808022300336,0.026000830558804467,27.934339428204595,-0.03293943905021592,0,0,0
0.06393173629442117,-0.009601227910550847,-26.215744118393133,0.0381456189174159,27.824423039202628,-0.044855304293818676,0,0,0
0.05658081716893548,-0.009689297812049347,-26.105429070134733,0.047489010402723866,27.701690855349284,-0.05351965536144974,0,0,0
0.04514352746616623,-0.00986475926732453,-25.998735166574946,0.05243464149234711,27.587535202707414,-0.05744010696986379,0,0,0
0.03001350161117955,-0.009919412148343553,-25.912894338968897,0.05280168527832672,27.50030138414408,-0.056508252242988985,0,0,0
0.012816787452038625,-0.009567438448732446,-25.859354945576072,0.04977730590694307,27.450712640811076,-0.051929298962096485,0,0,0
-0.00389634370391434,-0.008550637968029661,-25.840529925415566,0.04546297264703299,27.43896083019726,-0.04579485900318332,0,0,0
-0.017258222293662584,-0.006726669141357888,-25.84864438114171,0.04225765151456784,27.454589837481706,-0.040518353432054253,0,0,0
-0.02478829076615341,-0.004111105898202539,-25.867440791780737,0.04229925629682185,27.47944062538258,-0.03831953652407947,0,0,0
-0.024954872379780113,-0.0008665471784496503,-25.876415098378175,0.04705007264310694,27.492715029086042,-0.04081827440128052,0,0,0
-0.017474746280271347,0.0027439672606575983,-25.856178295830006,0.056995152988014296,27.47639083817276,-0.048701293825948254,0,0,0
-0.003334955119157712,0.006411165262919382,-25.793167603247454,0.07141943584178848,27.419239504882086,-0.061446214946363396,0,0,0
0.015469758186910099,0.009820874826687032,-25.682436507166514,0.08832851013262655,27.31849549010849,-0.07719850934005593,0,0,0
0.03647805568166973,0.012678475178225313,-25.528234440143876,0.10466593053806576,27.17935245869461,-0.09297475158399209,0,0,0
0.05745317421775553,0.014727834625141156,-25.342942809088754,0.11693038520720478,27.013288445884598,-0.10529479379334816,0,0,0
0.07692844008123245,0.01578267040285226,-25.145160587158188,0.12209803691224437,26.836250491347442,-0.1111332675404924,0,0,0
0.09431240456295598,0.015776254966468173,-24.9572448240893,0.11854570184688669,26.6669757367967,-0.10886514377778553,0,0,0
0.10952652948859054,0.014808591404884908,-24.801985075761053,0.10661492796981378,26.524842321641785,-0.09882414829931747,0,0,0
0.12249005548525815,0.01315438564233915,-24.69813693970869,0.08860284241112452,26.426492687449098,-0.08325375296210495,0,0,0
0.1328718316487425,0.011209543653582444,-24.65543472925573,0.06821477370999815,26.38138235368112,-0.06570954281069419,0,0,0
0.14028780338441038,0.009388895598149816,-24.67072127736114,0.049717116639455126,26.387739400394906,-0.050192332822680895,0,0,0
0.14475095892969136,0.008019385608987762,-24.727018323549316,0.037088900874458375,26.43099802188891,-0.04033548859902396,0,0,0
0.1470136146103016,0.007278572281974505,-24.79640808305527,0.03338259476086876,26.48595796048744,-0.03884802195875068,0,0,0
0.14857349221749416,0.007198012017003918,-24.846086703043895,0.04034783774112327,26.522257030587667,-0.04723128050025309,0,0,0
0.1513421301992537,0.007706910407718226,-24.845771642694203,0.058256849677705703,26.51136511765779,-0.06566359472446663,0,0,0
0.15712229617111007,0.008675212941049892,-24.774271578413604,0.08586195288277025,26.432895605357203,-0.09295529541802239,0,0,0
0.16709812738270102,0.009938594948472712,-24.623418876480613,0.12048294645997686,26.278495517209194,-0.12658381653822062,0,0,0
0.18150664965862973,0.011315433187138523,-24.39850669834982,0.15827215144937554,26.052529516639254,-0.16290384131596625,0,0,0
0.1995591595624404,0.012623710207931538,-24.115568442931632,0.19467497685064217,25.769856740204432,-0.19758984791395734,0,0,0
0.21962396105924142,0.013686583364068384,-23.79681520042803,0.22501097552613486,25.451829399500895,-0.2262299528070571,0,0,0
0.2396737528691375,0.01431496453286769,-23.46589181276137,0.2450148084525125,25.1219012350127,-0.24487423622355492,0,0,0
0.2579052908010766,0.01427789775683408,-23.14429680905556,0.2511777736675853,24.80195960872925,-0.25035985530896027,0,0,0
0.273250716689617,0.013290466966900283,-22.849658314548847,0.2408621752347301,24.510059481347866,-0.24039721629581834,0,0,0
0.285439325858178,0.011049115428907897,-22.595976947782546,0.21236491112999117,24.259957502517096,-0.21360050087353954,0,0,0
0.2944917755279306,0.00732564520103125,-22.395623558169078,0.16521306503708216,24.06262275542224,-0.16972755582137325,0,0,0
0.29990127373945086,0.002096262303273022,-22.26249384173775,0.10082940539449795,23.9292970522676,-0.11025535333824905,0,0,0
0.30000279705170385,-0.004351397777102761,-22.214797124133312,0.023346701787831138,23.87452335425101,-0.039097101612767915,0,0,0
0.2919978039477087,-0.01139137566583912,-22.274857587049908,-0.05997494073205019,23.91652450790386,0.03702946666875562,0,0,0
0.2728156115727529,-0.018133282922762818,-22.46343779256081,-0.1392818519424992,24.0725811819907,0.10908740187988145,0,0,0
0.24058658409197164,-0.02357362826562621,-22.78852114648305,-0.20376509186043848,24.349275866118404,0.1671989549027245,0,0,0
0.1961597750981099,-0.026781164388965807,-23.23242479488306,-0.2439497174919353,24.73093021888502,0.20270931752928617,0,0,0
0.1439915341426854,-0.027074139757796444,-23.744046216376063,-0.25376853019874374,25.172254275416805,0.2100718375848885,0,0,0
0.09191788746198881,-0.024154081035798924,-24.24247683397384,-0.23164747804874963,25.60093350014668,0.1878777267437357,0,0,0
0.049703043201915875,-0.018171102574659415,-24.63362786638693,-0.18038202944639609,25.93194705154434,0.13881388181200977,0,0,0
0.026680131638272542,-0.00971243938205788,-24.83512073308843,-0.10619128309947001,26.0897159307151,0.0688407270664726,0,0,0
0.02915987616148641,0.0002792295496647057,-24.800179143725188,-0.017564571136233553,26.030015428116485,-0.013899729093662928,0,0,0
0.05846198669371461,0.010644912253304994,-24.53127190462081,0.07573511095702656,25.753300621688368,-0.10010658896932227,0,0,0
0.11028677820111454,0.02018956037050259,-24.07867788151387,0.163573716506518,25.304663326023956,-0.18027780607009164,0,0,0
0.1756912177521741,0.0278789300733834,-23.52535062355551,0.23651803750084213,24.760988452655425,-0.24578328132863306,0,0,0
0.2433788795886187,0.033018088210117466,-22.964166857845385,0.2871641231759739,24.210278575181775,-0.290094725998631,0,0,0
0.30260889763115983,0.03537038710609295,-22.475073685312793,0.31144659602169045,23.7298643291918,-0.3099170433543236,0,0,0
0.3458871378477113,0.035177570061145504,-22.108309051310883,0.3094238890391878,23.36947621471589,-0.3057887486311358,0,0,0
0.3707071881958228,0.03305575921919797,-21.877296458965418,0.28512853069743327,23.14310068686035,-0.2818149928800352,0,0,0
0.37988392530309056,0.029775224711400483,-21.761986634627192,0.24544474671990174,23.03099979155803,-0.2445235286969023,0,0,0
0.38038400269920203,0.025980604747491042,-21.720654772871526,0.19840638695429505,22.990545497171865,-0.20121456180430924,0,0,0
0.38093557677294143,0.021947312543944976,-21.70594025333331,0.15153732640594483,22.972127941805127,-0.15839205937543,0,0,0
0.3890195788856943,0.017469349337753216,-21.679986597646476,0.11075531969156742,22.935150692888016,-0.12078449714283294,0,0,0
0.4080390253151194,0.011929336822906578,-21.62423041431485,0.08001360224966589,22.859428039054933,-0.09114125864108473,0,0,0
0.43549726522708454,0.004538653571607654,-21.54128675401256,0.061480289797172814,22.748842834612333,-0.0706235599120106,0,0,0
0.46285200502806845,-0.005317589866021421,-21.448793593785936,0.05586287292777854,22.626357981427475,-0.05939352916122971,0,0,0
0.477302391008692,-0.01773146512063306,-21.36752048839712,0.06257271781757226,22.52201935776347,-0.057038557136505116,0,0,0
0.4651805060767771,-0.032036759454321384,-21.308173028814224,0.07971810825620337,22.45806362830504,-0.06270778885149184,0,0,0
0.41609372391189936,-0.04678611341857675,-21.26249356099369,0.10418038937144872,22.436865087740244,-0.075107472905691,0,0,0
0.32670802664287635,-0.05997184695289377,-21.203357905349407,0.1320323805644378,22.437064499945734,-0.09259101373985743,0,0,0
0.20306935149287142,-0.06943183337136674,-21.094927594695804,0.1592827529327252,22.420159925806814,-0.11342368145934074,0,0,0
0.06056798222972759,-0.07332038900160853,-20.908759170771276,0.18260854346089417,22.34505005329021,-0.1360541223479032,0,0,0
-0.0788415553000732,-0.0705150576445206,-20.63818270393199,0.19964959119194817,22.184075963831106,-0.1591117046247234,0,0,0
-0.19167944421381833,-0.060863909951856955,-20.303906608670474,0.20868418924737994,21.93351790165636,-0.18098860697980115,0,0,0
-0.2588210684865828,-0.045234475551656314,-19.94845922468531,0.20794566563524625,21.614606020018925,-0.19919627759471722,0,0,0
-0.2703518849880169,-0.02537928526770088,-19.622708159176995,0.19516572501274537,21.265816757948443,-0.20997991689022513,0,0,0
-0.22784818543651397,-0.003658555665009544,-19.371024576477637,0.1678533792558369,20.930902311516235,-0.20866595245161648,0,0,0
-0.14345859344179246,0.017341115499782234,-19.221331136340424,0.12433079192741872,20.64817755850703,-0.1908331797139624,0,0,0
-0.03625103160466381,0.035248815370566434,-19.183036904641227,0.06499683850782959,20.444902311793072,-0.15388045392495825,0,0,0
0.07291517396586755,0.04833789843185201,-19.251700655221953,-0.006901332540893179,20.337265331043483,-0.09828950942592485,0,0,0
0.16648379484277598,0.055835873612862484,-19.416393802137435,-0.08542552070238259,20.33350040129065,-0.02802438310054356,0,0,0
0.23397913722754993,0.0580218449894403,-19.66545125149709,-0.16297733373914838,20.436718256150584,0.05008128067078701,0,0,0
0.27364659840559113,0.0560788249748299,-19.988214318853693,-0.23178573707305644,20.645271424581523,0.127691616396811,0,0,0
0.2916995401047018,0.05174770686889616,-20.372919934079405,-0.2853385851081171,20.95062280739711,0.19660326794702881,0,0,0
0.29953766764204204,0.046887104084588314,-20.802714431709134,-0.3193655955702809,21.33436218901349,0.25015725906510794,0,0,0
0.3098665649063861,0.04305461350438407,-21.25248149656848,-0.3322152865984506,21.766629564656313,0.2841249636510071,0,0,0
0.332940064311785,0.041198172817078674,-21.688881947208202,-0.3247072200353003,22.207818475484345,0.29701826967626344,0,0,0
0.37401847524716914,0.04150957360681247,-22.074716987421596,-0.29967118091570627,22.614210237977318,0.2899438277581453,0,0,0
0.43262000924121935,0.043461094587792105,-22.376692860344036,-0.26136773134830377,22.94647490244415,0.2661533259481871,0,0,0
0.5034613090097082,0.04601290770105208,-22.57385352120646,-0.21489929348493603,23.178514967553554,0.2304087946612583,0,0,0
0.5784655230135627,0.04793725508540518,-22.663466002490438,-0.16566438977827858,23.303683098053284,0.18826854377336416,0,0,0
0.6490748732956746,0.04816825289277489,-22.66216306065415,-0.11887029731788061,23.336156533732037,0.14538566696611782,0,0,0
0.7082575442835122,0.04607598234481003,-22.60189163233673,-0.07904990739468047,23.306804684063394,0.10684004239489582,0,0,0
0.7518286171152226,0.041591723750410384,-22.521912868928766,-0.049489118685507094,23.254710754009693,0.0764580605115043,0,0,0
0.7789102184960939,0.03516734292575165,-22.45935832949192,-0.03158303503115576,23.21704762674713,0.056143691995038124,0,0,0
0.791549093834135,0.027609281623021786,-22.441184469747284,-0.024363410171352483,23.22048623431749,0.04542847351251282,0,0,0
0.7936998877598853,0.019858522712983984,-22.479381021155007,-0.02455225862048991,23.276218899433303,0.041542401347487615,0,0,0
0.789935712751273,0.012782437532857216,-22.569608174276667,-0.02733578073289351,23.37879084309236,0.04016473889876693,0,0,0
0.7842934384987359,0.007018870006048417,-22.692523210655594,-0.027704866825386885,23.507911822394533,0.03670941888269397,0,0,0
0.7795541252399261,0.002890154538918921,-22.817487622919984,-0.021908451116304663,23.632799702678682,0.02773420691905244,0,0,0
0.7770507501434025,0.00039165035173311936,-22.908988588695337,-0.008486160541995958,23.71910711152816,0.011976651986114462,0,0,0
0.7768992486242468,-0.0007504639564714921,-22.935520867983087,0.01148237261647438,23.737803922719706,-0.009352728024165913,0,0,0
0.7784462443439963,-0.0009692005674452276,-22.8789403005906,0.0349327697682952,23.673898872890334,-0.03308674179031072,0,0,0
0.7807301625044119,-0.0007243374072047004,-22.740997380091812,0.057856303995754386,23.532052823200218,-0.05514972505690139,0,0,0
0.7828267220134251,-0.0003838482940125232,-22.54421993491188,0.0763655722151256,23.336814146608276,-0.07168232226324847,0,0,0
0.78404445426942,-0.00014945135736610382,-22.32636074358254,0.08745964939382986,23.126958954075832,-0.0798826826590016,0,0,0
0.784007882085433,-4.02268323256294e-05,-22.130053323472055,0.08943311901742276,22.945351481530196,-0.07845249064029361,0,0,0
0.7826923386792259,6.986913590196764e-05,-21.991045134319123,0.08204719686142851,22.827293592523347,-0.06771911746089074,0,0,0
0.7804549555586107,0.0003782762905359505,-21.928867488504338,0.06655236595186409,22.79108859976205,-0.04952421293294833,0,0,0
0.778059611666265,0.0010686431514670858,-21.942891128981685,0.045524847633859625,22.833972876088666,-0.026901128816805907,0,0,0
0.7766484818201462,0.0022393593276987646,-22.01465739852111,0.022427206683975954,22.934582205125224,-0.003530747586054872,0,0,0
0.7775979399832664,0.0038638373745328637,-22.1150488993688,0.0008839929825455783,23.0606127481108,0.016992081079584408,0,0,0
0.7822290072493558,0.005787290924676824,-22.21341664107196,-0.016195273723639048,23.17865674356085,0.03196777724844253,0,0,0
0.7914165940190827,0.007752940006768938,-22.285748903753216,-0.027398888486824546,23.26304153503216,0.04028322042275079,0,0,0
0.8052203152904127,0.009447145942746715,-22.31994786807212,-0.03321514944730808,23.301506670747727,0.042743821100765446,0,0,0
0.8226828280147487,0.010554693350134415,-22.317520813757085,-0.03583979578587275,23.296879764871676,0.041845589928772145,0,0,0
0.8418807913322013,0.010815802888529902,-22.292006060708445,-0.038373933754967025,23.26502925401462,0.040958481157716164,0,0,0
0.8602217387469153,0.010075820012490055,-22.265034019187368,-0.043658638804291175,23.230125796750855,0.04314610365817941,0,0,0
0.8749264149860778,0.008318091570116337,-22.26101898297742,-0.05317288226096366,23.218526810769703,0.05003809596803137,0,0,0
0.8836065451676092,0.005668662005257374,-22.301289086840413,-0.06640803283119397,23.252428775376387,0.06117559158210497,0,0,0
0.8848065107054452,0.002363238957808278,-22.39839673607078,-0.08093534420159756,23.344167016702386,0.07406731348996232,0,0,0
0.878356140108167,-0.0013172184659495656,-22.551635287411713,-0.09311583318408481,23.492073784692593,0.08492919712952869,0,0,0
0.8654099229505192,-0.005111240370699477,-22.745145463681595,-0.09918076610621966,23.679037703241164,0.08984041544983654,0,0,0
0.8481032140716565,-0.00880435651046696,-22.949829232065156,-0.09629781683938035,23.874797450853208,0.08589682286450966,0,0,0
0.8288527048684955,-0.012210100407652646,-23.129301310088096,-0.08325833313950426,24.04217980564735,0.07193433607993711,0,0,0
0.809510643355253,-0.01513621416538058,-23.248679145597933,-0.06057567638124937,24.146171736166963,0.048566275031407716,0,0,0
0.7907683876252065,-0.01738327508003721,-23.283813721770642,-0.030024812224559126,24.163433408512986,0.017580716640614467,0,0,0
0.7721781736422457,-0.018799326783016566,-23.22801218758117,0.006121670141837399,24.08909402539595,-0.018964832388309105,0,0,0
0.7528254109095514,-0.019368983724091036,-23.09360231437246,0.04579560205255717,23.937870171569074,-0.05947940721503926,0,0,0
0.7322444035138034,-0.019279936335763637,-22.907045850652906,0.08745029865289382,23.738091525690464,-0.10302029259066217,0,0,0
0.7109737599050732,-0.018909768161208262,-22.69864485831637,0.12984726756135104,23.51997418310853,-0.14881520155147426,0,0,0
0.6903628722780013,-0.018717709351663815,-22.49041858599334,0.1714439584023836,23.302425460809502,-0.19539194684899996,0,0,0
0.6717200857096088,-0.019087243264728215,-22.287189443156024,0.2098028655363393,23.08424363109077,-0.23988302169138648,0,0,0
0.6553038507140201,-0.020202652734921854,-22.075326245536218,0.24155179305332836,22.844594524946586,-0.27809165534961267,0,0,0
0.6397550232564129,-0.022021505812762143,-21.830828634474585,0.26317183661207083,22.554027790132608,-0.30552519819204066,0,0,0
0.6223335498386149,-0.024337024825699417,-21.534239561574097,0.2723475505026357,22.192252267676963,-0.31898756546296453,0,0,0
0.5998959549779244,-0.0268650407149039,-21.18578506640725,0.26916011970055675,21.76460319159912,-0.3178998729233967,0,0,0
0.5701516462930272,-0.029290659790599704,-20.812494257047888,0.2564059360221151,21.308177471899825,-0.30462482480358233,0,0,0
0.5326103527819299,-0.031262363054496235,-20.461883948251753,0.23879468433882636,20.882618189648667,-0.28363766118976913,0,0,0
0.4888741552568092,-0.03236958972968438,-20.18357034562655,0.22139603770978908,20.54821587106082,-0.26001125269272907,0,0,0
0.4423233527560342,-0.03214514093266985,-20.007043661310803,0.20808071827852928,20.340975453874563,-0.2379755384283328,0,0,0
0.39745627437200426,-0.030109278179000398,-19.926359225772188,0.20064193869067992,20.25617721277368,-0.22014652651581912,0,0,0
0.3590964551646465,-0.025850395326234833,-19.89924259976776,0.19884457440630285,20.24786701919308,-0.2075461695865272,0,0,0
0.3316079534171763,-0.019127815996436936,-19.861365868438327,0.2011118241944402,20.244481998019296,-0.2000627035798601,0,0,0
0.3183036139297144,-0.009974526697025966,-19.750021451689292,0.20527858457329132,20.17427240584928,-0.19684171825546173,0,0,0
0.3212407680486109,0.0012329379952532803,-19.527820174667298,0.20899344148650983,19.990787002518772,-0.19634340455748428,0,0,0
0.34139200171557604,0.01377182437106228,-19.19733932234422,0.20976943854427646,19.68914149573385,-0.19621564876782144,0,0,0
0.3788734863286578,0.026655470027402827,-18.801376015103486,0.20500332264267626,19.307550436101224,-0.19335392207695462,0,0,0
0.43286508581167027,0.03878848925499341,-18.40909810251884,0.19227897892292561,18.91420100709405,-0.18440048164808331,0,0,0
0.501203535209342,0.049152630039959885,-18.09363593076145,0.17001323685719,18.584781825485976,-0.166629400581121,0,0,0
0.580041596466657,0.05696695205690787,-17.90934927586804,0.13821584733320832,18.37881896619635,-0.1389101627954233,0,0,0
0.6640109746460325,0.06177856564602848,-17.876325999345426,0.0989944115295188,18.322637992004132,-0.10236790445935924,0,0,0
0.7469813477145806,0.06347387085398992,-17.976452810538504,0.05648476831394049,18.403862202712247,-0.060449365333926156,0,0,0
0.8231342538167752,0.06223494710077944,-18.161233499866427,0.016086642342222034,18.578187992208086,-0.01829024637335408,0,0,0
0.8879731344987931,0.05847859466272638,-18.36786297835721,-0.016836955911576013,18.785170777895047,0.018492282273356864,0,0,0
0.9390264245088957,0.05279619653126275,-18.53787605937211,-0.0383876238977237,18.96710795792518,0.04524612827230499,0,0,0
0.9761307102554753,0.0458789463944683,-18.632491639204815,-0.04719893817158436,19.08464784239459,0.059530474701614364,0,0,0
1.0012229573364522,0.038405012941070994,-18.640509591681266,-0.04481035409271641,19.124647972367683,0.06178796389514787,0,0,0
1.017651032438934,0.03090415959723174,-18.5774676616346,-0.03528660862234432,19.09912382982762,0.055255544609181584,0,0,0
1.0291655005219695,0.023666501505017833,-18.477512169738688,-0.024228676503582847,19.037243108209026,0.04512968630705529,0,0,0
1.03883106041134,0.016760968804695152,-18.381338657583882,-0.017414438054346705,18.974123713212492,0.03717962541205679,0,0,0
1.0480611040567425,0.010160290317710974,-18.32442954027259,-0.019366041920515897,18.94051763095561,0.03617039040141208,0,0,0
1.056022943686898,0.003893629292373646,-18.329318896761947,-0.03220225214625998,18.956417648804063,0.044573185165697284,0,0,0
1.0597992688669535,-0.001868747454035713,-18.403520264902255,-0.05511507280008345,19.02948485527864,0.06199122534273158,0,0,0
1.0555828225457446,-0.0039017277380932252,-18.542007358900676,-0.06824362867194446,19.156967032015615,0.07171515510748666,0,0,0
1.0406293276860055,-0.005828752215734312,-18.73153647857727,-0.08926851874292652,19.3288118619393,0.08841463969824659,0,0,0
1.0150670031792117,-0.008042225373606422,-18.954514160667415,-0.11576023744260258,19.53037969405156,0.11006235894035805,0,0,0
0.982535482796095,-0.01092093687677457,-19.1916603196821,-0.1445384632349184,19.744560225795,0.13400709913989792,0,0,0
