Pitch_Normalized,Delta_Pitch_Smoothed,Roll_Normalized,Delta_Roll_Smoothed,Yaw_Normalized,Delta_Yaw_Smoothed,Label1_Move,Label2_Bend,Label4_Speed
-0.05169846207350304,-0.00995167218305255,0.7285935233431644,-0.12111587618753816,-0.9094265715818182,0.16381025620673598,0,0,0
-0.08782732287613726,-0.001298697093737644,0.5761689774147811,-0.1264346785554539,-0.705577302643988,0.16948548958243018,0,0,0
-0.11321211128336017,0.007870558636128067,0.4246202542926625,-0.13161791760309324,-0.5006171568816598,0.17244590535562818,0,0,0
-0.11929345930552415,0.01677372426178536,0.2737262192159733,-0.13854621306095272,-0.29451638820991377,0.17445814527655834,0,0,0
-0.1014568229887658,0.02502167676553313,0.12301414240547359,-0.1489829613014927,-0.09037529054813831,0.17747289268076985,0,0,0
-0.0594906446359289,0.032529387602025395,-0.03001454798955905,-0.16399408826324519,0.10748636591276295,0.18306900964512493,0,0,0
0.0033954483793934287,0.04331819784864308,-0.19273189987848838,-0.20154251797157627,0.29769476590757904,0.21082519763940866,0,0,0
0.08249133202077985,0.0584571203118287,-0.3797761811444573,-0.23015470021012305,0.48623859063064856,0.22199284052426832,0,0,0
0.17349662881629513,0.07323643928911139,-0.6122531283702699,-0.26108579458065717,0.6878294625451105,0.2338060145481265,0,0,0
0.2735954139467509,0.08675858745622947,-0.9113473592892873,-0.2883344292614531,0.9212635248694312,0.2413956222959726,0,0,0
0.38148351641292777,0.09849946567115211,-1.2868316563725983,-0.3059266158601666,1.1988254048122684,0.2400744374196023,0,0,0
0.49674388024214977,0.10836753792337675,-1.7253780246864494,-0.30995569025291586,1.5143511025986953,0.22717554028489245,0,0,0
0.6191522816077537,0.11660090479992533,-2.1862376915139095,-0.299692491689499,1.837442988599605,0.20298040472669782,0,0,0
0.7482924152567705,0.12353880963377861,-2.6096180733985577,-0.2772629140856253,2.1194398347498122,0.1702814837542519,0,0,0
0.8835378337227553,0.1293914673304201,-2.9362520161961925,-0.24628834803821248,2.3103690836478847,0.1329791547175489,0,0,0
1.0241847345978385,0.13414287631127736,-3.1295714505187178,-0.21047237451849554,2.3792417687616876,0.0946791916044262,0,0,0
1.1694044963786467,0.1376320998394462,-3.1896568167734785,-0.1729730637790702,2.3274988131745573,0.05811627946948335,0,0,0
1.317879428358566,0.13973935506393786,-3.1524053220007104,-0.13665966582410008,2.1890534281731675,0.025500160555374407,0,0,0
1.467411302120496,0.14054486237198205,-3.075136608752395,-0.1046032232716982,2.0176210097205995,-0.0008640566735863331,0,0,0
1.6150241770595244,0.1403568550877921,-3.0160711044742428,-0.0799822083429369,1.8680554409136931,-0.018508327361683997,0,0,0
1.7578045148073898,0.13958748291141204,-3.0165622941633004,-0.06512897976403878,1.7799881995071019,-0.025590627743531512,0,0,0
1.8941374308815284,0.13854732164540023,-3.09197468292745,-0.060250064569328285,1.7693527081524394,-0.022058041553395923,0,0,0
2.024600905327574,0.1372833795613218,-3.2322699242308914,-0.06273515784592902,1.8288024218637418,-0.010324604144166472,0,0,0
2.1518609661346915,0.13555897574119768,-3.4094401568279267,-0.0676068758710052,1.9343565611329723,0.005054916834852463,0,0,0
2.279412662836876,0.1329767288977294,-3.58754181383658,-0.06890881569121135,2.0544628062125696,0.0185316657248066,0,0,0
2.409657951051841,0.12915449172988502,-3.7320720962120006,-0.06133052812841413,2.1586613532277283,0.024910132908399874,0,0,0
2.5422382919918647,0.12385138572623902,-3.8170083952327687,-0.04141508889319283,2.2242527717328926,0.02035647603821076,0,0,0
2.673469185770543,0.11700640632352162,-3.8284740807107625,-0.008061515439516853,2.239602596521692,0.00286748327674502,0,0,0
2.79717859109779,0.10872947958186926,-3.7642247656645083,0.037630851178712274,2.2029376669686656,-0.027741591467599847,0,0,0
2.9065690943583746,0.09930833275041237,-3.629376385758384,0.09297460547012903,2.117156769997692,-0.07020208850656359,0,0,0
2.99631837206978,0.08925257105873072,-3.4307131830952287,0.15456253209534127,1.9835529598892094,-0.1224212550174002,0,0,0
3.0642014941167446,0.07933241931274324,-3.1725898373226187,0.219243797453678,1.7980275409198896,-0.1823033937675703,0,0,0
3.111895701146267,0.07053815676635793,-2.8559614124437687,0.28502066057182984,1.5513865071877433,-0.24856997705069403,0,0,0
3.1449442936388152,0.06391431743983844,-2.4796941021266363,0.35151888174235213,1.2323356760673363,-0.32117225772236824,0,0,0
3.171938373424183,0.06029818576884338,-2.0419164928831677,0.4196360963196611,0.8302502560385676,-0.4008584233406708,0,0,0
3.2029821441792734,0.06006527627047973,-1.5396341216752205,0.49029541652751263,0.33562741555202535,-0.4878462863755004,0,0,0
3.247619859655444,0.0629952160794403,-0.96680178951447,0.5628168309288469,-0.26144699877404776,-0.5801886980141745,0,0,0
3.3126123601689272,0.06830690567617381,-0.3132852632872414,0.6338077929214669,-0.97211998070199,-0.6727967502794983,0,0,0
3.400160448786224,0.07482886826294788,0.43213619753210253,0.6973238445303942,-1.8056465664380426,-0.7578645299187926,0,0,0
3.507221857063172,0.08123533168626267,1.2735777795167422,0.7464387334430839,-2.7613060937573124,-0.8267485548898478,0,0,0
3.626270532864183,0.08629348214537202,2.1974551261932405,0.775649664723629,-3.8183340202525358,-0.8726198596708741,0,0,0
3.7472705508784827,0.08908574121040544,3.165488091892051,0.7830936500007659,-4.9299399618750925,-0.8928070378043472,0,0,0
3.8601843837757457,0.08916903629111488,4.117277032860173,0.7716028568096405,-6.0272587920001826,-0.8898653655986962,0,0,0
3.957297610501442,0.08663175145504028,4.984693232304203,0.7481853373938072,-7.035149872831141,-0.8709952477928965,0,0,0
4.034873194877903,0.08203078478203736,5.714580154353122,0.7222715271435043,-7.895948340670174,-0.8461895494731422,0,0,0
4.093839556283328,0.07623069210724225,6.291302378332439,0.7035568084080985,-8.592442962491447,-0.8259758804896677,0,0,0
4.139310222566593,0.07020169853758063,6.749226778581935,0.70025389380556,-9.16010065476101,-0.8195876728792314,0,0,0
4.17892987471933,0.06483978039725713,7.168568110650831,0.7181665450237815,-9.682072458630955,-0.8339614857754427,0,0,0
4.220468296606597,0.06084302953904626,7.654851468967145,0.7604974072779342,-10.267542061169465,-0.8734351672544705,0,0,0
4.269528778135594,0.05863873624426361,8.309145863597728,0.8279616045914565,-11.02106489865399,-0.9397010600957074,0,0,0
4.328287518239989,0.058341439650020276,9.199994064248841,0.9187676345671036,-12.01421074904485,-1.031610157141698,0,0,0
4.395668354851054,0.05974169984412754,10.347153542129867,1.0283723074371203,-13.26955481962952,-1.1448015339984778,0,0,0
4.468614679166208,0.0623520318860713,11.722251105639515,1.1493714259530954,-14.761610464544887,-1.2715782121711314,0,0,0
4.543684972944078,0.06553525950996572,13.264309278218768,1.2720429545000898,-16.432160473788215,-1.4015681412694647,0,0,0
4.618287591378106,0.06869650044503431,14.902256500024158,1.3857262031130382,-18.212049912087153,-1.5233186281087838,0,0,0
4.691256554724603,0.07146157946157672,16.575025452703642,1.4806552562797477,-20.040458302476225,-1.6263471267132232,0,0,0
4.762830541427306,0.07375191832600905,18.24294103811289,1.5495128199691215,-21.875882776472324,-1.7028023797085807,0,0,0
4.834282469818987,0.07572545691266867,19.88899765565173,1.5880621502468641,-23.697753871325602,-1.748042797526466,0,0,0
4.90743330105694,0.07763624082525808,21.512113500097527,1.5946599986880063,-25.500728342257304,-1.7599902006290975,0,0,0
4.984144572751362,0.07969958828670087,23.115698426395205,1.5689862098303167,-27.28453616578622,-1.7377181428953734,0,0,0
5.06580670150008,0.08201885748541712,24.695122263940057,1.5106631056075603,-29.042234546130658,-1.6800544631768575,0,0,0
5.152922923977741,0.08457680815706112,26.22777504459851,1.418424180263706,-30.74998279489418,-1.584884960118322,0,0,0
5.244977087418789,0.0872629747659758,27.668851092519578,1.2901817657078607,-32.36151247083586,-1.4494470019163472,0,0,0
5.340680855811087,0.08991000769162127,28.954171376521934,1.1239332747435014,-33.80934190274195,-1.2714384584646865,0,0,0
5.438476166232277,0.09233564743351508,30.00888755609976,0.9191162399565151,-35.01259454385573,-1.050451448147146,0,0,0
5.5370246362952145,0.09440573812645994,30.759267255340703,0.6778652355528149,-35.88930790365944,-0.7891632288927639,0,0,0
5.635460289087064,0.09611776194854685,31.144758695191495,0.40568914603408607,-36.370352795635796,-0.49387079079960755,0,0,0
5.7333825467352,0.09766149500502194,31.128330403086743,0.11138497388926147,-36.41213845597247,-0.17427971641322698,0,0,0
5.830789775392091,0.09939361407276551,30.70327589966268,-0.19361409748611463,-36.005242823728764,0.15720601765424647,0,0,0
5.928201954015961,0.10169993809142,29.894350781923354,-0.4960653109545369,-35.17616845471386,0.48631743968894625,0,0,0
6.026984320985548,0.10479012432982415,28.752013724280918,-0.7816435323545516,-33.98094245412673,0.7976537970864939,0,0,0
6.12953787402796,0.10852537358257167,27.341624783491124,-1.0355870928009785,-32.49277995902645,1.0753805173760838,0,0,0
6.238913228146444,0.11238275699809605,25.73271011765843,-1.2435414520603953,-30.789452294293397,1.3041819520648943,0,0,0
6.357680236725287,0.1155983447991062,23.993518266976565,-1.3929451315826484,-28.946167505852486,1.4707739341349408,0,0,0
6.486377409530519,0.11742978936750603,22.192452232554245,-1.4750328274918112,-27.036056572990788,1.5659838130188277,0,0,0
6.622278372120931,0.11740293231021752,20.403396327330917,-1.4869730293976982,-25.135502729898604,1.5868744319691246,0,0,0
6.759287859068024,0.11541973628662702,18.709344174587542,-1.433222213607915,-23.328533274986853,1.538017080944492,0,0,0
6.889365994726262,0.11170019009165202,17.19887908726026,-1.3253257156200686,-21.704399114623058,1.4312085854521073,0,0,0
7.0050876690671515,0.10663271796956053,15.952947624744567,-1.180060473430468,-20.345404693540488,1.2835758109848627,0,0,0
7.102231277118136,0.10064446531951887,15.024620487946372,-1.0164542387642341,-19.307424135022615,1.1145968546386513,0,0,0
7.181181683851818,0.09416191408073615,14.419791588201768,-0.8524819285137823,-18.600771644681814,0.9427941037013398,0,0,0
7.24653977494448,0.08765088145120643,14.088367627290438,-0.7022152080053061,-18.180694104505378,0.7828321260889481,0,0,0
7.305240407842049,0.08165869456181696,13.93210538335375,-0.5739869667927244,-17.95369418444477,0.6435812636554132,0,0,0
7.364124889920475,0.07677484333047317,13.828975879334223,-0.4697249290304207,-17.800198959465973,0.5273564106007171,0,0,0
7.42799655033788,0.07348545299685583,13.667632947416422,-0.38522833767154124,-17.60811553597739,0.4301865760506587,0,0,0
7.498787186632995,0.07197966625741259,13.381244247277856,-0.3111580326188708,-17.307181469009123,0.342926830036285,0,0,0
7.575874804686194,0.07201227213292327,12.969474506660298,-0.23481342664047844,-16.89272063843272,0.253232718143056,0,0,0
7.657114428030994,0.07290643266242966,12.501629796956053,-0.14286318400024384,-16.430835008615887,0.14843357267471902,0,0,0
7.73994219903571,0.07371211514403626,12.100664248029155,-0.02477531885495381,-16.0435389330339,0.018934738329160438,0,0,0
7.822027939692262,0.07346234566994951,11.913040161757664,0.12394661111385474,-15.878155834659765,-0.1387520432088465,0,0,0
7.901304405181051,0.07142828166866763,12.071657321796984,0.2999154784738117,-16.068444463251254,-0.32043467956679733,0,0,0
7.975604101568777,0.06728779511003183,12.659735787288,0.49224458842571295,-16.696358377758187,-0.5148300473411254,0,0,0
8.042361559282412,0.06118043986492268,13.684352194804212,0.6851320528420288,-17.764346801153167,-0.7062227590462342,0,0,0
8.09874834661997,0.05367424114391071,15.06844199047277,0.8617343778018324,-19.187719391554438,-0.8783138234212728,0,0,0
8.142279367024557,0.0456735573534516,16.66678773215454,1.0081292757754325,-20.812462331645364,-1.0181213793290809,0,0,0
8.171665137733314,0.03826964705626921,18.303690131534985,1.1165715199135193,-22.455481942420377,-1.119164259960988,0,0,0
8.18767920333542,0.03252868507784399,19.820795035080586,1.18778175369848,-23.954948228895063,-1.1836449549348302,0,0,0
8.1938568394701,0.029241662913646847,21.118973574974376,1.2320766800588459,-25.213973242828615,-1.2233930274776852,0,0,0
8.196677772570226,0.02869884187479812,22.18195700578348,1.2687976159499788,-26.22475272632471,-1.2590059674102902,0,0,0
8.204724410254954,0.030574192545535082,23.078755360892856,1.3233472214784374,-27.069798434269643,-1.3165634131030586,0,0,0
8.226591255959491,0.033997895757052275,23.949474858781784,1.4217640293332763,-27.904894012599556,-1.4219956318220723,0,0,0
8.268020730705246,0.037831356979847894,24.980502587876458,1.5840580182424049,-28.93028865253504,-1.5944604460298948,0,0,0
8.329349978030393,0.04104280286540529,26.372328354304,1.8185952528440175,-30.35440647525607,-1.841005281714743,0,0,0
8.404490272075321,0.04299592624994375,28.301914205257145,2.1195743067585853,-32.353353522585024,-2.1544001797393264,0,0,0
8.48225832459508,0.04350786414542966,30.884428025487303,2.4679906907428353,-35.03241864986609,-2.5143595584065053,0,0,0
8.549978707531793,0.042690555844848176,34.144270313959034,2.834721877271801,-38.400086402719324,-2.890713568553406,0,0,0
8.598107231989474,0.04072555098198194,38.00674756352076,3.1839524017219647,-42.365001046042494,-3.2468093156520865,0,0,0
8.623816101969538,0.037726653679882816,42.31471664256023,3.476257886466505,-46.75797504022188,-3.5425821226375662,0,0,0
8.631756414024522,0.033740972970700514,46.861863913211835,3.6720671424328186,-51.36834831038976,-3.73809766855949,0,0,0
8.631629968703436,0.028832044787186817,51.425974133610865,3.7365657831407555,-55.9769341198037,-3.798604747289346,0,0,0
8.63384676577931,0.023153170050996152,55.78899887600143,3.646043047647125,-60.37298716912042,-3.7009811074324146,0,0,0
8.645287267504074,0.016955528188184132,59.74308145254151,3.3940702069963513,-64.3561098789107,-3.439834519268115,0,0,0
8.666759707737398,0.010537865280524273,63.09299977863218,2.995048476612979,-67.73538316085097,-3.0307720210253364,0,0,0
8.69281071994719,0.0041840100898866694,65.6675720366647,2.483292563931971,-70.33940099547848,-2.5091181436902645,0,0,0
8.713790025105041,-0.0018703454965617538,67.34485850195856,1.9075357787771778,-72.04222972419024,-1.9241499880235438,0,0,0
8.719533989413634,-0.007435356796415249,68.08497238392255,1.3224920115124548,-72.79843159540047,-1.3306097139036752,0,0,0
8.703485884794716,-0.012350305626350177,67.95723232965055,0.7799831311319778,-72.67272125629586,-0.7800027264239902,0,0,0
8.665656202868405,-0.016466522340670052,67.14764228187994,0.32185146241272733,-71.84915647712452,-0.31380143967882645,0,0,0
8.613052959058905,-0.019624607148348617,65.93722170098361,-0.024241208408636084,-70.6098481906252,0.04047539334455621,0,0,0
8.557276400739283,-0.021632021985166717,64.65089424873541,-0.24623086406953262,-69.28303125884045,0.27052149303097506,0,0,0
8.510343709515809,-0.022282377488400583,63.58883018732121,-0.3470109509664702,-68.17301443336032,0.37862279292967854,0,0,0
8.480622044097373,-0.02145679143215773,62.96159607666878,-0.34243735184510626,-67.49412427569897,0.3798397234682767,0,0,0
8.470513636253912,-0.019280707459810743,62.85058769454582,-0.25839705818473957,-67.33062922740541,0.299322102955,0,0,0
8.476490500095522,-0.01623010888741163,63.20526339596937,-0.12707764654949472,-67.63418606516873,0.1687900739824272,0,0,0
8.490966250221035,-0.01307620660994786,63.87474899229385,0.017589847056355266,-68.25600179489345,0.022086553611273985,0,0,0
8.504966075092057,-0.01065105099242487,64.66059886547148,0.14513489431807755,-69.0000343607177,-0.11003135430324847,0,0,0
8.510678810196609,-0.00953731596037528,65.37326174780316,0.23353949683136221,-69.67950022674586,-0.20497093962791837,0,0,0
8.503355113994289,-0.009841013979978186,65.87686581638499,0.27255159026309883,-70.16125573730025,-0.25173616906510005,0,0,0
8.482290892959426,-0.011162246639239015,66.11312017154717,0.2641109861982557,-70.38898265451246,-0.2514694788230344,0,0,0
8.450765890815035,-0.01276857382089105,66.10224319191619,0.2198493193678061,-70.38334480187294,-0.21505534183814917,0,0,0
8.414970549912056,-0.013868877404455304,65.92422515563483,0.15681225954445283,-70.2227238296395,-0.15893299141055478,0,0,0
8.382211904297591,-0.013854608630690279,65.68711197929977,0.09291279144794799,-70.01148596634997,-0.10061336130572159,0,0,0
8.358891169861522,-0.012433144568016984,65.49169755652838,0.04319737581398897,-69.84532401563575,-0.054962933944051426,0,0,0
8.348804761886612,-0.009659334611158954,65.40375658964743,0.017378157122692528,-69.78473948355023,-0.031708063230377094,0,0,0
8.352277476176482,-0.005901898039331855,65.44287158773838,0.018683406771531,-69.845331708999,-0.03423449968806267,0,0,0
8.366419988785154,-0.0017591184707157481,65.58972677995096,0.0439919669081192,-70.00616797377492,-0.05967019619915561,0,0,0
8.386347364516439,0.0020748857296965183,65.80523550594305,0.08526664123354806,-70.22912956618637,-0.10027479678392978,0,0,0
8.4067617678827,0.004963744694326522,66.05064738761192,0.1321519421757671,-70.47833636960402,-0.14600054118518244,0,0,0
8.423271912566108,0.006446758771937766,66.29995423926248,0.17510793497665134,-70.73132765139309,-0.18759245725096604,0,0,0
8.433174706107877,0.006287306596135522,66.54216286099738,0.20796932976713123,-70.9800467638645,-0.21911304450454736,0,0,0
8.435719407209021,0.004465712247778697,66.77689156797031,0.22893030434497205,-71.2254717974788,-0.2388936251844683,0,0,0
8.431849351240857,0.0011576908084322212,67.00863140105744,0.23977485370967316,-71.47149137820179,-0.24874162657529553,0,0,0
8.4233587575809,-0.0032692645254698504,67.24277690629489,0.2441197015042178,-71.72124858814541,-0.25218110997682575,0,0,0
8.411677827847967,-0.008244352618083895,67.48344988731874,0.2458227935687475,-71.9758699285957,-0.2528844719949035,0,0,0
8.39693459865427,-0.01301323166987629,67.7321746311881,0.24832845691207694,-72.23426796084368,-0.25406796085526934,0,0,0
8.377996896869476,-0.016750296690143784,67.9874753170477,0.25487362393132995,-72.49358423952788,-0.2587731967023018,0,0,0
8.35365471926174,-0.018771131868732027,68.24643252098522,0.26876750096274976,-72.75094066595463,-0.27023047082168716,0,0,0
8.32431824170186,-0.01875312126417441,68.50887532329939,0.2929412411117454,-73.00718108955306,-0.29146408956850395,0,0,0
8.293139595867345,-0.016823644352996325,68.78323880838325,0.3286670254652705,-73.27200725994578,-0.32400194210301264,0,0,0
8.26567173920644,-0.013450884849504519,69.09089910031068,0.37414346355958655,-73.56777873088751,-0.36638114576431635,0,0,0
8.2480080885217,-0.009215928521550154,69.46456657759781,0.42387715070436655,-73.92777650569568,-0.4134192524748016,0,0,0
8.244318138599112,-0.00461658377910652,69.9380438121749,0.4693942456706722,-74.38613227388683,-0.45684242789830876,0,0,0
8.255122314050936,6.102544965358447e-06,70.5294471609476,0.5012331700987602,-74.96126800917554,-0.48725729972265414,0,0,0
8.277168979352922,0.004435310664705127,71.2248845229146,0.5117875923253792,-75.63968138623886,-0.49703446436598425,0,0,0
8.304775313438768,0.008511551220857427,71.97094613823177,0.4984295097290129,-76.3684604855917,-0.4835055713521797,0,0,0
8.33183105907841,0.012096168864725598,72.68141777375442,0.46630052170271624,-77.06200851851096,-0.4518180361923413,0,0,0
8.353715744711394,0.015096717501721457,73.25876422197283,0.43008368352621884,-77.62351366318117,-0.416708783837484,0,0,0
8.368671348348911,0.017537476738966974,73.62675124655318,0.41389250143257356,-77.9775257332129,-0.4022997485211789,0,0,0
8.378255108075919,0.01961263773904278,73.76753390567337,0.4482486223908211,-78.10706297346758,-0.43890261996025404,0,0,0
8.386633427853695,0.02166117397231062,73.75390431733784,0.563392388551651,-78.08595909281092,-0.5561528882123895,0,0,0
8.398975263538915,0.024057497717940635,73.76540341286,0.7793746984698174,-78.09486434407052,-0.7730313349554819,0,0,0
8.419692905988782,0.027064350883854615,74.07696882650063,1.0954034677470545,-78.40912975909862,-1.0873416876252833,0,0,0
8.451248691441364,0.030704710799585654,75.01193338485581,1.4826689399351949,-79.35029420877808,-1.4688933018420414,0,0,0
8.493780719076028,0.034699073199472255,76.85880840843112,1.8848326181048165,-81.20121026836276,-1.8604829433276706,0,0,0
8.545350290618174,0.03850415982241486,79.76469312292994,2.2277928650294654,-84.09877383514652,-2.1880985042758994,0,0,0
8.602474567916957,0.041455159568559455,83.63545245122496,2.43616112718085,-87.9354253947638,-2.377585660546674,0,0,0
8.66076285270725,0.04294810849907549,88.08545362132477,2.45049066702759,-92.31244668160159,-2.3717360974333532,0,0,0
8.715662080343634,0.0425625606004715,92.47507742760135,2.239072438639565,-96.5823551664896,-2.1416752750046073,0,0,0
8.763296706300068,0.04007024823313969,96.04546255596803,1.8014647905728025,-99.98804801622657,-1.6898697996894043,0,0,0
8.80118502353929,0.035362992157749316,98.11551558914634,1.1655661424573125,-101.86181569827767,-1.0467159636625325,0,0,0
8.82845634852967,0.028378957060270694,98.2703100831359,0.3825000539094816,-101.81222531840405,-0.2650741659031553,0,0,0
8.845318511993497,0.019078005678757393,96.46769321289628,-0.47789644644148693,-99.82588250914469,0.5844213764305891,0,0,0
8.851951173772761,0.007458999151374712,93.02658129058383,-1.3319554081587057,-96.24899220567212,1.4182515641553408,0,0,0
8.847410640653521,-0.006405848962822347,88.51446983300424,-2.0907581221063767,-91.66836990498808,2.1484673871614945,0,0,0
8.829139861220881,-0.022314137925138765,83.58969366202476,-2.6741363489265764,-86.74951549417807,2.69651555531577,0,0,0
8.793254624704531,-0.039833377360061206,78.8564879868101,-3.027131426094253,-82.0912116304579,3.0095489948403413,0,0,0
8.735352844220998,-0.05817814042985674,74.76589953973772,-3.132028720031606,-78.12993104004818,3.072350677489234,0,0,0
8.65160359071541,-0.07614518869787475,71.56749620653758,-3.009639517462682,-75.09768129487466,2.908477413494103,0,0,0
8.54015532704868,-0.09220091571087181,69.30409906670226,-2.7087398370741766,-73.02289246306887,2.5694552038827085,0,0,0
8.402851249938678,-0.10474950042929407,67.84420132820381,-2.288870373274905,-71.76632574987426,2.1172226922294244,0,0,0
8.246674944231103,-0.11250109525061731,66.95002288281984,-1.804580658757979,-71.0887185435117,1.6080040071991988,0,0,0
8.08386662501475,-0.11478491009919053,66.37129803826946,-1.296931780033907,-70.74110837420366,1.0835932135349822,0,0,0
7.929942016664043,-0.11166645019762882,65.93918291984207,-0.7928529359753668,-70.55444016684504,0.5707811800097261,0,0,0
7.799915636360581,-0.1038282606625387,65.62576610025519,-0.3087811468683981,-70.49614298269384,0.08534119312983819,0,0,0
7.704128908714708,-0.0923030281342335,65.54388707444497,0.14557217253174032,-70.66947542218608,-0.36377082390574744,0,0,0
7.6454055237126255,-0.0782175924472412,65.88717018647102,0.5650512039589473,-71.25527949510808,-0.7719713518322238,0,0,0
7.61868834224471,-0.06265771281615998,66.83737017998405,0.9474955787192343,-72.42211923995092,-1.1375054999604628,0,0,0
7.613320984090024,-0.04663958105290931,68.4796847378536,1.2912517531942669,-74.24426936357628,-1.4592017462777278,0,0,0
7.617125045706345,-0.031090614651061797,70.75982079201967,1.59194266555524,-76.66060070212635,-1.7335170853142443,0,0,0
7.620675325466266,-0.016770666000657287,73.49471336779328,1.8406624510975889,-79.48603926819649,-1.9528646540151697,0,0,0
7.620097816069503,-0.0041649481402998845,76.42497867001218,2.0258218648655926,-82.46377354311633,-2.1074057272927176,0,0,0
7.617470814485657,0.0065546015080030886,79.28381557021213,2.138629399209526,-85.33312583698094,-2.190367304330894,0,0,0
7.619035870153425,0.015436155088541171,81.85860957539447,2.179386786760676,-87.88961101998748,-2.2041556643336775,0,0,0
7.632208976354008,0.022558304715511214,84.03239061123108,2.160713136644252,-90.02478952284554,-2.1633972787203843,0,0,0
7.662479427311709,0.027861044135789825,85.8021057231009,2.1054313779408034,-91.74353269511326,-2.092589399163097,0,0,0
7.710951538792656,0.031118255536017613,87.27346417856629,2.040012886845986,-93.15895253841703,-2.0192258066203608,0,0,0
7.773049893130121,0.03208432102334058,88.63123804759081,1.9868712822300452,-94.46367588328769,-1.965766636368096,0,0,0
7.838904031245136,0.03072003995697372,90.08681610429612,1.9588345407578047,-95.87824215078012,-1.9439620220007214,0,0,0
7.895735487064243,0.02733867186086485,91.8141345714277,1.9572774977615794,-97.58649469375732,-1.9531757813824868,0,0,0
7.931857880826442,0.022575243205602648,93.89484223625314,1.973562907515057,-99.6782973344001,-1.9823576859724796,0,0,0
7.940941026302909,0.017222858143125564,96.29369149231263,1.992908945937505,-102.12143990679729,-2.014573918962074,0,0,0
7.924671214055394,0.012072075911987667,98.87216097779017,2.000085713153598,-104.77274605698815,-2.0331958444831484,0,0,0
7.892422588762074,0.007847171910287897,101.43138455301026,1.9860936210957676,-107.42136883381235,-2.0286973448682346,0,0,0
7.857961408410034,0.005203947119993302,103.76801968638165,1.9537793816555946,-109.84836638257033,-2.0040384993216294,0,0,0
7.834708008742965,0.004673600304629133,105.73119518247594,1.9193490935737074,-111.889271884734,-1.9758097422657102,0,0,0
7.831672297912533,0.006485614123229766,107.27432131010227,1.9075770458924382,-113.49091098324851,-1.969181328693273,0,0,0
7.851521612233,0.01033304001732489,108.49217425854849,1.9416064971605536,-114.75064933197004,-2.0076547856068885,0,0,0
7.890943502445069,0.015240049975975011,109.62460992085207,2.0318715862291,-115.91862714399642,-2.1020411509875627,0,0,0
7.942471490110535,0.019667250315917782,111.00762550716478,2.16994972706411,-117.34459211641442,-2.2442789373183074,0,0,0
7.99671402205874,0.02185846964234628,112.97061269517752,2.330609570063905,-119.37011062133283,-2.409253404314532,0,0,0
8.044271426476158,0.020296565770493658,115.70975646391817,2.4805215944149297,-122.19798776286618,-2.5631743352920777,0,0,0
8.077071713815144,0.01409237835998738,119.19087684008117,2.5884786582038033,-125.79315756686378,-2.6735953354833413,0,0,0
8.089095091921251,0.0031925268251782766,123.13088182365136,2.63206391202732,-129.86415820699543,-2.7162347528582047,0,0,0
8.076546104833497,-0.011606687927179848,127.0741153870207,2.599205997974937,-133.94090042571565,-2.677072600751117,0,0,0
8.037673666447901,-0.0287880054451918,130.53641112662524,2.4870789926872545,-137.52101523765478,-2.551962041619126,0,0,0
7.972596081512407,-0.04633263873711115,133.1591078921403,2.30203894141913,-140.22686433808192,-2.3470927878988816,0,0,0
7.883446880484783,-0.06200543561875804,134.8128133788217,2.061778178861938,-141.91299686055208,-2.081227115197342,0,0,0
7.77487662317327,-0.0736864949059779,135.61666990060144,1.79706778940686,-142.6893531515076,-1.7870844383724602,0,0,0
7.654591435658617,-0.07970105913628771,135.87841543403732,1.549071367371748,-142.86421253260568,-1.508109239898829,0,0,0
7.533387634687628,-0.07906808029512433,135.99100210936882,1.3606352996151543,-142.84103850032164,-1.289329317592157,0,0,0
7.424217070288577,-0.07160115296925369,136.32753825253755,1.264154422445921,-143.0102589148396,-1.1650480885318502,0,0,0
7.340206764755365,-0.05786166898095644,137.16155473414977,1.2714420296791418,-143.66400195058839,-1.1487270781429686,0,0,0
7.292084500558374,-0.039032906580403905,138.62159549736884,1.3707725625901503,-144.94525060598372,-1.2300406720305346,0,0,0
7.285865301882254,-0.01679464040895482,140.68046838317224,1.533138701777372,-146.83419360163722,-1.3810142674301205,0,0,0
7.321662136755364,0.0067785115029607825,143.17795535108445,1.7253643441572393,-149.17149612297328,-1.5689174598628397,0,0,0
7.3939793917028425,0.029339826281410807,145.87352818893172,1.9242429493980808,-151.7141351195116,-1.770251068991385,0,0,0
7.493117814680744,0.048473675086340505,148.5205390047232,2.12514273731374,-154.21340358085743,-1.9794557938752262,0,0,0
7.606930219083722,0.06199664040826747,150.94805691837516,2.340988743827276,-156.4994958258088,-2.2082985461607594,0,0,0
7.7223765506882245,0.06832169035571098,153.13205887560972,2.5920982214699193,-158.55338713123408,-2.4762281461789373,0,0,0
7.826785897501736,0.06680622247337738,155.23343160334963,2.891930099700127,-160.5435491902355,-2.79643278723957,0,0,0
7.908953821151982,0.057958848362979154,157.57896562567495,3.236036660704502,-162.80481685359186,-3.164658523602449,0,0,0
7.96017316883804,0.04336775713777001,160.57144217242254,3.5997451168174193,-165.74698741219598,-3.5563818929209843,0,0,0
7.975301404115484,0.02530426273609123,164.54257771206804,3.944997891655157,-169.7075320677731,-3.933084868677196,0,0,0
7.953927526616027,0.006132279159163545,169.5997693801735,4.231600459346842,-174.79852147403292,-4.253219444038177,0,0,0
7.901250620385156,-0.012220024747827551,175.53832195812947,4.426452613833533,-180.81808135899777,-4.481578613568087,0,0,0
7.827656963080543,-0.02851275497793466,181.8709793571059,4.507097397048111,-187.27795404872145,-4.593301763408749,0,0,0
7.746160442041656,-0.04212961159237523,187.97051792127476,4.4607120312251,-193.5442522676294,-4.573387774059819,0,0,0
7.6682530106753575,-0.05282336615812966,193.26406151184358,4.282792738428017,-199.03169026619057,-4.415735232733704,0,0,0
7.600176303209949,-0.06047365213806728,197.39658501394504,3.978994766851804,-203.36917326691494,-4.125090188299083,0,0,0
7.5416583477223895,-0.06501825009546139,200.30440557383073,3.569666868275496,-206.476566824323,-3.7215323690409603,0,0,0
7.48765770522823,-0.06657722469412022,202.18608593792595,3.0928772945453233,-208.53869459419005,-3.2434444763250214,0,0,0
7.431939507256743,-0.0656250257503899,203.3993695567027,2.601408362987539,-209.90433973953301,-2.744490593943948,0,0,0
7.370564882734811,-0.06301542718655781,204.33252538058608,2.1526805187248073,-210.95843395076392,-2.2834848158189684,0,0,0
7.303745025661414,-0.05978689425510027,205.29643806292847,1.7950763732858235,-212.01384516444253,-1.9105330585541593,0,0,0
7.235478373443954,-0.05685808380868736,206.4670949035827,1.556329192023273,-213.25252612224799,-1.6551357470435732,0,0,0
7.1714067055766435,-0.054797498747086594,207.8850629869813,1.4383860790562408,-214.72285998816093,-1.5207789836072378,0,0,0
7.116006170176078,-0.05377639629167419,209.49732310852283,1.4198813113002813,-216.37910042581908,-1.4872503086757376,0,0,0
7.070384068124355,-0.05368220258832253,211.2148252447018,1.4643042903913823,-218.13702085173216,-1.5187718417474911,0,0,0
7.031595465123075,-0.05428492968063523,212.95987693417777,1.530451200212238,-219.92053073735067,-1.57447990122987,0,0,0
6.993683360251524,-0.05535183996171753,214.68826636439314,1.5818506034226174,-221.68435666039537,-1.6178914096899917,0,0,0
6.949893742311488,-0.05667491871194415,216.38489905092877,1.5929472275283474,-223.41119768094742,-1.6231470128675654,0,0,0
6.895117481373518,-0.05804907381313314,218.04241246061653,1.5512844634196767,-225.09205815700793,-1.57730435931079,0,0,0
6.827715585928459,-0.05925669921177672,219.63703738270846,1.4562322755148132,-226.70323296306262,-1.4792249515943525,0,0,0
6.750226626044238,-0.06007871078111578,221.11494409715465,1.3155787564420762,-228.19275926134245,-1.3363124549175667,0,0,0
6.668729186324512,-0.06031725083996662,222.39656717886618,1.141427860947502,-229.48399625092364,-1.1604754568254065,0,0,0
6.590915967445312,-0.05981302478664503,223.39790762117806,0.946551704893676,-230.49590358126883,-0.9644411229327261,0,0,0
6.523439178058311,-0.05845601414286818,224.05964586367097,0.7419554105617436,-231.1713499417626,-0.7592105296670126,0,0,0
6.469596960313197,-0.05620018753395186,224.37061280912258,0.53601918571255,-231.50014540090783,-0.5530795198927194,0,0,0
6.428422956723409,-0.05309458713354616,224.3741555436528,0.33509225951011956,-231.52528530560474,-0.35215699075284873,0,0,0
6.395553112385073,-0.04933071906049378,224.1537834133299,0.14486055193381162,-231.32876788972263,-0.1617353293759038,0,0,0
6.365333600882806,-0.04527710741471935,223.8044531565462,-0.028530997527172985,-231.00330297761755,0.012511260201245022,0,0,0
6.333115606033999,-0.04144911932985025,223.40260431774203,-0.17845478215650418,-230.62285335593512,0.16438575426200258,0,0,0
6.2967697145929975,-0.03838581094801583,222.98795997780965,-0.29902563818139927,-230.2248028705911,0.28826435544119133,0,0,0
6.2569194354393005,-0.03647546180243779,222.56354961649276,-0.38683318229887786,-229.81011255510148,0.3807057462497596,0,0,0
6.215958112177319,-0.03582485620706706,222.11125720359445,-0.4419497682982126,-229.3588836489112,0.4413691592225518,0,0,0
6.17642477414681,-0.036244645160711284,221.61335979961302,-0.46732948763451815,-228.8520460386488,0.4724052450649026,0,0,0
6.139581068578153,-0.03734030456788986,221.06938948185697,-0.4667580216300138,-228.2887063873507,0.4765170220637344,0,0,0
6.104842342288819,-0.03862945900674504,220.5022809861338,-0.44253864171220697,-227.69308793841023,0.4548566000439166,0,0,0
6.070174394652739,-0.03960436419847753,219.95465786067066,-0.39436892587715133,-227.11159371337922,0.40613374448151374,0,0,0
6.03310666077796,-0.039712702705453753,219.48048853698472,-0.3202169223233369,-226.6047154390736,0.3276585552213419,0,0,0
5.991930555203908,-0.038296310540222575,219.13687294024606,-0.21890524060125643,-226.2381327569802,0.21798883419281195,0,0,0
5.946821015966549,-0.034569218815657624,218.97721790061996,-0.09319365601071183,-226.07428735549595,0.07999857665170111,0,0,0
5.900726072608222,-0.02771175609973824,219.04427071903814,0.04814940025995895,-226.16346542577597,-0.07708429145690161,0,0,0
5.859792408384763,-0.017099611773633682,219.3613803932594,0.19035942783322354,-226.53352700288806,-0.23770206711828337,0,0,0
5.832995006775093,-0.0025996600700295856,219.92220479758188,0.31490358524368106,-227.17899530698307,-0.38218543338431343,0,0,0
5.8307325859902335,0.015197532646799062,220.6814232395059,0.40311760087948867,-228.0520602721318,-0.49039778929972044,0,0,0
5.86246350758077,0.03492855268697355,221.55088348445656,0.43999888149620003,-229.0595493019197,-0.5456023489924746,0,0,0
5.933846224552482,0.054630481484237235,222.40587526446603,0.4170718282520454,-230.07010860959306,-0.5374989024836736,0,0,0
6.044177793952443,0.07207552661482594,223.10369371310748,0.33376535018028053,-230.93344804722236,-0.4638581701732278,0,0,0
6.185081987245951,0.08514975657680139,223.5116645457796,0.1972767010454902,-231.5086933320708,-0.3306676755945432,0,0,0
6.341216082073643,0.09217247470027132,223.53686175520807,0.021270456248328174,-231.69415624690495,-0.15105353697819623,0,0,0
6.493125830808921,0.09210895715600458,223.14793618314042,-0.17606719165242737,-231.4492763803327,0.05656879769266539,0,0,0
6.621481338756482,0.08468364765160459,222.38192422084094,-0.3741632094580183,-230.80204712750825,0.2706824563470434,0,0,0
6.711289974152777,0.07042455442681046,221.3341474037143,-0.5521815085539827,-229.8402037588335,0.4689767681513956,0,0,0
6.754719753777806,0.05065296892634023,220.13490936006517,-0.6911845550854053,-228.68953067676503,0.6307712439145974,0,0,0
6.751822157550279,0.027390202857432655,218.92075132298163,-0.7763899811605256,-227.48637229520514,0.7395327917212,0,0,0
6.709299984096816,0.00312765285709844,217.80925138987638,-0.7993061539179308,-226.35272473844927,0.7851869373130966,0,0,0
6.638091768820587,-0.019559030290359658,216.8840601789262,-0.7592154754318983,-225.3803409280791,0.7656544149697538,0,0,0
6.550707483215845,-0.03848096977540934,216.19184816225342,-0.6634289084480031,-224.62573560807638,0.6870744735491939,0,0,0
6.458984015820278,-0.052239943877897585,215.74776473417435,-0.5260474314797449,-224.1133654148588,0.5625399985392733,0,0,0
6.372492610644628,-0.06041377500356333,215.54380021602876,-0.36545433493588747,-223.842286873774,0.409647106758473,0,0,0
6.297535527905325,-0.06346805137357733,215.55578142882143,-0.20116811795271589,-223.79273223063515,0.24749848126421625,0,0,0
6.236671641002388,-0.062463373130053415,215.7476351363609,-0.050831023970769704,-223.9313023920163,0.0938605425003459,0,0,0
6.188890535373801,-0.05869866260206038,216.07367308891685,0.07205907159644198,-224.21480377344076,-0.03703257693352953,0,0,0
6.150582003742173,-0.05342096552926847,216.4803660107063,0.15943369640097843,-224.5930596091803,-0.13586347985391853,0,0,0
6.117141643814506,-0.04766352305418593,216.90907014345447,0.20902875844171262,-225.01138748256298,-0.19885475989298698,0,0,0
6.084666252796282,-0.04219177607112101,217.30094115016868,0.2239762071622323,-225.4141193134458,-0.2276492980082992,0,0,0
6.051105142799983,-0.03749215688409606,217.60465089489063,0.2116112030098236,-225.7506666974144,-0.2283289094411316,0,0,0
6.0164978279231605,-0.033758653971445084,217.7861851262632,0.18149375346045532,-225.98437040661557,-0.20952311834093393,0,0,0
5.982348785278418,-0.030889498089445057,217.83805231859148,0.14295646900675935,-226.10191301378867,-0.17995680640621572,0,0,0
5.9505748499334175,-0.028538507212594766,217.78356228765108,0.10290843916526171,-226.11877985385698,-0.14623059845657735,0,0,0
5.922613959064364,-0.02624105922837714,217.67189345891967,0.06472830870375787,-226.07602132504647,-0.11169159012666796,0,0,0
5.8990851012879375,-0.023582341997939692,217.56257267096547,0.028663322693228112,-226.02653357542565,-0.07678912662207153,0,0,0
5.8799955544793505,-0.02034451929619365,217.50323777898444,-0.0065649925700824955,-226.01437183750292,-0.04059670509882949,0,0,0
5.865196931616225,-0.016578889909520455,217.5094504023589,-0.041811934444615416,-226.05536559374607,-0.0026572288715669854,0,0,0
5.8547310515307345,-0.01258601532489081,217.55635323049205,-0.07616054785063966,-226.12830338382966,0.03574743696038354,0,0,0
5.848842832816885,-0.00882738393488296,217.58757437710096,-0.10669594963242161,-226.18201057966652,0.07140215670070801,0,0,0
5.847659949838047,-0.005812560921467025,217.5390009691898,-0.12927661677417746,-226.1566337484027,0.09992979399139586,0,0,0
5.850708928827956,-0.003996944452663342,217.36806578181705,-0.13968457702376896,-226.01094269533124,0.11694780122718385,0,0,0
5.85648863202951,-0.003705776367337421,217.07644684008508,-0.13449306369824968,-225.74443864418484,0.11896255134003582,0,0,0
5.862301010584588,-0.005090684513923804,216.71660279132686,-0.1113794821101095,-225.4047582868499,0.10369420535983523,0,0,0
5.864488349849694,-0.00811968818961759,216.3791272911779,-0.069103940540586,-225.0767233851325,0.07000289328368581,0,0,0
5.859115656761304,-0.012589506961383279,216.16572690072778,-0.0075963761388010195,-224.8570555631538,0.017859259190498734,0,0,0
5.842937790805976,-0.018142742477441232,216.15830714200195,0.07156838342169465,-224.82474632410256,-0.05129571472013481,0,0,0
5.814290086476987,-0.024285204915132398,216.3956555812578,0.16441410037372747,-225.01842354014772,-0.13383208537006794,0,0,0
5.773534169634559,-0.03041695226865073,216.8653138250862,0.26398185091113363,-225.4282744509928,-0.22329064907289647,0,0,0
5.722947763203052,-0.03589218119672353,217.51161061571295,0.3604865408848809,-226.00341798776154,-0.31043023510796386,0,0,0
5.666232525063634,-0.04010501164226667,218.25468480340675,0.4425390926358233,-226.66959089560405,-0.3843524180785039,0,0,0
5.607856879676632,-0.042578299032744835,219.01220678555433,0.49927818963151366,-227.34926354903192,-0.434571389615985,0,0,0
5.552319109343003,-0.04302980668285557,219.71626534919642,0.5227889624001307,-227.9773451349138,-0.45338936278727715,0,0,0
5.503379198617353,-0.04140532135514121,220.32146820017567,0.5099959510661364,-228.50906063792954,-0.4377489620009669,0,0,0
5.463438233427027,-0.03788571626651986,220.80451821753613,0.4633848394416333,-228.92024756591755,-0.3899370740681377,0,0,0
5.433332666433856,-0.032876960339413584,221.1585087970429,0.39033540544939455,-229.20276945931366,-0.3169607063256592,0,0,0
5.412639723977421,-0.026973879332525996,221.38619676600325,0.301338529271942,-229.35863995197533,-0.22887147784023226,0,0,0
5.400236872925575,-0.020871606751177295,221.49561509191918,0.2077013039446456,-229.3959131601574,-0.13659308406961373,0,0,0
5.39467700696936,-0.015217937987263497,221.49916221950252,0.11939785420033786,-229.32764519167418,-0.049846304980286506,0,0,0
5.3941781598089165,-0.010454920460416873,221.4149646702069,0.04356398375066135,-229.17302505101813,0.0243553909462662,0,0,0
5.396493731738374,-0.0067365667004239075,221.26807009612617,-0.016100620638553664,-228.95830567400637,0.0823494705336941,0,0,0
5.399140812164859,-0.0039798366108485085,221.08921982500078,-0.05901837608452069,-228.71519438972805,0.12355025080033784,0,0,0
5.400139729470368,-0.0020180601656861084,220.9102438911998,-0.08678478840664923,-228.47580818471667,0.14949643097590978,0,0,0
5.398829994013184,-0.0007511014182824738,220.7571080376823,-0.10205651746061335,-228.26550672846687,0.16270173203152466,0,0,0
5.396072566422788,-0.00019244525493746777,220.6435120111506,-0.10770754506327478,-228.0967528605806,0.1657897403355207,0,0,0
5.393534300325371,-0.0003982128498989823,220.5683250361977,-0.10642783601164751,-227.96726695131028,0.16113050014116653,0,0,0
5.39245912232056,-0.00135707428038927,220.51834888193676,-0.10066360868521826,-227.86367564221624,0.1508712199352317,0,0,0
5.39272585874275,-0.0029452319638835433,220.47504991731304,-0.0926627734620297,-227.76889583984214,0.13707787751636716,0,0,0
5.392752554419985,-0.004983634606686849,220.42208676886978,-0.08441429354889748,-227.66974778831897,0.12173565292309832,0,0,0
5.390196031309927,-0.007334521599636901,220.35068631009042,-0.07741595090752469,-227.56172004960646,0.10653302465854608,0,0,0
5.382922988934482,-0.009940384825934245,220.26143400927398,-0.072393834501338,-227.44959347465405,0.09256215521033936,0,0,0
5.3696884925260235,-0.012775224128034779,220.16259209038049,-0.06919122409368583,-227.34441561456438,0.08016437958979168,0,0,0
5.350303383403499,-0.015770867950905654,220.06610095571082,-0.06695030243449765,-227.2584516554857,0.06905705735334208,0,0,0
5.325484778016815,-0.01880280058707484,219.98294852860704,-0.06451085549027483,-227.2001764818814,0.0586830141523194,0,0,0
5.2966687181634455,-0.021756558370128687,219.9195736661372,-0.06083898010475082,-227.17113130847721,0.04860551631762178,0,0,0
5.265782059045023,-0.02461657326734894,219.87641279526085,-0.0553583649822599,-227.16562315541236,0.038809380961043874,0,0,0
5.234750442811503,-0.027495996390163667,219.84884585759178,-0.04817110498756847,-227.17310506868282,0.029868640391015333,0,0,0
5.204697852872002,-0.030571736301175177,219.8299413624103,-0.04017346146457612,-227.18206569831895,0.022976318349691383,0,0,0
5.175186970718698,-0.03396266261999727,219.81369696782227,-0.03299929548497289,-227.18369262514275,0.019795929458513228,0,0,0
5.144030298636437,-0.037633389574996554,219.79710266026783,-0.028690572694907247,-227.17362623999603,0.022080556656737825,0,0,0
5.107963025032845,-0.041385675151997245,219.7797229593983,-0.029087397651741752,-227.1509070707439,0.031085822327878532,0,0,0
5.063971129514272,-0.044931945619971714,219.76085747573472,-0.035108908601046096,-227.11465243106747,0.04695367351055211,0,0,0
5.010676757203527,-0.04799306986190004,219.7361080008611,-0.046236689403687595,-227.06049236090055,0.06835338235391078,0,0,0
4.949150882266849,-0.05036662685949125,219.69604280165797,-0.06049444006614522,-226.97937091531404,0.09261768299658116,0,0,0
4.882811966643473,-0.0519513671033323,219.6286996896198,-0.07500571778001586,-226.86027308519843,0.11638822301346749,0,0,0
4.816462602845306,-0.052743994540882966,219.5253237092504,-0.08690049316586794,-226.69608642030684,0.1365055162662145,0,0,0
4.754819744192503,-0.05282818676044911,219.3864789635549,-0.09412923703318085,-226.4895712451437,0.15072836901888423,0,0,0
4.701031584277089,-0.05236195918488704,219.22499696174884,-0.09579782860804187,-226.25588886835314,0.15796213951289814,0,0,0
4.655673299685375,-0.05155642562844633,219.0636397900221,-0.091940548765524,-226.01981039500808,0.15797199553247765,0,0,0
4.616590353227608,-0.0506417275118423,218.92809772860915,-0.08299074894666206,-225.80857107733388,0.15086931559578148,0,0,0
4.579681157428354,-0.0498298154197002,218.8384305890665,-0.06934939454503138,-225.64362338055506,0.13676791735288701,0,0,0
4.540351537665401,-0.04928878778518282,218.8028791896543,-0.051308903148731135,-225.5350310359385,0.11582856389205745,0,0,0
4.495112500919063,-0.04913244462475745,218.81670251320585,-0.029294617420271153,-225.48077240557578,0.08858769296782612,0,0,0
4.442733607148426,-0.0494154699127094,218.86613531219135,-0.004170220587749895,-225.47067775935622,0.05626013564711343,0,0,0
4.384513812446471,-0.05012333253803121,218.93520574416948,0.022641759502150194,-225.49259391166956,0.02076301051342284,0,0,0
4.3235747249934775,-0.05115709398609027,219.01223467776308,0.049303903263745494,-225.53780078138627,-0.01556218197692374,0,0,0
4.263495297944928,-0.052327761653300796,219.0935327893522,0.07388946973069892,-225.60369431546545,-0.050365783307762514,0,0,0
4.206876885149995,-0.05338089206078393,219.18329475587134,0.0947548849041567,-225.693287511882,-0.08165988595707745,0,0,0
4.154439974305063,-0.054060119544912764,219.2900573850436,0.11085672960275872,-225.81218028987385,-0.1080560250241092,0,0,0
4.105019413366705,-0.05418902183070884,219.4211367612466,0.12195844367973052,-225.96419289710312,-0.12888821568712955,0,0,0
4.056403540895346,-0.05372515591723328,219.57732528637348,0.12869566313652286,-226.14728121363268,-0.14426362724058778,0,0,0
4.006542617057562,-0.052747920595459165,219.75042803869587,0.13246376900226267,-226.35162989550926,-0.15502365682110053,0,0,0
3.9545113054699357,-0.051385336620758434,219.92526980923344,0.13508996294864062,-226.56133265581687,-0.16253720884118367,0,0,0
3.900843388841338,-0.04972565567708358,220.08571974898865,0.13831509182324453,-226.75955991622752,-0.16829192534748358,0,0,0
3.8472622532741383,-0.04776136841945657,220.2221623755347,0.1432452840520142,-226.93523018407544,-0.17340346021403547,0,0,0
3.796095519038886,-0.04538318296192614,220.3368723677857,0.15002790689223958,-227.08803734959727,-0.17828647276517132,0,0,0
3.7496419317373437,-0.0424166789813782,220.4444324188386,0.15792325570680815,-227.22906640387728,-0.18267063325228605,0,0,0
3.7096203283791596,-0.03869400720227247,220.5664456741038,0.16570621480213674,-227.37620676535684,-0.18592181493057752,0,0,0
3.6768262901104976,-0.034157318964903996,220.72251022556375,0.17213027230233138,-227.5462148920142,-0.1874284333865944,0,0,0
3.6511875837474435,-0.02896966592393113,220.921415830169,0.17617802400307597,-227.74705762475483,-0.18679180938273704,0,0,0
3.632236751081564,-0.023572372463230806,221.15655784344156,0.1769994098639728,-227.97398754615554,-0.18372057227904293,0,0,0
3.6196025450348372,-0.018621967615843005,221.40749018671724,0.17367120947055242,-228.21084804481504,-0.17775703535313028,0,0,0
3.6129381158208957,-0.01479163139706401,221.64657253225676,0.16505537826545263,-228.4356169896828,-0.1681099641317644,0,0,0
3.6111467296020265,-0.01250768346050819,221.8474999890194,0.15000397342553243,-228.6274780100549,-0.1538319917875924,0,0,0
3.6115385286418302,-0.011755052112012266,221.99215647417444,0.12796036925678891,-228.77243590686587,-0.13437181893892786,0,0,0
3.609875842880456,-0.012073071063217356,222.07358446249123,0.09974418314421882,-228.86560770312857,-0.11027871517713947,0,0,0
3.6017256177667036,-0.012761943661114116,222.09498620149313,0.06813140594705373,-228.91016604519493,-0.08369758859089985,0,0,0
3.5845434937740777,-0.01318798381464461,222.0664854083591,0.037851185269371965,-228.91452668323276,-0.05834050518458298,0,0,0
3.559275768990375,-0.013010905084718161,222.00211391813164,0.014816196724137854,-228.88993308140348,-0.03881704430207265,0,0,0
3.53045687311527,-0.012217199570221738,221.91885766161118,0.004711549722344444,-228.84984477652623,-0.029466143765097284,0,0,0
3.5046173144704227,-0.010984646194488334,221.8378719029121,0.011368241732128581,-228.81096343206454,-0.03306086683687113,0,0,0
3.487722706888391,-0.009507274900832386,221.78600203941096,0.03549381786775711,-228.79425309666087,-0.049845641987297996,0,0,0
3.482829064973714,-0.00790133587700268,221.79473449949813,0.07422845316491192,-228.82378743270354,-0.07724798283600194,0,0,0
3.488974733899809,-0.006223626413644467,221.89461548624286,0.12168285784939599,-228.92213944770586,-0.11034517838519946,0,0,0
3.501692066696947,-0.004552328994358845,222.10583889149572,0.17025475197733328,-229.10304457523458,-0.1429103374781505,0,0,0
3.514803093872132,-0.0030573812460204406,222.4285226411688,0.21227124775483047,-229.36406412300155,-0.16871408537118668,0,0,0
3.522712258996677,-0.0020102213231766087,222.83727073314225,0.24144044636938133,-229.68264587355495,-0.18271818314871097,0,0,0
3.522307229637633,-0.0017196762254272357,223.28331398685307,0.25370771002463643,-230.01797846708476,-0.18183457909269124,0,0,0
3.5137524790467864,-0.0024144083590115885,223.70466143790497,0.2473393625509516,-230.319036456185,-0.16504245318197378,0,0,0
3.4998830606550655,-0.004114686193038608,224.0415701391595,0.22231679714593042,-230.5369856302381,-0.13286237095213665,0,0,0
3.4845151012386566,-0.00653991606279476,224.2522763666059,0.17934088435497983,-230.63814526355165,-0.08642852700932054,0,0,0
3.470525944634119,-0.009086816422581023,224.32307913965732,0.1188637191373175,-230.61259888758778,-0.026572881782601598,0,0,0
3.4586849813835983,-0.010898489482532626,224.26812812500765,0.04054326953184102,-230.47421196452328,0.04666384352785826,0,0,0
3.447827871969423,-0.011028569526501997,224.11778345770216,-0.05664621578449669,-230.25076315722723,0.1338758007772242,0,0,0
3.4362929060689993,-0.008680711907919659,223.89924773504552,-0.1736617644109998,-229.96732984532778,0.23556789061173616,0,0,0
3.4239349296463217,-0.0034750411399215864,223.61715983254197,-0.31026379871017296,-229.62979294082757,0.35118932044928786,0,0,0
3.4137273641713506,0.0043309646960892675,223.24270342846066,-0.46398575061116104,-229.21600743827636,0.4783731084680653,0,0,0
3.412021534372613,0.013754359258209092,222.7168518290081,-0.629754397741425,-228.67922045931252,0.6128048228954697,0,0,0
3.42694535996759,0.0232123442164891,221.96804379379498,-0.8005317851184713,-227.96335755006763,0.7489243673557098,0,0,0
3.4651326492558496,0.030887944248162567,220.93893215205776,-0.9688718454192923,-227.0250924257452,0.8812670532744391,0,0,0
3.5278247481995493,0.035249158019271934,219.6124188604943,-1.1287581424991686,-225.854414178871,1.0058863128748214,0,0,0
3.6080695372162097,0.035520736535342226,218.02553516224307,-1.2768848778515207,-224.48455065863308,1.121234502726594,0,0,0
3.6908084235484893,0.03189126149595154,216.26281027382294,-1.4127928961879548,-222.98496829096618,1.228129792739395,0,0,0
3.7567073144510488,0.025359021714889705,214.42906500350924,-1.5377780913303838,-221.43809262448283,1.3287845686513378,0,0,0
3.7887844862617186,0.017304812172540096,212.61166631005383,-1.652972133124146,-219.90846671657957,1.4251458247308562,0,0,0
3.779142294999744,0.009007964152841908,210.84831105402677,-1.7572985343928367,-218.41744791356163,1.5170098094663558,0,0,0
3.732639979130866,0.001324788195675808,209.1147744665811,-1.8460939019605376,-216.9347095108824,1.6005502393035271,0,0,0
3.66561175152151,-0.005361331508029821,207.33907091570427,-1.9110471735818835,-215.39137477279914,1.6679503394676545,0,0,0
3.599993481692991,-0.010961935482528417,205.43832246255351,-1.9417288794273362,-213.71189930275906,1.7085996893747677,0,0,0
3.5552122907842687,-0.015425832132858374,203.3659468081294,-1.9284088996525726,-211.85499433108166,1.7117733557768304,0,0,0
3.5410726301563074,-0.01854970907614444,201.15147984088892,-1.8653067548278954,-209.84891178583572,1.670049448528823,0,0,0
3.5544562221359115,-0.019929257862831663,198.91506342642424,-1.7531540722327463,-207.80504726395654,1.5822644021860128,0,0,0
3.581189068723205,-0.01904941320014473,196.84552147954957,-1.6001108000556286,-205.8989713972185,1.4548093307410057,0,0,0
3.602448993122465,-0.015471455552766144,195.1449760069835,-1.420623602326063,-204.32035906671453,1.3006242230562974,0,0,0
3.603287395500274,-0.00904080507836369,193.95859876177488,-1.2325835016631714,-203.20797223129134,1.136201988415462,0,0,0
3.5798497163714273,-9.382319267103866e-06,193.3167703316993,-1.0538322092409715,-202.5948038917015,0.9778284171178143,0,0,0
3.5421458471294187,0.011015186482065075,193.11366646602482,-0.8992803510021019,-202.38661620347236,0.8385800927945866,0,0,0
3.5108971959938486,0.02329139557357678,193.13283489244364,-0.7794095317776737,-202.38513254223616,0.7270133742164887,0,0,0
3.509585430909354,0.03621908621278891,193.1124874459218,-0.7000097790181485,-202.34987941860444,0.647371462511859,0,0,0
3.5551184675915977,0.04949009577525203,192.82762471571968,-0.6623181875565904,-202.0767101599035,0.6002869172793168,0,0,0
3.651224494976958,0.06298828567192913,192.1586763308679,-0.662777979014507,-201.46311085788986,0.5829424701116579,0,0,0
3.7873701778716793,0.0764702281038339,191.1209681086475,-0.6923754553984253,-200.53491352179165,0.5884562602663607,0,0,0
3.943379930851094,0.08922987401158622,189.8454236893681,-0.7363851671468893,-199.4252567720999,0.6052962326883744,0,0,0
4.097349950874985,0.10000329534867376,188.5217941314176,-0.7756786870648454,-198.31748989392136,0.6180144472947688,0,0,0
4.2331702522195656,0.10723914126632791,187.3308189716298,-0.7901739261825782,-197.37854753017476,0.6100741349737347,0,0,0
4.344551997409766,0.10962770856127549,186.39301577771505,-0.7637798052884449,-196.7102412890379,0.5682764107026855,0,0,0
4.434444587245281,0.10661000359599057,185.74981479455593,-0.6890645626210841,-196.3336538765886,0.4870847818210905,0,0,0
4.510930149480586,0.09859213488943794,185.37604802179519,-0.5695997242546837,-196.20498806928848,0.37080625977611137,0,0,0
4.581976843572633,0.08676058337274242,185.21074818409602,-0.4187961424331689,-196.2491380688671,0.23242595205474004,0,0,0
4.6513955532043525,0.07261661072475648,185.18982666283523,-0.2556399257974107,-196.39394605287666,0.08948495227050443,0,0,0
4.717324530936864,0.05748438089881489,185.26803070465706,-0.09913224782502254,-196.59226303967895,-0.04120847237958856,0,0,0
4.773291526766059,0.04222587153382449,185.42497086610067,0.036379086016299314,-196.82685092403054,-0.1478763712645616,0,0,0
4.810985764578518,0.027254669737391168,185.6574622650364,0.14352688794952256,-197.1009972515525,-0.22568550269450044,0,0,0
4.82351605812255,0.012782097729875375,185.9653948734435,0.2217091096415146,-197.42264037121632,-0.27614990670558087,0,0,0
4.8080140612077145,-0.0008658250644913324,186.33949649337958,0.2751294069489404,-197.79063225397064,-0.30489091684016784,0,0,0
4.766810712748011,-0.013030161656904227,186.75680663787804,0.310269676365624,-198.1890050016835,-0.3189888507133844,0,0,0
4.706991284619193,-0.022708825536801668,187.18508367405116,0.3337804572663089,-198.59050890353362,-0.3249416373528845,0,0,0
4.63875112677934,-0.028769428056494916,187.59313911821033,0.3512864697320765,-198.96648713634428,-0.32770371869000314,0,0,0
4.57331859292772,-0.030306831020637047,187.96204225358542,0.36709476858539175,-199.29804723726878,-0.3307128109728694,0,0,0
4.52109393663531,-0.02700254140370646,188.29252342649147,0.3844429907264185,-199.5838345600105,-0.336441518422248,0,0,0
4.490236275568847,-0.019333262499220894,188.60583527732015,0.405811804240949,-199.8416794132078,-0.3469212326970819,0,0,0
4.4855972462011096,-0.008534177584031966,188.93783556342143,0.4329420414131249,-200.10388811093057,-0.36384072868702333,0,0,0
4.507917454372148,0.003673307020432048,189.32840995089032,0.4664574540135561,-200.4081253612812,-0.38811381632824576,0,0,0
4.553490644085485,0.01548203618438464,189.8098247807077,0.5052735819556773,-200.7870555554388,-0.41912417341154085,0,0,0
4.6146814362155055,0.025376095530712916,190.39761453578907,0.5461766708758915,-201.25984458094146,-0.4540975860592539,0,0,0
4.681468936907692,0.03235904694455627,191.0862270520093,0.5840191136166937,-201.82741228855375,-0.48812748048837307,0,0,0
4.743724354823513,0.03599088095724312,191.84965821418672,0.612809519388432,-202.47164706681608,-0.5151790100530661,0,0,0
4.793571488623186,0.03628554922299827,192.6458749377671,0.6275279925978537,-203.1577288704597,-0.529898722877158,0,0,0
4.827079548234849,0.033570347905791206,193.42380896234434,0.6259583455145105,-203.83902309786131,-0.529491432286676,0,0,0
4.844684406080873,0.02838494724185523,194.1327145626584,0.6096109683215758,-204.46510936489423,-0.5147134319100587,0,0,0
4.850145085141278,0.02143078122257549,194.73393047120447,0.5831775623769516,-204.99346951373846,-0.489414962477224,0,0,0
4.848452738431092,0.01353185645288164,195.21311548939997,0.5527089598538651,-205.40287533970215,-0.4588275710341236,0,0,0
4.84362093343006,0.005569610481541076,195.58799340603542,0.5233261617928576,-205.70303968414797,-0.4274120760730966,0,0,0
4.837340116504038,-0.0016089200519559198,195.90593446392344,0.49738509996514324,-205.93418987453938,-0.3971699261284357,0,0,0
4.82898924844126,-0.00727800557185958,196.2293901595586,0.47364816179820934,-206.1539942057137,-0.36691461316048046,0,0,0
4.816787501436508,-0.010886658763006096,196.61331665054794,0.4475345638738986,-206.41568799889498,-0.3325095321337074,0,0,0
4.799420459638924,-0.012087979825724914,197.0829198321153,0.4122912681165616,-206.74576782754704,-0.2878951852921944,0,0,0
4.777482288103627,-0.010787098873056778,197.61972593741854,0.3609573578535702,-207.12942813174405,-0.22682656232087767,0,0,0
4.754299492516253,-0.0072360453541222116,198.16029058032643,0.28894390689319494,-207.50816922946612,-0.14522232910231878,0,0,0
4.735817818450812,-0.0021410675064629458,198.6080602013974,0.19665744011893765,-207.7902046862313,-0.043621187818331464,0,0,0
4.729265286884029,0.003315106528583556,198.8568431523701,0.09110622385467763,-207.8724213666604,0.07127821291785494,0,0,0
4.7405817497005245,0.007632046170965623,198.82268906793567,-0.014540871137288035,-207.67114096291093,0.1870136314528338,0,0,0
4.771260479888838,0.009337987476021681,198.47743247496737,-0.1036323876824838,-207.15526297517115,0.2878829488781264,0,0,0
4.815929441439408,0.007409012304621853,197.87250886511282,-0.15998276196531833,-206.3704017527227,0.35862895531269035,0,0,0
4.862140313727096,0.0015852766998889934,197.14045239810537,-0.17153269613026795,-205.44121207653515,0.3877414912605673,0,0,0
4.893107963146164,-0.0075500776873994365,196.46790793917506,-0.13255357388409267,-204.54555168436664,0.36928704535453677,0,0,0
4.892800334399141,-0.018755576021874276,196.04659595529046,-0.04421292722768726,-203.86693833876578,0.30324130034179575,0,0,0
4.851572411149846,-0.030493632657486103,196.01989831776535,0.08588563149339165,-203.54313857861715,0.19510471648024463,0,0,0
4.770152259515143,-0.0413121112942008,196.44496361902375,0.2444867265398898,-203.63075431686045,0.05555509722447027,0,0,0
4.660317041576818,-0.05008765408895073,197.28252446255647,0.4136295478958402,-204.09733423268594,-0.09982872133269893,0,0,0
4.5417095266652865,-0.05606341747239298,198.41471388009322,0.5721837590654332,-204.84000836324245,-0.25146238944265065,0,0,0
4.4356454231256635,-0.0587505782190604,199.6815453828696,0.6984185628214561,-205.72009379810848,-0.3779854063603182,0,0,0
4.35813936694683,-0.05785291150910439,200.92229974036627,0.773382799096882,-206.59971200292645,-0.45974920617153997,0,0,0
4.315052900549901,-0.053351162074515915,202.00880434407122,0.7841021354909117,-207.3686889660497,-0.48251557354507213,0,0,0
4.301506139003166,-0.045755820134955626,202.8622899887597,0.7254243759257974,-207.95583597096166,-0.43995383827098633,0,0,0
4.30560218095556,-0.03637026015949374,203.45209356738962,0.5999125394960743,-208.32540574796982,-0.33402137991543557,0,0,0
4.314271219308097,-0.02730699179059002,203.78042394625928,0.4160909731160018,-208.46443040048118,-0.17331711200010885,0,0,0
4.318060790404687,-0.02107080704773807,203.86091967267447,0.18608523018176298,-208.36829431406787,0.029547613909096528,0,0,0
4.312594058165587,-0.019771530779065925,203.69920737828173,-0.07615222879119302,-208.0302926995703,0.26016437649249724,0,0,0
4.29661443998188,-0.024306686041759916,203.2816498575172,-0.3554725971372335,-207.4375480318403,0.5033068281243913,0,0,0
4.268639608759386,-0.03394432298023133,202.57562361125323,-0.6354893018731843,-206.57317948324354,0.74298494928982,0,0,0
4.224937352648283,-0.04654771034146563,201.54239768468722,-0.8988719629473053,-205.4246176590175,0.9626154312194501,0,0,0
4.1604240591561705,-0.05933717296152423,200.16077745245434,-1.1285564660759548,-203.99806823800148,1.1460825013415956,0,0,0
4.071986040132302,-0.06980582124713522,198.4540783726989,-1.309567102813014,-202.33562068480578,1.2795906905396464,0,0,0
3.962062909200853,-0.07635999618062073,196.50739697002786,-1.4306483661531046,-200.52598647806346,1.3535453403456643,0,0,0
3.840125077540904,-0.07845328882526133,194.46337393791657,-1.4851149054890016,-198.69925143577532,1.3636736806537328,0,0,0
3.7208994896928544,-0.07628907561202851,192.49485928549973,-1.4709722230691795,-197.00360538706522,1.3111397716074578,0,0,0
3.6200025779333345,-0.07038489345283665,190.76524864454433,-1.3909240673634202,-195.5723874086714,1.2020991557899663,0,0,0
3.5489940963593796,-0.06129496695582191,189.39272371675068,-1.2528401082681255,-194.49483929611367,1.047372450915475,0,0,0
3.512081551729267,-0.049603766342683285,188.4305008026272,-1.0704496398203163,-193.80081122530297,0.8623382960914683,0,0,0
3.505748852639101,-0.03608853906954579,187.86590138056144,-0.8631281984779434,-193.46178176716896,0.6662731931222595,0,0,0
3.5210884181199162,-0.021848323780751855,187.63315701105302,-0.6537138644530046,-193.40362610111785,0.48024400132700296,0,0,0
3.5474743895979515,-0.008244955228425966,187.63237636977308,-0.4645053879272211,-193.52434372884673,0.3236041177112611,0,0,0
3.575948376705469,0.003362980538805971,187.74958197449573,-0.3129026920477571,-193.7122377238911,0.21028906126616106,0,0,0
3.601177518505395,0.011976270253275346,187.87611498524842,-0.20843132325513522,-193.86325454684086,0.1464118124964159,0,0,0
3.6216418397333854,0.01722151232310267,187.92623529338653,-0.15205955783289654,-193.8968114225053,0.1299655675870838,0,0,0
3.638449937408595,0.01939635826962416,187.84980540622752,-0.13754791415362888,-193.7675642099526,0.15239987667886226,0,0,0
3.653632383321394,0.019291118787607787,187.63622172406676,-0.15386037609989672,-193.4694967960098,0.20116409430110024,0,0,0
3.668756798892133,0.01789924632883668,187.30841048419933,-0.18770427356660946,-193.0307211711495,0.26230200309544216,0,0,0
3.6842966749602937,0.016151786994140594,186.90990522429823,-0.22578682063795838,-192.50115554943213,0.32263341929485134,0,0,0
3.6997124353353428,0.014754795236804341,186.49042223902515,-0.2568008516119164,-191.93778300038034,0.37148546102511093,0,0,0
3.713999605995994,0.014141035023540383,186.09455325005405,-0.2730936732128072,-191.39198515810685,0.4019792652576655,0,0,0
3.7264668528863183,0.01450488524929483,185.755333634107,-0.27163970532514553,-190.9013236978923,0.411652320516248,0,0,0
3.737466246646875,0.015870776468717908,185.49171376811614,-0.2538715558699522,-190.48590353094258,0.4021271455340468,0,0,0
3.7487254708734383,0.018148543248128136,185.30810646912926,-0.22434669520401657,-190.14839993658975,0.3778414463842751,0,0,0
3.763052189968789,0.021154682346683273,185.19529856125845,-0.18882332921091632,-189.87701876992864,0.3443214489466982,0,0,0
3.783498789901543,0.024609779576346115,185.13340835297606,-0.1526104818252918,-189.65104100479013,0.3067209212099783,0,0,0
3.8123401480085732,0.028131433339275702,185.09750616536724,-0.11980502127145484,-189.44822534066932,0.26913915630572094,0,0,0
3.8502422313734144,0.031227940988968327,185.06494353215916,-0.09337524580922149,-189.25230670730676,0.23467719631949535,0,0,0
3.8958434984271264,0.03329296413438385,185.02167193218907,-0.075475624572411,-189.05794105996515,0.20570439579563526,0,0,0
3.945810231098804,0.033621676767870666,184.96431742077223,-0.0673802787874763,-188.87057378828055,0.18381451714560626,0,0,0
3.995313939388751,0.03148726467383796,184.8965030373395,-0.06900557491835854,-188.70059359504964,0.16944824661248958,0,0,0
4.038746262776002,0.02629903123057602,184.82158117601477,-0.07857391167549395,-188.55455173469736,0.16164929954627497,0,0,0
4.070395887990713,0.0178114826917664,184.73695752239203,-0.09300139185987746,-188.42885957298623,0.15843681048215785,0,0,0
4.084942238552145,0.006302781530341406,184.6343036812545,-0.10908196734806666,-188.3102547651337,0.15783224370478025,0,0,0
4.077924836707169,-0.007371664593217986,184.50524281207487,-0.12491013581129096,-188.18253630380374,0.15903724647023978,0,0,0
4.046489102207303,-0.021904491743623567,184.34766923622112,-0.14067238393882064,-188.03454800932738,0.16299566831145854,0,0,0
3.9904549749262372,-0.03581616874224096,184.16749224676846,-0.15821129199501058,-187.86385723584775,0.17182624570078248,0,0,0
3.9132700466768284,-0.04778789839261179,183.9741238586785,-0.17954729759422888,-187.67398427025896,0.18732696745576619,0,0,0
3.8221268524949465,-0.05691876619587362,183.77257057407616,-0.20528061882197618,-187.46756859526275,0.20943946790336554,0,0,0
3.7267653136625682,-0.06282140307524316,183.55759358138403,-0.2338390477694759,-187.24061710516597,0.2356123813722661,0,0,0
3.6371522519663415,-0.06555615226752139,183.3143901173894,-0.26183786028014994,-186.98233113804181,0.2613366741927621,0,0,0
3.5608672788498836,-0.06547786393575024,183.02610820007249,-0.2850307168106411,-186.6812820601397,0.28133752126302625,0,0,0
3.5012082260319772,-0.06308976674623637,182.68415133417227,-0.2990906405983935,-186.33446489395257,0.2906242784568406,0,0,0
3.4567282077997135,-0.05895791558300658,182.29591320355973,-0.2998061941414676,-185.95413095141103,0.2849061371072878,0,0,0
3.422363314031955,-0.05367295813106239,181.88686420927337,-0.2828340517164463,-185.56916956187612,0.26043450900479004,0,0,0
3.391710462849801,-0.047810214296364964,181.4973620681147,-0.24354367613129285,-185.22117279669712,0.21376076740310737,0,0,0
3.3595573074638736,-0.04186056143500707,181.17658584078453,-0.17750224653346436,-184.95761445127934,0.1419638923933121,0,0,0
3.3236908908467626,-0.036152303259875396,180.97606191726382,-0.08176355519086087,-184.82492289918608,0.0435744832112789,0,0,0
3.2853972711843227,-0.030807289172928166,180.9442300569117,0.04339881393680685,-184.86322350521485,-0.08006769611369009,0,0,0
3.2486631706989186,-0.025759383926822466,181.1221568200711,0.1929741415249623,-185.1030094311349,-0.2235944454345656,0,0,0
3.218546637616271,-0.02083490894935238,181.53936765205475,0.356522717356745,-185.5626922141087,-0.3770903172899921,0,0,0
3.1993442462511297,-0.015869719878782006,182.20847264816388,0.5186869249429378,-186.2455372280269,-0.5266359629398494,0,0,0
3.1931353343026956,-0.010814856044805764,183.11813947354034,0.6610457420085425,-187.13514185508947,-0.6560321011161762,0,0,0
3.199134368531489,-0.005779377156963505,184.22565461880936,0.7651900686160105,-188.1900754057567,-0.7495435027446717,0,0,0
3.214014224538431,-0.0010008154959606941,185.45209138284082,0.8165198330271408,-189.34007273477604,-0.7951581622143806,0,0,0
3.233013264061981,0.0032059254963044737,186.6842313175441,0.8078444491343788,-190.4875324260956,-0.7875260159016022,0,0,0
3.251408747015816,0.006462390560270137,187.78704326086995,0.7416424710280041,-191.5179354624411,-0.7296049349253337,0,0,0
3.2658971192771276,0.008310517011597084,188.62796260342392,0.6300303068656007,-192.3203579266328,-0.6322739367868337,0,0,0
3.2753891162247157,0.008246050116353843,189.1094283871831,0.49216190867319937,-192.81480512735865,-0.5118164254604209,0,0,0
3.2807224256619634,0.0058757330384452185,189.20060131141489,0.3497470204023756,-192.97826959015092,-0.38603094880373306,0,0,0
3.283170543218972,0.0011817302953318176,188.9557923623348,0.22220889144690262,-192.85874156336203,-0.27036579753933554,0,0,0
3.2824494163671005,-0.005236316678569608,188.50877571681988,0.12320286778459603,-192.56827659589524,-0.17547282908433318,0,0,0
3.275595835466234,-0.01212292078247117,188.03975856027233,0.05954755862335333,-192.25330610969368,-0.10683832827463106,0,0,0
3.257891698915941,-0.017839524254112858,187.7231248228331,0.03237587614423489,-192.05038489379402,-0.06604480610085375,0,0,0
3.2258315274917493,-0.020864486424483176,187.67418029730985,0.03923897319665741,-192.0437307101694,-0.05242126633455655,0,0,0
3.180650097276285,-0.020256583962847685,187.91625999539005,0.0756999602475048,-192.24226071693894,-0.06390472143317538,0,0,0
3.1301795391911043,-0.015818995598581864,188.38251884710348,0.13574649385333828,-192.5863187451874,-0.09683017751501666,0,0,0
3.087501876735999,-0.007907081670288108,188.95172136486627,0.21151748378904073,-192.98080598764133,-0.14540690819480345,0,0,0
3.066744251979884,0.0029304312307544935,189.50181811914968,0.2935074099833798,-193.33901779070422,-0.20202159782546686,0,0,0
3.0781565860334865,0.016194792503937093,189.95760091388993,0.37209907414904253,-193.61731680448267,-0.2589477666258119,0,0,0
3.1249805872331535,0.03139862363685353,190.31325730086817,0.44019251112766256,-193.8270433385122,-0.31092887054641666,0,0,0
3.2033785996642195,0.04780308968658886,190.6239505547103,0.49559265184637696,-194.02234567784328,-0.3572013296136845,0,0,0
3.304900147773779,0.06416134692036621,190.97483266010613,0.5415319357296113,-194.27352208794835,-0.40151561266591784,0,0,0
3.419839623955312,0.07870518506993988,191.44411556432354,0.5845957886058499,-194.63986256005214,-0.4497588543097379,0,0,0
3.5398177638602846,0.08945521271052428,192.07610540858647,0.630880282665558,-195.15301941563357,-0.5062628878200599,0,0,0
3.6586809941421734,0.09473484701378965,192.87218651385382,0.6823486378625858,-195.8142740130758,-0.5707465302921492,0,0,0
3.7717930083947664,0.09365983485151474,193.7978382043996,0.7352684799826221,-196.6014748718466,-0.6374801716863147,0,0,0
3.874553727435398,0.0864003721783888,194.79767925092477,0.7814345707865386,-197.4783945307387,-0.6970079763935587,0,0,0
3.9612963790851268,0.07412436169055496,195.81062094580525,0.8114421127810573,-198.40164666890482,-0.7394881269345831,0,0,0
4.025505056171383,0.05866431394553047,196.7810872925158,0.8183856162391748,-199.32478210740416,-0.7580798996657336,0,0,0
4.061578935748301,0.0420565891190293,197.6659421006944,0.8003519290176143,-200.20184505537534,-0.7509822521735373,0,0,0
4.0673823214481075,0.026135707601460466,198.43829626257568,0.7608124295940002,-200.99242544177886,-0.7215028770894378,0,0,0
4.046143764679329,0.012310417633072746,199.0892537879167,0.7070465408355233,-201.66840335729418,-0.6764700070562355,0,0,0
4.006482763410617,0.0015354520861635024,199.6279717267153,0.6475040402546824,-202.22066155670947,-0.6238947295452135,0,0,0
3.9603836550505775,-0.005610755607520446,200.07962469876261,0.5892244011033,-202.66284193736894,-0.5708204222846348,0,0,0
3.920038070156778,-0.008870050295846,200.48031080979382,0.5361532575008227,-203.02930278397017,-0.5219382480206434,0,0,0
3.894897184725494,-0.008348928990757542,200.86830361275483,0.4887136493242849,-203.36617494240895,-0.47913094696410213,0,0,0
3.889908248297033,-0.004633908762414762,201.2727196534716,0.44453914616806,-203.71734182619085,-0.4418117532524718,0,0,0
3.9051888230099223,0.0011431101234137485,201.70286495683825,0.39995359623610227,-204.10985089175117,-0.40776300363009454,0,0,0
3.936804553212923,0.007410264520764542,202.14261986752402,0.3516107049588101,-204.5441645876106,-0.3741215868528343,0,0,0
3.9780896458407256,0.012458226283635554,202.55307859393724,0.2977298274416228,-204.99315452501637,-0.3382132504203696,0,0,0
4.02104323382396,0.014850245613584435,202.88368772425628,0.23861625556076832,-205.41054297430358,-0.2981096048781183,0,0,0
4.057574865913466,0.013787278966640315,203.08878975027773,0.1765324861889951,-205.74603339359513,-0.25299092148976,0,0,0
4.080585408618262,0.009291842707196452,203.1440787763034,0.11525717680303842,-205.96187742523782,-0.20349180951107543,0,0,0
4.084965917886933,0.0021527707750777837,203.05692297317884,0.05966450005867614,-206.04497444157263,-0.15209820708936378,0,0,0
4.068540526292622,-0.006331581224219463,202.8664733654015,0.015437842846347393,-206.01039883275135,-0.1034426983971116,0,0,0
4.032769974391897,-0.014713426180237832,202.63362847464478,-0.01120502239368193,-205.89608415730655,-0.0642022807663352,0,0,0
3.9828266753689974,-0.02175436102209858,202.42529142150198,-0.014009763386934538,-205.7522599213016,-0.042353801487058716,0,0,0
3.9267165307607,-0.02670704150831682,202.29950995742502,0.012411195837222522,-205.6308329626448,-0.04575914363387597,0,0,0
3.8734887409707284,-0.02947943491486882,202.2969982959875,0.0712847982845517,-205.5785915715817,-0.08032604050531518,0,0,0
3.8309553840383472,-0.030667623780989573,202.44102837000042,0.16227804972693888,-205.63517733267972,-0.14820275981835493,0,0,0
3.803499623602974,-0.031452408582249805,202.74359009038693,0.2804825985542692,-205.83408098917417,-0.24652569990795428,0,0,0
3.790504450830298,-0.03335213404790523,203.21290170864995,0.41626760135894186,-206.2036248299339,-0.36711850222015413,0,0,0
3.785791059469574,-0.03783720439803488,203.8569267591489,0.5562298769584146,-206.76513783029097,-0.4972848087163186,0,0,0
3.7782896800770374,-0.04586791633850993,204.67970347044823,0.6850823872852942,-207.52700203975618,-0.621545942567377,0,0,0
3.7540164404701244,-0.05749531514664028,205.6712993509442,0.788019384064674,-208.4756558318309,-0.7239682473840106,0,0,0
3.6992486339128448,-0.07169682114198395,206.7963044882342,0.853029404641498,-209.5672691795081,-0.7906645183712839,0,0,0
3.6044546313886485,-0.08655620993306172,207.98759019108613,0.8727532339661366,-210.7251080084648,-0.8120859682630794,0,0,0
3.468037367375601,-0.09976023126597085,209.15033383027796,0.8456469508767952,-211.84629238831857,-0.7847499714460866,0,0,0
3.2985355895043256,-0.10923670876081104,210.17719213663423,0.7763183441091627,-212.81827404542182,-0.7120690177792369,0,0,0
3.1139871726185078,-0.11367612095723985,210.9713224164154,0.674972391298408,-213.54182251639256,-0.6040322936161999,0,0,0
2.937937524272357,-0.11272513150343855,211.4711224300483,0.5559806617794522,-213.95494067180496,-0.4756893376885444,0,0,0
2.7929021381705894,-0.10682159209434872,211.6693712174179,0.4357298584094707,-214.05112454439475,-0.3446684318025177,0,0,0
2.6934239718614634,-0.0968490686721509,211.62011020024053,0.3300985405545333,-213.88582800808334,-0.2282370205631878,0,0,0
2.641528470504639,-0.08386418612623743,211.4294273834323,0.25204607142920565,-213.56732497591818,-0.14054260656285464,0,0,0
2.626765125435739,-0.06903162396284017,211.23110596873872,0.20975662772116835,-213.23254920871634,-0.09057703028116179,0,0,0
2.6310327129693576,-0.05369607812473731,211.1536030723289,0.20559751926212472,-213.01395349753327,-0.08114842899318546,0,0,0
2.6359639446671395,-0.03939694533645479,211.28857559663146,0.23597344428517034,-213.00747821409666,-0.10888476057563708,0,0,0
2.6293955061132266,-0.027674637827938397,211.67079454457001,0.29205955382633986,-213.25171845394712,-0.16513498757628325,0,0,0
2.608219349875924,-0.019684039650753958,212.27475841384592,0.3613228267687248,-213.72404434823343,-0.23757113583172895,0,0,0
2.5770263913711347,-0.015800965289348313,213.02729760903665,0.42964629772868934,-214.3533068063244,-0.31227920750558835,0,0,0
2.543968070907809,-0.015459877426677338,213.8308568729,0.4837694903242607,-215.04378827756133,-0.37610595048940354,0,0,0
2.5161557598912054,-0.01734946465478515,214.5899667556813,0.5136573515910527,-215.70247442015759,-0.4189440252161546,0,0,0
2.496583575353924,-0.019891958045624845,215.23333846792778,0.5143206602154266,-216.26153936640063,-0.4355136684035699,0,0,0
2.483518817611156,-0.02178118326147995,215.7258903607192,0.48661894925123195,-216.69011705097407,-0.4261725949562788,0,0,0
2.4721663511689655,-0.02234016746642169,216.06880087198132,0.4367671653293712,-216.99360871361037,-0.39646127240370105,0,0,0
2.457538066421506,-0.02156944394682938,216.29017658823943,0.3746044481435661,-217.2033937496948,-0.3554216064664047,0,0,0
2.437044364210891,-0.01991735798998917,216.43178219878573,0.3110487190180663,-217.36261489813236,-0.31309644091909944,0,0,0
2.411583673498427,-0.017927137483020772,216.53698403708233,0.2554453399978513,-217.5134444035099,-0.2779192984949873,0,0,0
2.384817675211707,-0.015946581811419946,216.64243006713963,0.21361217318285242,-217.68865707227044,-0.25480708659297874,0,0,0
2.361331951902841,-0.014027066745094885,216.7733420904723,0.18716695949697454,-217.90752287098846,-0.24454049332866248,0,0,0
2.3447944910079173,-0.012033413666283365,216.94134406308066,0.17420421901828717,-218.17475268675233,-0.24449069940598633,0,0,0
2.3368843850609977,-0.00988224072424373,217.14442015565982,0.17082278307920262,-218.48166740510746,-0.2501994886890316,0,0,0
2.3371177572397244,-0.0077628061526070265,217.3694601997563,0.17273809107923058,-218.8096102323304,-0.2570620519766294,0,0,0
2.343248150160207,-0.006207192002543138,217.59755995568895,0.1763803192557333,-219.1355219842607,-0.261502894249179,0,0,0
2.351832214506132,-0.005969337765338878,217.8108430621642,0.1793061843901711,-219.43851570767023,-0.2614225860510203,0,0,0
2.358715659179069,-0.007784491160438734,217.99840441903146,0.1801318203915372,-219.70538863658513,-0.25607025112714155,0,0,0
2.3594163026848207,-0.012131444824716198,218.15916310957803,0.17831292849130592,-219.93323541789866,-0.24566555267370518,0,0,0
2.3495117534729957,-0.01908829923104207,218.30078722963967,0.17395565625016046,-220.1284733460017,-0.23101658551329934,0,0,0
2.325124297558318,-0.028305344931987976,218.43549191104134,0.16762729822263794,-220.30288293278065,-0.21319654359489845,0,0,0
2.2834870402984535,-0.039068429679197436,218.57466029438768,0.16006397068896377,-220.46822538225987,-0.1932416699208545,0,0,0
2.2234800427607553,-0.05040951173288022,218.72447334799372,0.1517828466666657,-220.63140821348938,-0.17187030368763773,0,0,0
2.146001392750577,-0.06122967335268612,218.88397671816142,0.14275028120699745,-220.79183326024045,-0.14929671406594025,0,0,0
2.0540643079198446,-0.07041877557805379,219.04573318198268,0.1322849411462954,-220.9415756682794,-0.12522424159309936,0,0,0
1.9525638533682326,-0.07696998752619066,219.1981996625786,0.11927773517448373,-221.06793868346924,-0.09905361240871571,0,0,0
1.8477370971773297,-0.08008986786029623,219.32867152883085,0.10266663847661164,-221.1572187445466,-0.07027454401932687,0,0,0
1.7464189256522076,-0.07930255314590084,219.42590723110143,0.08198771272543297,-221.19835577724453,-0.03893173575884816,0,0,0
1.655228546904283,-0.0745463224118339,219.48201252104099,0.0577876058616539,-221.18547783382965,-0.005994231053068688,0,0,0
1.579811878211089,-0.0662525769441686,219.4935645813845,0.03174893222982007,-221.11900947008886,0.02653189328696044,0,0,0
1.5242256189553558,-0.055373396262487516,219.46215829580746,0.006501197062991082,-221.00562837297392,0.055812982021922156,0,0,0
1.490461508839445,-0.04330744452648503,219.394537421642,-0.014813367929451714,-220.85754273984836,0.07867217469238312,0,0,0
1.4780168186424163,-0.03169802203856591,219.30234940661026,-0.029107451746364178,-220.69135052402007,0.09222506807664103,0,0,0
1.483475623308891,-0.022134240672733084,219.20146604045962,-0.03393039911981077,-220.52651432737085,0.09450442114841166,0,0,0
1.5003303452949694,-0.015831798573152867,219.1107451526126,-0.027961493687277537,-220.38344584806018,0.08491637343284993,0,0,0
1.5194894081033823,-0.013375040199692023,219.05006598328407,-0.011347688696605473,-220.2812169365454,0.06443361983680802,0,0,0
1.5307568767916706,-0.01458043615328819,219.0375970113672,0.014165526125731276,-220.2349680637802,0.035511568722148466,0,0,0
1.5250765189248767,-0.01851769433668977,219.08660323990333,0.04538392155525628,-220.2533115657604,0.0017456759624451478,0,0,0
1.4969105611727542,-0.02369909685698417,219.2023975841682,0.07816158767645902,-220.33631409950115,-0.03270660395872369,0,0,0
1.4460614762141688,-0.02840759654934146,219.38008769441845,0.10819140445490802,-220.47467327172077,-0.06385000572387867,0,0,0
1.378421257422474,-0.03108319971988749,219.60381355706477,0.13184748877793026,-220.65051268575243,-0.08851485380038185,0,0,0
1.3052845654725473,-0.030650153813050453,219.84837663719458,0.14675212884183964,-220.8400859802239,-0.10471878858967898,0,0,0
1.2410258500725746,-0.026677391026123588,220.08396528337485,0.15186306815131162,-221.0184165636073,-0.11162128825049536,0,0,0
1.1993996578154764,-0.019339733343689148,220.2833800850087,0.14714188110017118,-221.16501438460963,-0.10918846696342825,0,0,0
1.1894983480960946,-0.009255403404380047,220.4292200403919,0.1330971878808299,-221.268594386064,-0.09783607408362513,0,0,0
1.2129878699728778,0.0026670381482787773,220.51758727170247,0.110539218925922,-221.3284048224422,-0.07829204642336549,0,0,0
1.2639829665304347,0.015292707179250442,220.55622769288033,0.08068402340096555,-221.35118094628515,-0.05172472300288859,0,0,0
1.3316791854879853,0.027280834635772067,220.55802205090504,0.045430614735792574,-221.3451962353947,-0.019946453994811007,0,0,0
1.4043565271289538,0.03718675075706699,220.5333694629765,0.007451111636785868,-221.3146748403374,0.014589885073337427,0,0,0
1.4727318576969566,0.043721557290207616,220.48547988367767,-0.0301508655863131,-221.25759373595443,0.04914153336491722,0,0,0
1.5313483292149783,0.04610350090965767,220.41065379107442,-0.06453167222492766,-221.16775991578132,0.08124832061649272,0,0,0
1.578092911830268,0.04432236974517991,220.3026827845525,-0.0937973587770756,-221.039550520172,0.10923329537615131,0,0,0
1.6128933576432445,0.03915387307858538,220.1584763997427,-0.1173312080069536,-220.87251771287393,0.13239062241871125,0,0,0
1.6366152307175525,0.03190012180717474,219.98187142914557,-0.13563473960680028,-220.67359905096046,0.15083170108841273,0,0,0
1.6505333571926712,0.02399282874117432,219.78390331814262,-0.14984656137459354,-220.45611117989907,0.16515644072449617,0,0,0
1.656211567424677,0.016656996180138606,219.5796136839317,-0.16123548413565914,-220.23607186868068,0.17615345705181654,0,0,0
1.6555216973162885,0.010755478767624994,219.3829156128108,-0.17087506368710023,-220.02727472209804,0.18461843244696183,0,0,0
1.6506804035597327,0.0067954250624836735,219.20167465483703,-0.17952036707520164,-219.83687922451057,0.19125578054878928,0,0,0
1.644284814540697,0.004993600711895851,219.03490384923057,-0.18759813970060862,-219.66311043309244,0.19660761985244335,0,0,0
1.6393018194983426,0.005318939004862955,218.87312504232108,-0.1952364931804908,-219.49605916543626,0.20100762526402036,0,0,0
1.6389031168912283,0.007507404096129733,218.70190315420342,-0.20232002890159323,-219.3215755913117,0.20459219665576142,0,0,0
1.6460471624551047,0.011091712513255914,218.50747911380049,-0.20858566731598954,-219.12699271468412,0.20738234265505753,0,0,0
1.662829364762203,0.015473455543758518,218.28249500273662,-0.213762043674123,-218.9064415143495,0.20940619539862837,0,0,0
1.689804620766182,0.02002296179983034,218.02950649734066,-0.21771744347920502,-218.66352279832026,0.210801171984167,0,0,0
1.7256073981539686,0.024171485467117292,217.7607030291267,-0.22054971580931237,-218.41018921334145,0.2118419295039075,0,0,0
1.767128692557236,0.02747266486730098,217.49375701077182,-0.22257128265744655,-218.1622484421301,0.21288957008721354,0,0,0
1.8102562527538737,0.029632614614753548,217.24529517606956,-0.2242142954621329,-217.93321276811176,0.214311097950241,0,0,0
1.850910021558036,0.03051739572261596,217.02450022004498,-0.22593844102693766,-217.7288675046689,0.21642778863596845,0,0,0
1.88599966921187,0.03014347099200876,216.82940669113745,-0.22820964934805374,-217.54469113805337,0.21951829895921265,0,0,0
1.9140284681713524,0.028654774358520284,216.6474122157466,-0.23154900521647903,-217.36716346456413,0.22386360142020295,0,0,0
1.9352292630387637,0.02629328578019141,216.4597601995821,-0.23658268234758567,-217.1784646118093,0.22979124259371703,0,0,0
1.9512211196812643,0.02337095246819132,216.2480947035311,-0.243996939227074,-216.96271482832444,0.2376559275721263,0,0,0
1.9642640746822906,0.02024324770074628,216.0003985092561,-0.2543415050836103,-216.71125852475737,0.24770568409979887,0,0,0
1.976352364351385,0.017273612452547125,215.71401644517587,-0.26772484261695695,-216.42488678411823,0.25985056194773504,0,0,0
1.9885402559558827,0.01477907618924803,215.39487620565083,-0.2835441716265109,-216.11227678740428,0.27344017422397543,0,0,0
2.0008382172391492,0.012968362880619111,215.05378761850108,-0.30041157406614616,-215.78568916640884,0.2871927817339781,0,0,0
2.0126887297613365,0.011906374335697478,214.70188012523346,-0.3163512738086382,-215.45615592711377,0.2993580534193597,0,0,0
2.0236461460835073,0.011533515655001736,214.34725179387542,-0.3292003263503659,-215.13036188519155,0.30806462919105115,0,0,0
2.03379043110435,0.01173161469237698,213.99396497487234,-0.33703037862635765,-214.8102893958136,0.3116892912301239,0,0,0
2.0437120969775435,0.012393363054293616,213.64329647508515,-0.33840440301087255,-214.49523564722435,0.30907911925884834,0,0,0
2.0542930063957385,0.013452345030010804,213.2962474614957,-0.33240843167724277,-214.1848840776157,0.29957206613835863,0,0,0
2.0665562762312817,0.01486187783367825,212.95609144002745,-0.318560536577715,-213.88206853641393,0.28289982168589634,0,0,0
2.0815802216060604,0.016545032407671557,212.6300947229925,-0.2967545382657164,-213.59436561245613,0.2591063199180098,0,0,0
2.100285994894321,0.018354869704911892,212.32997241506715,-0.26729943600687706,-213.33409559152975,0.22854609732129347,0,0,0
2.1230637062559907,0.020072649014807098,212.0707918888784,-0.23097220538720364,-213.1165561260207,0.19191027427208382,0,0,0
2.1494569955759317,0.0214359212413612,211.86818225272393,-0.18895387671370542,-212.95669094954988,0.15017581691695342,0,0,0
2.178139053838052,0.02216214426095888,211.7343347425763,-0.1426139457441508,-212.86509272793367,0.10444825972707576,0,0,0
2.2071948431326263,0.021951963174697654,211.67425743380664,-0.09326519956620985,-212.8449009119786,0.05580989321578613,0,0,0
2.234516921252421,0.02049907721425228,211.6842429210003,-0.04208064951363326,-212.89118665309277,0.005336817925012838,0,0,0
2.2580713093911555,0.01754193676506475,211.7537577079481,0.009744173255543841,-212.9934774780548,-0.04568255723834227,0,0,0
2.2759144490053274,0.01295105388155946,211.8701080040542,0.06070766159419918,-213.14040148034493,-0.09549574342928509,0,0,0
2.286075907978258,0.006803921158866899,212.02343944436535,0.10883817789824377,-213.32396960425606,-0.14183619251451773,0,0,0
2.286570993748583,-0.0005986221959176419,212.20928822785618,0.15181680885596904,-213.540997433206,-0.1821856798085207,0,0,0
2.2757053625449686,-0.00878613737416174,212.42741414762259,0.1873696759153347,-213.79092116391317,-0.21426689570122903,0,0,0
2.2525742450715853,-0.017218903441842313,212.6778685048204,0.21376398240117567,-214.07151356031355,-0.23656020506409164,0,0,0
2.2174962071646007,-0.02539088675528518,212.95656403170636,0.2302084821745211,-214.37505287469506,-0.2486360623503799,0,0,0
2.1721528318788756,-0.032892985052762926,213.25250283113598,0.23703550284704136,-214.68694952601888,-0.2512060303551607,0,0,0
2.119333469391009,-0.039423403649546176,213.54795419296,0.23566599768923596,-214.9875698689909,-0.24595598219707995,0,0,0
2.062327886833998,-0.04477304274671212,213.82188274501206,0.22843973454631056,-215.2567887037337,-0.23531327882204778,0,0,0
2.0041624418383037,-0.04882886901648078,214.0558425296933,0.21837612986050772,-215.4798381015586,-0.2222426026482765,0,0,0
1.9469845984776981,-0.05160954721587672,214.24046303252462,0.20886169422249737,-215.65246178389654,-0.21003489929571514,0,0,0
1.8918418714827965,-0.05330415289193269,214.3800994212577,0.20322959508942517,-215.78352942622686,-0.20198734233359233,0,0,0
1.838840566281462,-0.05426822079532627,214.49368557331928,0.20423935575641963,-215.89413022142648,-0.20092214132014874,0,0,0
1.7874166723801608,-0.05495132799632927,214.61117544622766,0.21353946411419997,-216.01334719039593,-0.20860839178894822,0,0,0
1.7364787729128182,-0.05576905295757939,214.76648544704537,0.23125067350552228,-216.1718625532707,-0.22525590118730748,0,0,0
1.6844546782452738,-0.05696854720719102,214.98885998260062,0.25580624225273996,-216.39492629803098,-0.24927646888236268,0,0,0
1.629470623925613,-0.05855094564428498,215.29489638870018,0.284108963134338,-216.69617093922037,-0.2774259925571528,0,0,0
1.5698201894277162,-0.060288162147458024,215.683348834102,0.31195274583860455,-217.07365378688039,-0.3052952850164729,0,0,0
1.5046373572582041,-0.06181416994224946,216.13438948006728,0.33459072959785774,-217.50934771560676,-0.3280020171076501,0,0,0
1.4344769697663935,-0.0627260069639064,216.6139049522207,0.34734164610655116,-217.97260279038224,-0.3409047577871263,0,0,0
1.3614751420348483,-0.06263774692553312,217.081552663868,0.3461692405069726,-218.42672170946807,-0.3402055123345747,0,0,0
1.2889602500082162,-0.06117968960273288,217.49962687964376,0.3282076800434993,-218.8364822763916,-0.3233946876131483,0,0,0
1.2206988668589673,-0.057979992764312274,217.83959286929786,0.2922188977922048,-219.17415039250298,-0.28955984116382183,0,0,0
1.1601566027410968,-0.052678002861307506,218.08459190729317,0.23892479741375894,-219.4223947682672,-0.2395608132403481,0,0,0
1.110101303657487,-0.04499433359564335,218.2281778521151,0.17107084915902818,-219.57391767661645,-0.17598823138881697,0,0,0
1.072657782217945,-0.03483701717575656,218.2709367830356,0.09305896890241457,-219.62887317416246,-0.10279038536729672,0,0,0
1.0496706962824902,-0.022389135220852553,218.21708536662223,0.010134729363392126,-219.59176935085858,-0.024560273070994752,0,0,0
1.0430401608146411,-0.008131589408456819,218.07259680823958,-0.0726499644574318,-219.46926191928387,0.05434498473934468,0,0,0
1.0546940213017706,0.007203179168587326,217.84509797165757,-0.15134483686049122,-219.26923002949493,0.1305681423392059,0,0,0
1.086106798008828,0.022717099122189666,217.54449464124485,-0.22358668087616138,-219.0005066440552,0.20214424743132894,0,0,0
1.1375837898263228,0.037442814383042845,217.18289995750192,-0.2885543396632471,-218.67232444017802,0.26841237799152395,0,0,0
1.207644355923648,0.0504376266611942,216.77312723506944,-0.34648958514065953,-218.29303242899815,0.32953115500906166,0,0,0
1.2927306585448406,0.060872978113779654,216.32614450069295,-0.39802763668326974,-217.86846896911092,0.38583717315843274,0,0,0
1.3873275939629934,0.06812411336436383,215.84872509853156,-0.443610252624714,-217.4009522939539,0.43732073601253774,0,0,0
1.4845294474879154,0.0718641613471334,215.34263445548262,-0.483151394350071,-216.8897938967012,0.4833871707634785,0,0,0
1.577034048829887,0.07214744536413349,214.806040931629,-0.5159628576594827,-216.33356162407185,0.5228932309759557,0,0,0
1.6584004774202867,0.06944114975512576,214.23680899978953,-0.540831257705662,-215.73339761927426,0.5543154388683831,0,0,0
1.7242812944582795,0.06456488109223528,213.63649428199244,-0.5561250569978483,-215.0960545591585,0.5758989249596709,0,0,0
1.7733356347731046,0.058534868144580796,213.01358402815686,-0.5598868361268046,-214.43535832186015,0.585734585387047,0,0,0
1.8075812516501628,0.05235839387172234,212.38486606465003,-0.5499675246007627,-213.77157433429565,0.5818331285303714,0,0,0
1.8319952873775804,0.046848956599309585,211.7745873804453,-0.5243014048710364,-213.12917005149419,0.5623153614440298,0,0,0
1.8532931668460009,0.042518656166609506,211.21187666509095,-0.48135491248758344,-212.53404317940144,0.5257763540120266,0,0,0
1.8780793399906486,0.039562061647934854,210.7272761394249,-0.4206494191833741,-212.01112311524045,0.4717426621404172,0,0,0
1.9109115326802169,0.037900227473133444,210.34904985252393,-0.3431621999362392,-211.5826210086502,0.40102770205500066,0,0,0
1.9530190134810113,0.03723418893295758,210.09962040677226,-0.2514250989463534,-211.2666402822609,0.31579867886022156,0,0,0
2.002220610495982,0.037079583640267796,209.99249180675318,-0.14926145357917164,-211.07579808395158,0.2193101915729244,0,0,0
2.0540210938996353,0.0368002610167224,210.0303148079558,-0.04126658908695049,-211.01597099787008,0.11544218146906929,0,0,0
2.103283569189614,0.03568736374461849,210.20487228263005,0.06774001390892295,-211.08577753860848,0.008281897418009975,0,0,0
2.1456775241026804,0.03310936937227922,210.49933303869332,0.17305772032741232,-211.27737153325793,-0.09804805575097361,0,0,0
2.178377088052841,0.028699630333741767,210.8922515288583,0.27013184097377235,-211.5784724185664,-0.19925984963009,0,0,0
2.1999978975448045,0.02250627891730801,211.3619214895758,0.3543262761451814,-211.9747482368035,-0.2905817599447687,0,0,0
2.210166804292186,0.015047283889205686,211.88927680418018,0.4206264830527971,-212.45122420522134,-0.3664669982785256,0,0,0
2.2091730337134408,0.007268672291459666,212.45785334269902,0.4634943771588553,-212.9916036727502,-0.4205508231179692,0,0,0
2.1979078360176345,0.00043820482071907916,213.05036826226166,0.4770815429730277,-213.5752195049511,-0.44602350943079044,0,0,0
2.1780818026540913,-0.004004095432199506,213.64288316822407,0.4559609143772548,-214.1724578817086,-0.43652027009718497,0,0,0
2.152693449388039,-0.004644546650025916,214.19875663728115,0.39640912264791267,-214.74046806673684,-0.3875161991276002,0,0,0
2.126707816814232,-0.00035192191681971964,214.66525857954434,0.298017335225137,-215.22147922904978,-0.29799726890348666,0,0,0
2.1076656173968047,0.009439041837102025,214.97568771236033,0.16510577333558843,-215.5460126329164,-0.1719052490879392,0,0,0
2.1056365697806854,0.024505149284911452,215.05894218246587,0.007263987328985877,-215.64257423422978,-0.0187040714190573,0,0,0
2.1319316215525816,0.04378645513438215,214.85634275533744,-0.1614744313987842,-215.4536344098424,0.14742013907704746,0,0,0
2.1964786783766073,0.06556641708978077,214.34209484182716,-0.3247723934222904,-214.95472092583836,0.30970051597305426,0,0,0
2.304557222663206,0.08781050582219052,213.54033453753607,-0.466762640215174,-214.17027669610073,0.4516276897234718,0,0,0
2.4542245265625553,0.10850361631398756,212.53049321598888,-0.5744833551416889,-213.17864438694076,0.5595328897822753,0,0,0
2.635772387361456,0.12585662864265998,211.43562394827381,-0.6393105614659162,-212.10101811418062,0.6242228189924901,0,0,0
2.833745973551899,0.1383749875905238,210.39515923400117,-0.6573938063146272,-211.07545272197805,0.6415966853293412,0,0,0
3.030798507609944,0.1448887513070119,209.5311302351294,-0.6295961416961973,-210.22419116950212,0.6126576558631427,0,0,0
3.2117439799541074,0.14465231323311656,208.92042502812745,-0.561386335565993,-209.62615033122702,0.5433252218619202,0,0,0
3.3662319038234045,0.13753457010884915,208.58258209770116,-0.4626469807013649,-209.30378444299149,0.44405439814589726,0,0,0
3.4893864456859234,0.12420491791097135,208.4850041193196,-0.34690904036161213,-209.22660738093637,0.32887374648421996,0,0,0
3.5808191346227005,0.10616302387073091,208.56038133837546,-0.22952390949503182,-209.32705785121098,0.21344480274888725,0,0,0
3.643001810707773,0.0855120277983957,208.72823148616723,-0.12481660784093265,-209.52146870721916,0.11221072218556287,0,0,0
3.6799029237516976,0.06451466058585567,208.91386473052242,-0.04299600398771588,-209.72973271464176,0.035363098429780845,0,0,0
3.6962737056722688,0.045106586458229,209.06140281237276,0.012007617859086394,-209.88990692209856,-0.013278694263561874,0,0,0
3.697402626068765,0.028569292172051064,209.1403848533235,0.04288970579231943,-209.96657008669175,-0.03663867338005389,0,0,0
3.688866251535856,0.015467520558092928,209.14699315559184,0.05741382109519009,-209.95334550012242,-0.042904930377403616,0,0,0
3.675945113468501,0.005812902751094385,209.10117019525225,0.06564310057336797,-209.8705601852043,-0.04282244797668113,0,0,0
3.6628098445363975,-0.000678585222874517,209.04050120671832,0.07697808978605565,-209.75893727386264,-0.04669580846082226,0,0,0
3.651924825543915,-0.0043741293899174135,209.01147915562436,0.09784561233037721,-209.67017117679202,-0.06192349671713373,0,0,0
3.6440616512668527,-0.005634852975983051,209.0591423302715,0.13049043279976616,-209.6556566847104,-0.0915706792035337,0,0,0
3.6389481621336444,-0.0048459264626245615,209.21681234410914,0.17295730620013786,-209.7552823309778,-0.13416031255381428,0,0,0
3.6362159584790277,-0.0025000635613636746,209.4980123840278,0.220068518721601,-209.98842679182738,-0.1845551006169444,0,0,0
3.6361616298525234,0.0007476466176314034,209.8923208538262,0.2649888576393266,-210.3489676818131,-0.23553760599344856,0,0,0
3.6399251759124382,0.004106764291061893,210.36630714037042,0.3008792705308565,-210.8056137141339,-0.2795660050183528,0,0,0
3.6489433614425195,0.006765909580359164,210.86995791532487,0.3222176924370871,-211.3081732122299,-0.3102405739624544,0,0,0
3.6638656159222194,0.008059190580975439,211.34767834280785,0.3255579219928137,-211.79889650629187,-0.32320593618575233,0,0,0
3.683421579644815,0.007623353112641951,211.75105877164552,0.3097144305058606,-212.2259362451388,-0.31645034748224815,0,0,0
3.7038774874470164,0.005478648035084177,212.04929391202688,0.2755522851264544,-212.55459732404617,-0.290179802891231,0,0,0
3.719583921347507,0.001991223543836895,212.23365607999523,0.22566683362087475,-212.77257691641657,-0.24655203833313521,0,0,0
3.724653557076607,-0.002271171149401141,212.31472155019964,0.16415248023419055,-212.88771604656793,-0.1894532987827972,0,0,0
3.715181693260064,-0.00672070243674483,212.31395664916775,0.0963885031329312,-212.91978580580027,-0.12423325836753066,0,0,0
3.6910024388298694,-0.010877301746104706,212.25353523529233,0.028551205654059685,-212.8902248207397,-0.057133641423030214,0,0,0
3.6560738652908924,-0.014390980376619211,212.14898919003494,-0.03333802967481177,-212.81448806514445,0.005721541580237499,0,0,0
3.617213464418427,-0.016984002585630265,212.00783194271233,-0.08463568418439422,-212.70014670196187,0.05954100584810362,0,0,0
3.581736337075071,-0.018394612064970773,211.8338429466542,-0.12304623289407743,-212.5505057959052,0.10177731598785159,0,0,0
3.5550925984611723,-0.018394447456870466,211.63319039934845,-0.14883100095777024,-212.37023292052217,0.1322833279386714,0,0,0
3.5395117758786228,-0.01688581297776892,211.4176784748974,-0.16410298270751866,-212.16872082933642,0.15262151119824807,0,0,0
3.5340374615907137,-0.014015451401098744,211.20293707018294,-0.1715195924781881,-211.95918726556513,0.1648592442951724,0,0,0
3.535637800697799,-0.010219025686566852,211.00319375105445,-0.1729951240140167,-211.75480375653805,0.17043185168691935,0,0,0
3.5407090825079024,-0.006148378571401736,210.82641154062193,-0.16902090501683062,-211.56488276718122,0.16958172725517784,0,0,0
3.5463235634823747,-0.0025044354551553736,210.67292682209256,-0.15879511900479884,-211.3935706938178,0.16151349304524842,0,0,0
3.550847924818882,0.00014674770335574295,210.53833931051045,-0.14088923417435809,-211.24163237778797,0.1449909496536918,0,0,0
3.553883608425224,0.001496086437030897,210.41903794989477,-0.11398842807018639,-211.11016954827525,0.11896447519001185,0,0,0
3.5557296787044095,0.0015191291069228895,210.31762289254402,-0.0774433777071181,-211.0043294294101,0.08302579725515784,0,0,0
3.5566919825235175,0.00042787650121596245,210.2458917566062,-0.03166350365709718,-210.9353708654527,0.03775183943549223,0,0,0
3.5565600754947297,-0.0014135762271038743,210.22429805760487,0.02157058366849185,-210.92032342398525,-0.014986306466670384,0,0,0
3.5544726402489317,-0.0035792998122261112,210.27779419419554,0.07897933825780967,-210.9790760774363,-0.07187214042763798,0,0,0
3.5492287526599426,-0.00566333454163157,210.42850329311176,0.1360619013353869,-211.12892929301356,-0.12838818298444038,0,0,0
3.5399165657099587,-0.00734036240928333,210.68655871448348,0.1878587820273509,-211.37728536218313,-0.17954322754192162,0,0,0
3.5265733202368637,-0.00838307480823346,211.04211737730685,0.2299822633244702,-211.71474583184792,-0.22087013522057078,0,0,0
3.5105305653601135,-0.008617486380805417,211.46272020467066,0.25950027176271817,-212.11229209809417,-0.2492914221246906,0,0,0
3.4942145794025663,-0.00783048087467364,211.89895832386432,0.27532885026270437,-212.52551420763237,-0.2635190543352451,0,0,0
3.4804799843323906,-0.00569093744079936,212.29762577016828,0.2780830804998118,-212.90560182369447,-0.2639364464124753,0,0,0
3.471898930622075,-0.001766205474450544,212.61744552578872,0.26964717080932415,-213.2130307816158,-0.2522109455133261,0,0,0
3.4705171187154633,0.0043234038762321346,212.84089447423338,0.25281308753725396,-213.42828508669962,-0.2309780942752468,0,0,0
3.4782552667479933,0.012658973362877645,212.9775865602319,0.23112594121390656,-213.5555139673377,-0.20373652143161394,0,0,0
3.497563265840938,0.022814579110786326,213.05862499919365,0.20874704156743745,-213.61844054156106,-0.1747637173963426,0,0,0
3.531566697915437,0.033819003387789336,213.124975001205,0.1900123422291955,-213.65103874814682,-0.14872317790993178,0,0,0
3.58315060447228,0.0443315202838022,213.21468958985602,0.178576139672316,-213.6870663049356,-0.1298405810617794,0,0,0
3.65316305386564,0.05295551608392941,213.35337678944592,0.1764122965524649,-213.75211104616406,-0.12090009657039218,0,0,0
3.738676356467977,0.05854979265031233,213.55019062034503,0.18315089578191532,-213.8599292720576,-0.12251124957596175,0,0,0
3.8324046132804597,0.0604226993192853,213.79908174615628,0.1960933874871813,-214.0127459867317,-0.13297857462631554,0,0,0
3.9237951871704126,0.05837273256657767,214.08338716689144,0.2109306854185718,-214.20400763431226,-0.14882368838009938,0,0,0
4.001454091461369,0.05261479875225206,214.38156849131337,0.2229268022909281,-214.42203174731972,-0.16577579612902582,0,0,0
4.056015045218587,0.04366595228952406,214.67240343205253,0.2282091786381102,-214.65339758245923,-0.17993033823726706,0,0,0
4.082482259940846,0.032249108754116663,214.93852043510373,0.22479497265539408,-214.88529971360086,-0.18874743018798198,0,0,0
4.081290591506715,0.019229327694807806,215.16793185337937,0.2130670933467229,-215.10667742536205,-0.1916133154529689,0,0,0
4.057714685437958,0.005562133666087732,215.35424302411428,0.1955872608301945,-215.30879670943708,-0.18982139611409252,0,0,0
4.019810127367521,-0.007769204147561481,215.49678137623712,0.17633313996331026,-215.48636968730827,-0.1860043673755058,0,0,0
3.9756541414068067,-0.019832369811747696,215.60132651599986,0.1596007169494129,-215.63958534804388,-0.18321292132086456,0,0,0
3.930969633416055,-0.02983684021019286,215.68086155381226,0.14890087350262035,-215.7760624265873,-0.1839565301458322,0,0,0
3.888025949941337,-0.037234868737100156,215.75495435445822,0.14618326336057522,-215.9109599478726,-0.18954599391963142,0,0,0
3.846103145694798,-0.0418147119553268,215.84671856652454,0.1515918274229108,-216.06405130806732,-0.19993925024273834,0,0,0
3.803130393343892,-0.043735500799959935,215.9775756608075,0.16370777161664876,-216.25416096052837,-0.21401862522034207,0,0,0
3.757646643116658,-0.04345162956137614,216.16141216707874,0.18001641246790429,-216.49296288391756,-0.22999786332632652,0,0,0
3.7101335725698448,-0.041533596545572496,216.40035306870948,0.19731233820517957,-216.78075965279717,-0.24566319068253506,0,0,0
3.663143471953447,-0.03846917343759344,216.68385012760848,0.21193763494590315,-217.10606992778943,-0.25838850818283277,0,0,0
3.6203596774383584,-0.034550799427736936,216.99132074028077,0.21996361224560132,-217.4489829616405,-0.26511689662489174,0,0,0
3.5852938317537593,-0.029903088505099616,217.29694550091617,0.21751060142993311,-217.78634832057153,-0.2625690591479895,0,0,0
3.560318175951082,-0.02462327745645467,217.57444989805165,0.20132034816269595,-218.09621725486923,-0.24780773805315448,0,0,0
3.5462778990401205,-0.01894593452222182,217.8002379032713,0.16952468855404276,-218.35994750841562,-0.21906647375851093,0,0,0
3.5425179556639677,-0.013326349434494488,217.95459047691423,0.12238019816285259,-218.56212891412153,-0.17655081373918619,0,0,0
3.5470722606438017,-0.008379846028860527,218.02182458082387,0.06264548481849204,-218.68974189954722,-0.1228340042994489,0,0,0
3.5568976187793453,-0.004703605540920819,217.99077914243446,-0.00464286910094529,-218.7322383410599,-0.06259306707627843,0,0,0
3.56818729789444,-0.0026810673984329013,217.85665905261916,-0.07297757698120506,-218.68362762150267,-0.001750191803165535,0,0,0
3.5768700782249,-0.0023675044366726185,217.624155050338,-0.13547173170916266,-218.54626779018903,0.053619006384724346,0,0,0
3.5793450116648415,-0.003493114800512842,217.3103049757934,-0.18585731357326268,-218.33440997078392,0.0982141790970843,0,0,0
3.57332362202915,-0.005560619709979164,216.94489204927132,-0.2191863262837188,-218.07491363240328,0.12809794442614475,0,0,0
3.5584831577694302,-0.007990240293318606,216.56716973110412,-0.23226554757635826,-217.8038502386032,0.14100441881926712,0,0,0
3.5366431315843556,-0.010263258586215329,216.21973258096003,-0.22394736991585945,-217.560027191022,0.13650559040590338,0,0,0
3.511346751034992,-0.012025625039065346,215.94166476753867,-0.19531236628975535,-217.37780571744477,0.11608623014776072,0,0,0
3.486911758564176,-0.013136495439255214,215.76272721407705,-0.14964601401249525,-217.28114946986008,0.0830498705518437,0,0,0
3.4671698577106156,-0.013670137907425328,215.6991691050603,-0.09208308632478861,-217.27969771135454,0.04213586507517562,0,0,0
3.454265032917192,-0.013883825432787943,215.75130544327587,-0.02891547182074703,-217.36718243700088,-0.0011631237723690902,0,0,0
3.4479310475037863,-0.014152916611736543,215.9035353897216,0.033254763529228626,-217.52276532002506,-0.04139775398583652,0,0,0
3.4455051238323477,-0.01487032572983793,216.12769491021305,0.0882473742957444,-217.7157690846706,-0.0737909833736353,0,0,0
3.4426436325905883,-0.016322685536428592,216.3894741125455,0.13076309514218565,-217.91305132003217,-0.09455112464756325,0,0,0
3.4344853677012708,-0.018579136263404905,216.65573733106385,0.1566470132435313,-218.08654487012697,-0.10098492424100983,0,0,0
3.416953991652065,-0.021441354348752384,216.8997173663964,0.16317763681935277,-218.21782777846155,-0.09166798531676931,0,0,0
3.3879398742859763,-0.024489143873705644,217.10220632391747,0.14950532653651294,-218.29793702475834,-0.0667995860873873,0,0,0
3.348119895670706,-0.02721240227911892,217.24929571896052,0.11710072964582138,-218.3233169639204,-0.028580492526958778,0,0,0
3.301120395930127,-0.02917165419659824,217.32919734651236,0.06989660375063238,-218.29099871227018,0.01872478188989817,0,0,0
3.2527563142230917,-0.030114650894712724,217.33094547325382,0.013892200356551143,-218.19637756452224,0.06927460205658349,0,0,0
3.2093735941801356,-0.03000979385875411,217.246358708641,-0.04373682218441388,-218.03517829787475,0.11661005396505857,0,0,0
3.175807024712597,-0.029010869988557886,217.07454268617983,-0.0957501471249543,-217.80857024529465,0.15474582894543687,0,0,0
3.1537885818663653,-0.02740138754834618,216.82666094771938,-0.13586738520231734,-217.52852126577162,0.17902053820876063,0,0,0
3.141497123643461,-0.025558284880888495,216.52839611611103,-0.15951940558227307,-217.22030529946633,0.18653444636897804,0,0,0
3.1343874291137297,-0.023931759097179393,216.2183691092197,-0.16429101169565855,-216.92044433047639,0.1762563038587132,0,0,0
3.126845291766486,-0.022999493449896137,215.94221589514686,-0.15009707070956324,-216.6703694890072,0.14900015894327795,0,0,0
3.1139259988025145,-0.023162061540590174,215.7435324718943,-0.11912185053878091,-216.50773164267073,0.1073915751455445,0,0,0
3.092537046861821,-0.024599688825220768,215.6541016631378,-0.07550989705954123,-216.45797250023062,0.055761951238253005,0,0,0
3.061802804958333,-0.027158218456622762,215.68628722955577,-0.024812036346668266,-216.52843567368305,-0.00018575187094143074,0,0,0
3.0227613797241304,-0.030329959607175282,215.8299747661582,0.02671714267116272,-216.70637597508946,-0.05400961641960293,0,0,0
2.977752978774234,-0.03334972020708023,216.0551402032532,0.0727923414064918,-216.9612625464193,-0.09934235437864344,0,0,0
2.9298101364603895,-0.0353763472845813,216.3194437155844,0.10759974578497236,-217.25095073291212,-0.13065272103921757,0,0,0
2.8822063973001377,-0.03570076802938473,216.5785405842527,0.12612915466233118,-217.53037878448103,-0.14376753646146767,0,0,0
2.838197527571708,-0.03391547639942729,216.79556754282265,0.12445782673237886,-217.76040146366236,-0.13611749291515593,0,0,0
2.8008902270429274,-0.029997135005095286,216.94629252328463,0.10010700313862345,-217.91386787426282,-0.1068043370711564,0,0,0
2.773081818920673,-0.0242889716163333,217.01821335299658,0.05247606051355547,-217.97689669939936,-0.056621775794707216,0,0,0
2.756918318508667,-0.017405100588258903,217.0048240185176,-0.016795706910835408,-217.9454070072854,0.01192304714563761,0,0,0
2.7533822828675483,-0.010099985001431833,216.89867993046158,-0.10378089632105514,-217.81914742938218,0.09468383957871537,0,0,0
2.76183145490738,-0.0031516559991288775,216.687357260942,-0.2026945628934726,-217.5964790443946,0.1861977306895767,0,0,0
2.7798716635607974,0.0027064428282272956,216.35473537129374,-0.30671480386421024,-217.27259373303653,0.2802816739196544,0,0,0
2.803701972891645,0.006806251621051728,215.88718313414483,-0.4088472267713598,-216.84203207496293,0.3707183734664568,0,0,0
2.828810286446071,0.00855872516771825,215.28163475237386,-0.5024706792777295,-216.30411233712496,0.45177138986343834,0,0,0
2.850689837308849,0.007507915572300306,214.55159495531797,-0.5814717196653476,-215.66840147758526,0.51840961913137,0,0,0
2.865261955853981,0.00343822585081881,213.72841950418055,-0.640203845937856,-214.95758472446582,0.5663387155424175,0,0,0
2.8689527432534447,-0.0035027649074720556,212.85782025557103,-0.6736276703083292,-214.20668413959825,0.5920480334525167,0,0,0
2.8586690705978555,-0.012734148615199104,211.9935065602193,-0.6778333519515598,-213.45918280076498,0.5930339340461728,0,0,0
2.8319974742316703,-0.023286640191957985,211.19010682186413,-0.6508469684838787,-212.7613108159717,0.568209837899866,0,0,0
2.7877645413757364,-0.033978475097521256,210.49664147108302,-0.5933745550683369,-212.155760273958,0.5183489375903321,0,0,0
2.7268038058326596,-0.04366383325785676,209.95108055785872,-0.5091035451911438,-211.67599870986945,0.4463319946100114,0,0,0
2.6525301774088064,-0.051443337942842504,209.57640185177814,-0.40439121580659787,-211.3422543925748,0.3570503070826135,0,0,0
2.570835570972065,-0.05674854880268043,209.37871344930605,-0.28745929561622463,-211.15993369596427,0.2569705496238669,0,0,0
2.4890255354708586,-0.05929652334238398,209.3478892016905,-0.16735774845642198,-211.12062296122164,0.1534634574447864,0,0,0
2.4140515047302813,-0.05898507979921845,209.46055950340653,-0.05290822507282371,-211.20508153148515,0.05399476525668092,0,0,0
2.350828576425556,-0.05581274263365543,209.68450734611457,0.04826481123373298,-211.38708165363968,-0.03473625014718777,0,0,0
2.3014672552266404,-0.049870148163307704,209.98322729940878,0.13053182833229188,-211.63697864335958,-0.1075874337057769,0,0,0
2.2657038371740157,-0.04139892224426518,210.31992907565507,0.19077632978608677,-211.9245482263171,-0.1615366509320836,0,0,0
2.2421466762394857,-0.03087209466668952,210.6610245711359,0.2285417347764252,-212.2213631634049,-0.19590040114772478,0,0,0
2.229637115039182,-0.019032264079099546,210.97928958342035,0.24579479761896436,-212.5031227754299,-0.2121890969731169,0,0,0
2.2281023241995825,-0.00684472273026131,211.25639884118164,0.24638678612363094,-212.75187304692722,-0.21367036460208624,0,0,0
2.2385409549661546,0.004629603966147045,211.484165149639,0.23535178094708442,-212.95762090189564,-0.20476072655815186,0,0,0
2.2621146243051697,0.014401424496482207,211.6641307970703,0.21817725586698772,-213.11893770744152,-0.19036736569482288,0,0,0
2.298702894679863,0.021717071594054005,211.80583717788014,0.2001235541013159,-213.2425139309528,-0.17525953706639824,0,0,0
2.345604277427668,0.026184179694520537,211.92442736464284,0.18561511612431617,-213.341785177506,-0.16350111045805987,0,0,0
2.3971246160870265,0.027828814768849953,212.03802515558542,0.17773653905841796,-213.4346889192212,-0.15797539721198745,0,0,0
2.4454815001914625,0.027069773705163412,212.16499985807866,0.17791874808657154,-213.5406523003078,-0.16007379527452487,0,0,0
2.4828745531145557,0.024629407738679276,212.32116461666823,0.1859100456761098,-213.6771435969811,-0.1696293286641833,0,0,0
2.503988473184691,0.02142301953538208,212.51717573237906,0.20005221423625982,-213.8563742679855,-0.1851162198909549,0,0,0
2.5079252627276816,0.018455514397906825,212.75665497400453,0.21777285854123535,-214.08287674754976,-0.2040486778716229,0,0,0
2.4988000612512167,0.016719445635072817,213.03558632204735,0.2361387520362456,-214.35261099967246,-0.2234573496930011,0,0,0
2.4848350323529473,0.017070254517504678,213.3432656064001,0.25231857685610065,-214.65391418853747,-0.24032031741783727,0,0,0
2.4763448196589906,0.020072652679553472,213.6646529394329,0.2638576812806576,-214.97009990635107,-0.2518646882967005,0,0,0
2.4832580386589314,0.025851067390681236,213.9835657632925,0.2687504736749105,-215.28300070966904,-0.25572174386068125,0,0,0
2.5127987337783964,0.03400357966332308,214.2858148850053,0.26538863165764326,-215.57635867443602,-0.24999376691631028,0,0,0
2.5678271612620733,0.043631638082770506,214.56121092414642,0.2525270676179332,-215.83789209339957,-0.23333316642724072,0,0,0
2.646208026986997,0.05349676980110161,214.80357667088523,0.22939784987921144,-216.05929918327482,-0.20511032175160154,0,0,0
2.741385227021368,0.06226085832841051,215.00866935341733,0.1960023930280812,-216.2343610355879,-0.16566518203184727,0,0,0
2.844024269817922,0.06873285219804756,215.1710620489555,0.15347234382983288,-216.3563119371486,-0.11654823597905875,0,0,0
2.9442416435553866,0.07205459016312546,215.28192565018387,0.10429601399435455,-216.41620841182217,-0.060614700064604676,0,0,0
3.0337677592622327,0.07179985860232421,215.32956482083947,0.05222409814049058,-216.40371421718848,-0.0018656829808151088,0,0,0
3.1074436156370524,0.06799649798008431,215.30328953668092,0.0017909769940899877,-216.31056600885594,0.05498986402881201,0,0,0
3.1636733416394662,0.06108642054020095,215.19937637773123,-0.042449691672260315,-216.13558226614165,0.1051875359813323,0,0,0
3.203803940290186,0.05182933479169236,215.02652590323603,-0.07675456382499987,-215.8891477103151,0.1446374252332589,0,0,0
3.2307973198016384,0.04116328020884907,214.8080558664102,-0.09884121513062212,-215.59501550424417,0.1705670879343586,0,0,0
3.2477921410629165,0.03005475015998087,214.57912069408732,-0.1081999127855056,-215.28799345311145,0.18194075849323782,0,0,0
3.2570722323890067,0.019375622469155473,214.37907975416263,-0.10604105073769574,-215.0074238234615,0.17957648851283353,0,0,0
3.2596785749382917,0.009826631542782138,214.24112371516733,-0.09495016909545484,-214.78798678325532,0.16593655867002327,0,0,0
3.2556570719064126,0.001905231843637978,214.18264989764927,-0.0783516120173772,-214.65064105780502,0.14461848378015246,0,0,0
3.2447891451551953,-0.004096497788998477,214.1999265223288,-0.0598757132918621,-214.5968008268898,0.11964063459136583,0,0,0
3.2275239839537875,-0.008080798331664595,214.2691543134625,-0.04270963111403603,-214.60794933206014,0.09466733769594952,0,0,0
3.205709931064874,-0.010133531088746395,214.35378784572637,-0.028989994373796436,-214.6512004221557,0.07230793256918559,0,0,0
3.182725660075846,-0.010518711579450724,214.41586025755745,-0.019289866604103166,-214.68939742834013,0.05357798126667035,0,0,0
3.162838962400201,-0.009671980865323348,214.4277687703174,-0.012302943626346518,-214.69274136440143,0.03760455578445203,0,0,0
3.1499893364849925,-0.00817910573768188,214.38095955526984,-0.0049062759168919,-214.64834212728468,0.021700393069005487,0,0,0
3.1464568301754525,-0.006725161086426112,214.28922075034936,0.007226641881814544,-214.5649141274196,0.0019323811577578454,0,0,0
3.1518851165944994,-0.0060085730208228934,214.1861810881216,0.0284703269630171,-214.4716440107948,-0.025816278158583828,0,0,0
3.1629587662850582,-0.0066328842056336155,214.11809427890387,0.06184387251949204,-214.4119412254108,-0.06452226134030639,0,0,0
3.173866014529594,-0.00900962940065,214.13358713848035,0.107869423118197,-214.43363712711496,-0.11487770901969156,0,0,0
3.177537534290934,-0.013309252453191788,214.27219294114695,0.16416926916728586,-214.5774770153122,-0.17478092976967902,0,0,0
3.1674382537455585,-0.019472924117006584,214.55385758309268,0.22594839822504015,-214.86611211364598,-0.23964904620511335,0,0,0
3.1393810890085376,-0.027260301901209517,214.9722265709213,0.2870551412691128,-215.29642303555877,-0.30332269726054617,0,0,0
3.092629366069346,-0.036287494575474,215.49455448873942,0.34105643475662645,-215.83817451853704,-0.35907900138741977,0,0,0
3.0297464378682832,-0.04602728284173452,216.06946146199027,0.38191078336002704,-216.44055066209822,-0.4003801129216981,0,0,0
2.9552600953149266,-0.055791300264866096,216.64044353752024,0.4042459089527853,-217.0448325893358,-0.4213454023937402,0,0,0
2.8738538111633574,-0.06475462149297898,217.1597721630405,0.40359730014931755,-217.59814110002506,-0.4172263003062994,0,0,0
2.7890101708397594,-0.07207609611255776,217.59674543568786,0.3769677956745795,-218.062434024669,-0.3851458482861915,0,0,0
2.702685937867713,-0.07710347455251423,217.93720211250414,0.32372669428199574,-218.41574235462778,-0.3250440132580252,0,0,0
2.615953011880933,-0.0795744442735014,218.1760462280082,0.24641980290090543,-218.64709115105236,-0.24037287376406197,0,0,0
2.5299913193611445,-0.0797004811766456,218.30816594264013,0.15085619928449603,-218.7497400183752,-0.13794813250919447,0,0,0
2.446677292619981,-0.07807758840684756,218.32353553983847,0.04511887441807687,-218.7175705965079,-0.02670405004990357,0,0,0
2.3683463434833953,-0.07546528013272535,218.20949351374125,-0.06219517692936165,-218.54686316813903,0.0842349567006977,0,0,0
2.296884923334332,-0.07254155015907174,217.95875251774848,-0.1636552802254016,-218.24190325617766,0.18726627711699279,0,0,0
2.232741626101827,-0.0697389680096876,217.57802345483523,-0.25378436549652295,-217.82003198719016,0.27702393472775955,0,0,0
2.174484211246451,-0.06721015171827674,217.091632281701,-0.32873833652241446,-217.31187308983485,0.3499607523137513,0,0,0
2.119201009836104,-0.06490032842918367,216.53782039374687,-0.3853516172406387,-216.75579153301808,0.4033359912313415,0,0,0
2.063594669249042,-0.06265917257333768,215.96019263343385,-0.42033825636475797,-216.18977125349906,0.43440530503892205,0,0,0
2.005296257770837,-0.06032485927594422,215.3993584575389,-0.430251459025763,-215.6455030073502,0.4403697945881504,0,0,0
1.9438514946981655,-0.05775149690214505,214.88866286278406,-0.4122936185815774,-215.14748362791485,0.41911753497843734,0,0,0
1.8809880350693078,-0.05479456933439621,214.45464977023374,-0.3655445394889796,-214.7163801060618,0.3703039025133876,0,0,0
1.820085566886604,-0.05129165478656574,214.1201529761909,-0.2919324883635227,-214.37351754611868,0.29613664134769807,0,0,0
1.7650977507239531,-0.0470729523868485,213.90697892348362,-0.1964409515491951,-214.14316522225752,0.20144622885019886,0,0,0
1.7193699543128815,-0.04201441751880708,213.8358163319327,-0.08648518995548785,-214.0507279063933,0.09306031314472421,0,0,0
1.684795932757865,-0.03611679346777237,213.92257805994544,0.029208916414421537,-214.1169929620563,-0.0211571692910411,0,0,0
1.6615676633807936,-0.02957367657317178,214.17230739806578,0.14177188353119446,-214.35050667635787,-0.1332010233847825,0,0,0
1.6484714859676188,-0.022793306831727023,214.57341087825492,0.2430995965154267,-214.7413292445161,-0.2355546058352104,0,0,0
1.6434504940609713,-0.01635881614005825,215.09534073387897,0.32643250004232416,-215.25916812205182,-0.3215896017643217,0,0,0
1.6441283230931134,-0.010936474196996926,215.69144762168312,0.38669050051168197,-215.8570747002606,-0.3858860945644039,0,0,0
1.6481147289664477,-0.007159348042742408,216.306381698096,0.4206947157213591,-216.47949386176268,-0.4246030399447761,0,0,0
1.6530549667520376,-0.005519850215597444,216.885645735388,0.4273716536731683,-217.0719261644139,-0.43592600817549965,0,0,0
1.6564974054860215,-0.006295468729945242,217.38447797661414,0.4079382977397074,-217.5894135637619,-0.42048184576422615,0,0,0
1.6557330087539839,-0.009509870175081403,217.77388392860044,0.36594315961550306,-218.00202616790156,-0.38150153490567507,0,0,0
1.6477764738854574,-0.01491666718198843,218.0427634891463,0.30698872177624137,-218.29675830584105,-0.32453043335710274,0,0,0
1.6295974306018906,-0.022004649849652936,218.19629459667712,0.23806606579722994,-218.47625304381128,-0.2566679846642785,0,0,0
1.5986129760813412,-0.030045590381416788,218.25169037546286,0.16662906108528547,-218.55532513400013,-0.18554843441093,0,0,0
1.5533727842168048,-0.03820311703566261,218.23284247440995,0.09966354761791081,-218.55634459357285,-0.11837049962101673,0,0,0
1.494283822241087,-0.04568647501906185,218.16522795164138,0.042981906113294596,-218.50447245562285,-0.0611977706369828,0,0,0
1.424081824596584,-0.05189728375038101,218.07210827965542,0.0008442418741253732,-218.42375454690338,-0.018584475371056897,0,0,0
1.3476588251522799,-0.05651295517083952,217.97267230894886,-0.024130999832473778,-218.33497820587198,0.006551132410999116,0,0,0
1.2710237963954114,-0.05948088580593236,217.88228121156712,-0.030891382839368476,-218.25563116062406,0.012933585770593937,0,0,0
1.199632655295403,-0.060942870032334895,217.81429703774708,-0.01984557551254227,-218.20139127013172,0.0009125882714499766,0,0,0
1.1367601712501738,-0.061143693384867956,217.7823263473417,0.007200876701313063,-218.18787092161213,-0.0275687947938593,0,0,0
1.0826469221770623,-0.060377379830448774,217.80145349082156,0.04710294146157139,-218.23124698173106,-0.06908219982266814,0,0,0
1.034788572542567,-0.05898083603355673,217.88738076828344,0.09552806454602206,-218.34691718610534,-0.11896425244077022,0,0,0
0.9891842757579923,-0.05733072842472211,218.05323462033743,0.1472869038502836,-218.54619925128563,-0.17172661653788168,0,0,0
0.9419358503681252,-0.0557908128618763,218.30485124142308,0.19684836232535757,-218.83203254151144,-0.2216001416312622,0,0,0
0.8905100239365993,-0.05460559017129185,218.6362573662571,0.23896856370532477,-219.19529445384953,-0.2631662843124161,0,0,0
0.8342734642610168,-0.05379179628300079,219.02738892511564,0.26932520428819373,-219.61339707131108,-0.29199958581021407,0,0,0
0.7743515409050588,-0.05308999313724172,219.4455413474517,0.2850387056012892,-220.0522443712508,-0.3052019732253427,0,0,0
0.7131156677766484,-0.052005940750412094,219.8507648348207,0.28497713401812347,-220.47163257693668,-0.30170635402575385,0,0,0
0.6535767535824846,-0.049933045083949426,220.20398267480033,0.269801533184463,-220.83305411325588,-0.2823047409818173,0,0,0
0.5988422084201659,-0.04632380938394931,220.47557839022363,0.241794984789027,-221.10786677971427,-0.24946398993276944,0,0,0
0.5517469908046451,-0.04086291648646494,220.65184054683445,0.20456340927993039,-221.2832667139845,-0.20703047791371318,0,0,0
0.514729165038446,-0.03358512018322557,220.73715210846467,0.16265654274807276,-221.36398072636288,-0.15986246004724763,0,0,0
0.48985382491849805,-0.024890940918531612,220.75124995218206,0.12108049337784621,-221.3692466611038,-0.11333682045124646,0,0,0
0.4786977565286321,-0.015448331885427536,220.72280108931335,0.0846513230412171,-221.32667244083913,-0.07265927416232784,0,0,0
0.4818808590719499,-0.006015796854455857,220.6818914590564,0.05722075157273707,-221.26559923298666,-0.04201459115958528,0,0,0
0.4984222624287611,0.0027402481136263646,220.65395435259637,0.0409510926507096,-221.21202167178356,-0.02377348651445459,0,0,0
0.5254421317197426,0.01035475262725214,220.65634628123016,0.035916839436052325,-221.18561257576326,-0.018079114867055067,0,0,0
0.558632348922373,0.016559298962000923,220.69727806523287,0.04025225975233582,-221.19822531855996,-0.023035359769613704,0,0,0
0.593418785037926,0.021195459192547617,220.7761901905277,0.050836559188820726,-221.25320002485174,-0.03543754637411212,0,0,0
0.6262446895564295,0.024135872945153382,220.88508931673073,0.06424707209746713,-221.34560164485882,-0.051721530063383626,0,0,0
0.6552945170771665,0.02528894492003957,221.01100894119497,0.0776007481376297,-221.46405786265504,-0.06874964397964049,0,0,0
0.6803221546584552,0.024682077557042704,221.13967470598803,0.08901306847480157,-221.59433432405902,-0.08421270367660441,0,0,0
0.7018084168439742,0.022544248862350003,221.25961554407027,0.0976328967575455,-221.72362212484492,-0.09666319652319544,0,0,0
0.7200564859801659,0.0193084178386286,221.36527181028802,0.10339786368056991,-221.84388774147297,-0.10535192792831935,0,0,0
0.7347703082723456,0.015518643274201337,221.4578989404327,0.10670040199117067,-221.95309567278306,-0.11004426796510529,0,0,0
0.7452430379991881,0.01169328553941682,221.5440850373444,0.10808166775480572,-222.0541487085496,-0.11087737907703285,0,0,0
0.7508846203432427,0.00821550944489644,221.6326752488056,0.10798149027149861,-222.1522445409952,-0.10821511924677907,0,0,0
0.751716527308659,0.005292605869171041,221.73125670203856,0.10655204254890123,-222.25174459784316,-0.10246940402905694,0,0,0
0.7486052177799394,0.0029782285000521823,221.8431942104394,0.10357835504814546,-222.3536427045028,-0.09394567071619235,0,0,0
0.7431775449505977,0.001224740179497985,221.96590599427878,0.09855702404564966,-222.45437543562915,-0.08280551325672718,0,0,0
0.7374496115261309,-6.104423405162152e-05,222.09082384390996,0.09092357184335356,-222.54620905512283,-0.06917430206550534,0,0,0
0.7332482133501657,-0.0009681689827232276,222.20519513147704,0.08033983366048006,-222.6190283643496,-0.053332233526521125,0,0,0
0.731590701844496,-0.0015438185779203194,222.29539909455173,0.06692828182673623,-222.66307883200685,-0.03589146373794847,0,0,0
0.7323038877751458,-0.0017813688718618438,222.35084205074452,0.05137960056650002,-222.67194287404024,-0.01787873164144571,0,0,0
0.7341598659318294,-0.0016473763736286173,222.36713465886623,0.03491778642580812,-222.64483869343812,-0.0006822513203644575,0,0,0
0.7355613481719558,-0.0011409930522546575,222.3474833739492,0.019144890291056527,-222.58747104381482,0.01412883844885755,0,0,0
0.7354464345640395,-0.0003511469968259462,222.30195806707297,0.00579549028789188,-222.5111591783747,0.02506374355519938,0,0,0
0.7339028385900406,0.0005336053882913916,222.24505270770356,-0.0035782395152921254,-222.4305319142576,0.03099207794915628,0,0,0
0.7321314540436532,0.0012808527414463811,222.1923720746975,-0.007963407694958846,-222.36046521770643,0.03140489798856834,0,0,0
0.7317676144280512,0.0017053398955269472,222.15735489718935,-0.007213472066894155,-222.31308705114057,0.026607289768924146,0,0,0
0.7339381415578714,0.0017386511793930025,222.14877874678888,-0.002226550713007214,-222.29557161957084,0.01778227311964997,0,0,0
0.7385842672330796,0.0014426638990627794,222.16941273632412,0.005129029581911482,-222.30910758485803,0.006882170629404527,0,0,0
0.7443992292589598,0.0009771333387291747,222.21576501760214,0.012356559652747023,-222.34902985212116,-0.003648875672422491,0,0,0
0.7493572867304152,0.000556836045353748,222.27870733007558,0.016851772079317585,-222.405869976351,-0.01127676712398511,0,0,0
0.7515463777257594,0.0004225163997844561,222.34486915173616,0.01646225249686495,-222.46701596224162,-0.01384012248981321,0,0,0
0.7499879871625836,0.0008198946309036614,222.3987736697683,0.009953654744541041,-222.51864933752077,-0.009993299690347613,0,0,0
0.7452177679513312,0.001959338805487221,222.42552366360044,-0.0027075393971131233,-222.54764793509892,0.00046887902355479126,0,0,0
0.739471199043578,0.003936761593456595,222.41357042849674,-0.020297621736963832,-222.54329958549746,0.01649921263554006,0,0,0
0.7363566180414978,0.006636016735572525,222.35699459966614,-0.040513686884082745,-222.49886644260457,0.03595479658299041,0,0,0
0.7399665607370878,0.00967299374211592,222.25689144463476,-0.060373041675327956,-222.41302004804405,0.05601232060432153,0,0,0
0.7535315296127436,0.012437085301334605,222.12170335281775,-0.07678680659536781,-222.2908828293353,0.07374825152501216,0,0,0
0.7779518831676455,0.014231244333718963,221.96643651895448,-0.0871927063487817,-222.14411545850263,0.08671340417083684,0,0,0
0.8107593966146851,0.01445407650579682,221.8106281487613,-0.09006734122250463,-221.98948188629126,0.09331913004716057,0,0,0
0.8460872241515744,0.012752657686402814,221.6749769133223,-0.08515163886126516,-221.84574677030778,0.09294211338308855,0,0,0
0.8759172307391054,0.00910279921596242,221.57700108578248,-0.07333813539871983,-221.7295334469915,0.08579557503711613,0,0,0
0.8923004304997733,0.0038127798317191264,221.5268466062805,-0.05631166339092886,-221.6515152958124,0.07269920269458793,0,0,0
0.8897585330092994,-0.002528342814972007,221.5248502513754,-0.036105882719138546,-221.61445663462732,0.05485642634838541,0,0,0
0.8669977759076062,-0.009133860113838922,221.5620540398841,-0.014708566507133014,-221.61387845166658,0.03366586347429461,0,0,0
0.827384610201122,-0.015123275373552758,221.62361324567894,0.006227748987043924,-221.6409106922334,0.010539367565002067,0,0,0
0.778094359054279,-0.01964807545486309,221.69377481072547,0.02556520558049442,-221.68602802109817,-0.01328657243973339,0,0,0
0.7282481014630235,-0.0220335935348686,221.76064452562636,0.042745318495582295,-221.74231856585143,-0.03689814578057167,0,0,0
0.6866132820292563,-0.021907064417391098,221.81935085388315,0.05771121394183183,-221.80745682375968,-0.05971842582968634,0,0,0
0.6595266428791575,-0.019266685452137722,221.87290563863175,0.07067108256067627,-221.88408821064124,-0.08133268984037727,0,0,0
0.6496064696029435,-0.014463849445131415,221.93062896912724,0.08175880887451115,-221.97861249470512,-0.10118386785123334,0,0,0
0.6555812953904194,-0.008110246939072852,222.0044542707383,0.09073347080182828,-222.0985149047972,-0.11830434768300506,0,0,0
0.6732297863258623,-0.0009479461785090848,222.1039587456988,0.09686759907725388,-222.24869955410927,-0.13125084821871838,0,0,0
0.6970916784879222,0.006283549609749172,222.23156107698216,0.09907228846063276,-222.4277835330311,-0.13829310437996584,0,0,0
0.722359281456292,0.012966435853265068,222.3796421286292,0.09617231259134087,-222.6257171301789,-0.1377652094083146,0,0,0
0.7462821408103935,0.018697964845989644,222.53094795369722,0.08718622782668888,-222.82395416906346,-0.12842232771691897,0,0,0
0.7686148972691882,0.02333782582470434,222.662450801498,0.07151936931468868,-222.99853650328535,-0.10968586025516629,0,0,0
0.7910835975605153,0.026989585852564345,222.7513674102327,0.04907788933140864,-223.1252496096511,-0.08175780840521725,0,0,0
0.816277640561907,0.02991610407074461,222.78107397979656,0.020365654362058193,-223.18510891784283,-0.04565673597213049,0,0,0
0.846506291339054,0.03241496952608429,222.74476791689864,-0.013409855579536157,-223.16831148781043,-0.0032196501088776587,0,0,0
0.8829847278499869,0.034696634234126125,222.64582266227413,-0.050284961334017456,-223.07547109725678,0.04295473708860982,0,0,0
0.9254771539160629,0.0368095217390362,222.4952331640524,-0.08765814157381727,-222.91609298884939,0.0896974934942932,0,0,0
0.9723908270333084,0.03863882450210383,222.3076152893194,-0.12264942250957915,-222.70526691383057,0.13363916751649185,0,0,0
1.0212413737487651,0.039972383902308194,222.0974625211868,-0.1526356210861053,-222.45998003411987,0.17169800154709947,0,0,0
1.0693256237975532,0.040599157338846226,221.87679251528903,-0.17577372499142144,-222.19616975929281,0.20153944238202826,0,0,0
1.1143773582007555,0.040401825134689776,221.65436653795905,-0.19130914425864773,-221.92697923412052,0.22186064680351478,0,0,0
1.1550031422902265,0.03941817637293639,221.43595657640222,-0.19956140851811596,-221.66214482812043,0.23243509337409024,0,0,0
1.1908074365835972,0.037857030662254945,221.22501119937164,-0.20161639819907579,-221.4082695941801,0.23394603534902672,0,0,0
1.2222692139503692,0.03605860437058226,221.02333672988235,-0.19885850822042528,-221.16971449402254,0.22768760274917668,0,0,0
1.2505245426859517,0.034398284699848604,220.83167647431216,-0.19251568329203222,-220.94970501977528,0.2152177801050641,0,0,0
1.2771664915793508,0.03315700542221407,220.65020857709297,-0.18336416984151072,-220.75112016351588,0.19803742531098578,0,0,0
1.3040474605386123,0.032410793856981,220.47906918206164,-0.17166539873172154,-220.57663263535912,0.17736241859078064,0,0,0
1.332976870739131,0.031998567583111995,220.31903020711513,-0.15732290264043058,-220.4283908863388,0.15405181784474847,0,0,0
1.3652242207472511,0.03159312463504591,220.17230568826648,-0.1401913909210748,-220.30780223306922,0.12873564497457438,0,0,0
1.400895678019694,0.030842660228185537,220.04315081687392,-0.12044188367274274,-220.21579550618296,0.10211862007423633,0,0,0
1.4384852967705655,0.029510663806273384,219.93771255064183,-0.09886000753369614,-220.15335504821272,0.07532177661131527,0,0,0
1.4749888181213464,0.027549380785620768,219.8627275499979,-0.07694213831642571,-220.12162664967295,0.05004668018768825,0,0,0
1.5067386829340563,0.02508679840312311,219.8230972901609,-0.05670816170355408,-220.12091314443435,0.028410266249443338,0,0,0
1.5306958162322246,0.022355111341889257,219.81891789315492,-0.04027659829094432,-220.14852829328018,0.01248999274033622,0,0,0
1.5456311807486856,0.01961103422103889,219.8430763989752,-0.029366011751824316,-220.19648725366213,0.003793246759636304,0,0,0
1.5526602994355585,0.01708538761714067,219.8807871939287,-0.024905678401751175,-220.250653361639,0.002887494363830001,0,0,0
1.5549154445698434,0.014962599445641444,219.9119875650261,-0.02685849821991724,-220.29252997286468,0.009304173049667953,0,0,0
1.5565279841580235,0.013361235303260343,219.9162642242057,-0.03425456749685907,-220.30349095893544,0.021671480112871677,0,0,0
1.56133456295764,0.012292645130027324,219.87864557074823,-0.045366814587140425,-220.26986976547286,0.03794429219493054,0,0,0
1.5717495541911006,0.011610794760181875,219.7940940328564,-0.05795012067612504,-220.18692056254466,0.05562446909065102,0,0,0
1.58811129122698,0.010995729395496312,219.66912756844266,-0.06950539567101828,-220.06031331771604,0.07196783444558719,0,0,0
1.6086011711539498,0.01000662042974625,219.52018187502932,-0.07758085890512803,-219.90491184854423,0.08425560664829276,0,0,0
1.6296651342343296,0.008203042073218115,219.36942914428948,-0.08012442512753068,-219.74147022248505,0.09017558043015583,0,0,0
1.6468037638340434,0.0052922657759069125,219.23941668639367,-0.07583931273032363,-219.59228360237367,0.08823268039157597,0,0,0
1.6555884747036487,0.001240535822755362,219.14802244226502,-0.06443400786779421,-219.47680890920626,0.07802217780686646,0,0,0
1.652726503733021,-0.003700891286365504,219.10497860487743,-0.04666947415510094,-219.40809729515607,0.06025034361679218,0,0,0
1.6369458653020246,-0.009063176154114672,219.1107433137508,-0.02418512555161669,-219.39077416856313,0.036526091491691656,0,0,0
1.6094506419170926,-0.014282895818185181,219.15787109690245,0.0008353753949876363,-219.42116415501968,0.009043544893779653,0,0,0
1.5737399211851937,-0.01882281775672965,219.2343054920703,0.026062517987725187,-219.4896479874042,-0.01973234885341526,0,0,0
1.5347406413274456,-0.02225301708653262,219.3273992913054,0.04939506052689069,-219.58441712637674,-0.04733788301134041,0,0,0
1.4974795296858332,-0.024295204436909044,219.4272763129265,0.06925200316435678,-219.69505240279912,-0.07156878286859865,0,0,0
1.465772212972098,-0.024856470175826928,219.5285356289792,0.08475966251423586,-219.81447639960643,-0.09076466740559681,0,0,0
1.441436956667033,-0.024067603479754496,219.63005432416674,0.09582907314681108,-219.9387937110192,-0.10409941021741247,0,0,0
1.4242735929687171,-0.02231017798132342,219.73336729166257,0.10311129854833609,-220.06566243248707,-0.11176674095776776,0,0,0
1.4126364303345582,-0.020194020457830676,219.84054247390858,0.10781221298528862,-220.19249673789224,-0.1149254554301308,0,0,0
1.4041618019747517,-0.018452777219582116,219.9525752300198,0.1113804764685085,-220.31574396921204,-0.11536680703907223,0,0,0
1.3962698305044796,-0.01776206413423296,220.0690340452189,0.11514403829719981,-220.43176827073725,-0.11502231239557545,0,0,0
1.3863488621038584,-0.01853310077805901,220.18898408238582,0.12001296430576076,-220.53883156459736,-0.11551389086792482,0,0,0
1.371799716606887,-0.02076209450220574,220.31242762192318,0.1263614840156663,-220.6389025417055,-0.11791230990068584,0,0,0
1.3502128691316244,-0.024000939197937044,220.44120405599048,0.13415667475044585,-220.73808519676746,-0.12277223743603258,0,0,0
1.3198588883435036,-0.02746841423654871,220.5787166958985,0.14331892933006146,-220.84527552675488,-0.13040895226405383,0,0,0
1.280441205191508,-0.030269235902672165,220.7286652720368,0.15418424705332257,-220.96961530828568,-0.14128189528937013,0,0,0
1.2338160116449757,-0.03164814871534958,220.8936691643234,0.16783827055820097,-221.11791681002606,-0.156276411470958,0,0,0
1.1842642009893467,-0.03118855905330662,221.07493403916703,0.18608554179739087,-221.2933848068474,-0.17668214181888403,0,0,0
1.137952287969071,-0.02888337214469061,221.2737317672092,0.21093771492945165,-221.49658626053278,-0.2037759285215202,0,0,0
1.10146944294803,-0.02506091913929822,221.49441770055302,0.24370364687155188,-221.72856292210574,-0.23808530401582856,0,0,0
1.0797883433509838,-0.020214907728218635,221.7474167508009,0.2839635203885507,-221.99453238544683,-0.278574368268562,0,0,0
1.0744632715707922,-0.014825528692517765,222.04983950035972,0.3288421294725879,-222.3056529827862,-0.32210693934250684,0,0,0
1.0829659951599808,-0.00924873294159454,222.4218047712177,0.3729884066145644,-222.6766618269207,-0.36353339431242376,0,0,0
1.0996036777386422,-0.0037018349202043053,222.878240524706,0.40944939413948306,-223.11893823692574,-0.39654761689212703,0,0,0
1.1177098110613173,0.0016842247339752703,223.418351899784,0.4312413549018828,-223.6310192094405,-0.41511104141387706,0,0,0
1.1321859182663303,0.006807311963903828,224.01708656676269,0.4330799515962752,-224.19068470171075,-0.4149453805079418,0,0,0
1.1413286822290303,0.011578561728788373,224.62355323046904,0.412668426407771,-224.7532507531503,-0.3945685708739347,0,0,0
1.1472458517873036,0.015952160491525546,225.16942798056186,0.37119611916662054,-225.25886097576867,-0.35560701783353466,0,0,0
1.1547945353088238,0.01996823519874056,225.58614531622803,0.31307553230850543,-225.64769667467155,-0.3024611999386252,0,0,0
1.1695425625870683,0.023773288481983457,225.82521721651577,0.2451914745690061,-225.87801672718516,-0.2415954577901914,0,0,0
1.1955739606388676,0.027603710041549333,225.87410101487862,0.1759304527470192,-225.94021809418618,-0.18067780782984072,0,0,0
1.2339848764860477,0.031740022295882395,225.76180069202593,0.11408110091037997,-225.86172316112155,-0.12761303956618236,0,0,0
1.2826483471473864,0.036446224737407815,225.55256009430275,0.06756104977555424,-225.70127382630696,-0.089399620783945,0,0,0
1.3373365625584768,0.041902831357572265,225.33015527039606,0.04201105256745734,-225.53489281482766,-0.07084961103845444,0,0,0
1.3937469114768106,0.04813931748874012,225.1776564272542,0.039558042819865594,-225.4377972877389,-0.07347477115949345,0,0,0
1.4495861412251543,0.05497997549400537,225.15789757586649,0.05821608656036403,-225.46681509737257,-0.0949918967683061,0,0,0
1.5057909296031085,0.062028599559958764,225.29916372822458,0.09223932184270893,-225.64724696098975,-0.12972486932270044,0,0,0
1.5662741653630263,0.0687152216294578,225.58953850623644,0.13333629765740512,-225.9673570861532,-0.1697774396237719,0,0,0
1.636187710196225,0.0744022653036069,225.98172574442668,0.17231179489907902,-226.38244438626649,-0.20654116729084535,0,0,0
1.719342317527122,0.07850992579593737,226.4073780821194,0.20065386104302263,-226.82793569486822,-0.2321000316788684,0,0,0
1.8158599562384552,0.08060313680444012,226.7964942333057,0.2117866854886586,-227.23746678741318,-0.2403191218475854,0,0,0
1.9211370927806257,0.08040731013216344,227.09516366859998,0.2019383336597002,-227.55949755735926,-0.22762062717331447,0,0,0
2.0266710001834554,0.07777277156102969,227.27567804329354,0.17064199363686045,-227.7666854992154,-0.19348487081449547,0,0,0
2.1224358205178504,0.07264788307613941,227.3366938808263,0.12079932105225737,-227.85589313161634,-0.14058622883102317,0,0,0
2.1997782795212117,0.06511456398387168,227.29552328214078,0.058150440868760714,-227.84098850621476,-0.07436639472157935,0,0,0
2.2536592425467887,0.0554852252616044,227.1772809124635,-0.009912846845705304,-227.74302136910572,-0.0019442618800439959,0,0,0
2.2835186452134053,0.04439354232944907,227.0055836645932,-0.07598811238668475,-227.5820956691347,0.0694431667318213,0,0,0
2.2927529961244204,0.03278747822957513,226.797531716759,-0.1342951439597897,-227.37321937446345,0.13399289410018014,0,0,0
2.2873333500349418,0.02177743307955069,226.5632301531143,-0.18177623922742328,-227.12610833348228,0.1883593459839517,0,0,0
2.274194570143166,0.01237590023727364,226.30824961366235,-0.21832267147172785,-226.84737831366866,0.23185012348814665,0,0,0
2.259795379532946,0.00522998063975848,226.03661310943886,-0.24610631391340973,-226.54303512009497,0.2658292901306879,0,0,0
2.249011875076377,0.000457216049909448,225.75221222900208,-0.2682988614720216,-226.21956861635746,0.29262581080637917,0,0,0
2.2444453309789623,-0.002349932938861343,225.4579156510193,-0.2876468341000134,-225.8830920393759,0.31435712944364125,0,0,0
2.246194822890587,-0.003957372690651084,225.153467166109,-0.3054039575105406,-225.53739189673487,0.3320592491919626,0,0,0
2.2520780859187965,-0.005228764296812472,224.83446014300668,-0.32099746345836594,-225.18269560490788,0.34539939542538606,0,0,0
2.258231403045883,-0.0068638634959043545,224.49429229774327,-0.33252230872519417,-224.81676326104193,0.35303605936557575,0,0,0
2.260019315824792,-0.009214524786237632,224.12911532359306,-0.3377724820902728,-224.4385243746983,0.3534026934797453,0,0,0
2.2531792692179096,-0.012223226423071765,223.7434921416536,-0.3352204384950852,-224.05262688254382,0.34546024541349424,0,0,0
2.235045707066817,-0.015489196852001896,223.35325551853063,-0.32439618557863525,-223.67211437922842,0.32899227898234357,0,0,0
2.2055559351841225,-0.018427094255517317,222.9830265264104,-0.3055429745159586,-223.3170177200129,0.3043456570617991,0,0,0
2.1676501316705696,-0.020456373398126004,222.65888828853613,-0.27893551503631214,-223.00900818529752,0.2719142421486197,0,0,0
2.1267796108456594,-0.021162234008589565,222.40000784405123,-0.24443769106178764,-222.76496616222252,0.2318127109699674,0,0,0
2.0895533624589433,-0.020397457399646157,222.21395379523295,-0.20162748230938518,-222.59316924955246,0.18399681362281511,0,0,0
2.0619238803354136,-0.018324286085902485,222.09803742094942,-0.15036299206565218,-222.49393532611688,0.12872869436715179,0,0,0
2.0475143519375365,-0.015407578663118215,222.04510499264356,-0.09135579368655442,-222.46355318342168,0.06703166439289703,0,0,0
2.0466090629599876,-0.012365506637189582,222.0499153871254,-0.02635816556838506,-222.49863615134225,0.0008063390265931503,0,0,0
2.0560447418283303,-0.010073480747419695,222.1128405004992,0.04209485580753665,-222.59855623847014,-0.06743340575017669,0,0,0
2.0699364083588847,-0.009413436760425498,222.23986222099708,0.11109163861362674,-222.7653399388723,-0.13493404990746855,0,0,0
2.080969920435635,-0.01107595460304367,222.4396975816651,0.17753010994612453,-223.00179773529945,-0.19886135089114418,0,0,0
2.0819008688122267,-0.015356537563354778,222.71944487072656,0.23799922041437468,-223.30895432974697,-0.25618575869228266,0,0,0
2.0669153241963727,-0.022017420208391057,223.0798368466115,0.28864213461734495,-223.68334224279928,-0.3035632250254821,0,0,0
2.0326452432414044,-0.030284095439544956,223.5109242301875,0.3253851198950798,-224.1143066612972,-0.337547440144391,0,0,0
1.9787938164285066,-0.03900269631838711,223.9892548946942,0.34464500544118265,-224.5817827584639,-0.3552157367740449,0,0,0
1.9083585047018659,-0.04691957114714,224.47802962509317,0.34423941669708424,-225.0557929130397,-0.35495256191762226,0,0,0
1.827340149853626,-0.05299183990878191,224.931526338817,0.32405079948235027,-225.4991854336765,-0.3369920355891963,0,0,0
1.743768108564538,-0.05662538149078387,225.3037665860762,0.28615380726113815,-225.87411055278616,-0.3034655837036723,0,0,0
1.6660177786444592,-0.05777042130712715,225.55929055491103,0.23444423368571848,-226.1507136062106,-0.25799942772043777,0,0,0
1.6007406968874847,-0.05686326814221445,225.68225638796793,0.17403580641315558,-226.31486555804852,-0.2051250398083937,0,0,0
1.5510515213478158,-0.05465225982540574,225.6802055764886,0.11066820729246274,-226.3717180911914,-0.14974883050444418,0,0,0
1.515647053904388,-0.05197034069569213,225.58098294333794,0.05017263142757429,-226.3436101667837,-0.09672754792553065,0,0,0
1.4892111111251012,-0.04952129361840463,225.42427918346868,-0.002116775520514125,-226.26333652000366,-0.05042209476081325,0,0,0
1.4640125618192599,-0.04773527789534739,225.25128229431905,-0.04208168113620161,-226.16555705938114,-0.014126512353396948,0,0,0
1.4322712181744492,-0.046722105821631034,225.09593696761883,-0.06754668275060852,-226.07927106350834,0.010532255065766095,0,0,0
1.3886550977449446,-0.04631848086470427,224.9797559393689,-0.07871383337428313,-226.02306839229502,0.023946685639344878,0,0,0
1.3321272136695796,-0.04619959268410127,224.91035858361187,-0.07801497882950911,-226.00340638128463,0.02836646102531972,0,0,0
1.266415329611064,-0.04600771588654311,224.88294977471418,-0.0693146605510293,-226.01537567632013,0.02716247212166536,0,0,0
1.1987967204281489,-0.045449009901825835,224.88382372740494,-0.05669253190437189,-226.04539105555293,0.023724021340007083,0,0,0
1.137555888240442,-0.04433744647478903,224.8951180542251,-0.043225039472798696,-226.07539870165508,0.02036890813548666,0,0,0
1.089055594506803,-0.04260656317490543,224.9000557881935,-0.03017940117986768,-226.0880534809382,0.01764930102585822,0,0,0
1.055569895038957,-0.04032291966684483,224.88783633782765,-0.016857671262539498,-226.07198544556704,0.014280411737939858,0,0,0
1.0347210121068429,-0.03770222786517792,224.85735386442497,-0.0010785753037481527,-226.0260963066036,0.007673655211186769,0,0,0
1.0206380970713695,-0.03508880211265364,224.81903189959107,0.019931965868804014,-225.96186797802628,-0.0051651698784837665,0,0,0
1.006205586425395,-0.03286276324947721,224.79414295582015,0.04856254336965833,-225.90277805324976,-0.02669445655930076,0,0,0
0.9854259010764963,-0.03128941564955738,224.81117922674352,0.08602031351690868,-225.88026427491562,-0.05809920342002215,0,0,0
0.9551049350178005,-0.030376621262807647,224.89957283057439,0.131867147639349,-225.92666982917277,-0.0988723423917861,0,0,0
0.9155273084845277,-0.029818290193630047,225.08226943340222,0.18393016191425318,-226.06702737510497,-0.14673815364895404,0,0,0
0.8701690879333768,-0.02906650648730107,225.36944916110153,0.23855689224668025,-226.31233562114593,-0.19789685473357962,0,0,0
0.8246617317448681,-0.027511323043299285,225.75532118939418,0.2911409397633122,-226.6563907358553,-0.24754373312539996,0,0,0
0.7852893818787265,-0.02469314589203151,226.218727264587,0.3368250799015328,-227.07677690485608,-0.290596923321948,0,0,0
0.7573869931026564,-0.02045914826753119,226.72713795697018,0.37127594825341814,-227.53936698205658,-0.32253503734213496,0,0,0
0.7440559472338322,-0.015007586757312197,227.24292278689177,0.39138656928476506,-228.0050648539394,-0.3401788193878872,0,0,0
0.7455248666383767,-0.008821372380404568,227.7304412972242,0.3957288563022331,-228.43730530928028,-0.3421993091802619,0,0,0
0.7592741275050798,-0.0025393338151687315,228.16239375483548,0.3846309707420147,-228.80874728646924,-0.32919563480623426,0,0,0
0.7808344184011844,0.003176723469454146,228.5239387092777,0.3599033918453472,-229.10561464833697,-0.30336188812853493,0,0,0
0.8050290674446785,0.007744505665314705,228.81343852342204,0.32436905477850075,-229.32845802305164,-0.26792466173810114,0,0,0
0.827313584680482,0.010727977382394727,229.03955799642455,0.28136619688364706,-229.4890204669076,-0.22656434030448053,0,0,0
0.8447757497816895,0.011878963740971926,229.21575886852168,0.23431019023794591,-229.60429196920828,-0.18294275959120226,0,0,0
0.8564289664394096,0.011166326164665463,229.35435510784765,0.18630758712255044,-229.69000961714065,-0.14032974721341135,0,0,0
0.8627344385318736,0.008798617883589089,229.462417812372,0.13977278046508274,-229.7560235222371,-0.10123756536700057,0,0,0
0.8646667669266037,0.005231471293151912,229.54079992580665,0.09603462920220807,-229.80501038510138,-0.06700406312373844,0,0,0
0.8628455846435514,0.0011352328421949665,229.58602468927123,0.05502417889805429,-229.8344924498514,-0.037408435948594845,0,0,0
0.8571881282850313,-0.0027013861046285116,229.5935171684497,0.01522433873411444,-229.8406027814144,-0.010542166633632633,0,0,0
0.8472603063409707,-0.005529166334322611,229.5601215594863,-0.025957221370561,-229.82112294013925,0.01684539467824493,0,0,0
0.8331491313327035,-0.006814800788424691,229.48428500129978,-0.07137364317814843,-229.77565527957435,0.048479496713503066,0,0,0
0.8163813958666282,-0.0063672204152666724,229.36368031240258,-0.1230608560452822,-229.7025423825376,0.0873721975445676,0,0,0
0.8002997236341969,-0.004357189993145027,229.1918013837657,-0.18123944771860181,-229.59444213324392,0.13471411966875735,0,0,0
0.7894840864384634,-0.0012229951827322338,228.95618665481607,-0.2437930831112567,-229.43583802242583,0.18928003777667754,0,0,0
0.7882809585551627,0.002487051463859302,228.64061867606617,-0.3064784848427763,-229.20521465000562,0.2475910172026488,0,0,0
0.7990622343792069,0.006259056672436714,228.23180925191917,-0.36379622136901446,-228.8823015467914,0.304725492662601,0,0,0
0.8210948669951534,0.009694604379647842,227.72840544862063,-0.41012690296003884,-228.4578691884138,0.355374793565835,0,0,0
0.8506156328162291,0.01253315679870326,227.14809385815866,-0.4406469095436762,-227.94169207208463,0.3946939261932016,0,0,0
0.8820586429236243,0.014659942381986469,226.52873232002193,-0.4517403193801869,-227.3646926093879,0.4187118548046385,0,0,0
0.9098508730653379,0.01613860674241039,225.92215934579616,-0.44096808053434133,-226.77386801351324,0.4243689689211294,0,0,0
0.9300951751291819,0.017265251868137453,225.3830159716994,-0.4069282545784773,-226.221907343916,0.4094614048284996,0,0,0
0.9417129638536608,0.018591582011103468,224.95721121696582,-0.3493891518983304,-225.75560312060557,0.37279542163921064,0,0,0
0.9468991474540616,0.02085011262738732,224.67439818996382,-0.26985834033201855,-225.40732358519753,0.314682955209247,0,0,0
0.9508701538625672,0.02476230167765294,224.54650584947265,-0.17237780074763975,-225.19214833321453,0.23762921599454218,0,0,0
0.9609334772365372,0.030802811210214998,224.5713361302814,-0.06405250386425507,-225.11060060172062,0.14684215616887286,0,0,0
0.9849780544902416,0.0390531841314413,224.73791773293587,0.04516824221601325,-225.1543473303993,0.05017462325470774,0,0,0
1.0295959932690266,0.049233666716430945,225.02982204530045,0.14363806617702152,-225.31103963632134,-0.042698731958864755,0,0,0
1.0982386495927585,0.060875324380329235,225.42431585068226,0.21987467555414356,-225.5653999121392,-0.12176701644340823,0,0,0
1.1900867550257743,0.07349537917508116,225.88820728137938,0.26461824712831683,-225.89627104769917,-0.1784340321040304,0,0,0
1.3003827143797508,0.08665066959577103,226.3738417679563,0.2724649002251681,-226.27212178096616,-0.20697031623403744,0,0,0
1.4224318422934914,0.09985286610252757,226.8193966334696,0.24258894765808633,-226.64889466350465,-0.20518923150681304,0,0,0
1.550466207656953,0.11245003780776415,227.15595797250725,0.17842269760049306,-226.97327328503965,-0.1742264801412034,0,0,0
1.681852939204873,0.12361929001637577,227.320580661247,0.08658619728108477,-227.19166390623784,-0.1177292734373907,0,0,0
1.8173768498202776,0.13253313328899025,227.27115485172433,-0.02438988630149481,-227.2618514955549,-0.040969730019764936,0,0,0
1.959462138261813,0.1386152038378839,226.99722560686226,-0.1450904061014171,-227.16249291678875,0.04974549501149568,0,0,0
2.109478432567883,0.1417149213434314,226.5221447089408,-0.26588705701155674,-226.89661213181134,0.14736325485563384,0,0,0
2.2657888934327843,0.1420838362844762,225.8956840181113,-0.37750092984325934,-226.48833237069525,0.24437476454311308,0,0,0
2.423569982482661,0.14017910432227582,225.18041698766731,-0.4717792247932039,-225.97509721233686,0.33344137814952435,0,0,0
2.576238793404613,0.13643158096112273,224.4373032203652,-0.5427575624343092,-225.39881609758422,0.4084074971667519,0,0,0
2.717531927814065,0.13112110907340763,223.71497119784073,-0.5876931668780543,-224.79848923240982,0.4653749327731873,0,0,0
2.8432702051382535,0.12441082466561823,223.04438733503702,-0.6075365868487921,-224.20514701807352,0.5033303821782169,0,0,0
2.952257250879711,0.11647900953042126,222.4381657245752,-0.6064573074612098,-223.6388595035444,0.5239790486341007,0,0,0
3.0461687488161004,0.10763525805710258,221.8930050369039,-0.5904834715759307,-223.10758893457032,0.5308300724930234,0,0,0
3.128587940554354,0.09834624839541987,221.3942231829438,-0.56576548118706,-222.60810216782303,0.5279336957642272,0,0,0
3.2035703849179953,0.08917371372930916,220.92185973837434,-0.5371352719209455,-222.12918909500658,0.518775704424695,0,0,0
3.2742685278720955,0.08067331022420347,220.4575716343287,-0.5074285390351292,-221.65682164547033,0.5056731084994794,0,0,0
3.3421414740038102,0.07330194298814377,219.990849302352,-0.47763215901622685,-221.180031645765,0.4897316988461455,0,0,0
3.40703246643686,0.06736173359195874,219.52276217579671,-0.44757051947997867,-220.6957602546946,0.4711969731234319,0,0,0
3.4679759306977047,0.06299121937353931,219.06595050115575,-0.41671129583301364,-220.21105905333727,0.4499396507334893,0,0,0
3.5242650300560996,0.06019607905977296,218.64068580748943,-0.38474958075507004,-219.74175814741503,0.42584616775121165,0,0,0
3.576289635019691,0.05889098569194715,218.26806574487475,-0.3518145761055507,-219.30783002961206,0.398977708954817,0,0,0
3.6258745867992985,0.05891252838436856,217.96246052977543,-0.31832568630416913,-218.9268897723101,0.369479675075587,0,0,0
3.6760809425514935,0.05998055258365298,217.72589207857376,-0.2846537916440127,-218.60819242723542,0.3373462921313205,0,0,0
3.7305487311520835,0.06163826529388956,217.5467273753931,-0.25081037011157437,-218.34964049031092,0.30223797929357377,0,0,0
3.792480241837467,0.06325061827132998,217.40371397731883,-0.21636620401045548,-218.1394120054584,0.2635451849024776,0,0,0
3.863393811715781,0.06412141832822157,217.274314771287,-0.18066556024627972,-217.96202489471446,0.22074781488504983,0,0,0
3.94194699984034,0.06369760345270947,217.14431138591186,-0.1432079813457449,-217.8065687244518,0.17390351672587484,0,0,0
4.0234151193757555,0.061746734312588106,217.01465847468097,-0.10396119071341162,-217.67338046175885,0.1239768606201153,0,0,0
4.1004821134110045,0.058400503630313946,216.9022884610512,-0.06344414806455916,-217.5756072043125,0.07280844158162836,0,0,0
4.165479213338315,0.05404372707625242,216.83403020502664,-0.022615308786822653,-217.53427999856453,0.02275933020840739,0,0,0
4.213265669546786,0.04912290886050101,216.8359859314173,0.01725763382786738,-217.56879486235331,-0.023729887596039133,0,0,0
4.24334192992518,0.0439903381800761,216.9228486226413,0.054595182752592564,-217.68712116610894,-0.06440124874488333,0,0,0
4.260085978854633,0.03886758694094539,217.09145059792817,0.08737502760833138,-217.88010801141914,-0.09716443925759108,0,0,0
4.270986001914608,0.03392363526334634,217.32057428752486,0.11304915219587883,-218.12204718822684,-0.11995292785023252,0,0,0
4.283709330442477,0.029377079588223866,217.5762903155975,0.1287505625759195,-218.3767108814188,-0.1307485378248657,0,0,0
4.303297193516542,0.02551953466521297,217.82026659881294,0.1319064626097628,-218.6060373821633,-0.1279827045320417,0,0,0
4.330622869249794,0.022629459493514047,218.01806166199518,0.12111202291812333,-218.77821311702772,-0.11123434570126847,0,0,0
4.362651472009219,0.020834889104776266,218.14514999663976,0.09691021988115836,-218.87290974026118,-0.08188272660175358,0,0,0
4.394252909293243,0.02001648959919322,218.1897940868104,0.06213078375311341,-218.88309258256115,-0.0433489427910672,0,0,0
4.420674559990445,0.019809205147045362,218.15309483112426,0.02164043953143562,-218.81410704388495,-0.0007695201476281,0,0,0
4.439560264481926,0.019703452867227612,218.04710616059853,-0.018413899204239213,-218.681138319366,0.039790607960276246,0,0,0
4.451690820972942,0.01920438724854563,217.8919508214529,-0.05165175879575088,-218.50594843212647,0.07232802613968943,0,0,0
4.460250874846565,0.0179906495027339,217.7127584354593,-0.07254998076653862,-218.3135974393298,0.09183812179719553,0,0,0
4.469078053385061,0.016016680870809808,217.53697868283922,-0.07737490730979743,-218.12974238970313,0.09504465566376438,0,0,0
4.480743859114753,0.013521416202465275,217.3921513235551,-0.06482514304111361,-217.97880480181604,0.08087893601390306,0,0,0
4.495341066001998,0.010939916105778024,217.30374901085543,-0.03630867897837788,-217.8827571207664,0.05071027003401696,0,0,0
4.510529364277133,0.008753405100205214,217.2925618543298,0.0042001829162757074,-217.85983189905576,0.008289023540174866,0,0,0
4.522818280717317,0.007337446129380964,217.37140092354178,0.05074928250016626,-217.92246318362353,-0.040686508740918725,0,0,0
4.529467071317896,0.006863782495518933,217.54154265639926,0.09638898501503661,-218.07430322242212,-0.08942857446489257,0,0,0
4.530073721048225,0.007281263603817934,217.79000804134049,0.13437411470316363,-218.30700434354478,-0.1312408174351333,0,0,0
4.5270943154839784,0.008360302719560763,218.0891079897613,0.15932274121278453,-218.59824808396425,-0.16074261498204692,0,0,0
4.525065282266752,0.009756842114373398,218.39944364645456,0.16806613426782632,-218.91281351953566,-0.1747914923681094,0,0,0
4.528888699801755,0.011055720576017336,218.67664828560967,0.1600270549168556,-219.20788318397874,-0.1728586731269047,0,0,0
4.541890689423241,0.01178537886378308,218.88071982987086,0.1370955428704775,-219.44215056405446,-0.15681003300107363,0,0,0
4.564346886310361,0.011428849438379985,218.98537873568296,0.10306093611797565,-219.5862309516365,-0.13022165352204523,0,0,0
4.592909487145732,0.009466251801779891,218.9844103535337,0.06271868123986338,-219.6306720444475,-0.09745509221989437,0,0,0
4.621086570037306,0.005467781984489761,218.89283240349835,0.0208423364553596,-219.5884186303248,-0.06273381931345057,0,0,0
4.640672069355148,-0.0007760502467974107,218.74235635224656,-0.018727781183352478,-219.49056351363427,-0.029416236312016508,0,0,0
4.643755565701696,-0.00913295867374302,218.57215201757901,-0.05364755348274173,-219.37651975764257,0.0004268778427444886,0,0,0
4.624736239066024,-0.01907627349051353,218.41719485373912,-0.08317226122863985,-219.28155526574372,0.02611455267299334,0,0,0
4.581772135328876,-0.029740981018143486,218.29753135431488,-0.10784389535176331,-219.22558627709876,0.048176244793751266,0,0,0
4.517304779798778,-0.04008181009811409,218.21216583462103,-0.12891193732468764,-219.20697588265583,0.06793976384445273,0,0,0
4.437559113064324,-0.04908536486922514,218.14017275078226,-0.14765908905737604,-219.2036144055513,0.08693687500612554,0,0,0
4.351127954518105,-0.0559731795794491,218.04899721758446,-0.16476292660193223,-219.18100503732452,0.1062054163456935,0,0,0
4.266937076128926,-0.06034080703031606,217.90693978216532,-0.17977113118437843,-219.104468503699,0.12561735842239727,0,0,0
4.192091386164591,-0.062201635761613264,217.6952909802868,-0.19075167552895209,-218.95127440600297,0.14339957376049028,0,0,0
4.130232921345055,-0.061937840837580894,217.41624151292459,-0.194211095361581,-218.71904988026355,0.15600706767636438,0,0,0
4.080940273560657,-0.06019036134415643,217.09472708622724,-0.18540688344864406,-218.42850935017734,0.1584533963097897,0,0,0
4.040347495398535,-0.05772601636554384,216.77444070573523,-0.1591407018768706,-218.1203461734186,0.14511505133192487,0,0,0
4.002719881449892,-0.05530196137710135,216.5096780984496,-0.11097442845656644,-217.84755952813882,0.11091545241314407,0,0,0
3.962393726953067,-0.05352926600517947,216.35542040069907,-0.038612124831806226,-217.6655156003351,0.05266855491029219,0,0,0
3.9154011663572135,-0.052743073804640515,216.3580970001346,0.0569579794059706,-217.62244191955793,-0.02974824898169004,0,0,0
3.860298949408886,-0.0529136021936651,216.54876573201355,0.17097924263253503,-217.75246389223204,-0.13276544897327086,0,0,0
3.798108340747092,-0.05364860965288898,216.9392529330188,0.2953613626167481,-218.07185051319308,-0.24933018344250968,0,0,0
3.731644416077131,-0.05431529312549941,217.52081853384726,0.42000479989063705,-218.57778295459607,-0.3700167269814756,0,0,0
3.6646606481181863,-0.054253154934104944,218.26487077434652,0.5346627364515172,-219.24875689581987,-0.48478011669055265,0,0,0
3.601096899408404,-0.05299736580555674,219.12603393924994,0.6307774288843092,-220.04670436999626,-0.584820004000386,0,0,0
3.544454177031767,-0.050424193446393414,220.04834071239472,0.7027458430350209,-220.92181118460243,-0.6639589655195494,0,0,0
3.497194564143541,-0.046770350451110686,220.9744887046416,0.7483268241191354,-221.82051344323335,-0.7191618822871362,0,0,0
3.4601883321088422,-0.04253227545003853,221.85630546296477,0.768271391881504,-222.69536069504434,-0.750228844572274,0,0,0
3.4324200688974997,-0.03828703965342015,222.66319468954217,0.7655287895584962,-223.51371564033897,-0.7590329170990117,0,0,0
3.4111592318932793,-0.034492019917955474,223.3855554304848,0.7443960423844231,-224.26203157475342,-0.7487274145135586,0,0,0
3.392595444897779,-0.03132531775064962,224.0320339732049,0.7097727340895574,-224.9440827151034,-0.7231256039030086,0,0,0
3.3727855862467067,-0.028620756694090234,224.62196685183383,0.666468991301187,-225.57413895891582,-0.6861893286256248,0,0,0
3.3487740195429296,-0.025923785579033166,225.17610642943222,0.6184840866557153,-226.1681121255862,-0.6414791475467609,0,0,0
3.3197404489386315,-0.022652422423486484,225.70883119819075,0.5683217816924951,-226.73603104095545,-0.5915512380368853,0,0,0
3.2878437219019077,-0.018304945557186158,226.2237612801455,0.5165746762155521,-227.27796040902635,-0.5374888771268388,0,0,0
3.2582466100908647,-0.012631523180830584,226.7130306254066,0.46202990063696914,-227.78370447085868,-0.4788420096363211,0,0,0
3.2379567083532095,-0.005699819203030643,227.15932957119875,0.40237467149981965,-228.23530491870096,-0.41412444440071,0,0,0
3.2336641078739774,0.002158998241709753,227.53952327988972,0.33530809510851045,-228.6108730754132,-0.3417511174642982,0,0,0
3.249370613325638,0.010467264501325246,227.8289414516977,0.25966713975359423,-228.88860441160736,-0.2610691803684574,0,0,0
3.2848440000849735,0.01869517613232574,228.0058544368545,0.1761706295876337,-229.05045167111663,-0.17309674266610386,0,0,0
3.3355972528674727,0.026286112249364633,228.0557806882031,0.08756226879822578,-229.0853271591105,-0.08073204992858792,0,0,0
3.394375568663804,0.03264085346525292,227.97504780291894,-0.0018246923969059026,-228.9916501335588,0.011587155144383132,0,0,0
3.453446664556182,0.03713510944645435,227.77277782696817,-0.08687705615816413,-228.77880392927077,0.09862778085600325,0,0,0
3.506692210261889,0.039226216328930266,227.4705374940671,-0.1626178080858665,-228.4669984676165,0.17528444512602165,0,0,0
3.550704844395554,0.038633842476555456,227.09938396812777,-0.22499704376446913,-228.08528090831223,0.23744349835857861,0,0,0
3.584655144743394,0.03550764935847752,226.69478370143753,-0.2714081138131547,-227.66783291941485,0.2825803327996141,0,0,0
3.609307802817753,0.030477917501580975,226.2905590096171,-0.3008661881260736,-227.24902711014093,0.3099616261047686,0,0,0
3.62592627116328,0.024538017554166913,225.91334519903106,-0.31386683302263235,-226.85802862415298,0.3204486672953578,0,0,0
3.6357090380911927,0.018791441003875774,225.578971014053,-0.3120139920614662,-226.51416942802157,0.31602418101272745,0,0,0
3.6399204936697487,0.014156304167481436,225.29177329872294,-0.2975540926506028,-226.2246483431205,0.29923911894634897,0,0,0
3.6403764278832824,0.011130270837195155,225.04711880694236,-0.27296125498750146,-225.98571089806282,0.2727732012785566,0,0,0
3.6397557442054733,0.00968724085380046,224.8363794726926,-0.24068753833102505,-225.78716346060523,0.23922798373344561,0,0,0
3.64136107459494,0.009326613285396945,224.6526379063535,-0.2031259964913829,-225.6185621191435,0.20115273440977716,0,0,0
3.6482552519367033,0.009246484616079442,224.49499656756106,-0.16274971509589875,-225.474607278153,0.16120488958143825,0,0,0
3.6620075527675056,0.008578477997725997,224.36977141825275,-0.12232554753767318,-225.35754889552666,0.12233011765297305,0,0,0
3.6815275532813985,0.006612075933033168,224.28790831812728,-0.08508372755496225,-225.2755530820804,0.08789504308244886,0,0,0
3.7025739356717224,0.0029496351420846166,224.25929904470328,-0.054739792093644726,-225.23749976604316,0.06173019748557067,0,0,0
3.7183911173240745,-0.0024370079633087016,224.28584804807207,-0.03528961926493537,-225.2459797283386,0.04800323728461535,0,0,0
3.7214938180684527,-0.009241680659472706,224.35571553867626,-0.030537763053018807,-225.29086825149184,0.05081329147879501,0,0,0
3.7060412530000804,-0.016914606824592227,224.44093602317332,-0.04338634716467027,-225.345697912296,0.07345242577687827,0,0,0
3.6698727793041286,-0.024758275760552804,224.49972088600592,-0.0749850649551604,-225.3684089232071,0.11740129801203239,0,0,0
3.6153856645723863,-0.03198500046172512,224.48348328004326,-0.1238890312979521,-225.30713108775907,0.1812477337185669,0,0,0
3.548944268000213,-0.03772583959029703,224.34726027582332,-0.18539417716681897,-225.11042920435554,0.2598052240282868,0,0,0
3.479109183690781,-0.041028450763680266,224.06113309591436,-0.25124214840883213,-224.74008302038422,0.3437450393971858,0,0,0
3.4144247951619775,-0.04090725304996425,223.61992076870115,-0.30989544549530024,-224.18353591540634,0.4200066657033233,0,0,0
3.3616775486641473,-0.03648187550091251,223.04901800514776,-0.3475339310135098,-223.46307574489472,0.4731009448926386,0,0,0
3.325315539768752,-0.027173807766594393,222.4053572730351,-0.34977857916470895,-222.6394475257603,0.48719870730240017,0,0,0
3.3081066096872718,-0.012876787524794509,221.77342656398375,-0.3039063001929577,-221.80852933436674,0.44865267586649227,0,0,0
3.31242128756881,0.005985893706750289,221.25676108372326,-0.20105912535491086,-221.0908015944586,0.3483948364229434,0,0,0
3.3412224979909553,0.028550937213994133,220.96559671303822,-0.0378408961758339,-220.61468846336962,0.18359455526949092,0,0,0
3.3981347016381847,0.05370792525556993,221.00193509435883,0.18312736084948825,-220.4964218501831,-0.041845227206982825,0,0,0
3.486617789324441,0.08029841064448959,221.44442027811368,0.4537138064852826,-220.82060432909415,-0.31797732073495694,0,0,0
3.6088032050677157,0.10722822003282743,222.3366690222742,0.7614664738226053,-221.6264808401261,-0.6303042541403159,0,0,0
3.7646185558307224,0.13345754450484293,223.68272413415602,1.0909445593849483,-222.9041374676893,-0.9614927930591819,0,0,0
3.951504047717677,0.15790786465378231,225.45119437719603,1.4247620812210868,-224.60198818747617,-1.2927998940900522,0,0,0
4.164661655109043,0.17937355316687445,227.58615607000058,1.7442344163905232,-226.6428489522443,-1.605010112539651,0,0,0
4.3975977400970265,0.19652134520625708,230.02002201126115,2.029906504603352,-228.94249006716345,-1.8791001722112868,0,0,0
4.642682054735701,0.20800635016191932,232.68287215783323,2.262494129245789,-231.42345726495856,-2.0971491298818874,0,0,0
4.891499934106633,0.21266869455867835,235.50438189593413,2.424674123778286,-234.01880053535913,-2.2439665663426807,0,0,0
5.1349580296597,0.2097445263792707,238.40794087694346,2.5036959100381098,-236.66478958876613,-2.3094626983826574,0,0,0
5.3633481537007555,0.1990340811798262,241.30100014039235,2.4942032586540024,-239.28742357229598,-2.291167342870165,0,0,0
5.5666812909436345,0.18098933970608472,244.06936157057157,2.4002891818734384,-241.79209562791303,-2.1959001203147124,0,0,0
5.735490150654499,0.15669946896656342,246.58341026005706,2.2358583337687463,-244.06614650355291,-2.039665694687784,0,0,0
5.86206381962343,0.12777680187840873,248.71968323453711,2.0228350279465643,-245.99876445151588,-1.8453949572956163,0,0,0
5.941844859515939,0.09618154462443726,250.39322696373605,1.7874938303021053,-247.5136616161778,-1.6389664672995081,0,0,0
5.97455505216989,0.06403783877782417,251.58904788873497,1.555959585509899,-248.60185015539142,-1.444697626040727,0,0,0
5.964592429762661,0.033466190315596125,252.3786053489486,1.350331838321921,-249.3391470140413,-1.2817904801701672,0,0,0
5.920450073519788,0.0064196822148190336,252.91122243729887,1.1865659143111345,-249.87740683791472,-1.162755719166796,0,0,0
5.853315380351006,-0.015491318464513881,253.37932019895518,1.0742586054004561,-250.40846520835422,-1.0937790681517583,0,0,0
5.775336417437941,-0.03117142254453853,253.96753673204245,1.0174817571609878,-251.1117658491734,-1.0760155201900232,0,0,0
5.698010056856717,-0.04016844779039417,254.80431852361156,1.0155116943524973,-252.10532837399765,-1.1065947211080385,0,0,0
5.630878113091825,-0.04271405380506081,255.93502071368292,1.0628859297138546,-253.419652819581,-1.1787949328741973,0,0,0
5.58057696600936,-0.03965172690928966,257.3259963140616,1.1491681981142563,-255.0039371850705,-1.2818219875858374,0,0,0
5.550349594178044,-0.03226148224387515,258.894500806147,1.2593771682538886,-256.7589196534161,-1.4011625440555207,0,0,0
5.540160381611997,-0.022033050175060964,260.548343907261,1.3757936811929852,-258.5796088272582,-1.5201876431622594,0,0,0
5.547414514119282,-0.010460398691054706,262.2179071858735,1.4809428386119863,-260.3897994841334,-1.622785003985379,0,0,0
5.568075160669764,0.001099785254726271,263.8702873300912,1.5606096990180987,-262.15736688989966,-1.695963064822476,0,0,0
5.597835251081037,0.011521882107221871,265.50499411983776,1.6055394542713004,-263.8890322784699,-1.7312448181660187,0,0,0
5.632984878600396,0.019997707786988884,267.13725701088504,1.6112293135176514,-265.6103416399768,-1.7243920442593121,0,0,0
5.670732430527394,0.02612459969104606,268.7769651181623,1.5764137762160773,-267.3396158890272,-1.6740577802808958,0,0,0
5.709007909403979,0.02996576546987768,270.41041551379254,1.5015990917855788,-269.0649590222224,-1.5805828205605734,0,0,0
5.7460969341640435,0.03205097478812604,271.9904152563959,1.3887935032985865,-270.7321010012412,-1.4459120583499043,0,0,0
5.780554043879249,0.03330531734526972,273.43828944923814,1.2425980542993216,-272.2478576276636,-1.2747279413231127,0,0,0
5.811595591088505,0.03490289340405894,274.65863856830777,1.071768435589138,-273.4994974562251,-1.0760017398170363,0,0,0
5.839818036310774,0.03804622054486231,275.5643348251168,0.8899372614738923,-274.38543703286393,-0.8638114954722027,0,0,0
5.8679242620005425,0.04369883741345859,276.1058422188594,0.7146222956718191,-274.84892006763243,-0.6566138565664573,0,0,0
5.901128334122461,0.05234131223091367,276.2962678730844,0.564561630471195,-274.9046463031308,-0.4748829987281624,0,0,0
5.946864185121626,0.06383349772984274,276.22267847572914,0.4562251118621873,-274.6490496766403,-0.3377174689365461,0,0,0
6.0134470840490195,0.07742394787819365,276.03662962562396,0.4007095157725303,-274.24845659469884,-0.2594218287604235,0,0,0
6.10772080466198,0.09188219289955413,275.9231880748805,0.4020726008502322,-273.90575445469176,-0.2471134237495562,0,0,0
6.232421031713116,0.10568706677425155,276.0560318185045,0.45754056773191676,-273.81378900950403,-0.30002018396752417,0,0,0
6.384431911462471,0.11720261181676932,276.5526663750178,0.5591204509153386,-274.10927569060664,-0.4103685606202703,0,0,0
6.5547935226611855,0.12481102088414672,277.44538460696344,0.695467155827339,-274.84207591526786,-0.5650237970297554,0,0,0
6.730417520084046,0.1270338258538871,278.6793645768101,0.8529785078418627,-275.97063169372063,-0.7469533123481937,0,0,0
6.89668870405329,0.12270839090162014,280.139740502436,1.0160405303262565,-277.3856388725392,-0.9362841800608521,0,0,0
7.039950380168236,0.11124355626642171,281.69704672801277,1.1673891652268593,-278.95260567383514,-1.1116130074941453,0,0,0
7.1492385429639285,0.09287711052802194,283.2509394313578,1.2898444957942616,-280.55488427342834,-1.252515971036712,0,0,0
7.217202443660497,0.06879576398339396,284.75246355414777,1.3698901398317047,-282.1185828001222,-1.3435612367488943,0,0,0
7.240530993065221,0.041021391292855466,286.1970349288865,1.4020445264017554,-283.61129839530736,-1.3787780381134893,0,0,0
7.220156367326197,0.01207426890644996,287.5970797271491,1.3915846780738605,-285.0218845296332,-1.3642527991919906,0,0,0
7.161192136993336,-0.015494005601547655,288.9544767764471,1.3530914178684383,-286.33894871987115,-1.316419745091946,0,0,0
7.072389551296411,-0.039580639453512846,290.25156777333484,1.304081275514011,-287.5448880580956,-1.2553488711517389,0,0,0
6.96500743558974,-0.0589130144748836,291.465829870981,1.2558473438054307,-288.62985629640275,-1.1951615745489903,0,0,0
6.851160209148546,-0.07323968253643472,292.5952113575487,1.205668829703575,-289.61315968564054,-1.1357605391080596,0,0,0
6.741748648037813,-0.08328261607374685,293.67065468112037,1.134385892042235,-290.54983632345863,-1.059935691361511,0,0,0
6.644143985633107,-0.0904582664262236,294.7378594831529,1.011118720125887,-291.5060943853525,-0.9377248765031141,0,0,0
6.5601083982150925,-0.09642217981184587,295.8094128694121,0.8038598133440644,-292.50650001891825,-0.7368677671363344,0,0,0
6.48480561829615,-0.10253209384175506,296.8091518511835,0.4921311546190566,-293.4761881912028,-0.4356137392940923,0,0,0
6.407704832327752,-0.10936319402983656,297.5408938493089,0.07689565001128926,-294.21065530892247,-0.03305193335886543,0,0,0
6.315573703063961,-0.11642295271504963,297.70826692840797,-0.4160577754235305,-294.39913329466435,0.44693589285813007,0,0,0
6.196970338874877,-0.12217080093645763,296.99307490988775,-0.9403267511792706,-293.7076263912345,0.9593466353271083,0,0,0
6.04706861287886,-0.12435656301678222,295.1728793195254,-1.4386543514384926,-291.9010254510365,1.447471859464838,0,0,0
5.871375495291375,-0.12059345789875522,292.2347863710939,-1.8542415128575442,-288.9603756299914,1.8541751823432264,0,0,0
5.686930681998049,-0.109012652127781,288.4346336033134,-2.139837508941935,-285.14380075705924,2.13125422445288,0,0,0
5.520040638673237,-0.08882125638648261,284.26738716932766,-2.262910901080937,-280.95636997018755,2.245067387309143,0,0,0
5.400578355465285,-0.06061415755091275,280.35131596876795,-2.2076716886403402,-277.03137579070415,2.179009575539567,0,0,0
5.35417381922754,-0.026372063147476865,277.26699774083664,-1.9758667070054172,-273.964748195486,1.9346068774074183,0,0,0
5.39467909701834,0.010821396151810348,275.41077676176417,-1.5874281623523814,-272.163645946674,1.532261367722515,0,0,0
5.519492268462926,0.04724790548062004,274.9117848384995,-1.0801537513631048,-271.75998143583104,1.0108668110780628,0,0,0
5.709432127554834,0.07911308914344062,275.63155004200456,-0.5064337900468672,-272.6090375392687,0.4243752809481066,0,0,0
5.933249707400108,0.10313225739276817,277.2344078398336,0.07418310490650129,-274.3615576171603,-0.1658603339004344,0,0,0
6.1552825743969635,0.11708534788048439,279.2985976960016,0.6054471706089771,-276.57841177381135,-0.7018215365444689,0,0,0
6.343854550097575,0.12024509996256541,281.43324885746284,1.0445662858626747,-278.8517075192108,-1.1392932701785525,0,0,0
6.478061573432456,0.11354964084083434,283.3702957028447,1.3684830485255701,-280.9000479475782,-1.454426788072351,0,0,0
6.5513632126009185,0.09942244005978437,285.0092182183927,1.574556599489955,-282.6149733091919,-1.644615910533696,0,0,0
6.571431834270129,0.08124257871766645,286.4057876748577,1.6764123383932144,-284.04959115614884,-1.724405675859657,0,0,0
6.556624818853194,0.06258791704647707,287.7126605994634,1.6971063882798147,-285.3576808972715,-1.7185670998925957,0,0,0
6.5301755054266835,0.04645767386803499,289.09560724701987,1.6617078956660065,-286.70791382739753,-1.6544545350344948,0,0,0
6.51371666906077,0.03469168586097737,290.65735083339905,1.5908119145842705,-288.206140541168,-1.5552007363050961,0,0,0
6.521857914731498,0.02773354203465459,292.3956734259367,1.496174876600969,-289.85309429786525,-1.4350068381165328,0,0,0
6.559128877864879,0.024767664435212566,294.2054717226317,1.379582174646589,-291.5472286160863,-1.2976995754546237,0,0,0
6.619859313077313,0.024153293264221533,295.91567665266166,1.2356110954953465,-293.1229571241563,-1.139262416583756,0,0,0
6.690771408707349,0.024014273590793778,297.34136800330555,1.057712074679665,-294.40371488226174,-0.9537929630443955,0,0,0
6.7553969937790015,0.02281558350940429,298.3320444688544,0.8453381207013309,-295.2501163287435,-0.7406282872397696,0,0,0
6.799039856953044,0.019760065335017885,298.80503996485857,0.6088607211675822,-295.59196906373813,-0.5093452782296595,0,0,0
6.812964766912344,0.014891634620811089,298.7618986298112,0.36981023842367905,-295.4422153219864,-0.2800982716769795,0,0,0
6.796767554761132,0.008898991298222825,298.28978134626004,0.15636336455443142,-294.89561052771546,-0.07915355023189932,0,0,0
6.758331340520726,0.0027341673731697824,297.5489884540332,-0.003611407380458331,-294.11419669979523,0.06804807361759231,0,0,0
6.711317322410949,-0.0027706204209806628,296.7459580450749,-0.088808205824688,-293.2995933234646,0.14304908863784932,0,0,0
6.670774260939609,-0.007130392907170347,296.0937758101735,-0.08790428382174013,-292.65407701463505,0.13749989590615996,0,0,0
6.648118790847107,-0.01023410162647167,295.76910536817604,5.659797441239789e-05,-292.33876411840527,0.05302486468926872,0,0,0
6.647200986809011,-0.012249648264049996,295.8795625788571,0.1669661499913957,-292.4424763879804,-0.1006870236783243,0,0,0
6.663065204497542,-0.013526019622584328,296.45328594505867,0.39706869310189175,-292.97322399588325,-0.30776443458029235,0,0,0
6.684093064707298,-0.014537974176273848,297.453001630637,0.6680616696931907,-293.8751173696819,-0.5473887551393204,0,0,0
6.696698840688327,-0.015814451722893353,298.8056059446027,0.9527921631606148,-295.06172041684545,-0.795273973094595,0,0,0
6.690468284271844,-0.013066828417510438,300.43156012972514,1.1311226518341693,-296.44908555876964,-0.955361782197277,0,0,0
6.661507358535289,-0.011868248208136478,302.26046827727896,1.3130967885631222,-297.9732548735184,-1.1141961170006596,0,0,0
6.612951598757988,-0.013432597375285127,304.2296051509651,1.4849024425462776,-299.58808425118843,-1.2585509523471663,0,0,0
6.553172805182015,-0.018315399885921124,306.273879676681,1.6367656219370588,-301.25233305441054,-1.3798515097545494,0,0,0
