Pitch_Normalized,Delta_Pitch_Smoothed,Roll_Normalized,Delta_Roll_Smoothed,Yaw_Normalized,Delta_Yaw_Smoothed,Label1_Move,Label2_Bend,Label4_Speed
-0.9498125776849804,0.14518976391645994,3.268513845813004,-0.9500977968140376,-3.0943380243615195,0.9479858986667125,0,0,0
-0.7992952429819553,0.16292606412116584,1.6017241379375662,-0.8066321025890796,-1.3980908166890487,0.7916851221585546,0,0,0
-0.6345076905673039,0.1793386099160362,0.15253383142027133,-0.6463933389722983,0.06607716962160737,0.617463682899926,0,0,0
-0.44459459507208976,0.1939397136300034,-0.9068183758711541,-0.4922000807686775,1.1143958252507673,0.4490865062764726,0,0,0
-0.22386375810268078,0.2062714425816602,-1.4819751382571837,-0.3572911784688826,1.645591468972043,0.3005659090633262,0,0,0
0.027743807042014623,0.21602494064197514,-1.5712787697214736,-0.24587802893976374,1.655772708589808,0.1767912753981335,0,0,0
0.3055576917272731,0.24539381031072197,-1.2562395269930846,-0.17072792643950124,1.227907755937963,0.0831529639113299,0,0,0
0.6017051313550468,0.2579947233027838,-0.6690868003364159,0.0719913194262574,0.49835402585026145,-0.1803930315520333,0,0,0
0.9066304055499614,0.2670033077824982,0.052893239593061026,0.29797322140380655,-0.3892448427915838,-0.4242171918871932,0,0,0
1.210436828734771,0.27113762066429387,0.8097335564153667,0.4934800468970749,-1.3264252703801844,-0.6327873446411203,0,0,0
1.5041255254222392,0.2698337662710671,1.5612345814179918,0.6495767070671405,-2.2628083852482206,-0.796204613177099,0,0,0
1.7806519900458824,0.2632289360894745,2.3216373322001402,0.763088997571107,-3.2020211322093814,-0.9111632681595054,0,0,0
2.035525387257678,0.25202521509062736,3.132266045458337,0.8366859190919882,-4.176094749250325,-0.9808611359446345,0,0,0
2.266781611570849,0.2373182631484866,4.027982093099595,0.8773739137845581,-5.213477621160436,-1.0132742747134855,0,0,0
2.47447390460799,0.22043845481496618,5.013791932414222,0.8935496899276799,-6.316454662798947,-1.0180267845556599,0,0,0
2.66003316793676,0.20279402088704615,6.059611205989597,0.8917860426446922,-7.455859973005246,-1.0030470955483168,0,0,0
2.8258098426335465,0.1856890672253769,7.110619663926798,0.8748733487726454,-8.580703603508383,-0.9725175254764423,0,0,0
2.974887762839913,0.17012980172735154,8.104652337509165,0.8420149402825032,-9.634388721284594,-0.9269997465895713,0,0,0
3.111014953699623,0.1566824417407858,8.98839013886986,0.7909159880429669,-10.569512688348183,-0.8654576168551656,0,0,0
3.2383770376052325,0.1454493042947121,9.727593982862288,0.720557187827653,-11.356896225863352,-0.7879396786116729,0,0,0
3.3610161976760082,0.13617719631956932,10.309968069144446,0.633230576445247,-11.987983640012644,-0.6974818283391031,0,0,0
3.481950007319398,0.12844496769495067,10.741786735025173,0.5349641975838125,-12.472018598105095,-0.6003842139088548,0,0,0
3.6023498046655362,0.1218429716745831,11.041425925888007,0.4343496784958475,-12.830670917801982,-0.5049457357067126,0,0,0
3.72127465451797,0.11607446816567517,11.233553971376125,0.34045353658244865,-13.092874407277165,-0.41940918669287297,0,0,0
3.836245867803683,0.11095801503103075,11.346097696866693,0.26066843213050817,-13.291272946189977,-0.3499961614691472,0,0,0
3.9444828448862665,0.10635827137158742,11.409253181827722,0.19918615135916012,-13.459702112093794,-0.2996513727114518,0,0,0
4.044239559379378,0.10210181377327246,11.454116448885273,0.15649305791575757,-13.630160960575509,-0.26777216232763407,0,0,0
4.135632444496665,0.09793504164359632,11.509187703333652,0.12995616713822927,-13.828480588213324,-0.2508925010812121,0,0,0
4.220595104009931,0.09354714645609334,11.595074460174942,0.11516948767210948,-14.069474303039655,-0.24400071544538376,0,0,0
4.301959751321107,0.08863032520324055,11.71945549645389,0.10742665844658177,-14.35340995297787,-0.24196111179992386,0,0,0
4.382034335408733,0.08292505745394294,11.874898648302022,0.10272689527522516,-14.665705263288984,-0.2405416099340556,0,0,0
4.461300423755361,0.07622499369006305,12.041348406407465,0.09811245499120388,-14.980943608917215,-0.23684174176797654,0,0,0
4.53782126922647,0.06836610203282448,12.193120802609101,0.09155892509897826,-15.27067807225582,-0.22924906036639214,0,0,0
4.607577906550375,0.0592455412531578,12.307820555841943,0.08178457111214499,-15.512485525276404,-0.2171996793218071,0,0,0
4.6654964423431124,0.048887323134808015,12.373366649618944,0.06820856297719473,-15.696689045530533,-0.20096830879130323,0,0,0
4.706732781786897,0.0375241853419098,12.390377731739761,0.0510749995829201,-15.82811952977356,-0.18158322408308863,0,0,0
4.727900579707622,0.025640108484981283,12.369705699875055,0.03161376726270504,-15.92265156423943,-0.1608188428306832,0,0,0
4.7280878570282425,0.013931645372214519,12.327033414455101,0.012049224236264422,-16.000477381431395,-0.1410973444620538,0,0,0
4.709468335358011,0.003188372734318534,12.27716008994689,-0.004701599807890489,-16.079157390952687,-0.12511949856932886,0,0,0
4.677201604740205,-0.00586150827691938,12.23020549228309,-0.015670399460063322,-16.169242193808756,-0.11519515492846182,0,0,0
4.638435420258546,-0.0126766591159722,12.191036320929072,-0.01868221593858408,-16.273893691595816,-0.11245394297319536,0,0,0
4.600616877477506,-0.016962512277375198,12.16184064877011,-0.01315470461747168,-16.391917053537753,-0.11623350393450807,0,0,0
4.569704996569655,-0.018678971783302245,12.146104804530196,-0.0005675888170131316,-16.521873057949108,-0.12392024258628283,0,0,0
4.548962823781181,-0.018035197639726164,12.15111656124131,0.015643933439179136,-16.66443707456102,-0.13139287301740837,0,0,0
4.5387298511833905,-0.015489408730159937,12.186544490233103,0.030864704312021728,-16.821228475262487,-0.13401907398868787,0,0,0
4.537107659013145,-0.01173081754949692,12.258830685565044,0.04055463515780957,-16.99045456911864,-0.12791707179767114,0,0,0
4.5411108618746,-0.007606995524349713,12.364029811704924,0.041507298400570394,-17.16185399010226,-0.1110245532225349,0,0,0
4.547735880630981,-0.003987120195941429,12.483472748846893,0.03256800486559967,-17.31440611160548,-0.08355397034481342,0,0,0
4.5545742480564115,-0.0015939124498231649,12.585807133067107,0.014531252409132379,-17.419348130839566,-0.04768416076018696,0,0,0
4.5598934292452356,-0.0008617693426060669,12.635751843861186,-0.010612816489118871,-17.448412911785468,-0.006695860526693309,0,0,0
4.5623654650150485,-0.0018708026338345007,12.606109304934776,-0.04058170049354572,-17.384139223821165,0.03601080212580001,0,0,0
4.560745675518092,-0.004371930001227042,12.487520697426106,-0.07335491010110218,-17.227456756985887,0.07759656937858636,0,0,0
4.553765872071423,-0.007877087445484677,12.29141732862152,-0.10719429121071045,-16.998714665550978,0.11597595164290482,0,0,0
4.540345130355121,-0.011766796201177954,12.04498839635012,-0.14033908190649527,-16.731395679827955,0.14964172816818005,0,0,0
4.520021824845045,-0.015379957389795607,11.780727485297646,-0.17079082900682607,-16.461120454004487,0.17743027153390328,0,0,0
4.493388359000875,-0.018085110719177067,11.525281584554023,-0.19649882286414738,-16.214488875332776,0.19850233049906335,0,0,0
4.462339987419753,-0.01935342374312654,11.29208689959782,-0.21593407340386506,-16.00209447367321,0.2125928635756793,0,0,0
4.430067918619201,-0.018840713637774797,11.08008192978194,-0.22873943936448882,-15.817988829923678,0.22034762276512368,0,0,0
4.4007746741584555,-0.016456637119398466,10.877898842998846,-0.2360752876715992,-15.645045415500533,0.22348478709347858,0,0,0
4.379042322053465,-0.012386827993842076,10.670763615219713,-0.24045202746231667,-15.463389606794834,0.22461882084296575,0,0,0
4.368831227583783,-0.007050884050316597,10.446768570896126,-0.24508191104684016,-15.258210588064372,0.22674279842410527,0,0,0
4.372338539140344,-0.0010126887072914315,10.200126303781218,-0.25294657314689883,-15.02398052933465,0.23248499357635238,0,0,0
4.389199500877439,0.005114741984706938,9.930664451905528,-0.26586241334029664,-14.763866794616192,0.2433384976167588,0,0,0
4.4164768504167,0.010731504796720515,9.640468121726954,-0.2838683627667791,-14.485207471398297,0.25912717171868566,0,0,0
4.4495129843418795,0.015276604930147642,9.329908374829245,-0.30520314569933904,-14.193692469763434,0.2779604041736121,0,0,0
4.48326147192796,0.018250491721083506,8.995815853085034,-0.3269185235079405,-13.889638939569252,0.2967723630165139,0,0,0
4.5134874072668225,0.01926971965444153,8.633462766194853,-0.3458792409855974,-13.568709497505623,0.31227776007823704,0,0,0
4.5373829665864065,0.0181531821285148,8.241398302114149,-0.35971722083380514,-13.226717112736821,0.321957558140349,0,0,0
4.553540723459932,0.01499834756328795,7.825867386005456,-0.3673397531393746,-12.865441373764412,0.32465428919395833,0,0,0
4.5615472392643,0.010194624667998652,7.4015783801403074,-0.36880724517976515,-12.495665976629695,0.3205349470291196,0,0,0
4.561528424128198,0.004349299750556668,6.987976161040152,-0.3647033892508631,-12.135432987282002,0.31048964952864394,0,0,0
4.553870360425492,-0.0018478383457079417,6.602954095443167,-0.3553890186988312,-11.804404947931161,0.2953296868027039,0,0,0
4.539182976510318,-0.007758726035066843,6.257266920511782,-0.34059903119609347,-11.517323902676608,0.2752624969581049,0,0,0
4.5184230970966865,-0.01287772078901952,5.952395669929302,-0.31964271473465544,-11.279858001107101,0.2499724618375822,0,0,0
4.493005981847446,-0.016853486306479225,5.682874482320614,-0.29213744711333334,-11.088795974476994,0.21931499607756563,0,0,0
4.464783088470881,-0.0194826181064073,5.441925666096722,-0.2589491844584231,-10.936342071542214,0.1843174327237918,0,0,0
4.435900146916154,-0.020700856721613547,5.227472454233919,-0.22289668852906744,-10.816084527924573,0.14798750044822667,0,0,0
4.408605758696211,-0.0205743603763608,5.044971154767595,-0.18876798553809948,-10.726992494361,0.11539064987633765,0,0,0
4.38500586039514,-0.019283185600070852,4.904492914872122,-0.16234426473450866,-10.672291412988756,0.09262864784432309,0,0,0
4.366721058200227,-0.017093004902200448,4.812086535556077,-0.14851757074468425,-10.652491649391777,0.08480346654593802,0,0,0
4.354519856912063,-0.014316566626835937,4.759009275749477,-0.14912958943934457,-10.655557982799735,0.09366486884169375,0,0,0
4.348126756661884,-0.011271751357683968,4.715274240062172,-0.16151937468250707,-10.650498449167785,0.11603921465747788,0,0,0
4.34635112050961,-0.008247946410286033,4.633824273166695,-0.1786295587619094,-10.591037424233377,0.143960953150372,0,0,0
4.347493048074682,-0.005487944552750435,4.46721996248246,-0.19084619556235652,-10.43182333564772,0.1666698367999075,0,0,0
4.349840315579087,-0.0031784319115487846,4.191578587927168,-0.18884463621100736,-10.152147286060057,0.17367832663409644,0,0,0
4.352065574894041,-0.0014363404536766212,3.8267319192716513,-0.16612656917925647,-9.775949924967435,0.1575292522564112,0,0,0
4.353420682813294,-0.0002915618448938062,3.441176866614825,-0.12015081636856877,-9.376474996420853,0.11511211750619026,0,0,0
4.353726313168707,0.0003177660966514395,3.1365091991440295,-0.05194848818190678,-9.060294126361924,0.04741551564765985,0,0,0
4.353221541279652,0.0005237706604873438,3.016046552762049,0.03487415029660497,-8.935508146647791,-0.041398994227743915,0,0,0
4.352357653663461,0.00048518934265047166,3.150820843763512,0.13467004002804545,-9.077199126827665,-0.14457155870794197,0,0,0
4.351604238463125,0.0003399092808678006,3.5575011120637896,0.23952083651570036,-9.504436807737832,-0.2527219371940319,0,0,0
4.351304417628398,0.00017323020658466248,4.195789358243104,0.3389108250083865,-10.176343292691186,-0.35389841683265927,0,0,0
4.351588827114483,1.2720062247240094e-05,4.982565776132745,0.4203323035914437,-11.005027366510816,-0.4346060533404824,0,0,0
4.352344941501187,-0.00015092845139434984,5.813920362762914,0.47137313473275955,-11.87753892272714,-0.48217436430336846,0,0,0
4.353239408387765,-0.0003271232683161429,6.586786953084172,0.48288052375666696,-12.679366658000376,-0.4879297004871745,0,0,0
4.353797876959888,-0.00048805955345727626,7.215840169355516,0.4519606905610516,-13.314934093294028,-0.44996058036490183,0,0,0
4.353547883435766,-0.0005465513106386766,7.644499902529262,0.3834116480557611,-13.722535529825677,-0.3742279212410665,0,0,0
4.3522170286547635,-0.00035990733627073724,7.850240546471625,0.2888586763794706,-13.882037769395609,-0.27344715317339024,0,0,0
4.34995030859649,0.00023850938917036046,7.844851790328718,0.18393429444650167,-13.814805151519536,-0.1641396940576186,0,0,0
4.347477058128888,0.0013900545789041984,7.670427749374028,0.08460307839186072,-13.576804930476683,-0.0629056506796573,0,0,0
4.346138725356738,0.0031632573652103702,7.391617592621401,0.0038288841636671123,-13.246716020148497,0.016957471902058784,0,0,0
4.347705344265691,0.00552719746317365,7.08437612203781,-0.050580671785129996,-12.910814824425088,0.0676798589030497,0,0,0
4.353973921006187,0.008351878835267713,6.8219087205977615,-0.07660325315845995,-12.646424307087003,0.08770386896252091,0,0,0
4.366245487290229,0.011424795962744838,6.6599511466815215,-0.0772182487848724,-12.506595429523713,0.08088057572409184,0,0,0
4.3848719820398685,0.014470184736323688,6.625075794720843,-0.05871039309911765,-12.509791938979788,0.054639227627440334,0,0,0
4.4090698515916245,0.017171729788427115,6.710033451504216,-0.02874327550130289,-12.63813550426353,0.01783020198661376,0,0,0
4.437066671788443,0.019209981892726092,6.878467370944662,0.0052349966339861,-12.845496840200468,-0.02112970911959735,0,0,0
4.466464988282212,0.020316542228762557,7.078058058622901,0.03701964246695013,-13.07323201215469,-0.05550200819048001,0,0,0
4.494652155959727,0.020330139240762435,7.257747859337542,0.062177387274296336,-13.268412875245133,-0.08087404033252313,0,0,0
4.519194356013159,0.019234619938515607,7.382994994360999,0.07825981079588899,-13.398502910610546,-0.0953529343309171,0,0,0
4.538238544283999,0.017166424807231805,7.443967558961262,0.08482911232735546,-13.45801311134447,-0.09940964474930496,0,0,0
4.550870766553317,0.01438971312130093,7.454572546707311,0.08328466371832662,-13.465834906329889,-0.09539597421641872,0,0,0
4.557275313413811,0.011247898870520601,7.443682593340725,0.07637886194907395,-13.455164710412234,-0.08673797829384426,0,0,0
4.558591686675385,0.008108189993075143,7.4425492546404115,0.06736661889806754,-13.460124772832884,-0.07689390887178434,0,0,0
4.556536230112187,0.005311907771201163,7.473366917994397,0.05895352592641956,-13.503888386472838,-0.0683210810422679,0,0,0
4.552966982804634,0.0031293677057021795,7.5428800886874825,0.05242467651605694,-13.592095246427718,-0.061798439683141734,0,0,0
4.549545660493649,0.0017134342855214869,7.642255990435402,0.04734558309679358,-13.71287662313891,-0.05637820804901139,0,0,0
4.547546888212963,0.0010611676329546071,7.751724247603576,0.04199906982696433,-13.842171100872534,-0.050009068082935926,0,0,0
4.547771233671739,0.0010096463496253704,7.847283118601737,0.03440141823396488,-13.951623685667812,-0.040617447913444946,0,0,0
4.550488033070181,0.0012854728800448356,7.907241759521568,0.02348542163722698,-14.016487307441963,-0.027256616963488512,0,0,0
4.555372887139214,0.0015977023543769064,7.917423389929198,0.009941233719497688,-14.021795191834585,-0.010875053623496455,0,0,0
4.561482442882863,0.0017334376530470763,7.8745632449769545,-0.003682064088852144,-13.965925587159248,0.005645163000242803,0,0,0
4.567371776910065,0.0016090448863636197,7.787696775680374,-0.01370745361783463,-13.861339189546683,0.018261167907392916,0,0,0
4.571446415475833,0.0012566258013535503,7.677403471012681,-0.016622200773203134,-13.73269094246777,0.023097586294124995,0,0,0
4.572513253655956,0.0007657264993582658,7.572779255189374,-0.010417024784104001,-13.612638922707802,0.017834934001308513,0,0,0
4.5703013593351045,0.00022168030609606148,7.506059447798961,0.004560456718108697,-13.53564361642529,0.0026264462736605766,0,0,0
4.5656361093572855,-0.00032783009792183295,7.505181454257055,0.0255763344055012,-13.530264944064982,-0.019813860116464355,0,0,0
4.560113146226499,-0.0008720296218371004,7.585502239871545,0.0483059985382468,-13.611195237931284,-0.044980147717539866,0,0,0
4.5554284986653215,-0.001417200325276724,7.743112870760697,0.06809630151471993,-13.773274345654727,-0.06786900649858155,0,0,0
4.5527048361311415,-0.0019692701730278372,7.952846326702655,0.08114732056895661,-13.990222844705357,-0.0842641258038725,0,0,0
4.5520945861599955,-0.0025311660793221336,8.17318673398421,0.08519674144714458,-14.219933792999228,-0.09156940069731548,0,0,0
4.552762146664492,-0.003109408638276534,8.357623230359422,0.0796553313775803,-14.415727064334646,-0.08907636708747049,0,0,0
4.5531997736572976,-0.003713939035428382,8.468659790827573,0.06545296204648707,-14.540029254532499,-0.07786256263971865,0,0,0
4.551753713745555,-0.004343008067144183,8.488876676702247,0.04487882815397768,-14.575332200506494,-0.060577040373863154,0,0,0
4.547201592862734,-0.0049608246150725675,8.42474666966082,0.021468371589611478,-14.528332929680957,-0.04117635845577183,0,0,0
4.539207272952339,-0.005481685055993069,8.302612761574764,-0.0002634443637717254,-14.426407287299995,-0.024454381763086987,0,0,0
4.528496719003002,-0.005770096134247638,8.159711074721926,-0.01549652084866011,-14.308890570462168,-0.015191757309418108,0,0,0
4.516683065555057,-0.00566213180115085,8.034290521411322,-0.020233056383327154,-14.216965641669915,-0.016971951505041716,0,0,0
4.505820252514596,-0.00500945002158204,7.957796586656812,-0.0125716132921454,-14.185037930212445,-0.03101128759337115,0,0,0
4.497887985571211,-0.0037385223598263907,7.950211883064938,0.006427642176178949,-14.234766662336227,-0.055506278208012814,0,0,0
4.494393624817519,-0.0019055296766481433,8.018221525497609,0.03277425503075051,-14.37185136609341,-0.08587397473372818,0,0,0
4.496140828652983,0.00027848179056206847,8.155292666526151,0.060582472320588464,-14.585446579385064,-0.11589618436978241,0,0,0
4.503105273441477,0.0024696557593173905,8.342943657906119,0.08374765526669706,-14.85014213046621,-0.13937557359168123,0,0,0
4.514368490147291,0.004259095777646849,8.553153098464037,0.09760317047825424,-15.130394982586623,-0.15168633275364557,0,0,0
4.528146296096253,0.005266218031866288,8.752489219968325,0.09991631207034005,-15.387072677018239,-0.15066969511758826,0,0,0
4.54199209085796,0.0052291973751849245,8.908437484780649,0.09091742405419438,-15.585369130997819,-0.1366531566154933,0,0,0
4.553193276596176,0.004067487339209208,8.997187627388897,0.07254027319517746,-15.70264630637898,-0.1117866308396998,0,0,0
4.559274023331525,0.0019012062895953363,9.010322226193864,0.04739883843933228,-15.733828969206371,-0.07915114868869325,0,0,0
4.558482432833259,-0.0009763366759443671,8.956959707360213,0.01802667574539498,-15.691734881388328,-0.042061581827894656,0,0,0
4.55017995932306,-0.004162948550320777,8.859386123606882,-0.013393523397905938,-15.60129822849116,-0.003720538791277761,0,0,0
4.535068498209611,-0.007225019224944162,8.743624257449383,-0.04493516403930897,-15.489717674490407,0.03289846524619548,0,0,0
4.5151528915489365,-0.009761353924251637,8.629281050919474,-0.07477946579722498,-15.376958066271996,0.06517788401932449,0,0,0
4.4933419066820335,-0.011439515843473202,8.523210415360069,-0.1012777655308085,-15.270757948745157,0.09115105188822525,0,0,0
4.472739004644083,-0.012011131262084973,8.419217864484978,-0.1232669696305507,-15.1676003704994,0.10991400842348753,0,0,0
4.455896103846811,-0.011326113364192735,8.303137579575235,-0.14043860394383073,-15.058088024556284,0.12190991378032834,0,0,0
4.4443785516154435,-0.009362374164183507,8.160642826808399,-0.1534768956179761,-14.933590290804574,0.1288229623566508,0,0,0
4.4387981181614435,-0.006265866797632214,7.984409972080812,-0.16380663256516642,-14.791135787496728,0.1330109869396665,0,0,0
4.439162710710676,-0.002369020319801507,7.777652529888357,-0.17300865154847428,-14.634688884971496,0.13666711072863932,0,0,0
4.445221299191331,0.0018503227844973934,7.552573667921905,-0.18212974022324033,-14.472635743585045,0.14105258093980239,0,0,0
4.456556217681225,0.005875524899776963,7.324617167427121,-0.19119074994462437,-14.313068604924652,0.1461272177585471,0,0,0
4.472409830233289,0.009278719151924974,7.105557931797719,-0.199168433082788,-14.159607805093742,0.15075839518843423,0,0,0
4.491462688350921,0.011803263564769396,6.899194535434731,-0.2045515589636338,-14.010286958985603,0.15345871261930882,0,0,0
4.511845134527007,0.013368339309144517,6.701913013127665,-0.20627515266890412,-13.860232139347133,0.15335292073507248,0,0,0
4.531494253641853,0.014020073703771629,6.507310365038734,-0.20457875483564295,-13.70632819291393,0.15092627842732043,0,0,0
4.548683295366061,0.013881336729863848,6.311453248747355,-0.20129801632725872,-13.550504072671941,0.14816177584098966,0,0,0
4.562411187263137,0.013131470649598498,6.115127237172061,-0.1993356194109282,-13.399003164611486,0.14792854908903763,0,0,0
4.572481511252889,0.012004195421008034,5.92165844539177,-0.2014660395780524,-13.257606580146003,0.1528333359429837,0,0,0
4.579363447748392,0.010768023496622448,5.731864981531928,-0.20901515866880516,-13.125426100698292,0.16404155651838864,0,0,0
4.58403466648997,0.009669402287369167,5.539593504649318,-0.22110038458145026,-12.991017985175148,0.1806551223214953,0,0,0
4.58787092417721,0.008860066979833903,5.331260973317839,-0.23487999318077185,-12.833783114034276,0.19999490179302767,0,0,0
4.592451784443369,0.008357061491102514,5.090897536017195,-0.2467167899203659,-12.631274445663905,0.2186506843624528,0,0,0
4.599142923317146,0.008066091444493394,4.809042948746679,-0.25362265705548737,-12.369871393801716,0.2337143677233641,0,0,0
4.608539157400699,0.007850741033097108,4.490909167313163,-0.25418366592550257,-12.05368091613218,0.2435154121928534,0,0,0
4.620094923440192,0.007598208181656218,4.158510433231015,-0.2485137269422907,-11.706379174983653,0.24752243230675647,0,0,0
4.632253910277086,0.007243442254792854,3.8442853495436964,-0.2374253275805927,-11.363997229047413,0.24563740686650562,0,0,0
4.643072101708071,0.006752585282191604,3.578900666617187,-0.22149190733540108,-11.061859487377845,0.23749735616935083,0,0,0
4.65098892158386,0.0060983899323034056,3.3798217861367448,-0.2006737822158314,-10.82245245821747,0.22233891367261832,0,0,0
4.655345529564954,0.0052600594486023056,3.2467277121090206,-0.17471145374355074,-10.650201777630727,0.1995227688523869,0,0,0
4.656469089037898,0.00425008150429278,3.165340228843391,-0.1438996489556331,-10.534643916510092,0.16929029633147935,0,0,0
4.655396776999126,0.003138594537631434,3.116341899963828,-0.1095602626225741,-10.458809552340767,0.13311499121846282,0,0,0
4.6534356837664035,0.0020424460075076922,3.084159713858881,-0.0737492473878035,-10.407885308937722,0.0932800634382005,0,0,0
4.651743517803169,0.0010762099860912144,3.0619284113111718,-0.03831491310185271,-10.374643705277848,0.05187929875694408,0,0,0
4.651039972443627,0.00029647605542635345,3.0519126777568317,-0.003941144159570342,-10.360777952817386,0.009889738676803006,0,0,0
4.651480868816506,-0.0003239475753247234,3.062907807005274,0.03013388403487909,-10.375229262799024,-0.033034466075440604,0,0,0
4.652678370352163,-0.0008790022638422102,3.1067928756656613,0.0654645683071422,-10.431196594665408,-0.07784522163110381,0,0,0
4.6538342015689835,-0.0014846624385782548,3.19575153559866,0.10313720629769278,-10.543066499808404,-0.12483248594298998,0,0,0
4.653953682138123,-0.0022341883201363543,3.3404103445410414,0.14258503820376944,-10.72355507144944,-0.17251265742380612,0,0,0
4.652106053811707,-0.0031737590182345345,3.5480665524578114,0.1811259808302353,-10.980546438385133,-0.21731649023224833,0,0,0
4.647679066399476,-0.004299504961268496,3.819985911914813,0.21450220702279524,-11.31309613282113,-0.2543174675998728,0,0,0
4.6405501526133435,-0.00556171492005717,4.147713962940756,0.23819139894147695,-11.707134411770667,-0.27870983345275135,0,0,0
4.63109380056504,-0.006864984618762548,4.510010095896575,0.2488743699360981,-12.133011883175783,-0.2873655765305159,0,0,0
4.620005927620824,-0.008069758046877951,4.8731882196135246,0.2454098164713784,-12.54780860760033,-0.27979241398936383,0,0,0
4.608044922830942,-0.009010494843143136,5.196934747984784,0.2289948371619758,-12.903952628816114,-0.25817515948645,0,0,0
4.595863719615934,-0.009535718419212458,5.444821796420044,0.202642791084088,-13.162327597326538,-0.22666609655296951,0,0,0
4.5840285241645375,-0.00955531647568506,5.595536575026642,0.17039281321098088,-13.304852359970567,-0.19039106491887453,0,0,0
4.573136621100204,-0.009070562245354097,5.649849700312444,0.13663801955868707,-13.340990639702042,-0.15460121402923335,0,0,0
4.563848733706692,-0.008170282917872385,5.630358716160799,0.10569745685116202,-13.305306666313939,-0.12411018392054843,0,0,0
4.556748869619582,-0.0069952411608582565,5.5744944632986915,0.08147681328137538,-13.247207403914828,-0.10286668952406046,0,0,0
4.552125901642626,-0.0056908130387213875,5.523914044024622,0.06698842642669404,-13.217006782009875,-0.09345479114287514,0,0,0
4.5498445301598025,-0.004374195477669218,5.514094158527627,0.06369640107516261,-13.253146552063,-0.09651408372480859,0,0,0
4.549390971386316,-0.0031297159375938575,5.566984664408196,0.07094326383067084,-13.374113722381267,-0.11033321407691687,0,0,0
4.550053516012241,-0.002022788128604702,5.687956352427278,0.08583851795200417,-13.576475502840935,-0.13095598052784255,0,0,0
4.551136792443728,-0.001110528547403078,5.8668190122517245,0.10384053178884897,-13.838500540244866,-0.1529728834261192,0,0,0
4.552121764839242,-0.00043619138366182144,6.08178580717167,0.11994261511712664,-14.127468434574624,-0.17085952922553105,0,0,0
4.552731364788599,-1.3786452140607252e-05,6.304969213333351,0.13006353701767778,-14.408184500739736,-0.1804430414420352,0,0,0
4.552908739814157,0.00018158617902628294,6.508234879832486,0.13210628047514064,-14.650550444980468,-0.17997420905269051,0,0,0
4.552743448232661,0.00020867062708873618,6.668764034049289,0.12628044984152212,-14.835035500575131,-0.17041760305178427,0,0,0
4.552386955782964,0.0001427537045699978,6.773920614469958,0.11463366558527355,-14.955802696170139,-0.15488805482655152,0,0,0
4.55198803712122,5.465862443116975e-05,6.8245494142014,0.10010530923151037,-15.021437196430227,-0.13751006338211907,0,0,0
4.551660391950065,-6.047713692680645e-06,6.835156963279033,0.0855832094450804,-15.052888642589906,-0.12218982690326499,0,0,0
4.5514776776572035,-1.9348624456938522e-05,6.829789162823417,0.07333166347943773,-15.07828975289911,-0.11175936614413899,0,0,0
4.551481053057941,6.1150661537112684e-06,6.834293008280014,0.06487108107330072,-15.12535605110645,-0.10769594616847514,0,0,0
4.55168337868804,4.1537312255002236e-05,6.867872104566828,0.06112050934937798,-15.213601174066056,-0.11029762434320248,0,0,0
4.552061287702315,5.1463248519212355e-05,6.937617901622474,0.06252072335870906,-15.349366703607274,-0.1190107277571272,0,0,0
4.55253787854403,9.36730623521953e-06,7.038285848127728,0.0689716591079332,-15.525778162181126,-0.13265231408267936,0,0,0
4.552969890475694,-8.810526724971624e-05,7.156945690565493,0.07964106148141922,-15.727509906665219,-0.14947400300171693,0,0,0
4.553158821355211,-0.0002122456808166362,7.279969127543069,0.09285878272961838,-15.938011744007156,-0.1672026407011032,0,0,0
4.552901588268156,-0.0003029977567592823,7.399127848057049,0.1062938561342591,-16.14590997374141,-0.18324247353307754,0,0,0
4.552081710183572,-0.00028244331271594093,7.5142660052807315,0.11745362929798375,-16.34796033725702,-0.19512472265643338,0,0,0
4.550779339277568,-8.091601133912718e-05,7.631567578093225,0.12436262309769433,-16.547628672607075,-0.20111649469980647,0,0,0
4.549355220849037,0.00032989642216705304,7.758376990119601,0.12616266591674474,-16.750316159910142,-0.20074616371812368,0,0,0
4.548451075490348,0.0009087093197535978,7.897231569622605,0.12336254506006697,-16.957780786437226,-0.1949619866570515,0,0,0
4.54885894556088,0.0015368152022176673,8.042408397546666,0.11757700901957122,-17.16484840063039,-0.18577496247802258,0,0,0
4.551252127588924,0.0020429400728787074,8.181244132599417,0.11082200926849879,-17.36053165060534,-0.17549714125550508,0,0,0
4.5558368427657,0.0022593154379066506,8.299912507295176,0.10467290953076684,-17.533239799362363,-0.16591008895007492,0,0,0
4.56205698367323,0.002087538966408431,8.390571141166163,0.09968146495914994,-17.677129773235734,-0.15773213226828203,0,0,0
4.568526973377388,0.0015425257436675111,8.455739217738781,0.09531032408043671,-17.79576136878738,-0.15058371060361964,0,0,0
4.573330988996943,0.0007558784806889207,8.507347940742036,0.0903698553052493,-17.90088138629646,-0.1433942902834943,0,0,0
4.574674864562638,-5.381746638875029e-05,8.5609951005884,0.08368671197912647,-18.00706122675777,-0.1349861985676924,0,0,0
4.5716547289416525,-0.0006225475230067446,8.628382227684725,0.07461327283823067,-18.124949995289896,-0.12449751539135293,0,0,0
4.564780478285712,-0.0006806432764889792,8.711480230923968,0.06307494648283693,-18.256153265946338,-0.11141471066485024,0,0,0
4.556009860297237,8.93596817377329e-06,8.800930122675098,0.04914153339028644,-18.39172368927217,-0.09524642710552059,0,0,0
4.548320770896993,0.0016087520726443926,8.87927551733793,0.03244305183514769,-18.514710386307314,-0.07513169916715726,0,0,0
4.545026652358857,0.004161600820816602,8.927376860981724,0.011903042715015032,-18.605506804518868,-0.049760566150663973,0,0,0
4.54903041000081,0.007550622200402301,8.930661972123545,-0.013885056401267092,-18.647386906010865,-0.017830794474271272,0,0,0
4.562146343354968,0.011481852469819387,8.881986475069027,-0.045701012381960025,-18.62959404429094,0.021058305373811946,0,0,0
4.584614494103832,0.015508641003344792,8.780169736090258,-0.08265014632322902,-18.547078360458954,0.06551131080370567,0,0,0
4.614946997205109,0.01910454918442923,8.626378367892187,-0.12170167695647933,-18.3984870478031,0.11201636078434234,0,0,0
4.650181086566661,0.021766769752444758,8.422144536575729,-0.15823438654245478,-18.185369171500483,0.1555450634070084,0,0,0
4.686473253639846,0.02311761650320676,8.171372103865124,-0.18740670871312232,-17.914366941551776,0.19089237536887396,0,0,0
4.71986688831916,0.022977578349824057,7.884978767691678,-0.20563210601271464,-17.60104015790928,0.21410637298154994,0,0,0
4.74705535214153,0.021394201049000118,7.5839133531103045,-0.21139323860460452,-17.271560081428746,0.2233132775307496,0,0,0
4.76598846842144,0.018616661813395295,7.296931651913383,-0.20509996820178172,-16.95925975223723,0.21865848825855494,0,0,0
4.776202817390924,0.015018649410748708,7.053309773850501,-0.18830026536234784,-16.696583050830128,0.20162497545869087,0,0,0
4.778806193499051,0.010996843405368394,6.8743409119963985,-0.16285546045642435,-16.506323176195366,0.1742711869822017,0,0,0
4.776088353844969,0.006888089019342658,6.768054089022982,-0.13054850865073747,-16.396461268983444,0.13881923986938177,0,0,0
4.770781112237785,0.0029361505163663535,6.729170054072441,-0.09318368118050842,-16.360493477873405,0.09766663585431132,0,0,0
4.7651334913125964,-0.0006922918090708663,6.7433757142687085,-0.05287687415052602,-16.382237293216193,0.05356353622374144,0,0,0
4.760149520620345,-0.0038694142954042833,6.793589932011486,-0.012160034842766265,-16.442657301678466,0.009611954231159814,0,0,0
4.755354143833273,-0.006482301454198591,6.86588701735775,0.026272165008094817,-16.52617454285796,-0.031074109866331412,0,0,0
4.749228393482824,-0.008448670219996757,6.9531419558865935,0.06005911260660355,-16.624373799366168,-0.06593104319220515,0,0,0
4.740132434050821,-0.009764899928714498,7.055144611605044,0.08764036986311793,-16.73592471919133,-0.09344734716342203,0,0,0
4.727294325467398,-0.01054303206907008,7.17533130348572,0.1084500689367971,-16.863140209925632,-0.11334575180644464,0,0,0
4.711379802848938,-0.010990753773779716,7.316031423931449,0.12275144179538273,-17.007324149493442,-0.1263434295765876,0,0,0
4.694319491299083,-0.0113285464292602,7.474932038062434,0.1311952193335074,-17.165633608117417,-0.13358043581739878,0,0,0
4.678439354557824,-0.011685350778185466,7.6444577876541615,0.13432132299037391,-17.330934740617664,-0.1359726334343307,0,0,0
4.665350791547084,-0.012030828947519012,7.813670743440412,0.13227998845019612,-17.49395099593785,-0.1338249384516331,0,0,0
4.655225953574799,-0.012184009188202083,7.970890132222536,0.12496676876624094,-17.64567158898207,-0.12694982313653327,0,0,0
4.646864056327743,-0.011899481642255693,8.10554212534656,0.11253311279663052,-17.778461659852454,-0.11525955389820411,0,0,0
4.638500636051418,-0.010990662292317665,8.209100247261489,0.09596158096261291,-17.885900877201266,-0.09947930074434339,0,0,0
4.6289201040076335,-0.009426654699487358,8.275941840388555,0.07728425441282667,-17.9626231838825,-0.08149156529638332,0,0,0
4.6182923421688,-0.007352619216676714,8.304812299267454,0.05920240864631552,-18.005422950556664,-0.06400886043039974,0,0,0
4.608299509044841,-0.005027011438669149,8.300662431452025,0.044236864586683564,-18.015735748907673,-0.04968397881433191,0,0,0
4.601473179925762,-0.0027148286762809447,8.275647233557578,0.03383481666481032,-18.002117156936876,-0.040119660514888265,0,0,0
4.60005294430421,-0.0005980095485341508,8.2477745821907,0.02788139549025175,-17.98054926108125,-0.0352961359274417,0,0,0
4.604913162391057,0.0012493785244785728,8.236481874117317,0.024831082018012297,-17.97102334492166,-0.03368901716741988,0,0,0
4.6150806771603925,0.0028161844696498405,8.256039389307247,0.022348307340585905,-17.99079078408117,-0.03297203108664348,0,0,0
4.62807766681199,0.004079903937359575,8.309238298870639,0.018100467996544013,-18.04686819413095,-0.030897358867976267,0,0,0
4.640883960842402,0.004960501310596044,8.384356080249077,0.010308401412666512,-18.13142301912687,-0.0258860967371362,0,0,0
4.650994421296204,0.005337698557275417,8.457411067441612,-0.002133011850568778,-18.222791048875465,-0.017094225534616213,0,0,0
4.657081948704132,0.00512377624961573,8.499424913794414,-0.01982174636623313,-18.292343494748934,-0.0041096065635997546,0,0,0
4.659091381542396,0.004347488911572839,8.485816979232894,-0.042950310083922714,-18.314396539236427,0.013295267752882011,0,0,0
4.657904522150801,0.003194223352468839,8.40374644557869,-0.0710700252598528,-18.274596716279035,0.03499976572717571,0,0,0
4.654850165498516,0.0019691900621964463,8.25431711505189,-0.10256929496426323,-18.17305941228304,0.05997687080416654,0,0,0
4.651290706800367,0.000994963511131175,8.04955711852837,-0.1342475314802897,-18.02164532671725,0.08574874635962289,0,0,0
4.648388051506785,0.0004935767304829142,7.8069787732780895,-0.16145052451402933,-17.83807066739284,0.10837924187608508,0,0,0
4.647022910685081,0.000509490568687454,7.545339136708719,-0.17898267913097216,-17.640793126809413,0.12326848366864454,0,0,0
4.647769567433954,0.0009050004589198579,7.283545349228007,-0.18257353679316282,-17.447099486089286,0.12654761947240445,0,0,0
4.6508335959537135,0.0014261231858327505,7.04188076544618,-0.17032838036104891,-17.27393555553064,0.11649252893582088,0,0,0
4.655930188601033,0.001809378944699347,6.842905822301319,-0.1435425237034565,-17.138998630114614,0.09431397667224672,0,0,0
4.6621768543910065,0.001882855160964425,6.709598122484692,-0.10652488291823374,-17.05965865806249,0.0639660665923941,0,0,0
4.668141386131595,0.0016170707362235248,6.6600816113012655,-0.06551548178580617,-17.048920344512382,0.03107708024600413,0,0,0
4.672165754009129,0.001108761087100163,6.700462641968201,-0.027164549277398465,-17.109671426920826,0.0014896200330696274,0,0,0
4.672943954945509,0.000518402185433331,6.818891878017325,0.0028431117131887617,-17.22991964556057,-0.020007069166990733,0,0,0
4.670119258410011,1.3533748983718397e-06,6.984308289346032,0.020634805114265475,-17.381984660793307,-0.030389384111163053,0,0,0
4.6645587588690205,-0.00033717725088848737,7.151823955420028,0.024430327276229492,-17.5272998649328,-0.02854811295718491,0,0,0
4.6581105215560825,-0.00045583767778509807,7.273693643934735,0.01446155461972296,-17.625896926478717,-0.015106736985272562,0,0,0
4.652953589288288,-0.0003690369677357808,7.311976466359894,-0.007245340523213883,-17.647170177759193,0.007849558823471625,0,0,0
4.650847129702697,-0.00013158176359127083,7.248228816588835,-0.03714327455677733,-17.577829396642272,0.03704893620452623,0,0,0
4.652558416092148,0.00017380489498464158,7.0872090950636135,-0.07056944425276726,-17.424479759686463,0.06839185275298973,0,0,0
4.6576184776131555,0.00044438044741923477,6.854213668681922,-0.1024158044531859,-17.210726027915214,0.09752518032762651,0,0,0
4.664451016454237,0.0005662794097005986,6.587628206069127,-0.1280990864468933,-16.970424756277666,0.1206631847165525,0,0,0
4.670849936373216,0.0004322543780887145,6.329029896400428,-0.1446529643154008,-16.739182064875564,0.13549914478625738,0,0,0
4.674682003895356,-2.8198491048669893e-05,6.113197435489653,-0.15159062640744878,-16.546001118030674,0.14190996708297804,0,0,0
4.674563062884204,-0.000812295655018147,5.960150244814173,-0.1511882137054414,-16.406732857517042,0.1421672913727008,0,0,0
4.6702215529660265,-0.0018172895883083128,5.870833090951095,-0.14801906865282605,-16.320668017767275,0.14051686573348549,0,0,0
4.66243306533697,-0.002844164298301166,5.827164000780726,-0.14781806794714356,-16.270905478616143,0.1421816454491136,0,0,0
4.652671604377801,-0.00364339379401315,5.7960702022854065,-0.15597790172234766,-16.228070506929413,0.1520249249995757,0,0,0
4.642724173152516,-0.003992602381106281,5.736346679534421,-0.17611436125072402,-16.156156482915264,0.17324460258602273,0,0,0
4.634385520209065,-0.003774044058418724,5.607018408535353,-0.20912018616403713,-16.019311102351608,0.20648495675505388,0,0,0
4.629176834630144,-0.0030157898808738535,5.376032989210486,-0.25293089141334235,-15.788909573424078,0.24959593517101553,0,0,0
4.628017078514105,-0.0018795202568753667,5.02784918884565,-0.3029469779883286,-15.450175506281909,0.2980170713421927,0,0,0
4.630923912562153,-0.0006063994763906066,4.567886283893188,-0.3528648487561682,-15.006736039015337,0.3455719061802398,0,0,0
4.636941563311169,0.0005501194235534967,4.021995573849281,-0.3956595599116966,-14.481151550480135,0.38542870812840846,0,0,0
4.644405164075465,0.0013810140452093834,3.4308413306807495,-0.4245907571599815,-13.910773505806887,0.4110921569363185,0,0,0
4.651426350397273,0.001763950184313501,2.841363311067809,-0.43423724159351734,-13.340497304345348,0.417426269641264,0,0,0
4.656369070573064,0.0016996433710417592,2.2985155132190442,-0.42157335454542133,-12.815186416813745,0.40172642208206355,0,0,0
4.658172798613336,0.001342729848794022,1.8394746031684406,-0.3869355329658788,-12.373783425645328,0.3646847326036607,0,0,0
4.65653431360461,0.0010063639193987229,1.4904391079346055,-0.3345079633218674,-12.045234913552079,0.31085297958968566,0,0,0
4.6520250220522,0.0011108859276589556,1.2646459926001796,-0.2719179626189998,-11.845048405938968,0.24817387684971096,0,0,0
4.646173268340561,0.0020699429844725616,1.1602994437562728,-0.20881583276309784,-11.771645352603443,0.1864739692711666,0,0,0
4.6414443770020455,0.004149888344213082,1.158493859186862,-0.154792685457889,-11.803328180245302,0.13532191774498586,0,0,0
4.64098755175614,0.0073631984747351,1.2228066506745137,-0.1173392512677637,-11.89820624311848,0.10199576241215311,0,0,0
4.648050422587758,0.011441797399230324,1.3028159476592833,-0.10051330334177919,-11.999412781983025,0.09022323776500656,0,0,0
4.665104593920191,0.015894721874626327,1.3426830030497712,-0.10458824436243504,-12.046033813095221,0.09992074703810232,0,0,0
4.692925233839404,0.02011767958009756,1.2934364564889194,-0.1264840420569243,-11.98727812689549,0.12767703223801163,0,0,0
4.730001055320415,0.023511379693381684,1.1251230005414072,-0.16054461983224827,-11.795228792692214,0.16752577667935925,0,0,0
4.772590772605639,0.025579900138112066,0.8343415697506487,-0.19932820149393393,-11.471551047995263,0.2117055648186124,0,0,0
4.815481532350873,0.026001429391057228,0.4445566643102552,-0.23437153031995023,-11.046027443171056,0.251425181356187,0,0,0
4.853201817853176,0.024673990689169045,-0.0001944279690633266,-0.2571171481232781,-10.568278083558852,0.27785484864056825,0,0,0
4.881287065274378,0.021735529325873415,-0.4451467545662098,-0.26017763491753954,-10.09638758580985,0.28349070542703886,0,0,0
4.897243378383166,0.017550599372395937,-0.8347881557524772,-0.23885647024913226,-9.686272532059178,0.26374208893616213,0,0,0
4.901001845666713,0.012655746022396386,-1.1209086525249887,-0.1925151123008945,-9.38395442955661,0.21826780650776953,0,0,0
4.894790329479449,0.007666211049998139,-1.268355533573498,-0.1251984624787923,-9.220864295577343,0.15146669306586488,0,0,0
4.882459887178925,0.003161358375784573,-1.2590933461256242,-0.0450760253353721,-9.211126758824832,0.07174268087352402,0,0,0
4.868431227563363,-0.00042489328246091417,-1.0951282460024032,0.03729214560608085,-9.349857237533868,-0.010351924249165733,0,0,0
4.8565585155443785,-0.002883867538481866,-0.8000281224675376,0.11133411419956758,-9.612550727614519,-0.0844998230476719,0,0,0
4.8492528831056205,-0.004266479066694728,-0.4176430550372743,0.16868444718156042,-9.956884117336614,-0.14272681706281531,0,0,0
4.847095116108719,-0.00486683636641061,-0.00620358904346574,0.2045725978905409,-10.328600634435816,-0.1806290619789209,0,0,0
4.848952885028567,-0.005157961741204531,0.3727270280917452,0.21814582486504008,-10.671797326050509,-0.19757019828668518,0,0,0
4.85244838988956,-0.00569052780697632,0.668194387429466,0.21194746061252942,-10.94138581628657,-0.1961235660731191,0,0,0
4.854578587716219,-0.0069743851546633095,0.8520563160631269,0.19100715798777515,-11.113540702687331,-0.18120183082155136,0,0,0
4.8523334820026065,-0.00936713654406276,0.9248173263804205,0.16192797601271708,-11.190245049345819,-0.1591923705271455,0,0,0
4.843210712067403,-0.012990480384884507,0.9131027150769029,0.13206794025325622,-11.196566278444195,-0.13714284688318087,1,0,0
4.825554609109162,-0.01768822291824108,0.8603812599996701,0.10864452976336451,-11.172362419556023,-0.12183887458554779,1,0,0
4.79868737601673,-0.023035220613873263,0.8149433338753482,0.09757743566834023,-11.161875545749382,-0.11865236048050179,1,0,0
4.762887150103751,-0.028401899192694202,0.819251637659633,0.10216987484582063,-11.204474432885974,-0.1303031329277431,1,0,0
4.7193480792567755,-0.03306959563184364,0.9030363474952878,0.12208646539744734,-11.328312586168423,-0.15596485533839372,1,0,0
4.670212886926308,-0.03637761311657073,1.0802417085901794,0.1531962442604325,-11.546989380291294,-0.19120910130033905,1,0,0
4.618600678889834,-0.03786747574010292,1.3485013847751475,0.18856457027500398,-11.858320930855527,-0.22901239041720772,1,0,0
4.568429397962618,-0.03738148975404414,1.6898931358876723,0.22034573223940868,-12.244417145564,-0.2615770492256672,1,0,0
4.5238826313977825,-0.0350830994940722,2.0729209700376003,0.24188902004826077,-12.673189256071268,-0.28232872837462397,1,0,0
4.488557350836899,-0.03139821873333233,2.4567797689847453,0.24930588418879296,-13.10233606234921,-0.2874020902792623,1,0,0
4.464535954666374,-0.026910525347510372,2.7987484178269426,0.2420749247607418,-13.486690182616272,-0.2762298320832898,1,0,0
4.45173971156872,-0.022253625745737794,3.063838582393757,0.22275364518080779,-13.788132911812696,-0.2512979437595561,1,0,0
4.447856381076008,-0.01802667103505229,3.233833534357956,0.19622782957182777,-13.985162829495621,-0.21746226481645578,1,0,0
4.448904962770428,-0.014739190348281283,3.3123104795475626,0.1689976384697971,-14.078495335678596,-0.18129069287072214,1,0,0
4.450242825781672,-0.012780605155012382,3.3237855951027058,0.14879827827618614,-14.09061090700132,-0.1507078054641539,1,0,0
4.44767662946893,-0.01240631297517325,3.3077781603982572,0.14452507470273587,-14.059968817886855,-0.13489669346716085,1,0,0
4.438333968539311,-0.013731723642212045,3.3107796804934253,0.16614990117705303,-14.032943579020085,-0.1441362264321498,1,0,0
4.421037494479805,-0.016731755913048117,3.3798695205856433,0.22422592084334098,-14.057324074271222,-0.18918354272029775,1,0,0
4.396076579847659,-0.021251492279944273,3.5609037527994616,0.3287544479915482,-14.180267310712807,-0.2800139326641897,1,0,0
4.364494221085167,-0.02703271710144861,3.902030516012104,0.48757353991704094,-14.451302997020818,-0.4241200333117803,1,0,0
4.327218718244254,-0.03375338526235794,4.460247429597473,0.7048098429314209,-14.92805244693777,-0.6249332606200724,1,0,0
4.284422152438239,-0.04107549558145962,5.306097790827167,0.9800337121587844,-15.679968339015673,-0.88100181605475,1,0,0
4.235341458276565,-0.04870090111658669,6.521378014273438,1.3084428185615962,-16.78530215613752,-1.1862299060964552,1,0,0
4.1785777917559415,-0.0564309282798547,8.188045878717972,1.6818513599252014,-18.3196956687964,-1.5309449935636288,1,0,0
4.112708973158092,-0.06421217228945579,10.371884024416914,2.0898621316716985,-20.339943513202044,-1.9031915314703434,1,0,0
4.036921673654334,-0.0721418563073982,13.108115281986102,2.520631981194177,-22.869986978434355,-2.2897003619522884,1,0,0
3.951324957373444,-0.0804089347525391,16.395207866109388,2.961081812527462,-25.895242639984637,-2.6763904727478343,1,0,0
3.856728211681258,-0.08915297634133168,20.198383119837658,3.396937101440456,-29.36677400990751,-3.0487210700323133,1,0,0
3.7539548569531007,-0.09823356833428534,24.459525069516445,3.8132271306420775,-33.21218262541624,-3.3923922975388114,1,0,0
3.6430756580111847,-0.10693918857247411,29.108350327953872,4.195626159145189,-37.3483066165437,-3.6946418874046514,1,0,0
3.5231293707188627,-0.11372672784738143,34.07106555487209,4.5324412498969,-41.69195717441611,-3.9458692375326607,1,0,0
3.3928923890249223,-0.11612942580426591,39.275468805231725,4.816538562684772,-46.167179039338805,-4.140931045624444,1,0,0
3.253005774933712,-0.11095549926844513,44.653649320694214,5.04637051628102,-50.709225131525635,-4.279479117224827,1,0,0
3.1091859060312004,-0.09481634968520894,50.14430747016986,5.2255327651870385,-55.266114542842914,-4.36508369192967,1,0,0
2.975441694684278,-0.0649093122712486,55.69629652338592,5.360757898133919,-59.79863588852865,-4.4033259485773835,1,0,0
2.8756274156116746,-0.019886169218995064,61.273500908833824,5.458783055259822,-64.2792974346788,-4.399366231550973,1,0,0
2.841769964688993,0.039402977311536344,66.85891302891959,5.522981710074336,-68.69003381223291,-4.355662498649412,1,0,0
2.9085647148291685,0.10948796373611458,72.45371077170805,5.550799516008323,-73.01761092920421,-4.2704689401726,1,0,0
3.1048617342406146,0.1843234022781516,78.06710405085563,5.532673813146649,-77.24544211119007,-4.137405529007349,1,0,0
3.444213965821234,0.2558666427902125,83.69618088055209,5.452394293926612,-81.34196893205343,-3.945876666764879,1,0,0
3.917159143834226,0.31515948988533465,89.30088265561545,5.2883232478639295,-85.24858216091023,-3.681814404587196,1,0,0
4.487772026386068,0.3537723490682737,94.78346396531495,5.015019416201065,-88.8718684410648,-3.3284532603063086,1,0,0
5.096239797715228,0.36535869386394354,99.9803874521607,4.605505240417382,-92.08328042159913,-2.8674925457695735,1,0,0
5.667852333933325,0.3469971613990509,104.66825040943598,4.034982756415596,-94.7248812104917,-2.2814898742737455,1,0,0
6.127036593537625,0.3000056229510008,108.57952900202521,3.286492508540401,-96.61677993440061,-1.5580604441769226,1,0,0
6.413350906294411,0.23000879453041137,111.42369507084447,2.357744729022271,-97.56383003774188,-0.6953810622245598,1,0,0
6.495356903328428,0.14620861134481658,112.91396543309341,1.266919587883494,-97.36495926992865,0.29274468995500624,1,0,0
6.378536328819678,0.05999629581969686,112.803538335864,0.05475043786329507,-95.83250967194166,1.3745101505832138,1,0,0
6.104917963750623,-0.016804032461718067,110.93202913625964,-1.2187118963589696,-92.8260465529593,2.501912030269543,1,0,0
5.744301911125348,-0.0737061240004536,107.2736281707748,-2.482016345776812,-88.29577955429903,3.6164864709982907,1,0,0
5.379245257282392,-0.10302535813113849,101.9700785344504,-3.662178350241541,-82.32113526136017,4.65698729886124,1,0,0
5.087734984583037,-0.10081409578396147,95.3309683439479,-4.69319629648213,-75.12676693523267,5.566435971557224,1,0,0
4.928199473098047,-0.06717163866177742,87.793268488571,-5.52130633593802,-67.0641601189037,6.296959130376502,1,0,0
4.930791093928789,-0.005945297314150366,79.84808695166787,-6.107382037209415,-58.560016500508794,6.812601887429719,1,0,0
5.09678301222624,0.0760791311598453,71.9577454996098,-6.42834281043331,-50.046906945788216,7.091421483726835,1,0,0
5.405209948454797,0.1703462198811863,64.49173210602318,-6.479014820698874,-41.899470322169634,7.127817504655003,1,0,0
5.823640516710654,0.2678694432998583,57.700902073713216,-6.274177586582075,-34.39536796616363,6.934731872501883,1,0,0
6.319083355678174,0.36052672582560064,51.72971796376985,-5.849012565437062,-27.706490797644477,6.544209589464654,1,0,0
6.865709275349076,0.44210304583441484,46.64860103192654,-5.255983490706312,-21.91183171569095,6.004694783031264,1,0,0
7.447764109937211,0.5088998012005959,42.48347996378606,-4.557508642808001,-17.017604507749,5.3745041058526395,1,0,0
8.057939690280975,0.5597908788343531,39.22830266862964,-3.815908306418271,-12.973816536341332,4.712675771999847,1,0,0
8.693002242839043,0.5957108444656555,36.840842689577286,-3.0837569306962225,-9.684671040586124,4.0698567733527,1,0,0
9.349229931442196,0.6187056604936672,35.23343358150788,-2.3978372374695036,-7.017212288591068,3.482103376589613,1,0,0
10.019789105934748,0.6308095764769746,34.273000523587854,-1.77826214180917,-4.814975441982398,2.9692235768389024,1,0,0
10.694691800569771,0.6330704918395014,33.79866243542709,-1.232026496681079,-2.920149225789743,2.5373583123434047,1,0,0
11.362318393111352,0.6250020719313909,33.654162799060956,-0.7586412104778496,-1.2009025886426343,2.183994303248899,1,0,0
12.010697121647326,0.6046014465976626,33.72252969901818,-0.3552880829806469,0.4256657997324993,1.9031513703350342,1,0,0
12.62717912044792,0.568876410284372,33.94709654567815,-0.019884667090900622,1.9857449707445483,1.68902455048013,1,0,0
13.19641419374409,0.5146652784368285,34.32833606511575,0.248171749207512,3.461751407743094,1.537429215250097,1,0,0
13.69778482925112,0.43950110610952464,34.897067859007564,0.44873677506821397,4.82233852473999,1.4454482592252447,1,0,0
14.1039541562576,0.3423664532077325,35.67542183882317,0.5819308081350278,6.05769716700901,1.4102762742958603,1,0,0
14.381766345682763,0.22428861245740564,36.64199601866828,0.6486003109034343,7.205574464215175,1.4282298925877526,1,0,0
14.495882715810481,0.08873180764529565,37.715151073583,0.6501487254715222,8.357079863909902,1.494392104359558,1,0,0
14.414800167029995,-0.05833425018975191,38.76036827426999,0.588304503207123,9.639507150270049,1.602730639021972,1,0,0
14.118356332647096,-0.2088539221239813,39.61797051677737,0.46554818381158186,11.18261351716886,1.7461479280913808,1,0,0
13.605204517685408,-0.35365047126269644,40.1401659080953,0.28650902382559307,13.081396337234892,1.9159984092793407,1,0,0
12.898015198100282,-0.4837437193012846,40.224016953733404,0.05993526215093396,15.36958684332808,2.1011007098220644,1,0,0
12.0438366185504,-0.5916199465664989,39.83014157774938,-0.19974017230892543,18.01305136096427,2.286879318543062,1,0,0
11.107874972504277,-0.6720857977150274,38.98381790323157,-0.4723422662128911,20.9232306886569,2.4555871644652,1,0,0
10.161280116624155,-0.7225944973402818,37.762158097263494,-0.7340638082409768,23.9823226175334,2.5883019760273243,1,0,0
9.266516963244754,-0.7431903959539696,36.27477446033251,-0.9615315570460133,27.068704265229655,2.6685795955167237,1,0,0
8.465566880017775,-0.7362842424341579,34.644594295579026,-1.1367016076359504,30.074367649645794,2.6866680719021105,1,0,0
7.775024738660207,-0.7063460066944842,32.99172841145409,-1.2509589019624479,32.9129515085619,2.642618349688503,1,0,0
7.188855193627177,-0.6594303731073736,31.419730191860225,-1.3069870813118591,35.52252691054329,2.546881232754214,1,0,0
6.6864523731074,-0.6023952210625894,30.002654946317236,-1.3177482848034472,37.8684094723361,2.417964436053926,1,0,0
6.242362093343829,-0.5418125516838203,28.773149831735793,-1.3028974313819475,39.948077056256,2.277903403446794,1,0,0
5.83455513115544,-0.4828271227487292,27.714427934108926,-1.2837784702630644,41.79577034021311,2.147098632614596,1,0,0
5.449532887476664,-0.4283776259086679,26.76027076463079,-1.27854256586335,43.48186368850641,2.0401857600408646,1,0,0
5.083922761878384,-0.37908794856412414,25.806335055197096,-1.2987169065596447,45.10287504919616,1.9640251551642536,1,0,0
4.743154599785953,-0.33382158377944504,24.73318378344402,-1.3477956699607347,46.76135665200134,1.9178937437891577,1,0,0
4.438245735757462,-0.29060491420775636,23.436989757701866,-1.4215641792343632,48.53969059137562,1.8950833242301939,1,0,0
4.181790620931096,-0.24753784013732058,21.859168636945526,-1.5094600668927072,50.47622525005444,1.8848879720970615,1,0,0
3.9841452530189656,-0.20341630678886843,20.004559345857643,-1.5964519375521249,52.55320306020444,1.8744090951196342,1,0,0
3.850639355832726,-0.15797940164397203,17.941773492252878,-1.6652954599267218,54.70146434843487,1.8502011315106643,1,0,0
3.7804032310298368,-0.11185342981996911,15.787013153973604,-1.6991915136136413,56.81924271463804,1.8000345528892212,1,0,0
3.7669836919706228,-0.06633177301648203,13.678549162808721,-1.6847189417514727,58.79695677722661,1.7148841432596356,1,0,0
3.800392063266756,-0.02309947951530944,11.749908558587677,-1.6145750147077507,60.53986129140945,1.5908525058290053,1,0,0
3.869738871036944,0.016056717948876552,10.10731616536357,-1.489361055177112,61.98387500361305,1.430381937924588,1,0,0
3.9653884636786927,0.04954660967112119,8.814419919060683,-1.3177087117832684,63.10322057808837,1.2421036073837315,1,0,0
4.079836869621133,0.07625506222374412,7.885994365929292,-1.11461020115906,63.910198084597695,1.0391830228852825,1,0,0
4.207250940604368,0.09573557578762718,7.291239610624359,-0.8985765649512374,64.44821564966567,0.836751148304424,1,0,0
4.342357800419862,0.10825049889949127,6.965558085174408,-0.6886119133775906,64.78004462930032,0.6493707610886219,1,0,0
4.4796113497301775,0.11463555873917812,6.827472228024959,-0.501737236932587,64.97423913404175,0.48921820054717957,1,0,0
4.613189978070167,0.1160388807425278,6.795671480662278,-0.35128501076405316,65.0932945772877,0.36509886986308404,1,0,0
4.7377589889061085,0.11364203712206944,6.80124750446123,-0.24586893157240014,65.18675419768228,0.28204897001460266,1,0,0
4.8494886809655355,0.10847282693232926,6.792430029032815,-0.18889929372883074,65.29066438811283,0.2412467535597898,1,0,0
4.946747650658537,0.10135787542026406,6.732536189261808,-0.1785822541778586,65.43204329688125,0.24008980388117607,1,0,0
5.030127678462222,0.09297736315431138,6.594466057723039,-0.20837521540126575,65.63486370224389,0.27242260993742207,1,0,0
5.101808834899387,0.08393513805861516,6.355730603336681,-0.2678578321892132,65.9237102782344,0.3289770325307586,1,0,0
5.164565138944425,0.07477521034572021,5.997001428640985,-0.3439306932884193,66.3226656201956,0.3980981120749817,1,0,0
5.2208296948070085,0.06593705848939635,5.505417068845773,-0.42219805881858435,66.84911368847743,0.46676157350585756,1,0,0
5.2721314319629755,0.05769731302558086,4.88180593116175,-0.48839844200632143,67.50427072867454,0.5218202671280977,1,0,0
5.318962730316329,0.050156935140229564,4.148893906132827,-0.5298319040319044,68.26400945934934,0.5514108975139976,1,0,0
5.360942081527369,0.043298237945415964,3.3563645477780852,-0.5367663572244581,69.07427569803751,0.5464341666945955,1,0,0
5.397129573800072,0.03708426177068134,2.5792669162753867,-0.5036743634359183,69.85436993274085,0.5018894771185358,1,0,0
5.426461811221344,0.031540864730833104,1.9084456089696005,-0.42997654681946074,70.50886705939381,0.4176963903478992,1,0,0
5.448317002060833,0.0267715087404369,1.4342171489427642,-0.3199974295871627,70.94615227202122,0.2986950046728708,1,0,0
5.463110057916381,0.02290386444245911,1.2268024854784585,-0.18212420834346404,71.09920536918985,0.15382459115785424,1,0,0
5.4726514526062005,0.020020570019207186,1.318986968977498,-0.02746534259998299,70.94260504941975,-0.005210014132069318,1,0,0
5.479973786252756,0.01813459141740168,1.6972359604463776,0.1315995249803578,70.49962952367459,-0.1654020612615028,1,0,0
5.4885447822113775,0.017223582765949173,2.3054427729741462,0.2827119943808782,69.83606373520614,-0.3138055263130724,1,0,0
5.501170076387567,0.017281796470483356,3.06056384772711,0.41461963472389696,69.04251664025308,-0.43877058893282594,1,0,0
5.519168430508401,0.018329775358166954,3.874240480132997,0.5181786571780919,68.21190931802865,-0.5311433154102729,0,0,0
5.542287995701386,0.02035150113269424,4.672359797581663,0.5874003632532563,67.42025508542248,-0.585460187532209,0,0,0
5.569365401459564,0.023184726443791704,5.406386860084169,0.6204236273054107,66.71631466961013,-0.6009217473721634,0,0,0
5.599279775926178,0.026437012407755846,6.05464195620857,0.6199805422781125,66.12116117006555,-0.5816871244778866,0,0,0
5.631614755642502,0.029500232519568216,6.616003720723683,0.5928873901782126,65.6347191179185,-0.5360911710198565,0,0,0
5.666625069243324,0.03167951472115362,7.100806118011022,0.5484901904270145,65.24460349386776,-0.47482816126064337,0,0,0
5.7044987170441175,0.032378850970668796,7.523223242031605,0.49654725576822045,64.93338757569812,-0.40867414014329884,0,0,0
5.744343910330315,0.031255538354062654,7.897041383227503,0.4453036450573677,64.68275827889572,-0.3465271216746345,0,0,0
5.78354710740706,0.02828731852410584,8.234316674756272,0.400334536153224,64.47515202500757,-0.2943019420806223,0,0,0
5.817965223599103,0.023751478380529534,8.545465751997256,0.36429498864898735,64.29423502764665,-0.25474863950878446,0,0,0
5.842956940215089,0.018149737181231272,8.839713037815201,0.3373231366217581,64.12516791659566,-0.2278949805925322,0,0,0
5.854843379242013,0.012115600786025027,9.12539624815534,0.31770422420771355,63.95498386867614,-0.21172344160432033,0,0,0
5.852238586700622,0.006325771336616981,9.409732221616409,0.3025290739544815,63.773295248803905,-0.202849740059483,0,0,0
5.836794559731473,0.0014197835174215357,9.697591842698444,0.288318702093224,63.573674774977704,-0.19719601935529454,0,0,0
5.813112127454815,-0.0020766459310593175,9.989235086941264,0.27171201414104756,63.35576931199317,-0.1907443941532847,0,0,0
5.787781077103574,-0.003824178367865727,10.277848360088157,0.25021586178244914,63.127369077824554,-0.18034426029873032,0,0,0
5.767756430410287,-0.003726121246114644,10.54851398157642,0.22281965383358654,62.90489017510329,-0.16436288531802462,0,0,0
5.75854174550453,-0.0019520634477288468,10.780228404159743,0.19021246226080707,62.71079808534277,-0.14292672968532544,0,0,0
5.7627806480964665,0.00107835496599904,10.951436816166748,0.15449923695886697,62.56770808347473,-0.117670008677743,0,0,0
5.779723439920446,0.004749014108978144,11.047624369821747,0.11855867757471401,62.49079242465935,-0.09114047710717443,0,0,0
5.8056957277539425,0.008336725527702527,11.067909576151067,0.08531721972665877,62.48153906341541,-0.06611306174482365,0,0,0
5.835322744764724,0.0111357756768669,11.02752087076341,0.057159911726847666,62.52571657182288,-0.04498652105761778,0,0,0
5.8630221363606125,0.012600716399526845,10.954724591205078,0.035544891091021213,62.596595162026475,-0.029307790226690146,0,0,0
5.884284700821254,0.012466112225712322,10.883178618445584,0.020762311761679086,62.66227000390596,-0.019406262320711676,0,0,0
5.89647938273184,0.010797318656149458,10.842407284207852,0.011760428666320877,62.694638694544935,-0.014144657220694513,0,0,0
5.899138833872243,0.00795307008157664,10.849447477356634,0.006057595964888663,62.677503867248376,-0.01085943657197106,0,0,0
5.893763594405556,0.004479577641318145,10.903962892486632,-0.00010954549366601896,62.61181227283639,-0.005617879522378644,0,0,0
5.8832028677616535,0.0009799785615953738,10.987851521776534,-0.011221794361246396,62.51673546213566,0.0061039663734533175,0,0,0
5.870753834657961,-0.0019983630075799397,11.069041102829956,-0.03147100696248373,62.42626151126778,0.028363803075680493,0,0,0
5.859254140736212,-0.004037399972094136,11.108200329470634,-0.06354643553138573,62.382198058939636,0.06357210967839536,0,0,0
5.850491504167124,-0.00488699514637716,11.066814121214406,-0.10763083766677681,62.425360268191625,0.11157488061402318,0,0,0
5.845122530380678,-0.0044830094910267345,10.915302927150947,-0.1609959642964526,62.58675623555742,0.1693256144437214,0,0,0
5.843038506284813,-0.002948537182652444,10.640014521580241,-0.21837425587681025,62.88023319278328,0.23126973389101693,0,0,0
5.843910701100313,-0.0005674482674535852,10.247714263131726,-0.2730146449560678,63.29799110068991,0.2903567456628565,0,0,0
5.847609431268069,0.002277828664398385,9.766098907540083,-0.3181270906429262,63.81038750068517,0.3394478982420054,0,0,0
5.854308738961976,0.005191621817375846,9.239487834392108,-0.34833772968754884,64.37076001168559,0.3727910094471582,0,0,0
5.864278222579031,0.007843028455688739,8.72022033371853,-0.3608089059322722,64.92450961174656,0.38720479305125083,0,0,0
5.877528385087118,0.010010920957157055,8.257705072215856,-0.35579097459782927,65.42030291876422,0.38269564431375047,0,0,0
5.893532121301945,0.011591811975894473,7.8877701964006945,-0.3365230641317353,65.82074049368784,0.3623994038968078,0,0,0
5.9111703589099704,0.012583606242067447,7.624823032595145,-0.30854416198202017,66.11010815341122,0.3319078293423843,0,0,0
5.928921788724011,0.013060136707959202,7.458725061891684,-0.27858179706011865,66.29740819870413,0.298147473721059,0,0,0
5.9452317399522485,0.01314242606472078,7.357393181172654,-0.2532528481928111,66.41371267869492,0.2680473344990787,0,0,0
5.958956626043758,0.012964673724003718,7.274783880262888,-0.2378531167596023,66.50422723175136,0.24728144331079135,0,0,0
5.9697467635209875,0.01263620507009051,7.162272643311525,-0.23550356522026306,66.61706939411376,0.23936349630394033,0,0,0
5.978210798347661,0.012211342828487659,6.980280936938897,-0.24681157333258738,66.79186223789576,0.24525660988830394,0,0,0
5.9857329996091835,0.011683429566801351,6.706959352463997,-0.27002122913692544,67.05123335667638,0.26348360087504263,0,0,0
5.9939249598190685,0.011009855112259003,6.3416891661225065,-0.3014890770451089,67.39732404485447,0.29059323271875714,0,0,0
6.003890435788023,0.010156952964698008,5.9026694200132255,-0.3363188166043557,67.81393788180362,0.32182245354416067,0,0,0
6.0156455495868215,0.009140390413327282,5.419654463074821,-0.3690801215113453,68.27330659257088,0.35186212322618926,0,0,0
6.028004654577984,0.008039849969694046,4.924610741225891,-0.39461492525142033,68.74494416216164,0.3757006160926153,0,0,0
6.039020339846601,0.006983327062368971,4.443834291440595,-0.4089168843708791,69.2033405258917,0.38950909027538216,0,0,0
6.046801269599229,0.006112026496789724,3.994205015129097,-0.4099373970359494,69.63193721413653,0.3914177867213624,0,0,0
6.050360530177031,0.005540222501015535,3.583982665149435,-0.3980071116213253,70.02284846401325,0.3818897551421571,0,0,0
6.050145263217928,0.005315670842260545,3.2161233907973212,-0.37555097887353384,70.37407555503991,0.3633979938298893,0,0,0
6.04804406897135,0.005379631545957863,2.891112093230106,-0.3460506737179244,70.68695314064958,0.3393739741271844,0,0,0
6.046853264577081,0.0055348816808574956,2.607585382104503,-0.3126494565966837,70.96541122389,0.31280957870539794,0,0,0
6.049327184829224,0.005446605371265889,2.3616180499092536,-0.2770639632672271,71.21622159627604,0.28515463553891324,0,0,0
6.057047144210628,0.004700811880177014,2.147159631277887,-0.23931585599885494,71.44791782010252,0.25602477111201266,0,0,0
6.0694418650464,0.002915337576118304,1.9591477258955763,-0.1983085609093848,71.66704633384272,0.22377792029570856,0,0,0
6.083353471386559,-0.00014347374416416868,1.7981161752590538,-0.1527961237565009,71.87303994921562,0.18653864460423222,0,0,0
6.09348639355926,-0.004498875509656841,1.673194658768324,-0.10214543585374543,72.05488688128084,0.14306701735301885,0,0,0
6.093809388400999,-0.00997988674246244,1.6010464551405477,-0.04655480825727807,72.19218492525665,0.09309247294898455,0,0,0
6.079513905938214,-0.01628282193432824,1.6008970560555866,0.013151510380305353,72.26062766697034,0.03718122266288333,0,0,0
6.048710525776286,-0.02302427325254115,1.6881621532323123,0.07573560253825065,72.23946200108223,-0.02347171407836015,0,0,0
6.003055313874782,-0.0297593356089493,1.8696577346926517,0.13943891015519796,72.11762331417977,-0.08698692390517238,0,0,0
5.947054397152456,-0.03598394640997071,2.1420372995317223,0.2016199178609071,71.89633595337985,-0.15050477176599486,0,0,0
5.886498965485941,-0.04116449416083867,2.493133153712307,0.25854203302754825,71.58803382290488,-0.21001596679380158,0,0,0
5.826804411685217,-0.04482327592131412,2.9045156566603936,0.3057044764919453,71.21320067931892,-0.2607013763819623,0,0,0
5.771848508956907,-0.04666295139891048,3.353536827447556,0.3387475220776494,70.797177094791,-0.2978351473460975,0,0,0
5.723514007286852,-0.046669593497890106,3.8143153538681247,0.35455921468180945,70.36799223155568,-0.317909612714837,0,0,0
5.6818414519508735,-0.045130766465771896,4.2586149890438065,0.35208710225134326,69.95472721334282,-0.31949672887292024,0,0,0
5.6455766291878575,-0.0425504096905243,4.658091220060001,0.33257577824472123,69.58517116143703,-0.3035529318230402,0,0,0
5.612884391949109,-0.039500217687592,4.988372276832081,0.2992905370518386,69.28227619350936,-0.2732035364000211,0,0,0
5.582014590797385,-0.03647185842726088,5.233754300050407,0.25698011853891245,69.06036587393386,-0.23323250945524876,0,0,0
5.551747649217063,-0.0337765651862,5.390528757206084,0.2112815766846893,68.92265602545056,-0.18945168412665225,0,0,0
5.521550300247213,-0.031508118555200325,5.4677950819789345,0.1680945806781736,68.86080663514944,-0.14796710034991065,0,0,0
5.491496788610021,-0.02956767980294046,5.486038524230693,0.13284902507610213,68.85599845890466,-0.11430625029328781,0,0,0
5.462085827412608,-0.02773872991264028,5.474316842049518,0.10966397180900174,68.88087558476643,-0.09248574167000641,0,0,0
5.434082857094907,-0.025784422155361142,5.466352594294449,0.10058298100788647,68.90266025352447,-0.08427142179394594,0,0,0
5.4084328217348485,-0.023527345713222302,5.495261160649861,0.10519377991705596,68.88832122805657,-0.08893759675517288,0,0,0
5.386164653921469,-0.020882176876926905,5.587105239804828,0.12084783964968579,68.81166471040994,-0.10366859011652138,0,0,0
5.368189330061455,-0.017842252916184975,5.7547309381500185,0.1434086977573031,68.66031374473697,-0.12443155835982225,0,0,0
5.3550401703954975,-0.01444701299963782,5.994202086910946,0.16819353205781057,68.4395619755699,-0.1469125146116795,0,0,0
5.346741133665162,-0.010760865757008275,6.285692099220967,0.1907567249199488,68.17098990638213,-0.16716231564184056,0,0,0
5.342925880447794,-0.006877971802326499,6.599007153702942,0.20739640280950197,67.88597012428535,-0.18191216181053277,0,0,0
5.3431277710853635,-0.002942653795918204,6.901882059551966,0.21550338016292728,67.61649105155122,-0.18879092080260307,0,0,0
5.347026658613643,0.000843120760394811,7.167973844808799,0.2138821613332979,67.38687331278787,-0.18664153780709966,0,0,0
5.354477169842525,0.00424740700363202,7.381884091249006,0.20297842793715404,67.20925242834802,-0.17585018433939012,0,0,0
5.365303139071642,0.007063800363130213,7.540316622389469,0.18479052203055346,67.08353863541915,-0.15838427371290606,0,0,0
5.3790062837756665,0.00916316356053386,7.650294962279133,0.1623131176242211,67.00041202003054,-0.13730592732215713,0,0,0
5.394595861525417,0.010512335626529534,7.725926853137807,0.1386160165318003,66.94524933233895,-0.1158241753611378,0,0,0
5.410663400097775,0.01115249061300716,7.784515217521559,0.11590476056044849,66.90181190134307,-0.09624769142433251,0,0,0
5.4256781740268,0.011152998439924034,7.84210730721648,0.0949662445423698,66.85571923844084,-0.07930492885833758,0,0,0
5.438372769270501,0.01056900347875711,7.9088232754631775,0.07521457266086742,66.79793063316056,-0.06413128008602201,0,0,0
5.448049236713089,0.009426910123913501,7.985167319020945,0.055224302668239036,66.72772837067397,-0.04886295754717764,0,0,0
5.454652677215435,0.00774452948523816,8.06092966515645,0.033399560443446316,66.6540141373079,-0.03146299359848399,0,0,0
5.458556643012884,0.0055735962589352536,8.117636290232497,0.008458961103728768,66.5938240242045,-0.01037212100853253,0,0,0
5.460167204630096,0.0030421393388039065,8.13402981785768,-0.020337114493958097,66.5679396274878,0.015179743833849102,0,0,0
5.459572240310777,0.0003731675150376645,8.092559649071859,-0.05307842110146197,66.59490905994737,0.04510406395183395,0,0,0
5.456451578628048,-0.0021382138065746403,7.984290566713597,-0.08908276907323795,66.6857820840457,0.07847075321290334,0,0,0
5.45033182411477,-0.004190122191647561,7.810516464175095,-0.12678965505501766,66.84152812225362,0.11356978200491881,0,0,0
5.441084793485814,-0.005553931647901323,7.581144072581978,-0.1638256877476337,67.05360933968156,0.1480852326692883,0,0,0
5.429409849177176,-0.006122205238413869,7.3113230962018605,-0.1973690958052373,67.30675987795918,0.1794540909467429,0,0,0
5.416990631204754,-0.005893079693547065,7.017995584730798,-0.2247769234722739,67.5826381652896,0.20538681814850007,0,0,0
5.406148014796614,-0.0049034839755066175,6.717270768470769,-0.2442413282728694,67.86342619072316,0.22438225160626643,0,0,0
5.399113360736422,-0.003161151340047752,6.4226727876801135,-0.25514539412978365,68.13486646400078,0.2359761674336255,0,0,0
5.397334590628745,-0.0006295013455044796,6.143945332180124,-0.25790424602511164,68.38836493367192,0.24054605737322277,0,0,0
5.4012364076946255,0.00271183140519895,5.886260583134941,-0.253373433296332,68.6218078089728,0.23875482507540086,0,0,0
5.410537400555711,0.0067589146385799385,5.650146366343165,-0.2421715511538153,68.83873157601003,0.23095432888867434,0,0,0
5.424840065227571,0.011196902607554193,5.43283662541576,-0.22428109231970553,69.04554375838195,0.21687236808280944,0,0,0
5.444036810659725,0.015502102145063645,5.231474003923978,-0.19906806344386752,69.24698869598585,0.19568735342323293,0,0,0
5.4682031075378035,0.019049497638252432,5.047409739618658,-0.1656110613116013,69.44115759043557,0.1663664624891652,0,0,0
5.496998995562976,0.021278917813938848,4.8896075846637075,-0.12313742009397828,69.61630316684592,0.12807504721334909,0,0,0
5.528959657280296,0.021841524681251202,4.775184661533743,-0.07142918827271102,69.75136184611769,0.08054557287862281,0,0,0
5.56116903624725,0.020663154142349073,4.726590134032094,-0.011169164395928988,69.82029972495549,0.02440099467121968,0,0,0
5.589608337118946,0.01790721543078888,4.7665621745641005,0.05576184791890597,69.79853108889243,-0.03854731680446548,0,0,0
5.610123768768133,0.01387507252254352,4.912571131240341,0.12609307655440177,69.66911540580541,-0.10509112271100207,0,0,0
5.6196516545071376,0.008915671898509458,5.171968700407831,0.19524912677535156,69.42726353775903,-0.17069045014697792,0,0,0
5.617168941979202,0.0033976363789363973,5.538454722383875,0.25788968875140483,69.08274152272223,-0.23000196991526423,0,0,0
5.603912219535459,-0.002265445760988882,5.99045510460482,0.30887229603256683,68.6600705903373,-0.2778555619237551,0,0,0
5.58278753588516,-0.007596407678518347,6.492404769467996,0.3443134021471764,68.19607746887583,-0.31036198602241427,0,0,0
5.557359826522898,-0.012095434137891914,6.9999010073721735,0.36231667237923515,67.73425308896579,-0.32569970926812175,0,0,0
5.53097535935234,-0.015340962777494837,7.468504472177756,0.36313353230441975,67.31628346769328,-0.3243046837307503,0,0,0
5.5063051996704075,-0.01710083888659426,7.863907621859411,0.34884590018160394,66.97280622688014,-0.3085283085940006,0,0,0
5.485204959462067,-0.017390419936026545,8.169724155503857,0.3228450235139519,66.71667986473135,-0.28205043826291104,0,0,0
5.468653995740027,-0.016442537778111443,8.389728898356452,0.2893187555903921,66.54153399621121,-0.24929138316398963,0,0,0
5.456714140993185,-0.014607722125772682,8.543906454284539,0.25276444198716064,66.42606856849791,-0.21486465084036865,0,0,0
5.448643265641195,-0.012246415516663944,8.66042770222387,0.21741257185483107,66.34198045181903,-0.18297114764313563,0,0,0
5.443264742618936,-0.00967039771734619,8.766904957523394,0.18650595573136144,66.26223714009312,-0.15668716544610106,0,0,0
5.439486841754345,-0.007137976018660197,8.883642660508741,0.16159252221646483,66.1671567586974,-0.13729219976807486,0,0,0
5.436710314627433,-0.0048576919270416855,9.020049189339602,0.1421586358878173,66.04743096047214,-0.12393461192872905,0,0,0
5.434895671356259,-0.002960869370954811,9.174026725920484,0.12585676111404923,65.90454161253443,-0.11387109730580676,0,0,0
5.434271382178878,-0.00145531037249782,9.33356402949137,0.10928178057577753,65.74941181323227,-0.10324637567717616,0,0,0
5.434925439483806,-0.00021043300387191266,9.47983284402406,0.08896916990956924,65.59988422919939,-0.08811254208564492,0,0,0
5.43662804019165,0.0009908059079734243,9.59131051438203,0.06225265289765218,65.47733374544406,-0.06533564331522826,0,0,0
5.439045302030479,0.0023470390473363523,9.648296509496944,0.027803851698578796,65.40282302315315,-0.03319769305167597,0,0,0
5.442161037268207,0.003935721309343876,9.636724260042314,-0.014136102349240787,65.39360481172615,0.008316316251091393,0,0,0
5.446538935602476,0.005674572510967835,9.550119401319563,-0.06178455387835413,65.46085503096258,0.0575085391267038,0,0,0
5.4531728016986705,0.007376703513926941,9.389431486499916,-0.11211406120017528,65.60888070694084,0.11124593601365688,0,0,0
5.4629572322277085,0.008869711737946772,9.161681177494529,-0.16143744411409527,65.83517982818064,0.1655418442460757,0,0,0
5.476067527720872,0.010100966872558103,8.878688165847194,-0.20620812226354843,66.13059412298306,0.21636198969592896,0,0,0
5.491641396465937,0.01115696409727036,8.556181187136943,-0.2438256835621715,66.47962700380147,0.2604416452393735,0,0,0
5.508038417318147,0.012184860697809085,8.212423417489617,-0.2731537480958949,66.86187117336884,0.29583511604178625,0,0,0
5.523622556863273,0.01327071076876507,7.865458402883107,-0.29452318259349397,67.25530267166015,0.3220008948385697,0,0,0
5.537637708917231,0.014354237465066432,7.529229291746546,-0.3092358798822502,67.64095364240335,0.3394528476364229,0,0,0
5.550614943003183,0.015234679854091836,7.2100396738752295,-0.3188674991450213,68.00723947554688,0.34924412884727474,0,0,0
5.564009644246298,0.01566492011953926,6.905186779083365,-0.32475451530396526,68.35195597214401,0.3525989491251352,0,0,0
5.5792460432901265,0.015474627166234711,6.604887575384623,-0.32785057110643406,68.68086397934827,0.35081285363748693,0,0,0
5.596715176349335,0.014645923691331575,6.297072687677414,-0.32883696405090745,69.00340918330507,0.3452875995797939,0,0,0
5.615304030768627,0.013303410054464847,5.973006186044316,-0.3282443167141523,69.32762111665339,0.337489989578566,0,0,0
5.6327167289162645,0.011644392271529113,5.6311430128075415,-0.32645591897990156,69.6565836142344,0.32876459329930297,0,0,0
5.646387668128284,0.009871083728037888,5.277675476072602,-0.3236528593184659,69.98775554017634,0.32011601084115854,0,0,0
5.654497654231463,0.008168560668526937,4.924053776980543,-0.319837705264905,70.31474716916678,0.312128539099038,0,0,0
5.656656657407922,0.006723083104861871,4.583015235741584,-0.31498700893800874,70.6302025674458,0.3050781356629642,0,0,0
5.654081631632522,0.005738042200286486,4.26467010194753,-0.3092217039635813,70.92859957539638,0.299115678472117,0,0,0
5.6493257802835615,0.005406634207221828,3.973511080690571,-0.3028020069293163,71.20839958395847,0.2943135128538955,0,0,0
5.645695250931567,0.005839125863064965,3.706809726434315,-0.29585970923830446,71.47324136313439,0.2904690546812191,0,0,0
5.646476874338745,0.006987629891445124,3.455017486004536,-0.2880165313940779,71.73164533597792,0.2867893670748572,0,0,0
5.6540955983522,0.008622703260628839,3.204855648041601,-0.27818265098294004,71.99456596802624,0.28173062943979515,0,0,0
5.669370372840845,0.010383127726328212,2.944986116751153,-0.2647205288548733,72.27075624519235,0.2731800626978469,0,0,0
5.691107987546914,0.011875286161796339,2.672545920424497,-0.2458837862149224,72.5612741610466,0.25891751149792414,0,0,0
5.716263967042735,0.012777241536782924,2.397510162131823,-0.22025774704268314,72.85564921092491,0.23710696204228726,0,0,0
5.740724686837751,0.012908032630159027,2.142227267151142,-0.18699340722649538,73.13205346356473,0.20659692880531963,0,0,0
5.760487934671204,0.012241862421228688,1.9358099471928512,-0.14584879108120816,73.36200319442428,0.16700170856457533,0,0,0
5.772834493250485,0.010872736209597634,1.8058322397983062,-0.0972144432216993,73.51777469037562,0.11871152918962195,0,0,0
5.777098195651391,0.008956512913340476,1.7709336102637394,-0.042270167511263425,73.57946920438134,0.06299021670560592,0,0,0
5.774775577233157,0.006658379596640884,1.8368756541693614,0.016768149699822744,73.53921065118759,0.0021576691458903953,0,0,0
5.768895498551032,0.004117613952551835,1.9965295751924543,0.07654496280362082,73.40166242162367,-0.06034080039316052,0,0,0
5.762822960448176,0.0014297572435481242,2.232711215824608,0.13285778288372257,73.18168125992246,-0.12021809163734076,0,0,0
5.75893550197425,-0.0013527966201735352,2.5222844416385186,0.18138759910409732,72.9006584122484,-0.17303661105549964,0,0,0
5.757691783513323,-0.004201849350454268,2.8402274174227244,0.21861809152255632,72.5828508525055,-0.21508993027432838,0,0,0
5.757440106568254,-0.00708763985773544,3.1629597901680313,0.2425741683163821,72.2522412069933,-0.24413394126322033,0,0,0
5.7550222592732325,-0.009965233190806088,3.470805095988368,0.2531440952775313,71.92987254719132,-0.2597363708901355,0,0,0
5.7469599684694685,-0.012781653825238947,3.7496859382338243,0.2519775470238173,71.63163708386928,-0.2632189898467857,0,0,0
5.730815999745943,-0.015493237815792326,3.9920131550238693,0.24207735113515697,71.36687538763233,-0.2572910530454095,0,0,0
5.706221797074036,-0.01807128473483317,4.19667529342756,0.22719694216828118,71.13812979174914,-0.245479875193206,0,0,0
5.675123245325096,-0.02047705318512385,4.368316606944674,0.21111987643100746,70.94184694228623,-0.23143341873525855,0,0,0
5.641078960298643,-0.022606245686188232,4.516305045430627,0.196908861536825,70.76947252315581,-0.21817083396002204,0,0,0
5.607890582290253,-0.0242341026643345,4.653484727176178,0.18626773949270756,70.60877072946836,-0.2074126425258413,0,0,0
5.578222654625918,-0.025013854852052476,4.79425386332133,0.17921219410883965,70.44585966031634,-0.19920404442569578,0,0,0
5.5529212516620845,-0.02456630231829564,4.951426181732799,0.17421900793605544,70.26851666515292,-0.19204884683211673,0,0,0
5.531377649706371,-0.022642567766943955,5.132048405536281,0.16886369304857568,70.07053286739308,-0.18359386936275826,0,0,0
5.5126812326298875,-0.019279361795507554,5.3334824909154435,0.1607187660410659,69.85574612193291,-0.17160791714032655,0,0,0
5.496821419948944,-0.014848491376498884,5.541807879322221,0.1481465765689535,69.63959663961232,-0.15482199879166103,0,0,0
5.485152976562986,-0.009954908834963305,5.734203234384424,0.13071432884490833,69.44638691931117,-0.13330785740185433,0,0,0
5.479796119404597,-0.0052297944214757305,5.885312223913317,0.10921049130511022,69.30219109812155,-0.10837606056034872,0,0,0
5.482329627370021,-0.0011318788039602623,5.975504267355333,0.08543432496947503,69.22576777088297,-0.08221662459565096,0,0,0
5.492594046533654,0.0021379126349089007,5.997770811120162,0.061925918666130994,69.2212525352392,-0.057521442589640516,0,0,0
5.50834149394062,0.0045812715194131215,5.960628015625261,0.04165424511015629,69.27569215544982,-0.037159354422777825,0,0,0
5.525924710411161,0.0062698385535256305,5.8863587763724325,0.027547025856091523,69.36209905471286,-0.023788504978136872,0,0,0
5.541602463622482,0.0072370660260475,5.805769431427549,0.021766268414326363,69.4463504191964,-0.01925731269734854,0,0,0
5.55275677605546,0.007462730737580614,5.751307592197591,0.024829141305207258,69.49531844149668,-0.023827815320981927,0,0,0
5.558493947824019,0.006942773173874173,5.750024942017006,0.034920333414574144,69.48415257770513,-0.03553190108741546,0,0,0
5.5595198054842,0.005776694978074204,5.817278137883136,0.047825416815859965,69.40171158983095,-0.050094814733631664,0,0,0
5.557523636823461,0.004199196915658376,5.951865918527687,0.0577008247964784,69.25381379233768,-0.0616709222635734,0,0,0
5.554423426780403,0.0025288672237550715,6.13360363696539,0.05849255268376652,69.06391294491173,-0.0642358107987974,0,0,0
5.551757359108763,0.0010659042051941014,6.324707601501075,0.04551212834838196,68.87044876000881,-0.053156138210289326,0,0,0
5.550360996314396,5.742464139757431e-07,6.476024979278762,0.01667094371141644,68.72030438790289,-0.026421964299089495,0,0,0
5.550333463097203,-0.0006207534548209992,6.537636263590045,-0.0269063112993436,68.65898293281408,0.014767396237442654,0,0,0
5.551213382648712,-0.0008650059527241183,6.471284303210098,-0.0809296498169644,68.71974094672488,0.06611744310609993,0,0,0
5.552261505674423,-0.0008440205074080609,6.260890714911369,-0.1385619312223895,68.91478903709351,0.12094163539056524,0,0,0
5.5527625185196,-0.0006467730371412017,5.9180170293117556,-0.19147984199659476,69.23109879850578,0.17128205301671073,0,0,0
5.552286413275809,-0.0003023355583550824,5.48096182902357,-0.23124484871726736,69.63182654007956,0.20926624851298642,0,0,0
5.550869745956959,0.00021518254811070392,5.007981639713492,-0.25081844570128453,70.06288602089195,0.22850813512686158,0,0,0
5.549083431749381,0.0009490568589100689,4.5662466063037925,-0.24597202654668707,70.46323014624333,0.22532323093759601,0,0,0
5.547955696408991,0.0019143762533829546,4.218805216999442,-0.21625669834972996,70.77673347507884,0.199494454188536,0,0,0
5.548734003525212,0.003073038300532005,4.012259114328401,-0.16522787078691578,70.96311124513868,0.1543748094498568,0,0,0
5.552512821795503,0.004345688130888448,3.9678405222659165,-0.09982453100747932,71.0053857391715,0.096284826828537,0,0,0
5.559824031686304,0.005651179791287575,4.077915998123174,-0.0290846623886722,70.91221524219004,0.03337161608802717,0,0,0
5.570357145182541,0.006942271255036303,4.308717319712798,0.03744655743432048,70.71468548861024,-0.02578788731568693,0,0,0
5.582991888679743,0.008210531290109202,4.608612007042211,0.09126970759804323,70.45853713159208,-0.07357067010029539,0,0,0
5.596219399828485,0.009461549211957276,4.919771719236962,0.12621072236117784,70.19394706679115,-0.10447734242410149,0,0,0
5.6087982111886845,0.0106843599999209,5.190115205136848,0.13928045958964788,69.96554270095983,-0.11593220411300535,0,0,0
5.620292458507322,0.011838670583902911,5.382447214056697,0.13099494209868254,69.80500714773508,-0.10857582296932264,0,0,0
5.631188744650473,0.012870284851075553,5.478943682284225,0.10505705402313055,69.72752344524038,-0.08594377654174537,0,0,0
5.642571188528564,0.013749900423525219,5.48091244061122,0.06738528740351768,69.73196005083783,-0.05352141181472518,0,0,0
5.655577603524421,0.014512228822017904,5.40506371022488,0.02465469820531041,69.80378920400862,-0.01735067913220405,0,0,0
5.670899527634532,0.015261002571305938,5.277789943252742,-0.017262507771738454,69.91962750947827,0.017418139522652608,0,0,0
5.68852688019706,0.01612263818736608,5.12848653835448,-0.05444534751952403,70.05277747677259,0.04754107795705522,0,0,0
5.707856149417793,0.017172840534149712,4.982570193747975,-0.08527109423824157,70.17947137046299,0.07192347438392802,0,0,0
5.728114176899922,0.018384852939641406,4.855158989095315,-0.10993278546224303,70.28503034027004,0.09110477972446915,0,0,0
5.748829425541544,0.01962803648680591,4.747146641519578,-0.1294859861056949,70.36812846201768,0.10633602908201852,0,0,0
5.770024593062345,0.020706132560469825,4.645661729941608,-0.14493047979486845,70.44095348053038,0.11871244749921459,0,0,0
5.792020863848819,0.021406138408897844,4.529736271674281,-0.1566680138256757,70.52424189157436,0.12866962604481955,0,0,0
5.815037274046887,0.02153638019406969,4.3796158276617945,-0.16437468863804555,70.63857124248507,0.1358756528457093,0,0,0
5.838851553396623,0.020947181876198328,4.186052579554271,-0.16712340022915556,70.79532034165801,0.13935729573683772,0,0,0
5.862638929129119,0.01954047735996909,3.9557589122761954,-0.16359080491665168,70.99091367900077,0.13769819337996408,0,0,0
5.88496091172351,0.01728241844548393,3.711109804995985,-0.15231263292830305,71.20632376992647,0.12928305638639587,0,0,0
5.903890682137757,0.014223822349612192,3.4847396519740244,-0.13205757301950172,71.41153400522968,0.11266634992103093,0,0,0
5.917327968179777,0.010509766462092784,3.3113361914564194,-0.10235840808033743,71.57304432783137,0.08709644010560283,0,0,0
5.923518950499613,0.006353133191539939,3.2192509399287985,-0.06407621110525241,71.66201227406968,0.053062233089005414,0,0,0
5.921653609996383,0.0019757449763872616,3.224020312236547,-0.019718418380767842,71.66095902588164,0.012603407842144065,0,0,0
5.912262816558467,-0.002445670778527642,3.325085999746591,0.02674761379556543,71.56761697974069,-0.030833154792384222,0,0,0
5.897118528469747,-0.006794941824684031,3.506152190870907,0.07061994783159661,71.39520629263039,-0.07301331465274075,0,0,0
5.878568605962286,-0.010995137090391438,3.7388537166092704,0.10749483109339764,71.16919357337513,-0.10982298830386697,0,0,0
5.858609003160495,-0.014977033713591936,3.988868395746593,0.13425541154228,70.92135442007945,-0.1381738706255078,0,0,0
5.838182221343843,-0.018657557412139168,4.22323505023185,0.14972438072878588,70.68258213107693,-0.1566517394535481,0,0,0
5.81701149347667,-0.021931962911908444,4.417309283311951,0.1548281925055946,70.47619062339906,-0.16575201608775386,0,0,0
5.793939311233842,-0.024677588820766518,4.559687962908001,0.15225244143263836,70.31330412219101,-0.16764993308888448,0,0,0
5.767557631043857,-0.026767633199501973,4.6538903068792195,0.14567324575508706,70.19130562157629,-0.16554322197518162,0,0,0
5.736943376378221,-0.028093295617482285,4.716494747216657,0.13873542591885127,70.0954948795342,-0.16269757019023814,0,0,0
5.702333980877299,-0.028591519645303265,4.772302237292493,0.13401644957815506,70.0034388650041,-0.16142047507033225,0,0,0
5.665486928350802,-0.028270421057264628,4.8476104140729745,0.13225628810690893,69.89111764885185,-0.1622600987306214,0,0,0
5.629442196474727,-0.027216887053450024,4.9628846484217775,0.1321119243955735,69.73977407287857,-0.16371808769875998,0,0,0
5.597635649787463,-0.025574979569721278,5.126207975797783,0.1305578404102036,69.54221787147274,-0.16262602581406044,0,0,0
5.572693806707463,-0.023506533712540544,5.3290328915281435,0.12380464446154064,69.30714966937613,-0.15507811597261423,0,0,0
5.555478010771196,-0.021167087911024396,5.545797931300939,0.10837100365565391,69.05998114377071,-0.13756110513252792,0,0,0
5.54484262294217,-0.018721730438447538,5.738428527267686,0.08189201752222601,68.83900974641146,-0.10784404309040099,0,0,0
5.538189515536629,-0.016385944012402832,5.865266367010037,0.043441284315983354,68.68704386405041,-0.06535648290295626,0,0,0
5.532492293918452,-0.014444283765885756,5.891936751494626,-0.006544471012337283,68.64052446185015,-0.01109141930334374,0,0,0
5.525272497267977,-0.013210139543095068,5.8002047837731965,-0.06644651736791615,68.71988382820892,0.052690298252574055,0,0,0
5.5151166764928234,-0.012933741302272494,5.591222412514753,-0.13350758409373498,68.92499843410009,0.12266563348582053,0,0,0
5.501627488226774,-0.013704364696488369,5.282023257232808,-0.20374314669478366,69.23755281982228,0.19449271395606615,0,0,0
5.48499935881587,-0.015398568435152526,4.897439938298405,-0.2719828026740288,69.62885987984514,0.2628998946601172,0,0,0
5.465534254356513,-0.017697445714725292,4.461742802118621,-0.33237017692591453,70.06912085399848,0.32215063701397356,0,0,0
5.443356393684738,-0.020154912885162447,3.9939570505907938,-0.3794319198976083,70.53380600423434,0.3670387725064842,0,0,0
5.418434363806313,-0.02227958176433873,3.5083664643531023,-0.40941267675839155,71.00490828333137,0.3941615002877114,0,0,0
5.390856938590645,-0.023607066174065494,3.0186005005273984,-0.4212464290198653,71.46800869301264,0.4028654978380956,0,0,0
5.3612150583893765,-0.023763590044062255,2.5415645977508916,-0.4166011225357664,71.90855023419014,0.39528740551718045,0,0,0
5.330943165066827,-0.022525873977579637,2.0976175525185425,-0.3989247205299208,72.31091218691499,0.37537406139673235,0,0,0
5.30247667962459,-0.019867603979894,1.7060780161892808,-0.372002058616269,72.66149883108604,0.3473626192856301,0,0,0
5.2790460147521685,-0.015973113117283333,1.3787581223160998,-0.3387761363423394,72.95365341248105,0.31449251406829715,0,0,0
5.263991587786151,-0.011206988219811365,1.1160120318751439,-0.30094148342071636,73.19042687499409,0.27851289822313274,0,0,0
5.259740619040073,-0.006047879344102114,0.908192732999197,-0.2592956559851089,73.38260049381246,0.24002009200223143,0,0,0
5.266858214557573,-0.0010138725341349187,0.7417222159559316,-0.21441121901176813,73.54274704685479,0.19919489444021962,0,0,0
5.2836252625119045,0.0033903311453812534,0.6061956871673999,-0.167124010453162,73.67873114491731,0.15640653655916595,0,0,0
5.306364481608199,0.006699342190577795,0.4989516301459389,-0.1186190622776678,73.7900372655627,0.11242407624960152,0,0,0
5.3303781451496235,0.008516976485798012,0.4256439406763093,-0.07028315632747706,73.86820961303495,0.06836731122628237,0,0,0
5.351076333048027,0.00858680884077927,0.3974524076332102,-0.02366763732828332,73.90049917859234,0.025707459880513282,0,0,0
5.36484647652064,0.006899729320858227,0.4263774479869227,0.019267935340094765,73.87497755250665,-0.013534711639559304,0,0,0
5.369470101530368,0.003781777241503903,0.5198873934126027,0.05581968632392886,73.78573959358205,-0.04657087220597304,0,0,0
5.364215779610149,-0.00011140643466234224,0.6759265590413293,0.08251707307078818,73.63732652474387,-0.06996024704599221,0,0,0
5.349859676193944,-0.003928555070791618,0.8793356585923107,0.09568601723517958,73.44750147379922,-0.08026364268558268,0,0,0
5.328737912248656,-0.0068481381204477994,1.1008720864001447,0.09247624028492538,73.24725337741687,-0.0750754576909145,0,0,0
5.304675986972612,-0.008300556369353274,1.2999190791952202,0.07189926353441507,73.07703832479505,-0.05397853849851231,0,0,0
5.282511198165281,-0.008091145331061967,1.4313664178752816,0.03541231115782608,72.97912867445739,-0.018984401833736796,0,0,0
5.267078930900283,-0.00638403807348169,1.4558118024977347,-0.013132719416280737,72.98740083870688,0.025673634420513736,0,0,0
5.2618967639451455,-0.003581303318992468,1.350406343525563,-0.06804087938008223,73.1174550361258,0.07420386110238723,0,0,0
5.268070769354495,-0.00017620645159723835,1.116445042977361,-0.12257840776752715,73.36071379360722,0.12009575017758323,0,0,0
5.28393502321002,0.003351781346754024,0.7805005595651835,-0.1698687552486618,73.68513353416928,0.15698980977510074,0,0,0
5.305629720795551,0.006586415058308148,0.38856019924979535,-0.20383970994789707,74.04247593778719,0.17957651990181206,0,0,0
5.328402746420224,0.00920469185348054,-0.004482234759493053,-0.2202044563921703,74.37936513576774,0.1845211919818354,0,0,0
5.3480976116779715,0.011025816210475626,-0.34644841908296087,-0.21737461916637954,74.64845897557505,0.1712883449194834,0,0,0
5.362255725716196,0.012073731156516488,-0.5978154660864732,-0.19706336552523993,74.81715147516788,0.14260322013550705,0,0,0
5.370540137555693,0.01260656982630053,-0.7384780202837504,-0.16424474271895093,74.87280352381318,0.10424233090597568,0,0,0
5.374558116700086,0.01306992700084635,-0.7706781460464214,-0.12624036093833838,74.82434059427574,0.06398451861286106,0,0,0
5.377337093005039,0.013971102732337214,-0.7179343891660608,-0.09105955522335592,74.70028428790171,0.02989512664412075,0,0,0
5.38263407551031,0.015712987450737615,-0.6202273117268362,-0.06552659662577724,74.54348723748087,0.008480956252853389,0,0,0
5.3941364676175,0.018449264928892716,-0.5260023842121484,-0.05385872983495119,74.40313710266697,0.003354792364038417,0,0,0
5.414634293218484,0.022020336373738302,-0.4819030498182002,-0.05709501675656412,74.32497872029789,0.014780282566476899,0,0,0
5.445340748118923,0.02599717489825366,-0.5220353529837638,-0.07334813463376832,74.3414272042284,0.04004386829518012,0,0,0
5.4855326209276,0.02981203434218003,-0.6597482010172655,-0.0985690321283144,74.46417469829628,0.07432191898649307,0,0,0
5.532590260966899,0.032921121197092874,-0.8850357174324728,-0.12747825513967115,74.68200689921544,0.1116866064421231,0,0,0
5.582459089453579,0.03494082614248413,-1.1687656336521144,-0.1544427368649977,74.96495430083264,0.14603367322210375,0,0,0
5.63051188653823,0.03571579469016086,-1.4719593666214337,-0.17424653115924543,75.27324220676498,0.17188272278522732,0,0,0
5.672678460121887,0.03530127638445464,-1.7563684673295654,-0.1828105101054703,75.56755978414067,0.18509038627886126,0,0,0
5.706548304975968,0.03387455274779683,-1.9927169405627723,-0.17787061010319719,75.81715035232294,0.18347228410470962,0,0,0
5.732042336935152,0.031625608777261505,-2.164654680376813,-0.15945371156286967,76.00382396970191,0.16718983773999696,0,0,0
5.7512944145191085,0.02868837701257121,-2.2684676958046026,-0.12988084267842623,76.12196433051925,0.13867475673425816,0,0,0
5.76764705706303,0.02514160479702241,-2.3100081508729033,-0.0931572132627025,76.1758825830865,0.10198506254441497,0,0,0
5.784086275596891,0.021055341800153827,-2.3007414540157356,-0.053923431533357304,76.17615004527549,0.061772976822857116,0,0,0
5.801788708700215,0.016529807684656818,-2.254285316645962,-0.016380877580637332,76.13607307569625,0.022264981565984953,0,0,0
5.819474031092611,0.011688649572597853,-2.183844144216735,0.016428023317529038,76.06875446655802,-0.01338728573100525,0,0,0
5.833875137423803,0.006632034021012601,-2.1003377662791394,0.04284723041088654,75.9848049262768,-0.04328269714675344,0,0,0
5.841065304539768,0.0013936075242838796,-2.0111936819550067,0.06244628237501644,75.89097197499355,-0.06661352130356306,0,0,0
5.837976536968455,-0.0040495029889385135,-1.9201772431359387,0.07567076683017575,75.79020959980052,-0.08338105320172814,0,0,0
5.823434800701946,-0.009700697636637301,-1.8284367073874819,0.08346203229657476,75.68327749501289,-0.09410426051098283,0,0,0
5.798362677145278,-0.015441990392687899,-1.7361823762679478,0.08691138315693223,75.57099699823438,-0.09953770811158336,0,0,0
5.765230489761947,-0.02097439844915101,-1.6440048720544382,0.08695282461250713,75.45582911748362,-0.100384876608166,0,0,0
5.727152027173645,-0.0258503543738172,-1.5533004825711458,0.08412130090325007,75.34207205106922,-0.09705127626368437,0,0,0
5.687079299230518,-0.029596868342463268,-1.466121131049988,0.07848401954255166,75.23510744016566,-0.08956842552980789,0,0,0
5.647368804773336,-0.031878873629857196,-1.38517148507664,0.06985973934515641,75.14069599458041,-0.07781210031432124,0,0,0
5.609730046601101,-0.0326323651454203,-1.3143158980916638,0.05827270206723227,75.06490570047636,-0.06196100631060517,0,0,0
5.575371593685631,-0.03211044100594194,-1.2591247572466386,0.044354785950631026,75.01429216363995,-0.04290828776803153,0,0,0
5.545096621115135,-0.030819326855650787,-1.22635348652949,0.02937019250749131,74.99528771969547,-0.02229185238240916,0,0,0
5.519187800669883,-0.029363895824809562,-1.2215798496843746,0.014799317873097096,75.0120885966573,-0.002062366858828568,0,0,0
5.497111149247743,-0.02826067320043535,-1.2457096867151591,0.0017830447739513033,75.06366743190684,0.016122885955078915,0,0,0
5.477258267085858,-0.027792175156324105,-1.2926345167616375,-0.00912601831171429,75.14191412055406,0.031230805240750215,0,0,0
5.457037221205439,-0.02795657446834099,-1.3503029469795251,-0.017678302078113006,75.23291059365953,0.04266488027848823,0,0,0
5.433513068925549,-0.028518693746686096,-1.4053073038401749,-0.023315564646530618,75.32144838248094,0.04974091710571713,0,0,0
5.404472567226165,-0.029120935115065548,-1.448290683310475,-0.02475845141104287,75.39633629971645,0.05131506318905963,0,0,0
5.369447053210095,-0.029395940307659886,-1.4764316681937828,-0.02024498621129709,75.45300404698791,0.045982483939440044,0,0,0
5.330164301917691,-0.02904178233150532,-1.4910989188727939,-0.00840579539480757,75.49155450326124,0.032837571546460255,0,0,0
5.29018465621877,-0.027855328041310655,-1.4922804037119448,0.01076712652325824,75.51170133469712,0.012309711806162226,0,0,0
5.25388726996448,-0.025745892527667992,-1.4739380006399188,0.03555936029571569,75.50843835158607,-0.01355764293274433,0,0,0
5.225228397593284,-0.022753360167371284,-1.4240297117973455,0.0631016731769023,75.47191343605171,-0.04168033990424078,0,0,0
5.20669332593269,-0.01907103751193375,-1.3297676406632348,0.0905432239333848,75.39204314737144,-0.06906727973566831,0,0,0
5.198704986672752,-0.015045271500238756,-1.1849632515290551,0.11609941439076295,75.26501123861568,-0.093838117842256,0,0,0
5.1995782959287595,-0.011123961815798111,-0.9947093440223682,0.13937671985950856,75.09733416433208,-0.11556334207930945,0,0,0
5.2059794672518365,-0.0077618501161126115,-0.7742905720711519,0.16091105227728236,74.90464498343853,-0.13485856417457,0,0,0
5.213762192106827,-0.005327319099376382,-0.5428584439766269,0.1813546158208837,74.70566350235977,-0.15262706429911077,0,0,0
5.2189943382077075,-0.0040518308970220575,-0.31543752428615335,0.20086897616312455,74.51462286856535,-0.16945547444573208,0,0,0
5.21892468375971,-0.0040217376973984646,-0.0973317202777082,0.21902138601352733,74.33592108246815,-0.18542997294938174,0,0,0
5.212566155057644,-0.0051796511895148,0.1168301190608787,0.23507835720964324,74.16311569295142,-0.20028893920229224,0,0,0
5.200614078970716,-0.007312900201301886,0.33960815756891805,0.24832736840129144,73.98216770859496,-0.21361074993457407,0,0,0
5.1847100886230635,-0.010043609846729851,0.5846600498339001,0.2581016447929244,73.77735869159439,-0.22478270063306524,0,0,0
5.1664759489587055,-0.012857440575501755,0.8604462194720384,0.2634959162030029,73.53774341787762,-0.23276587013987182,0,0,0
5.146908474777604,-0.015193066288959755,1.1658203205673772,0.2630975839969324,73.26212184659276,-0.23594290809379287,0,0,0
5.126449293915741,-0.01657187636247386,1.4885643399905462,0.2551248470656574,72.96122666498634,-0.23235877841248112,0,0,0
5.105543368784538,-0.01671030047845363,1.806725875858092,0.2380813137327607,72.65681797710788,-0.22039138026625266,0,0,0
5.08518778635181,-0.01555880132667653,2.092100718053402,0.21163606760337075,72.37800480096105,-0.1995508510474508,0,0,0
5.06706367531811,-0.013256043367429981,2.3155383156831704,0.17724253300439868,72.15519378762743,-0.17098655015607278,0,0,0
5.053205920134971,-0.010039414162476135,2.453916750378866,0.13814145273255746,72.01233329834334,-0.13744446163538554,0,0,0
5.0454631502731075,-0.006169844835338267,2.4976432563884856,0.09872326291368409,71.9592018902889,-0.10270626177612599,0,0,0
5.045026065703951,-0.0019005518791786358,2.4559688336026255,0.06353251774100954,71.98665919812045,-0.07076329536242269,0,0,0
5.052149654948764,0.002520742318301927,2.357085379877887,0.036313326500584255,72.06749319003366,-0.04503168844730965,0,0,0
5.066081807333944,0.006843039472474288,2.241860746797613,0.01936950220513296,72.16329880152377,-0.02779305514566204,0,0,0
5.085210026424221,0.010814574140420063,2.153052949704218,0.013256805953375306,72.2350592288315,-0.01984940616358415,0,0,0
5.107443775123954,0.014200488530710232,2.1238895174006416,0.0166641817641775,72.25359371136211,-0.020291432841045776,0,0,0
5.130750791967557,0.016813333378190975,2.1698591408639345,0.026422616786557284,72.20650109263478,-0.026397080339452827,0,0,0
5.153618181076553,0.018549850233954147,2.2857957401047315,0.03779213950855649,72.10007424950443,-0.03386955796870552,0,0,0
5.175209416722311,0.019418390456488056,2.4481063752169234,0.04523994998549483,71.95669972599158,-0.03762771206544073,0,0,0
5.195210805442073,0.01953569307565175,2.620558568020641,0.04369674575004723,71.80941896993288,-0.0330856741243565,0,0,0
5.213596484055017,0.019082910413855812,2.7618694242540585,0.02993323257384759,71.69523108689437,-0.01751214148206657,0,0,0
5.230524568043492,0.018236070205038857,2.8338902286881904,0.003536436787075559,71.6479636184334,0.009064382844115926,0,0,0
5.246333559513644,0.017106711431061683,2.8094848797328353,-0.0328805401761997,71.69121606937925,0.04374909475797608,0,0,0
5.261438738090462,0.015725342453461622,2.6788282042980853,-0.07426086247985353,71.8324420602802,0.08146608468024112,0,0,0
5.276039130562779,0.014071945875264192,2.452385275442694,-0.11421534735193717,72.05993781401084,0.11613613461233285,0,0,0
5.289804477174343,0.012126816121396189,2.159253885271397,-0.14631120200729128,72.34423753980327,0.14195553171167602,0,0,0
5.301817906278174,0.00990877068214786,1.8410537391019375,-0.1652717486578723,72.64399204021454,0.15448599989719014,0,0,0
5.310871605611169,0.007486919545152659,1.5431871153061962,-0.16794123999722216,72.91473509630684,0.15143120753254208,0,0,0
5.3159288754749525,0.004971925439313907,1.3059529016975517,-0.15390929172451848,73.11806107211491,0.1330596287062292,0,0,0
5.316478966656035,0.002494041589474705,1.1574465479477283,-0.12565701617171215,73.22897428704964,0.10221010742482406,0,0,0
5.312684190876496,0.00016673657252681552,1.1091519376753354,-0.08809253554165224,73.24009108586627,0.06379310604635294,0,0,0
5.305393763495019,-0.0019621114401118687,1.1544778287159687,-0.04748698991738394,73.16227569375882,0.02379576635972569,0,0,0
5.296052813906783,-0.0039521419244252344,1.2703919624876505,-0.010072589146618327,73.02181235644154,-0.011996123947920979,0,0,0
5.286379153985209,-0.005973934528371671,1.4222580425809639,0.019249392721934554,72.85454313452844,-0.03917815418161581,0,0,0
5.277706496288047,-0.008252707427456586,1.5714599200261716,0.037686403885822985,72.69786887447437,-0.05544791049385367,0,0,0
5.270183362773224,-0.010966290644088873,1.6843839860975578,0.04467897582608345,72.58219520340053,-0.06071881920453563,0,0,0
5.262296487033922,-0.014150574793742977,1.7403278476357542,0.041529096854266354,72.52403080073533,-0.05673708181257666,0,0,0
5.251132260327452,-0.017671761163414602,1.7356810425255418,0.030814527137945903,72.52295355449068,-0.046439401805031366,0,0,0
5.233401801200387,-0.021282328088327064,1.6828169405557816,0.015782395830154883,72.56358196717638,-0.03324687788541212,0,0,0
5.2068160602151465,-0.024718887605450844,1.6042363062085627,-0.00024772720950352325,72.62178609500428,-0.02038130699940268,0,0,0
5.171178442939066,-0.027775444969843476,1.524442906217999,-0.014508078601257069,72.6727202677405,-0.010234908090680506,0,0,0
5.128676151860873,-0.030312286638459796,1.4626231000954277,-0.02538656641956294,72.6978816757085,-0.003860606474958672,0,0,0
5.083229533023513,-0.03221062842170284,1.4282159207891993,-0.03281501099487798,72.68934357758742,-0.0007298617215695912,0,0,0
5.0391902779307,-0.033318399932596776,1.4197807704859287,-0.03819710274770358,72.65073006453441,0.0010725497218345482,0,0,0
4.999952046589613,-0.033437592550147596,1.426379134013601,-0.04378678404877405,72.59551979356756,0.004171715027297296,0,0,0
4.967060496388626,-0.03237950659435853,1.4305183219019284,-0.05172111280469523,72.54358913865094,0.010938775086813735,0,0,0
4.940190202816893,-0.030069491803511993,1.4121777376869744,-0.0631224646211976,72.51673218351964,0.022616931590965804,0,0,0
4.917948261001484,-0.026642019658208938,1.353710015048506,-0.07763381951496484,72.53367905170903,0.038872642222713694,0,0,0
4.899025875698911,-0.022462027970698274,1.244949100068041,-0.09348393254916373,72.60529911744935,0.05786821481007962,0,0,0
4.883020994271561,-0.018046044543204687,1.0870251781616105,-0.10792274274752885,72.73117384587242,0.07671296512190792,0,0,0
4.870483524903946,-0.013909728244519215,0.893218260006023,-0.11779835522738295,72.89888958365016,0.09207390712809911,0,0,0
4.862255955278783,-0.010405593606557772,0.6862849049457793,-0.1201456433230618,73.08660809793564,0.10080094024725952,0,0,0
4.85860925331653,-0.007622184208997851,0.49337659529756195,-0.11277424273128105,73.26802572568822,0.10052292456183523,0,0,0
4.858729832498653,-0.005392769794310937,0.3405533430106402,-0.09485389940601437,73.4178597157535,0.09019665249846867,0,0,0
4.86085476414442,-0.003412065114366669,0.2483955817397714,-0.06738167229800496,73.51625886484855,0.07051661394829126,0,0,0
4.8630045603230485,-0.0014028837280960714,0.2290618886713105,-0.03328656511076531,73.55159854112354,0.04399222086550196,0,0,0
4.863968360726915,0.0007527605620239797,0.2844353103741639,0.0030466675563516786,73.52196142913799,0.014512446125323208,0,0,0
4.864020563058375,0.0029795384801715842,0.40517102098836233,0.036797356430624005,73.43564557669372,-0.013574963742979663,0,0,0
4.864905224555244,0.005075965103881685,0.5711323770879915,0.06390423276979504,73.31046525693226,-0.03655745318905588,0,0,0
4.8689921569906005,0.006834779484746889,0.7541595270539574,0.08193980562099057,73.17109605452744,-0.05218668980794803,0,0,0
4.878011130524186,0.008144931563469982,0.9236849355695398,0.09036281732815325,73.04401404490339,-0.05995297101603114,0,0,0
4.892051340080499,0.009017407866321037,1.0542584692520194,0.09020350438193389,72.95085846050584,-0.060817138188019725,0,0,0
4.909368904355347,0.009525440443955802,1.1324189229955124,0.08348117841281351,72.90245119379766,-0.05664756958743453,0,0,0
4.927077627346122,0.009707377067091728,1.159951399220546,0.07265583378435422,72.89599281767401,-0.049650398961992435,0,0,0
4.94230407977912,0.009506768970564395,1.152023755021304,0.06024143343324937,72.91672915468824,-0.041949688871000035,0,0,0
4.953178638986259,0.008796607601246365,1.1310969324906495,0.04851390613391828,72.94342715924334,-0.03529351662129443,0,0,0
4.959222765166473,0.0074741173183952014,1.119247094502299,0.03917018842540898,72.95548573326364,-0.03077224562710512,0,0,0
4.961094333729292,0.005565123600193544,1.1317293588319046,0.03289904730593065,72.93914158707379,-0.028507980041320026,0,0,0
4.959972914260888,0.003272573740225937,1.1735467114204852,0.02903673687725643,72.89096836822226,-0.027442762504063013,0,0,0
4.956958233003064,0.0009389845386166939,1.2392985883931402,0.025595511768985092,72.8181608883145,-0.025443710186803515,0,0,0
4.952752303708138,-0.0010575826239346497,1.3153868198236296,0.019810145572319016,72.73629158863234,-0.019831834549216866,0,0,0
4.947702576082435,-0.0024194933004721975,1.383248942311326,0.009030868506101797,72.66577866009264,-0.00819056301797616,0,0,0
4.942094641757606,-0.0030005092163563063,1.4227862917680767,-0.008430215852393985,72.62802356875703,0.010877368492413098,0,0,0
4.936467472732289,-0.0028033318864331136,1.4159065169103968,-0.03284282536356784,72.64155571580598,0.03734903891848092,0,0,0
4.931728253539774,-0.0019185682931023961,1.350125210744494,-0.06308860210794336,72.71841080919607,0.06983288949936935,0,0,0
4.928983705981537,-0.0004519077161845075,1.2214056175516674,-0.0970304347529222,72.86152152906358,0.10594486322112004,0,0,0
4.92921767300291,0.0015158330237483141,1.0349449359783591,-0.13198066775116074,73.06425941818777,0.14278643702205898,0,0,0
4.933061014864961,0.003923880817652048,0.8033011051962262,-0.1651104842239448,73.3126319762586,0.1773705573525973,0,0,0
4.940787231329864,0.006703579626027079,0.5426606903410516,-0.1938100495945733,73.58929726321595,0.20699106298594927,0,0,0
4.952439155841219,0.009757231637095742,0.2689942408639183,-0.21609177585454944,73.8776095205257,0.22961076495371913,0,0,0
4.967910633945621,0.012957409376006979,-0.004419857687977924,-0.2310194221945963,74.16415595885293,0.24425483145340082,0,0,0
4.986941384258955,0.016160916740157915,-0.2678558999281222,-0.238948964226077,74.43948423361861,0.25122217239612044,0,0,0
5.009130438017877,0.01922367365005897,-0.5153142041776562,-0.24132861893025392,74.69793419861652,0.25188446969620204,0,0,0
5.034039789103247,0.022006045481033708,-0.7450112416350976,-0.24002975329888301,74.93766336534317,0.24804318762883498,0,0,0
5.0613023472998435,0.024368359451376876,-0.9600690112014689,-0.23648884050807623,75.16095912373008,0.24111176929321515,0,0,0
5.090592873383116,0.026167351077933176,-1.1680840247091027,-0.23106263052601433,75.37374325302478,0.2315160186258595,0,0,0
5.1214544095034995,0.027263104678981166,-1.3783412533241801,-0.2228521242081925,75.5831041151498,0.2185559021015365,0,0,0
5.153121469675298,0.027530421902426383,-1.5969964277926039,-0.20998420028546433,75.79306385254695,0.20069494898484094,0,0,0
5.184470825843633,0.02686054300934586,-1.8222277147397108,-0.19015525925158272,76.0004149561481,0.17606564749679307,0,0,0
5.214112666620551,0.025156526080226626,-2.041632064396225,-0.1612313200895727,76.19276970678429,0.1429966259239137,0,0,0
5.240541680735433,0.022348102046170482,-2.232941099769903,-0.1218086302063071,76.3497149798683,0.10049605564142042,0,0,0
5.262245603283219,0.018443214256738828,-2.3676979027827656,-0.07172957314853648,76.44643372346702,0.04870603440862453,0,0,0
5.2777358681113355,0.013595603804138535,-2.4168667966934834,-0.012515021094105804,76.45859067358445,-0.010711572347852893,0,0,0
5.285605049905513,0.008142325539778028,-2.3573244425308246,0.05244941229867948,76.3676296245823,-0.07441913190216383,0,0,0
5.284783367761548,0.002575769813989837,-2.17815531326454,0.1181844751154344,76.16591968014428,-0.13766709204325878,0,0,0
5.275025015950504,-0.0025550119168656236,-1.8853797561944674,0.17890369141157123,75.86080359711103,-0.19501369219801745,0,0,0
5.257410447544885,-0.006787728343280719,-1.5034914642652382,0.22909811883958042,75.47598839167127,-0.2412965638355388,0,0,0
5.2345447250730786,-0.009883003026671134,-1.072502304805809,0.26454453611674184,75.04887253352531,-0.2725353379617047,0,0,0
5.210228523983531,-0.01189662147591406,-0.6403829635853668,0.2829706328485315,74.62374403571552,-0.28655893020695655,0,0,0
5.188562547451895,-0.013161715947376251,-0.2525951502805128,0.2843762170621275,74.24263278480412,-0.2833809293622636,0,0,0
5.172664397302626,-0.014199030385661615,0.058040088625901376,0.27117646628928893,73.93674934151291,-0.2654644778068359,0,0,0
5.163415573016508,-0.015595937098819946,0.27774745838465265,0.24826102336288614,73.72108034384998,-0.23791246418675768,0,0,0
5.158769653352195,-0.01788973154889959,0.41283953179183186,0.22283869422253275,73.59300137151489,-0.20839161505770107,0,0,0
5.15398789043175,-0.021477372626974044,0.4864377280904506,0.20377535414888398,73.53382033095967,-0.18646844958626901,0,0,0
5.142793063904932,-0.02656357321203586,0.5336093496283496,0.2002098663150477,73.51127490207593,-0.18216313111835802,0,0,0
5.119065644962305,-0.033150537550839944,0.597230477434394,0.21957928790561992,73.48167895524345,-0.20390218343450783,0,0,0
5.078513132055889,-0.04106727531315357,0.7248954779600894,0.265635349851631,73.39207224109425,-0.25647494222802436,0,0,0
5.019770998803338,-0.050036045695252086,0.9652512366830308,0.33727759345473346,73.18418803766262,-0.33978453361143296,0,0,0
4.9445927918631725,-0.05976995272002768,1.36171569956511,0.42880939988867367,72.80211272453194,-0.44894511029371814,0,0,0
4.857057171943495,-0.07008115430384124,1.9431977287756865,0.5316007312214979,72.20361095045904,-0.5757051103239519,0,0,0
4.76199164417109,-0.0809602884851742,2.7143935871422116,0.6365074384545949,71.37199991923266,-0.7106201323306209,0,0,0
4.663055116063987,-0.09258223620161346,3.650523392931987,0.7361491585025022,70.32323500773565,-0.845190153428689,0,0,0
4.561070126151918,-0.10521633726979474,4.700933530678569,0.8263557451075301,69.1035502685777,-0.9733596063972783,1,0,0
4.453176347393338,-0.11906732911354538,5.802445040305429,0.9065110942354039,67.77676922772015,-1.0921305116965727,1,0,0
4.33319017905319,-0.1341162599744564,6.898683734174298,0.9788711838030565,66.40507357876972,-1.2013082811634603,1,0,0
4.19324328294617,-0.15003386256638293,7.958722062459415,1.0470991452284935,65.02977742095656,-1.302505414895569,1,0,0
4.026349759357942,-0.16619955049374227,8.98845292903539,1.1143002857439015,63.65847617712147,-1.3975567216406177,1,0,0
3.8290977076678843,-0.18180581353316966,10.03036217903707,1.1808687548025105,62.262882920696896,-1.4865812199313269,1,0,0
3.6034301921186085,-0.1959905819219742,11.150427537595675,1.2425424284410085,60.789029912897334,-1.5660975884941848,1,0,0
3.356718546279666,-0.20793333784469895,12.414189181060621,1.2891535594622083,59.17855680150335,-1.6277460804056687,1,0,0
3.0999961392336672,-0.21687210956453667,13.857396444581227,1.3045424902984322,57.39643270282649,-1.6581343253032828,1,0,0
2.84499698073229,-0.22203436664755571,15.459210940957092,1.2679562758983791,55.45742280842238,-1.640125663698845,1,0,0
2.6011643069321764,-0.2225078897450487,17.126357815088653,1.157095897514455,53.44257438363586,-1.555707714832647,1,0,0
2.3738429689463487,-0.21709881138399822,18.693980634927513,0.9527949180762263,51.499308423663464,-1.390426573314781,1,0,0
2.1644690834078233,-0.2042403134173682,19.94410863715862,0.6448522440133218,49.82373032573689,-1.1389343457839431,1,0,0
1.9728996164706132,-0.18203481186773446,20.638284821443207,0.23764588348824275,48.62852078396811,-0.8102660667509071,1,0,0
1.8012708619074544,-0.14851712938328063,20.55941190417994,-0.24675374278949674,48.101399028795,-0.4304981625000977,1,0,0
1.658109593827902,-0.10217622005696256,19.558311359799333,-0.7702080158763522,48.358617187549086,-0.04049925494568072,1,0,0
1.5610270579449264,-0.04265000244877086,17.598949977728893,-1.2853878089648034,49.3996864550579,0.3116748185033913,1,0,0
1.5363704276023213,0.028640121408645313,14.790648015943049,-1.7455618467723042,51.07589613399428,0.5811679991690653,1,0,0
1.614824845400861,0.10821890680088017,11.389859016686259,-2.112914498398811,53.09145107782551,0.734809406917418,1,0,0
1.8232347801626645,0.1908676011218887,7.75713078219357,-2.36176834602758,55.05243025896557,0.7539096099814145,1,0,0
2.1746642824444677,0.27049857932109517,4.272479725440618,-2.4766104204159176,56.55932256866977,0.6314241122602994,1,0,0
2.660244183032802,0.3413101632430397,1.2383621672044711,-2.4485356386847954,57.31098841535412,0.36752988032380074,1,0,0
3.246658151416625,0.3987945421139301,-1.1850363468294915,-2.2744773056714735,57.17182439491107,-0.03161154758230396,1,0,0
3.8815756276895,0.4402680145466576,-2.979398638832592,-1.9605967925637955,56.16761688378226,-0.5504868618990428,1,0,0
4.506256655118406,0.4648888329503748,-4.206692299979238,-1.5269363515356602,54.415640151397994,-1.1595201712184888,1,0,0
5.071211226258299,0.4734123019475973,-4.927045027048621,-1.008520060016761,52.033915990787094,-1.814312819483861,1,0,0
5.548972479084227,0.46797933180597795,-5.145823078985842,-0.45017492278969373,49.083570979234864,-2.4617572066408044,1,0,0
5.939050573068897,0.4520162648908979,-4.815319909694907,0.10314541198382302,45.57102751500385,-3.050973144551828,1,0,0
6.263713174904609,0.430048617432422,-3.879504498670343,0.6153171461050035,41.49624936564062,-3.5432886688967473,1,0,0
6.557357799638638,0.4071540306191238,-2.32806981797404,1.062409050976696,36.90930206412696,-3.915934198955701,1,0,0
6.854457600504247,0.3879825897116689,-0.22926950245631872,1.429492878044141,31.941750502261726,-4.158458220733389,1,0,0
7.180406831941781,0.3756086471399641,2.269816287042701,1.7044285182368895,26.801256969835833,-4.2657748659117605,1,0,0
7.547144325740845,0.3706917507434511,4.968135114220544,1.8738046132771315,21.7389377059436,-4.233502002851584,1,0,0
7.9531159338807385,0.37134376176060896,7.644691870934366,1.9240271503566433,17.008274894225252,-4.058791619477698,1,0,0
8.386082552235095,0.37376969731384835,10.088236480462172,1.8465862221146083,12.8310579440641,-3.745503515333317,1,0,0
8.82729769765794,0.3733979942917657,12.117240155320275,1.6438768078017745,9.376167331669492,-3.3097139930501642,1,0,0
9.255889986518739,0.3660609400680556,13.592223053785474,1.332065243262626,6.748550950719022,-2.7817696222309793,1,0,0
9.652488190674987,0.34886993399799876,14.424951593871526,0.9395675048950892,4.983111320226868,-2.2034620561023743,1,0,0
10.001410148043092,0.3206273969474779,14.58635772247574,0.5020009238092555,4.041214212307452,-1.6214461213079006,1,0,0
10.291337742556294,0.2817845632313151,14.110698260043705,0.055777398861910396,3.8121621336253213,-1.079399173838422,1,0,0
10.515067001184804,0.23405076821181722,13.091382930169942,-0.3674581294310769,4.124054279951935,-0.6113840945510602,1,0,0
10.669106171921769,0.1798214251818294,11.665491335993593,-0.7442210079107525,4.76663640881209,-0.23791562976417566,1,0,0
10.753418295215624,0.1216310341615113,9.9881443523131,-1.0602421172700403,5.5244764928645935,0.03495673153770866,1,0,0
10.77096156619389,0.0618130927519374,8.20246585955347,-1.3098247426591414,6.214283155841031,0.21408648851803633,1,0,0
10.726590234353267,0.0024344073081095986,6.413655186151402,-1.494341534865684,6.717216998553496,0.31605219156050596,1,0,0
10.625511949476234,-0.054583381537014475,4.6750300762127495,-1.6204467198951462,6.997011034027736,0.3631860967180188,1,0,0
10.472200328133852,-0.1073376731518195,2.9898018810850715,-1.6981765455527593,7.098118266096108,0.3794525946599606,1,0,0
10.270619118194361,-0.15396980928657342,1.3267041672801128,-1.7388434657872396,7.1239762054072315,0.3866280545417453,1,0,0
10.025754221124188,-0.19287408211360316,-0.3570576261811027,-1.752664412310945,7.201736127912511,0.401096604975676,1,0,0
9.74550392718615,-0.2229936230809315,-2.0937689389077576,-1.7464052614328622,7.444023100805509,0.43155732187627793,1,0,0
9.441690269666609,-0.24405044529050599,-3.8903825253576514,-1.721738440874303,7.918580226551541,0.4780215770868338,1,0,0
9.129408079056034,-0.2566029225921511,-5.722943321878802,-1.6751396168809491,8.632916954229543,0.5325107650877371,1,0,0
8.824677474079593,-0.26192473663194704,-7.538499770796349,-1.5997957482006384,9.535442542621354,0.581663665262495,1,0,0
8.541025335384575,-0.2617708992869254,-9.261586754775152,-1.4892750530549477,10.52985637460381,0.6109883296179675,1,0,0
8.286085781448207,-0.2580956301305335,-10.803729222591627,-1.3419364899233812,11.497432769421835,0.6098776194047275,1,0,0
8.059482723554723,-0.252750259628624,-12.076366092596743,-1.1645737444530468,12.322118684905107,0.5759932457116065,1,0,0
7.852952961814381,-0.24718066265635627,-13.008155600921313,-0.9738172696556902,12.914754918721059,0.5174812341056452,1,0,0
7.652910125325107,-0.24217204929559416,-13.566046363269365,-0.7943628452310705,13.233859501586906,0.4518902991393361,1,0,0
7.444797919818853,-0.23770424627401354,-13.776422525414915,-0.6540089171895687,13.300512321959786,0.40161949228568117,1,0,0
7.218001330899909,-0.23295017005323188,-13.739506383438226,-0.5765860582872193,13.203955557921574,0.3870049768052198,1,0,0
6.969883643103046,-0.2264071123281141,-13.628555221914553,-0.5748524997833627,13.093392567607992,0.4192872248476249,1,0,0
6.707687586100093,-0.2161431112580942,-13.666571774189507,-0.6458004305313565,13.151819945622904,0.49603083593206065,1,0,0
6.447635011339457,-0.20015608588683875,-14.078588942692036,-0.7701566843513149,13.551637465478166,0.6007284454216603,1,0,0
6.211523634852256,-0.17682380349787935,-15.027447337647345,-0.916336634702219,14.399906142656008,0.7066430040023945,1,0,0
6.022014658167066,-0.14535662292608292,-16.552254220425255,-1.0474620463150033,15.690305017898083,0.7833122694218758,1,0,0
5.898051610973781,-0.10611725397422304,-18.53437039791031,-1.1290854755537396,17.282427044225713,0.803372897543511,1,0,0
5.851392102945994,-0.060705635882543164,-20.709722444434462,-1.1354004296748001,18.92203937293766,0.7477458836740283,1,0,0
5.884672090346314,-0.011802526565318772,-22.729412710291555,-1.0528160778971098,20.30028954161085,0.6084119145058366,1,0,0
5.991231690558024,0.03715716468660304,-24.251042988564947,-0.8811049510607518,21.133635016178545,0.3891724032429721,1,0,0
6.156828791157679,0.08239995346122982,-25.03036113897562,-0.632961710845585,21.237684533356685,0.10515008519666794,1,0,0
6.362827284277614,0.12027514913706909,-24.982559518662555,-0.33242456132075093,20.570851404348275,-0.21873969497734577,1,0,0
6.589662320446905,0.1477547634133188,-24.194732553160605,-0.01187843922396894,19.23593909068127,-0.5507466095705638,1,0,0
6.819206658205488,0.16295065585510143,-22.889638453299554,0.29275049974448136,17.443361497907887,-0.8569710030321446,1,0,0
7.035523169464554,0.1655470840129709,-21.357064446103195,0.5482304401717073,15.451406994622687,-1.1072011224200593,1,0,0
7.224766149537757,0.1569577375966759,-19.876499833632764,0.7302967417799309,13.502908068124626,-1.2804116066638245,1,0,0
7.375599245106969,0.14004153471264685,-18.653154790149998,0.828141555796698,11.774960948520075,-1.3682566122700308,1,0,0
7.480898661497008,0.11840909134091646,-17.782217446989648,0.845782368922255,10.352329342616216,-1.3756089018444058,1,0,0
7.540142930476023,0.09559538856719456,-17.247108308574482,0.8000329880576288,9.228278317410258,-1.3182797709647347,1,0,0
7.560809066524783,0.07444750427501105,-16.94807557076564,0.7158259345881632,8.3295189495403,-1.218816627925858,1,0,0
7.5572441382841475,0.05690866099641454,-16.74894558100864,0.6202217233132714,7.555118410656377,-1.101479129413228,1,0,0
7.546918197686779,0.04412016611494067,-16.524735829440004,0.5365646131623876,6.814762385904217,-0.9874002569289673,1,0,0
7.545616206118851,0.03661411899816329,-16.194402672584317,0.4800605979396039,6.0531413810339245,-0.8908305760111602,1,0,0
7.563681700955598,0.03440988621833441,-15.731379107417922,0.45567211211659925,5.255195218649305,-0.8172361843818934,1,0,0
7.604609779428699,0.03698575237582702,-15.15484721297048,0.45868349010120113,4.436615700490407,-0.7637063803242328,1,0,0
7.665967810687164,0.043241752426928314,-14.510853702008887,0.4776302889595868,3.6289054988349534,-0.7215482091102785,0,0,0
7.741740435088602,0.05159845905692748,-13.852548810753959,0.4986153740566962,2.8666551884084726,-0.6802215109594641,0,0,0
7.824997523680352,0.0602759760560204,-13.225496325823656,0.5096035697140138,2.179967498797282,-0.631234571365772,0,0,0
7.910000454234293,0.06765488053637085,-12.660273407562471,0.5033961601106611,1.5912145141679304,-0.570681087647371,0,0,0
7.993226590794066,0.07255754288148494,-12.17177268116977,0.4786631213085215,1.1140368584375153,-0.49982279564802495,0,0,0
8.073228728853422,0.0743484371741232,-11.762791840441679,0.4392332864769017,0.7529033010617354,-0.42402701359429357,0,0,0
8.149677958246983,0.0728690947222205,-11.428700132299866,0.3923094301444749,0.5024166722464969,-0.35085217730505036,0,0,0
8.22216501148256,0.06829972620684543,-11.160441071477706,0.3462870690088081,0.3463305045602141,-0.2880065193796867,0,0,0
8.289257129770448,0.061036713138648224,-10.944747894332707,0.3086790347110792,0.25696726216905574,-0.24161576685394123,0,0,0
8.348094151169931,0.05162315210922515,-10.762514348201464,0.2845172743595654,0.19634556454747099,-0.21504057375315994,0,0,0
8.394658757909369,0.040716841022504016,-10.587759400564138,0.2755232326124585,0.12038372578444978,-0.20841120810795247,0,0,0
8.424737697157056,0.02905403231956427,-10.389678120665877,0.2802005836866087,-0.013410005388394097,-0.21895656947117886,0,0,0
8.435364655066834,0.017376494311628222,-10.138705978712863,0.29475926146408254,-0.23619016974213025,-0.24201345329300922,0,0,0
8.426231975326544,0.006330370150978126,-9.815100663966817,0.31449855653211645,-0.5591912233636691,-0.2723723313718892,0,0,0
8.400395001019106,-0.0036124356775388833,-9.416540355045186,0.33511794050072724,-0.9700752226420093,-0.30549745394866223,0,0,0
8.363769052049065,-0.01216274875425256,-8.960786003575592,0.35352086427432283,-1.436662393650053,-0.3382595179861994,0,0,0
8.323442901363265,-0.019160100491716035,-8.48110751765904,0.3679953846811387,-1.9177178606835952,-0.36909220329254,0,0,0
8.28546871299234,-0.024516767863558185,-8.015455506156542,0.377978102177822,-2.3773928091586782,-0.39774083302772,0,0,0
8.253132772995059,-0.028215410039524613,-7.593568489325435,0.38371483237869625,-2.7980072773175664,-0.4248474405145174,0,0,0
8.226466663627406,-0.030358208343102433,-7.227305705458235,0.3859979987745376,-3.186249615314523,-0.45151792489843673,0,0,0
8.203057752992208,-0.03121044693306487,-6.907805553752752,0.3859463698557747,-3.57053830714095,-0.478873605385796,0,0,0
8.179570018521474,-0.03117486077758258,-6.609897098887657,0.3846761842590311,-3.990818335665594,-0.5075160540586949,0,0,0
8.153210554671588,-0.030677867501837854,-6.301557654925901,0.38277524994476836,-4.484664574887304,-0.5368826046829298,0,0,0
8.12264989189552,-0.030014245176757014,-5.955120676221441,0.3796922779605353,-5.074370472348036,-0.5646335988968758,0,0,0
8.088290531688457,-0.029236043441905224,-5.557076656487439,0.37334148677565937,-5.758811276499969,-0.5863888337457197,0,0,0
8.05202044427324,-0.0281503110183877,-5.114024160985281,0.36022627391934064,-6.511822934237003,-0.5961425395118042,0,0,0
8.016664226344886,-0.026424476638379702,-4.653355018211357,0.33617473780314244,-7.286543907512893,-0.5874485634551903,0,0,0
7.98532626122477,-0.02374325568429896,-4.218532726551189,0.29750669468287755,-8.023728798127436,-0.5551112577764755,0,0,0
7.960772338576007,-0.019951872621935252,-3.8601536215688412,0.24228964263749334,-8.661895614774764,-0.4968655537112241,0,0,0
7.944963553443529,-0.015143485536178503,-3.6250429662648287,0.17132288362143128,-9.147675010432565,-0.41449371287973946,0,0,0
7.938812986608411,-0.009672969196270743,-3.5460581757213276,0.08855082929497086,-9.445023941692853,-0.31398940070893105,0,0,0
7.9421374616784846,-0.004095770767979445,-3.634830152058882,0.000724727927041613,-9.541930913430349,-0.20467916661074384,0,0,0
7.953691828452236,0.0009497297610792544,-3.8786612285509676,-0.08367221236485847,-9.453320111999545,-0.09754567494084512,0,0,0
7.971215036533735,0.004876257558940722,-4.241891840007128,-0.15598957560813034,-9.219307601145431,-0.003226114735609542,0,0,0
7.99156083972575,0.007253842382827713,-4.67156836353773,-0.209061580913864,-8.89870528358928,0.06981231007600427,0,0,0
8.011062736593445,0.007865079392057338,-5.106776881714865,-0.23852932734105678,-8.558614600344441,0.11655885864485498,0,0,0
8.026161523955679,0.0067135580814934315,-5.490077141859942,-0.24352171280283272,-8.262000656921344,0.13603086967609243,0,0,0
8.034088836814178,0.004000564878246848,-5.778428482632492,-0.2265639344611074,-8.055989945483532,0.13108950636168118,0,0,0
8.033310762404284,8.075471130979395e-05,-5.950769430707481,-0.19280362732153833,-7.963772514014721,0.10756719949042833,0,0,0
8.023614347364102,-0.004597585425071315,-6.0103362396753965,-0.148834372612653,-7.982086423984015,0.07291039497681737,0,0,0
8.005948567423346,-0.009562481560749347,-5.981275303749655,-0.10145994887551524,-8.084715244931928,0.034671437456212574,0,0,0
7.982143110460953,-0.014390000775738088,-5.900469496669956,-0.05666112014041573,-8.231035849813537,-0.0007923232605065777,0,0,0
7.954499375565334,-0.018760484660730013,-5.806697501766351,-0.018891658307059345,-8.377648117095262,-0.02916469390888494,0,0,0
7.925239182283022,-0.022476458025266766,-5.730235566133658,0.009261137954811715,-8.490203651377257,-0.04847486159895453,0,0,0
7.895936024118257,-0.02543525365017274,-5.686167852292883,0.027061171482431236,-8.551990909027154,-0.05889905027518694,0,0,0
7.867162728836064,-0.027580713994088058,-5.673388083119022,0.03530441128166899,-8.566537832949507,-0.06218660329617194,0,0,0
7.838556677348379,-0.02887150985314264,-5.678993724930535,0.03578345899864956,-8.553647596010194,-0.06089134975610051,0,0,0
7.80932425656151,-0.0292818959082183,-5.685817103084375,0.030635286649318517,-8.540738561473077,-0.05757884527878758,0,0,0
7.7789582259025565,-0.0288177885308329,-5.680157715883169,0.02167969758492916,-8.55276301676659,-0.05411697682692988,0,0,0
7.747807207423222,-0.02751942399392391,-5.657292126858707,0.009891685019407247,-8.603952456945734,-0.0511314573939444,0,0,0
7.717233468891919,-0.02543818300016909,-5.623440713763159,-0.004817053198866006,-8.693628742492933,-0.04776519180730219,0,0,0
7.68932415137877,-0.022603092637599787,-5.594116630176771,-0.023384573845847002,-8.806824302601413,-0.041915576511017606,0,0,0
7.666321490257005,-0.019009323799389223,-5.589900525917059,-0.0469979020218517,-8.918817885364561,-0.03098826032365167,0,0,0
7.650044942343783,-0.014649480176410634,-5.631318715939585,-0.07634717138266467,-9.001518225316701,-0.012926313196207673,0,0,0
7.641554194116566,-0.009574115653049376,-5.734338384281543,-0.1110585190137627,-9.029642827100176,0.012923662210462794,0,0,0
7.641131802460066,-0.003942778049696472,-5.907233821577492,-0.1495248128100272,-8.985693598059683,0.04547359315083099,0,0,0
7.648463439354487,0.00196389202507703,-6.148972745149052,-0.18913914164703982,-8.86353019924671,0.08216023276757056,0,0,0
7.662829454797404,0.0077702873591320555,-6.449288816911022,-0.22676264976248178,-8.670001693435154,0.11960146061730796,0,0,0
7.683217069372063,0.013050791595296119,-6.790742906020796,-0.2592148212746295,-8.423526394661963,0.15429566987192941,0,0,0
7.708379426926257,0.01737761251026342,-7.1525402549589785,-0.2836449286291966,-8.149216525437424,0.18308410885971824,0,0,0
7.73687238914269,0.020366424951808425,-7.5148321302335575,-0.2977645784903643,-7.872026414817228,0.20332571633820323,0,0,0
7.767027024970091,0.0217204309681847,-7.861743127801589,-0.3000247781743539,-7.610809696428333,0.21298202965031834,0,0,0
7.796829406209966,0.0212745616496548,-8.182048738663354,-0.2898310759623811,-7.375861186645267,0.2108537058727336,0,0,0
7.823821067446417,0.01903973876160876,-8.467768002231551,-0.2677754081009738,-7.170677136719519,0.19697645660164653,0,0,0
7.84521844363465,0.015238675304136962,-8.711984169185186,-0.23572123746306772,-6.996385663718144,0.17289669528108648,0,0,0
7.858336112141913,0.010312717620773525,-8.907481603321031,-0.19657736522485436,-6.8558733015565,0.14150953903510127,0,0,0
7.861209055851035,0.004879457207063354,-9.047283504772864,-0.15377873526122557,-6.754993140519375,0.10640775800503803,0,0,0
7.853226842413491,-0.0003584684176900055,-9.12704289792076,-0.11070413515148517,-6.7002371274186885,0.07103484924918746,0,0,0
7.835603822413432,-0.004729275526132426,-9.147955280651473,-0.07030303156608966,-6.694559441851098,0.03808387952734051,0,0,0
7.811506603133992,-0.007704544199411601,-9.118313907207522,-0.03503781636554208,-6.734121135086411,0.009417909345353337,0,0,0
7.785666961213323,-0.008990959752833306,-9.052619482845813,-0.0070178853792100425,-6.807948834766847,-0.013578269326202985,0,0,0
7.7634423407931905,-0.008587233577462428,-8.96878447931644,0.011913665086437675,-6.900461203936459,-0.029595025150000252,0,0,0
7.749536650948642,-0.006786506129806469,-8.885079054324251,0.020310098238893202,-6.995022391371862,-0.03731234057157025,0,0,0
7.746775625452301,-0.004109853554527376,-8.818146165886972,0.01744289461629478,-7.076498043265985,-0.03571633705178243,0,0,0
7.755308846106317,-0.0011818367401346564,-8.782163022977286,0.0036118465127998435,-7.1321683569801735,-0.02458381857567815,0,0,0
7.772463776367289,0.0014113635826234372,-8.788344952456654,-0.01979267393103612,-7.151823553056502,-0.004773620619099006,0,0,0
7.79334399455297,0.0032298466418708926,-8.844182522383932,-0.05056733339042978,-7.128116546235077,0.021906098453709433,0,0,0
7.8121283068682175,0.004019269849605678,-8.952613951757812,-0.08618404896251235,-7.057400497936513,0.053187275360505736,0,0,0
7.823785455012086,0.0036822881811090723,-9.111836815523475,-0.124226408390129,-6.940397627607879,0.08685707413583828,0,0,0
7.8256202389602265,0.002218994224440962,-9.316240646517883,-0.16257505324415575,-6.7818573412774015,0.12095496742646361,0,0,0
7.817965427632032,-0.00031288730219216634,-9.55829281675011,-0.19935250599579318,-6.588887850229753,0.15358546706737855,0,0,0
7.803635039289247,-0.00379092679477111,-9.830624968941564,-0.23281197033687562,-6.368588450331401,0.18261612818962333,0,0,0
7.786359532759732,-0.007994190646202525,-10.127343138225541,-0.26134312067317467,-6.126451650013479,0.2056211970720682,0,0,0
7.768965567696711,-0.012592819913493258,-10.44389669832853,-0.283605007841912,-5.866948369001349,0.22021390638379473,0,0,0
7.752179973084395,-0.017193300003611967,-10.775688082935218,-0.29865461295574536,-5.596313686306388,0.22460059589268155,0,0,0
7.734554508419578,-0.021421234942725676,-11.11646465582541,-0.3059403257209425,-5.325662271160269,0.2180290515230084,0,0,0
7.713402088090945,-0.024989628079627835,-11.457613729115678,-0.3051432816577062,-5.071904575514395,0.2008704407430514,0,0,0
7.686200107733285,-0.027714850915469925,-11.788664030176932,-0.29596976722147306,-4.855261434098566,0.17430573172051425,0,0,0
7.651852454975966,-0.02948674170085184,-12.098382945080928,-0.2780488791929983,-4.694391668681064,0.13984410508225978,0,0,0
7.61140788953297,-0.030232292420689078,-12.375643903727308,-0.2510504197318667,-4.601566826047318,0.09900766221529693,0,0,0
7.568069146835754,-0.029910091942457483,-12.609725633327173,-0.21502144827201733,-4.580183442799239,0.05337028612751453,0,0,0
7.526486530134548,-0.028542260852840683,-12.790322641156294,-0.17079876748624087,-4.625531133126259,0.00483698478369945,0,0,0
7.491492115751214,-0.026258381674676912,-12.907831930155524,-0.1202820715387702,-4.728010599190881,-0.04415576271689474,0,0,0
7.46664264348982,-0.02331444953038897,-12.954400895647197,-0.06641326268527906,-4.87687174684838,-0.09077695701524675,0,0,0
7.45307905365982,-0.020063628384519916,-12.925902565655392,-0.012860811359321645,-5.062610825031243,-0.13226496900371956,0,0,0
7.449131899891171,-0.016882467594204798,-12.82445233068782,0.036465091363096745,-5.277292423323274,-0.16645130815704334,0,0,0
7.4508182713441755,-0.014078369131246405,-12.66043444450338,0.07791986263552957,-5.513462202683343,-0.1920319480490562,0,0,0
7.453055612429395,-0.011812556919180395,-12.452796657029722,0.10856296296951058,-5.763031004251033,-0.2084716659409409,0,0,0
7.451216171130767,-0.010069355179005868,-12.226991058674145,0.12649319488256766,-6.017041358718259,-0.21570660753400261,0,0,0
7.442583213590922,-0.008687038183620644,-12.01099299009634,0.13107817253798829,-6.266079907617751,-0.21394827805320346,0,0,0
7.42728545552329,-0.007437459079064013,-11.830527006971877,0.123086724356925,-6.500502923289801,-0.2037844741774677,0,0,0
7.408360960942744,-0.006115014754895754,-11.704693011461188,0.10470965449315912,-6.710247792535668,-0.1865076694831899,0,0,0
7.390798563961155,-0.004592533357202911,-11.642899981329847,0.07939856835087085,-6.885076674530907,-0.1643755065585907,0,0,0
7.379772261653613,-0.002829059497557296,-11.643619170267314,0.05143631441244452,-7.016354527380415,-0.14048997394603618,0,0,0
7.37870446286918,-0.0008515147054666272,-11.695035322086142,0.025247214228602387,-7.10045556680592,-0.11821480666133084,0,0,0
7.387981752342213,0.0012543862763465085,-11.777355785756228,0.004617196684002067,-7.142369118155173,-0.10039388170310844,0,0,0
7.404892937772146,0.0033322643574962285,-11.866448760994672,-0.007915309226548572,-7.15721726826925,-0.08881184267024622,0,0,0
7.424765017453822,0.005148486721090251,-11.938433512905277,-0.011309291670060872,-7.167930743711395,-0.08417278343273864,0,0,0
7.442701024076101,0.006430985861999261,-11.97451891638812,-0.005910063894648943,-7.199189425331568,-0.08648778677168138,0,0,0
7.455127076354387,0.006965385981469297,-11.96482102325632,0.006864800457368858,-7.2700187246488355,-0.09548502796053668,0,0,0
7.460608099098252,0.006708999571731056,-11.909680099237363,0.024855489452382074,-7.388621349992263,-0.11069999090457401,0,0,0
7.459845828153647,0.005851309904380741,-11.817785928161797,0.04541043447617312,-7.5519756268630545,-0.1311944669674105,0,0,0
7.455108422581148,0.004768131283390176,-11.702000620276337,0.06558439043806175,-7.749954542247721,-0.1551527128381835,0,0,0
7.449426121468306,0.0038785840373790847,-11.574971165693626,0.0823827246004086,-7.9712048069857815,-0.1797225755759257,0,0,0
7.445794458586491,0.0034786221379491168,-11.44648042756232,0.09313661246183927,-8.20745547585166,-0.20136003541374664,0,0,0
7.446494851386021,0.003646713126205725,-11.323251440994497,0.09600131663986389,-8.454313787829278,-0.21666719201231785,0,0,0
7.452574250606048,0.004277579955180499,-11.210604856614054,0.09044816201959804,-8.708744396651085,-0.22343336138091133,0,0,0
7.463550857827613,0.005220492194392534,-11.114606266901191,0.077556031492486,-8.965156499470652,-0.22145535587452372,0,0,0
7.477487245455592,0.006429039016568083,-11.043152791769728,0.0599546017806631,-9.212789779469034,-0.21279648202129947,0,0,0
7.491594207616444,0.008015920485495088,-11.004807856857681,0.041388280917669815,-9.436690644772014,-0.20137431761923635,0,0,0
7.503383898650057,0.010161760716300705,-11.005198479041383,0.025966846399471423,-9.622954963801376,-0.19199497107880745,0,0,0
7.512050750097572,0.012921670104334737,-11.042225613236937,0.017214645480596858,-9.766529185608292,-0.18907431656928822,0,0,0
7.519398812746829,0.01605307935274425,-11.102454602469706,0.017073292616640857,-9.877919362460716,-0.19532286983942698,0,0,0
7.529585326323257,0.019000359186655658,-11.161088356516927,0.02508315801496792,-9.984947983178145,-0.2106862793261996,0,0,0
7.547412065749498,0.02109317177857406,-11.186811963567607,0.03800548926801497,-10.127405186639734,-0.23182042564757807,0,0,0
7.575711552429368,0.02188428296153262,-11.151104986188528,0.0500777169733837,-10.34505695352216,-0.25228529260772775,0,0,0
7.613105044133491,0.021457709269878934,-11.039871930447646,0.0539552801453496,-10.661973095045354,-0.26349747378610855,0,0,0
7.65355444969417,0.020548471209524168,-10.863774686751512,0.04227685129921497,-11.072019292732648,-0.2563845528082709,0,0,0
7.6884189632413324,0.02041650420935497,-10.663097899089578,0.009689246162959363,-11.530994035944815,-0.2236187448086767,0,0,0
7.71043703723177,0.022532891295477954,-10.504030687123844,-0.045016496575122744,-11.959543570849291,-0.16212227976105567,0,0,0
7.717960991348846,0.028202785065589354,-10.465645677587887,-0.11728023419061202,-12.257929701662462,-0.07518723977795502,0,0,0
7.717535462192814,0.03825203875623373,-10.619457100244787,-0.1964565154831334,-12.330374713691,0.026735496330748277,0,0,0
7.723563854840378,0.05285770277667297,-11.005562140840112,-0.267414627099744,-12.114106810547483,0.12738214328155523,0,0,0
7.754914239278037,0.07153119635216569,-11.611253322268155,-0.3139699304078064,-11.606170780788702,0.2081898473635931,0,0,0
7.829439916405391,0.09320692228508705,-12.359614305473727,-0.3230924389188871,-10.879277584419285,0.2528855572277749,0,0,0
7.958231939991705,0.11637955983996306,-13.115670141019862,-0.28824483124749206,-10.077701990214678,0.2513460257049445,0,0,0
8.14168207190022,0.1392583211117852,-13.714018201445086,-0.21057348766381806,-9.388151662229802,0.20129528194226368,0,0,0
8.368866413215827,0.15993147005343927,-14.003473990829576,-0.09784091776688371,-8.990120819096717,0.1076532595280952,0,0,0
8.620488186092203,0.1765484463458975,-13.89402228827845,0.03792234106432062,-9.002138463667066,-0.019485430954895834,0,0,0
8.874232635631401,0.1875360525612919,-13.386478999598765,0.18277793045562163,-9.446083313799846,-0.1669573708980721,0,0,0
9.110544202466698,0.19185623100783716,-12.571380554226067,0.32251401703699967,-10.244976882239825,-0.3200004895554187,0,0,0
9.316850162727206,0.18926558711563785,-11.597866277913624,0.4436624454572694,-11.253842118410049,-0.46326231866744083,0,0,0
9.489048318299353,0.18047263911805658,-10.626338730196906,0.5345526916516249,-12.308961120096441,-0.5820787618099871,0,0,0
9.630274764890956,0.16707299680506224,-9.783474017711939,0.5868886115353333,-13.275744489769423,-0.6645291174765603,0,0,0
9.748002226483763,0.15121423471874634,-9.13447413510373,0.5975581579844345,-14.079282479973472,-0.7038869083715141,0,0,0
9.850887811148084,0.1350645668761999,-8.679045686447168,0.569696981372448,-14.710325176889086,-0.7003176066855545,0,0,0
9.946408463080786,0.12025984949219862,-8.368491284928837,0.5121223065671998,-15.208939280329673,-0.6607837685513516,0,0,0
10.039596381266449,0.1075329022319508,-8.134587875476242,0.4370843659113305,-15.63541199386232,-0.5970234898469045,0,0,0
10.132630533279666,0.09667098581313383,-7.918440708434105,0.3571472226396068,-16.041007547382208,-0.5223900512388269,0,0,0
10.2248783043934,0.08681320274922939,-7.689509185874286,0.28233979880143495,-16.44925938065539,-0.4486952857052032,0,0,0
10.313142697388685,0.07694642598116275,-7.450157488554069,0.21847606556043075,-16.85281456775334,-0.3840012377194597,0,0,0
10.392179185046714,0.06637553433921965,-7.227022618800319,0.16699748649294718,-17.224077016879093,-0.33183744760031997,0,0,0
10.455758176430692,0.05498474704354521,-7.054866503800838,0.12611787413653416,-17.53286163248471,-0.2918100749932293,0,0,0
10.49840679238325,0.043236143498575075,-6.960076029697589,0.09264941868114676,-17.762697346821454,-0.2611545483036991,0,0,0
10.51746648629539,0.031976975250339025,-6.949713479499422,0.06376424996086313,-17.91929485716807,-0.23655978610009498,0,0,0
10.51464315454028,0.02218020834385186,-7.009070821517696,0.03810002471485774,-18.028699652892286,-0.21560519469493328,0,0,0
10.496255933516238,0.014717842449962859,-7.107312543563495,0.01596116064603592,-18.127040030261966,-0.1973908843881759,0,0,0
10.4719578162522,0.010204902903970492,-7.208093688664775,-0.0012485801729724244,-18.24695747689931,-0.18231793871125887,0,0,0
10.452400285783057,0.008902079766458825,-7.280798208825473,-0.011965109564162902,-18.406605408383157,-0.1713191866213549,0,0,0
10.446680387831918,0.01065355966024555,-7.3085089387257085,-0.015345996538842143,-18.605311327604724,-0.1649859366597724,0,0,0
10.460321121888313,0.014857790266678706,-7.29054588209371,-0.011833743273626851,-18.8267234116351,-0.16294848514942828,0,0,0
10.49422821408642,0.020494406675450706,-7.2395084205300435,-0.003344675931407437,-19.047256403991682,-0.16366852403298254,0,0,0
10.54477897409528,0.02623316442683148,-7.174517599442467,0.006876897687887152,-19.24605349869826,-0.16463682096199078,0,0,0
10.604942388985705,0.030625097014866754,-7.113535995086011,0.014720735048477707,-19.41255671341918,-0.1628825452064376,0,0,0
10.666044388962177,0.03234234902583637,-7.068050912235691,0.015987497869113555,-19.54877970866235,-0.15564813358319327,0,0,0
10.719587221294788,0.030415486209710706,-7.04251758083177,0.007393366696476278,-19.66538489322211,-0.14104247339908654,0,0,0
10.758587577784553,0.024416774606876857,-7.038543566684623,-0.012435732914350694,-19.773408239881874,-0.1184876419400183,0,0,0
10.778208786400867,0.014540547812978843,-7.060886338179998,-0.042300745381284345,-19.875782928963687,-0.08885332828555477,0,0,0
10.77582377604142,0.0015408357573406307,-7.120923230134338,-0.0783287647405885,-19.96308674421509,-0.054315910001410825,0,0,0
10.750835249929025,-0.013476483438083164,-7.234575271760946,-0.11442391945558797,-20.01573606159559,-0.01812864938158043,0,0,0
10.704488867957082,-0.029346332308628577,-7.414903211237217,-0.14300480995756287,-20.011599831035284,0.015450223544338827,0,0,0
10.639633692216208,-0.04511341021679982,-7.662515874342887,-0.15570036045752572,-19.93578968684723,0.04095856793266535,0,0,0
10.560187331668686,-0.06017821599321138,-7.957805246848352,-0.14390249522336376,-19.789212598712368,0.051475881279002066,0,0,0
10.470177554604874,-0.07428463029695251,-8.25777518964189,-0.09943167661277244,-19.593843207234983,0.03883985559708521,0,0,0
10.372581065875892,-0.08739207456887073,-8.49809901181132,-0.015710253180012047,-19.394277473218963,-0.00516646514023904,0,0,0
10.26845311912679,-0.09952241715022012,-8.599521185407028,0.11046925476280763,-19.255799213895457,-0.08665094081326714,0,0,0
10.15680541785244,-0.11065930627873258,-8.477568518918261,0.27708355864008355,-19.258649427091854,-0.20716667758507584,0,0,0
10.035362483431342,-0.12071700012684232,-8.055203104307722,0.47582844474554664,-19.487384372992835,-0.3620851945121132,0,0,0
9.901903030352713,-0.12954115218242065,-7.278025761934458,0.692610615024779,-20.01475139561748,-0.5406416190726716,0,0,0
9.755611078426824,-0.1369043500414179,-6.1298827241328695,0.9096109105408232,-20.88224546972826,-0.7276955241693692,0,0,0
9.597895805169756,-0.14250319586876117,-4.6440676248363815,1.1081660059445297,-22.083266606886042,-0.9064026520370291,0,0,0
9.432463690947785,-0.1459934306867794,-2.9042314268874208,1.2714007876109406,-23.55664163196836,-1.060698439602725,0,0,0
9.26477580984448,-0.14707825991787757,-1.031699096600562,1.3859312695918207,-25.195628789439084,-1.1769472476215406,0,0,0
9.101134054190695,-0.14561501004332342,0.8383339157663414,1.4427298355964537,-26.870798448928674,-1.2449042999246955,0,0,0
8.94754910718828,-0.14167967605121845,2.583561047633978,1.437735192084243,-28.458303993589254,-1.2585780394474313,0,0,0
8.808518812258995,-0.1355559154709951,4.114486690702378,1.3725826800261671,-29.862783609922708,-1.2173094955009205,0,0,0
8.686022818673663,-0.12767099991962425,5.381744176999945,1.2551688392434215,-31.02812190330726,-1.1266986786319635,0,0,0
8.579212382998108,-0.11853307293227858,6.372095251656816,1.0993028054756948,-31.93642737223979,-0.9985610577765982,0,0,0
8.485106269840529,-0.10870001992607001,7.099326158907971,0.9228863832126522,-32.60053179009179,-0.8493162676896808,0,0,0
8.400051923716873,-0.09875687987786677,7.595944076128802,0.7447942016856259,-33.055340424737466,-0.6969674795721126,0,0,0
8.321185805973514,-0.08925787143981267,7.907620767597834,0.5813766344703992,-33.350253393205676,-0.5575915879392263,0,0,0
8.247132961624999,-0.08062779060573036,8.088796627869527,0.4437667702737812,-33.54225220973434,-0.44251842564973104,0,0,0
8.17777561058378,-0.07307648506856453,8.19716473552596,0.336775195850133,-33.68879146633589,-0.3569963380690112,0,0,0
8.113565255412027,-0.06659709683628279,8.286275932622601,0.2593951270971999,-33.8404732446498,-0.30042565356680273,0,0,0
8.054970392790153,-0.06106868770202425,8.39732739233797,0.20634074206279535,-34.03421987298152,-0.2676793900066926,0,0,0
8.002240906201692,-0.056403405885893675,8.55215439344019,0.1699272176031073,-34.28796786642002,-0.2508981572408352,0,0,0
7.955257967988018,-0.052639629650312256,8.749496135501275,0.14185936726581333,-34.59808528399737,-0.24133307780770535,0,0,0
7.91324141463528,-0.04992542320178757,8.966046522628815,0.11478136499141556,-34.94068390790782,-0.2310233837440876,0,0,0
7.874419392820286,-0.048422977165947144,9.162733579535924,0.08353432994163512,-35.27732569015872,-0.21416925997716801,0,0,0
7.836017864857936,-0.04821447376829582,9.295216252159875,0.04601347771858144,-35.56432199714582,-0.1880495686288249,0,0,0
7.794789509470391,-0.04926425282724125,9.326214440255967,0.003476311956426059,-35.76358417128273,-0.1533588290654663,0,0,0
7.747878729607123,-0.05142826894097112,9.236610277783683,-0.03978719418100951,-35.85248604717522,-0.11391820772232678,0,0,0
7.693545838924308,-0.054464943139832654,9.03250803494231,-0.07740108756986785,-35.83048406610757,-0.0757881537524149,0,0,0
7.631420517729069,-0.05802080908053853,8.746410709808416,-0.10235042590829693,-35.72096893093805,-0.0458653306595707,0,0,0
7.562327864517741,-0.06161439447275825,8.432090511902231,-0.10871897564953485,-35.56780816363618,-0.03015323831878547,0,0,0
7.487958216791981,-0.06466807754024018,8.154282451630095,-0.09337957322248513,-35.427149943643286,-0.03207308929469477,0,0,0
7.410608536589692,-0.06660729936734669,7.975485259802596,-0.057188898306357316,-35.35596682152152,-0.05130848027056203,0,0,0
7.333033323829895,-0.066987534565952,7.942542263545846,-0.005268858044235003,-35.399337214503525,-0.08360037557176554,0,0,0
7.258275448092704,-0.06558385939592881,8.075543823040576,0.05381251948185337,-35.578858073346574,-0.12161337594546637,0,0,0
7.189337089455535,-0.062410050863303465,8.361420519935024,0.10979243347545235,-35.885052890092766,-0.15662135221584988,0,0,0
7.128716515796924,-0.05768602980260198,8.754325457192394,0.15290192504252076,-36.27666897398835,-0.18048413088058907,0,0,0
7.078003383947603,-0.05179305280542934,9.183921697341333,0.1758503682703676,-36.688489802892875,-0.1873288575650811,0,0,0
7.03770724496502,-0.04523545057209048,9.570633229760844,0.17508913253741837,-37.04661782556224,-0.1745452611364094,0,0,0
7.007320009096034,-0.03859719058115303,9.84433504456294,0.15117575637112993,-37.28718245309655,-0.14304206706675374,0,0,0
6.985467566491721,-0.03247407658959105,9.961109762327439,0.10839080431248789,-37.37264947244207,-0.09695666224831712,0,0,0
6.970027688737687,-0.027383993414390774,9.912786134333771,0.053875061705521435,-37.3004385192941,-0.04300509384852447,0,0,0
6.958254030868787,-0.0236861224315021,9.72637658517678,-0.003540373094628535,-37.10141943288561,0.010497710448645847,0,0,0
6.9470614180183645,-0.02154434820455009,9.454299827257145,-0.0547515127141466,-36.82975788517106,0.05498443788049982,0,0,0
6.933534682196793,-0.020942341818084742,9.159451866165455,-0.09195867299353751,-36.548424695829745,0.08325074587676155,0,0,0
6.915497155311627,-0.021724420630039275,8.900171136990238,-0.11016829066891916,-36.31510382857801,0.0910185555531946,0,0,0
6.891855291481903,-0.02362695354499351,8.718921726246109,-0.10825106591526748,-36.17169186950189,0.0779947855453024,0,0,0
6.862559901902102,-0.026285450690458845,8.636406570199867,-0.08918767488844281,-36.138645424087876,0.048033091345530465,0,0,0
6.828283826784173,-0.029236657155755096,8.651046499825469,-0.05932631630684426,-36.21411036679462,0.00826791137704106,0,0,0
6.790075802795641,-0.03195378499869435,8.742652137873748,-0.026822980026572907,-36.3769968975646,-0.03253597763864278,0,0,0
6.749198031041786,-0.033932762192794994,8.878599103174764,0.00024832062462962765,-36.592701616989046,-0.06588987954708685,0,0,0
6.707173181833099,-0.034800335861848455,9.020909385449343,0.01555185046594545,-36.82010760583879,-0.08519756619988925,0,0,0
6.665887459311236,-0.03438540586577972,9.133113422108337,0.015536676272168393,-37.0187403191152,-0.08675905718420936,0,0,0
6.627523568031421,-0.032714444219783444,9.186070026991416,-0.00023085988024718063,-37.15511766155749,-0.07010081430915491,0,0,0
6.594207060268843,-0.029945208739890462,9.161935072411751,-0.02936381167737352,-37.20732349130061,-0.037719276806259215,0,0,0
6.567493796693142,-0.02629288707144468,9.055689641649693,-0.06740472573717397,-37.1670794905769,0.005624150459950528,0,0,0
6.548001232824106,-0.02199614937113381,8.874288488967792,-0.10881100518765408,-37.039282441343985,0.05388798894536464,0,0,0
6.535415459704268,-0.017327128120007272,8.634097971397395,-0.14796288962197365,-36.839653567179425,0.10082488163893544,0,0,0
6.528831739385268,-0.01260799914815749,8.357408383051734,-0.1800430387815865,-36.59130313485721,0.14096461897568915,0,0,0
6.527146932081195,-0.008191953220875802,8.068604880502008,-0.20170158419690126,-36.3207553929651,0.17035928489260285,0,0,0
6.529236537330448,-0.004399891014439561,7.790489051298223,-0.21143764247770064,-36.0538217275354,0.18698400325310657,0,0,0
6.533901900633026,-0.0014445192236124172,7.541280489229607,-0.20963145424179003,-35.81185878944944,0.19074741285983166,0,0,0
6.539807467829661,0.000613051847284396,7.332683034292472,-0.1982178279405474,-35.60909412935831,0.18316107264706147,0,0,0
6.545604035822663,0.0018498534696391288,7.169054185022404,-0.18009859934907552,-35.45152481263146,0.16681102132785952,0,0,0
6.550208150124448,0.002423271120879633,7.0475586476347445,-0.15847152461316227,-35.33748345876955,0.1447987969128036,0,0,0
6.553048604457018,0.0025071707082105375,6.959375099231792,-0.13624462251533914,-35.259605361978586,0.12024985516020266,0,0,0
6.55413175129695,0.0022559066496683046,6.892110209562318,-0.115629598295709,-35.20767171487337,0.09589338760464372,0,0,0
6.553913994400659,0.0018008959258196456,6.83311197790664,-0.09792820375392637,-35.17154335390083,0.07369300303893596,0,0,0
6.553064450594064,0.0012579000721245847,6.772693136920111,-0.0834767733852729,-35.14331516572918,0.0545633989131197,0,0,0
6.5522186391633,0.0007239019480692832,6.7061586553486165,-0.07170468181564615,-35.11825684136307,0.038267630968287135,0,0,0
6.551795603827131,0.0002643642744800445,6.634193068341133,-0.06129399101554327,-35.09488785148896,0.02358426598879575,0,0,0
6.551910859891223,-9.300923879465017e-05,6.561998451690343,-0.0504739899710188,-35.07492875906008,0.008761004166129283,0,0,0
6.552386468550907,-0.0003470321106377128,6.497915300439743,-0.037479810630527764,-35.063460140227114,-0.00783593010941459,0,0,0
6.552843055303356,-0.0004983683433437136,6.452007366865942,-0.021109398528037105,-35.06884850294859,-0.027073089249156367,0,0,0
6.552851792869248,-0.0005256195221534199,6.434618737479312,-0.0011915635932425062,-35.10164079888159,-0.048645843287599175,0,0,0
6.552118512069072,-0.00037664983583169943,6.454635199521604,0.021246677199324892,-35.17199532031729,-0.07108973802921241,0,0,0
6.550661430190573,1.7903713380462705e-05,6.517312103257041,0.04420286617145734,-35.28603101596752,-0.09219191748546578,0,0,0
6.548930310967222,0.0007135675260798279,6.622017992626269,0.0652106764817674,-35.442274246392394,-0.10959934419711814,0,0,0
6.54780825537253,0.0017189851686069345,6.760777500987686,0.0819121471608966,-35.62977359860517,-0.12135873823155877,0,0,0
6.548452140804983,0.0029807963148982706,6.9186254273418655,0.09248005490326819,-35.829154221655195,-0.126221163806629,0,0,0
6.551974640960935,0.004397970126902351,7.076221730055707,0.09581588599564839,-36.01680702634362,-0.12371313148854028,0,0,0
6.559046535152021,0.005856442818783591,7.214105216508017,0.09159309490849807,-36.17092220103126,-0.11408968368584596,0,0,0
6.569576320236976,0.007257340301292459,7.317036772048709,0.08026293332196843,-36.2770475225427,-0.09828558106909284,0,0,0
6.582651018452339,0.008518090597331707,7.376807915898624,0.06307467595093072,-36.33106014101488,-0.0778992647797935,0,0,0
6.5968314941382715,0.009552128028948914,7.392777597435796,0.04205540369073617,-36.33877211376699,-0.05514803278328841,0,0,0
6.610682940256908,0.010250810541525369,7.370566148606585,0.019836833129252794,-36.31289215717575,-0.032683437844343646,0,0,0
6.623234833203497,0.010484755688172243,7.319941436476725,-0.0007435542090803438,-36.268886826658445,-0.013195011260748402,0,0,0
6.634111216940539,0.010125556190743623,7.252764752135576,-0.017214478797468756,-36.22126689419033,0.0011435228028389588,0,0,0
6.643329535662019,0.009079168913780222,7.181331537895048,-0.02802497113374187,-36.18125392643805,0.009191319209615046,0,0,0
6.650960246220237,0.007319101870201905,7.116993758634393,-0.032842805868919814,-36.15598860009863,0.011084306813067712,0,0,0
6.656822197842658,0.00490807683865171,7.068786187964903,-0.0324609774758116,-36.148757138951105,0.008076450917920397,0,0,0
6.660302097059457,0.0020027422813399197,7.041960428533329,-0.028368635783006368,-36.15948697300287,0.0020404037212685467,0,0,0
6.660368009374778,-0.001157760710488276,7.036787060711291,-0.0221940718536473,-36.18513433044655,-0.005157563414857691,0,0,0
6.655842037154358,-0.0042805396522396675,7.048379857209426,-0.015245798690578738,-36.2202170728842,-0.012162443022069879,0,0,0
6.645912262524789,-0.007068341253906851,7.06816782267768,-0.008279019097882668,-36.25800760458779,-0.01836165722169838,0,0,0
6.630710363070307,-0.009279544835459319,7.086879790776521,-0.0014803499999970881,-36.29248811996307,-0.023841774489550004,0,0,0
6.611657226098615,-0.010770517807490877,7.098000717940252,0.00542749556303761,-36.32046246080702,-0.029192045869302064,0,0,0
6.5913058204181425,-0.011497666663976247,7.100306765229789,0.013063779698158839,-36.34289132441103,-0.03529565381800026,0,0,0
6.572646123122951,-0.011486246663915267,7.098541346916221,0.02227728460940881,-36.36487049865504,-0.04316453855209375,0,0,0
6.558164797865643,-0.010796561320104559,7.1021902586344225,0.03397540899788396,-36.39440634499413,-0.05375949743664563,0,0,0
6.549117019767749,-0.009514670010406689,7.1230611435952795,0.04880118011170396,-36.440677597644125,-0.06769773661633564,0,0,0
6.545325430419695,-0.007770117914138552,7.172598225514918,0.06665505826233016,-36.51244351118287,-0.08483564828497378,0,0,0
6.545505542735626,-0.005757149792012228,7.259559906805379,0.08621849358992932,-36.61677971596749,-0.10386698993742272,0,0,0
6.547876423953312,-0.003727603572058058,7.388133947188265,0.1047446142547372,-36.75781204725066,-0.12216911341567496,0,0,0
6.550765562420722,-0.0019419294889814864,7.556179623794719,0.11833353672622308,-36.934984970751145,-0.13607622161134217,0,0,0
6.553009183928921,-0.0005976594110464362,7.753430373399823,0.12270459786845009,-37.140844602812805,-0.14157814185933545,0,0,0
6.554085728178492,0.0002254820130048074,7.960185653839545,0.11423266351134202,-37.35913236018125,-0.13524313597730994,0,0,0
6.554029784697562,0.0005746842596167312,8.14775290777716,0.09089166142553182,-37.56458245856778,-0.11506878162523933,0,0,0
6.553226828233136,0.000586748816370175,8.281876714178452,0.0528223838318894,-37.72563271476846,-0.08102605036544616,0,0,0
6.552188203755179,0.00042672580096905224,8.329236237318923,0.0024375984597071465,-37.810187763587486,-0.03521373303116704,0,0,0
6.551371839897797,0.00023047458917915264,8.2653877787087,-0.055855766152463106,-37.793108957417225,0.018333264011217664,0,0,0
6.551072273015862,7.123567924480768e-05,8.081514839770236,-0.11619161430667617,-37.663131327435266,0.07410668343639273,0,0,0
6.551373030899327,-4.258385702939904e-05,7.787783745124273,-0.17196291478547893,-37.42704021962195,0.1258210840972346,0,0,0
6.552143681963003,-0.00014294123112392753,7.412509931785337,-0.21670594068285282,-37.10994937756233,0.16732591720940776,0,0,0
6.553070308312513,-0.0002633203877039136,6.997621962270088,-0.2451142241913132,-36.75165233063897,0.1936586178603946,0,0,0
6.553721540721369,-0.0004010979305192564,6.591514230333061,-0.2540425459858895,-36.39977776844888,0.20204986744110015,0,0,0
6.553659889608198,-0.0004957378106880128,6.240556505984756,-0.24324573862841845,-36.1009215192089,0.1926052572259529,0,0,0
6.552600372386323,-0.00043265732144135425,5.980693500948632,-0.2155786676818508,-35.8913232864737,0.16841158766284964,0,0,0
6.550593624356097,-7.432029878202684e-05,5.83073447226532,-0.17652135895235688,-35.78904653616451,0.1349724945147223,0,0,0
6.5481772244499865,0.0006906785017818607,5.788810777460029,-0.1331289816863901,-35.789689089176484,0.09910486809565171,0,0,0
6.546414461790917,0.0019002840807104348,5.832930392424515,-0.09270576170217026,-35.867056385157696,0.06761451966975969,0,0,0
6.546745699801448,0.003497830265357038,5.925728162951728,-0.06156163883187844,-35.97901545080677,0.04612058939499377,0,0,0
6.550629827911507,0.0053529888738381715,6.022570155600704,-0.0441229249233885,-36.07731527447473,0.038289808779329346,0,0,0
6.559050466980821,0.007316864652185018,6.081220114921436,-0.04250533841485264,-36.11890069660581,0.04554497469575978,0,0,0
6.572073149119618,0.009277289575051384,6.0705643452483855,-0.05650815726195333,-36.07550713394137,0.06714573077463157,0,0,0
6.58869984337494,0.011176691754029378,5.975897842014277,-0.08390584576519444,-35.93857187449894,0.10048818319362027,0,0,0
6.60718977834658,0.01298334277206834,5.799327256750871,-0.12091250987966902,-35.71802343141561,0.14153073650275302,0,0,0
6.625769018908173,0.014645698429454512,5.555640116800106,-0.16275433326612188,-35.4358735395161,0.18534854230702394,0,0,0
6.6433665201066106,0.016074257409219684,5.2656528996457865,-0.2043438839372996,-35.1175892284182,0.22685134497480205,0,0,0
6.65994414199028,0.017171014008947338,4.949752319808084,-0.24103570057030196,-34.78480725724028,0.26162199906157324,0,0,0
6.6762478895116,0.01788262168068542,4.623805293627825,-0.269350330089955,-34.451749020130165,0.2866940192617925,0,0,0
6.6932026840959935,0.018228665238521558,4.298184830290509,-0.2874741895813571,-34.12553002773653,0.3010094854321892,0,0,0
6.711372402003704,0.01827457943983859,3.9791313162277078,-0.29537286257797746,-33.80880182472671,0.3053775399976665,0,0,0
6.7307606070702946,0.018064299568588637,3.6708631092184163,-0.2944952600331973,-33.50268070599008,0.30196019906698696,0,0,0
6.750899365926472,0.01756025709670155,3.377061044348835,-0.28720020754355174,-33.20856694132345,0.293511968723913,0,0,0
6.770986495760155,0.016632401414484833,3.1011559462007057,-0.2761086018743512,-32.92847702017705,0.28265964828285917,0,0,0
6.789935572744966,0.015104930326616283,2.8455986309710966,-0.2635501362727126,-32.664248031438945,0.27140671261485494,0,0,0
6.806412014594059,0.012836955788203852,2.6106875164681327,-0.2511873193029189,-32.41627154884623,0.26089075349064644,0,0,0
6.818969091073626,0.009798043610628327,2.393650824210269,-0.23983787717786384,-32.18246954117907,0.25134447792520903,0,0,0
6.826268156135129,0.006107308711332848,2.188666301064572,-0.22950949865779507,-31.95821077441169,0.24223828076515802,0,0,0
6.827297192777763,0.002029923014632118,1.988303930900699,-0.21966197223139403,-31.737681893981616,0.23262404117348084,0,0,0
6.821572241978032,-0.0020555533487865317,1.7863116372613206,-0.2096534797510614,-31.516622492830066,0.22165180940625007,0,0,0
6.809352838109987,-0.005707468445800145,1.5807525444490693,-0.19921599283323702,-31.295357045474617,0.20909821640776158,0,0,0
6.791833694183623,-0.008485538443487428,1.3757681226404657,-0.18874034792129066,-31.0802978983385,0.19565817508410888,0,0,0
6.771198596072793,-0.010020221143609832,1.1804413220348948,-0.17923292109029063,-30.88232652958864,0.18284081411645942,0,0,0
6.75043096227229,-0.010068382935972408,1.0046211486900916,-0.1720083514166973,-30.711958926114548,0.1725503269579697,0,0,0
6.7328608882869645,-0.008547323513811022,0.8534387026387265,-0.16835362485433478,-30.57326586736133,0.16663049087190557,0,0,0
6.721556630159185,-0.005560862495404706,0.723284037255226,-0.16938336302421533,-30.459689798005144,0.16662735974262902,0,0,0
6.718766879637528,-0.0014287201000499294,0.6013216133073627,-0.1760976828764697,-30.354061400014473,0.1737921369391195,0,0,0
6.7255843267754045,0.003298609170830957,0.46858278689759914,-0.18942734685860216,-30.232707504831993,0.1891081211956461,0,0,0
6.741823957639653,0.00787511076259193,0.3047676823573511,-0.2100153303914425,-30.07137698526256,0.21308535455949099,0,0,0
6.765963617023985,0.011465551532761253,0.09247800701916731,-0.2376855850709944,-29.850348895403776,0.24526010064951223,0,0,0
6.795065637109488,0.013312821841429923,-0.18022428431562787,-0.27084018963463735,-29.557435676083422,0.2836285037997023,0,0,0
6.824819785891933,0.012929203739081175,-0.518505345945556,-0.3061985133311154,-29.18921668638204,0.3244320285318906,0,0,0
6.849949703698712,0.010255635556096366,-0.9197119818795301,-0.33921302434132344,-28.75147298399373,0.36263698419186596,0,0,0
6.8650864775999025,0.005726301225453767,-1.3722347020198526,-0.3651658809002029,-28.259357919619426,0.39309832861401334,0,0,0
6.865989106701264,0.00019368290807761924,-1.854963193707647,-0.3805283158989667,-27.736980829364306,0.41195938354239414,0,0,0
6.850848667549997,-0.005283431913791503,-2.338701096055928,-0.38393197561843523,-27.215369512686237,0.41762515004790046,0,0,0
6.821323235198491,-0.009727911934371036,-2.7908086301058717,-0.37627791287669793,-26.727691558095813,0.4108568801714846,0,0,0
6.782847339029942,-0.012509584471946767,-3.18307602210443,-0.36002130849679903,-26.30172421869186,0.39405269936914067,0,0,0
6.743760786720429,-0.01349624610948581,-3.500515476632316,-0.3381483902383806,-25.95178314983862,0.3702303536513192,0,0,0
6.71312929788607,-0.013049713935596684,-3.746841749165185,-0.31345143911559176,-25.67409739492477,0.34229382493519933,0,0,0
6.697786517765778,-0.01189456588626996,-3.9430034130826073,-0.28837232761491693,-25.448866874368576,0.3128333982250659,0,0,0
6.699723941172465,-0.010933384848065941,-4.118718430913546,-0.26520457307347556,-25.248689692690633,0.28425310778670365,0,0,0
6.714987242603854,-0.011080816947060156,-4.301195884263336,-0.2461774439189668,-25.049169447480537,0.2587833845035945,0,0,0
6.734589338243936,-0.01314817392918144,-4.50674909317577,-0.2330860619864211,-24.836419670267432,0.2380935552862468,0,0,0
6.747043447838564,-0.017764770507091042,-4.738686469856816,-0.22657248784195475,-24.608646847113647,0.22263897161137863,0,0,0
6.741514819069337,-0.025305615641008215,-4.990746826790684,-0.22555091685530898,-24.3728384348192,0.21120707311065842,0,0,0
6.71051506572789,-0.035818574667450774,-5.2525830692955395,-0.22726606592591594,-24.139857713059868,0.20107466819727476,0,0,0
6.651365599738128,-0.04898211284359064,-5.513936641968641,-0.22805919421940218,-23.92078866582939,0.18879350025042924,0,0,0
6.566113081649519,-0.06413150371443237,-5.766240355051863,-0.22444053379679757,-23.725393433724832,0.17122116201948218,0,0,0
6.460073141475988,-0.08035229307243555,-6.002350917718275,-0.2139278156617408,-23.562026663818187,0.14632797113743834,0,0,0
6.33960077109127,-0.09659431970100059,-6.215664072341767,-0.19536811811385063,-23.43812019239583,0.11354259071609647,0,0,0
6.2099028127365585,-0.11175535181877194,-6.399310373107568,-0.16880405237591417,-23.36075469018634,0.07366796335579266,0,0,0
6.0736722054595305,-0.12472334028052642,-6.545601222231312,-0.13505432839080242,-23.336957827285715,0.02844985334157286,0,0,0
5.93106640751958,-0.13441349376416553,-6.646027249793178,-0.09506748993157857,-23.37313995889305,-0.020232233526917297,0,0,0
5.781100250828558,-0.1398512383612811,-6.6923676509953225,-0.04906339010843937,-23.473220939952682,-0.07156416207643304,1,0,0
5.623961300881618,-0.14031842576397793,-6.678787350549825,0.004327190267181891,-23.636158801261274,-0.12709784486172565,1,0,0
5.4632816629226255,-0.13551908767155538,-6.603126353203564,0.06845443645513143,-23.85535917964414,-0.1915113290173295,1,0,0
5.307230662096472,-0.12568548937720153,-6.464611541284427,0.14811023724819705,-24.123111001098565,-0.2721791443645195,1,0,0
5.167600698036708,-0.11157516641985268,-6.256874256136257,0.24799430840688785,-24.441035054489163,-0.3773897772033877,1,0,0
5.0568888838362085,-0.0943838740119503,-5.959079015046456,0.3707036886778766,-24.833005112435444,-0.5137653756782286,1,0,0
4.984409894375716,-0.07565114986917507,-5.531119707790452,0.5151631553047693,-25.353233482569124,-0.6839464382227639,1,0,0
4.953047918964543,-0.057218721567717526,-4.918208000625597,0.676369408493791,-26.082546133831535,-0.8856011197436693,1,0,0
4.957920541261004,-0.041227667255868995,-4.0656581381624335,0.846821521032642,-27.110855599319592,-1.1123109018502668,1,0,0
4.987227667400077,-0.03005735419218496,-2.938990363014412,1.0192850085880452,-28.510793715675334,-1.356135290096875,1,0,0
5.024588752136808,-0.026079198396321602,-1.5407360979476294,1.1899132817183258,-30.31268532218032,-1.6110008754717065,1,0,0
5.051774085204443,-0.031163759786475963,0.08490673438808471,1.3604634653973506,-32.49216999869797,-1.8757042285100112,1,0,0
5.051004990363936,-0.04602207053704603,1.8650888571228563,1.5384650524390566,-34.97846819814681,-2.15530617135678,1,0,0
5.006657120174623,-0.06959560201476193,3.7282385445960244,1.73471627639737,-37.684463902067314,-2.460019288638648,1,0,0
4.906808714073492,-0.09874581880075368,5.642258561047001,1.958356380754445,-40.55104380920623,-2.8013791606411615,1,0,0
4.745251285971449,-0.12841788974098306,7.64555563892705,2.2108337365621638,-43.59004739753556,-3.1865101288276456,1,0,0
4.524189189005256,-0.15231144624750073,9.853530816600113,2.4809738791516525,-46.906295196136924,-3.6123766078402504,1,0,0
4.257091898816924,-0.16392878067688485,12.428954763348102,2.743533104393488,-50.682739020218015,-4.062505573606257,1,0,0
3.970462353253467,-0.15771822532353214,15.517905669382017,2.9627493841792485,-55.12464720573121,-4.508207195242424,1,0,0
3.7030487699902466,-0.12995365907628553,19.169347002607225,3.1005672393722947,-60.37589500395179,-4.914662773376433,1,0,0
3.5014742896618003,-0.0790798220653599,23.269002693568893,3.127067662702385,-66.43645140058283,-5.2499730515683485,1,0,0
3.412486278435594,-0.00551662464925613,27.520237778322965,3.0292388420685996,-73.11722573476054,-5.4935512165513005,1,0,0
3.4738227371286143,0.08878598535514329,31.492582698915342,2.814577381767721,-80.06054015057104,-5.6402928681497615,1,0,0
3.7071205294117675,0.20063027554,34.73391093831897,2.5082991053685886,-86.83109163583164,-5.699061967383728,1,0,0
4.116010493419893,0.3254511079127013,36.91293518807085,2.146014246512023,-93.05077432488972,-5.687044463650453,1,0,0
4.6900850394788876,0.4569317030695828,37.937944059613045,1.7656005673396067,-98.52555956304856,-5.623401358566263,1,0,0
5.4120490425566885,0.5868107229092914,37.99930463427732,1.401395227499941,-103.30922387763454,-5.525092568296276,1,0,0
6.263394654216924,0.7053417911408033,37.51194581703399,1.0813256847912327,-107.6733586940553,-5.405363985103911,1,0,0
7.22497343238048,0.802513301471319,36.978048134502245,0.8252764733773326,-111.99509184223574,-5.273209204177898,1,0,0
8.272365800686075,0.8696601305165871,36.82535267600329,0.6426536479083296,-116.60990858961442,-5.131827305622987,1,0,0
9.369581518754714,0.9008468171516455,37.282954968568305,0.5289331952745335,-121.68737708354558,-4.975821368910578,1,0,0
10.465904189843627,0.8935526772594287,38.33349462623529,0.4634345413377595,-127.17086558579965,-4.789188263088393,1,0,0
11.498955751841805,0.8486131295162493,39.74534743268867,0.41151790355223455,-132.79263219235003,-4.547063585126088,1,0,0
12.403721834577638,0.769740022781464,41.16044741740227,0.332713987720944,-138.1493646920615,-4.2226422027416515,1,0,0
13.124478664936348,0.6629945394679453,42.20226714081618,0.19283076103162103,-142.8089880139955,-3.7975347427817114,1,0,0
13.625611812073174,0.536331913258499,42.57228947299064,-0.02473630676868339,-146.4174421939325,-3.271283387595564,1,0,0
13.898180337719182,0.3990410030233633,42.11448366979967,-0.3133654116804948,-148.77985972889542,-2.6656690748758707,1,0,0
13.960794882031564,0.2608361494488506,40.83908569424343,-0.6454448893169683,-149.8997807214718,-2.0217712637603116,1,0,0
13.854918827059933,0.13057607274780877,38.906355744818455,-0.9810907107161434,-149.97043927005285,-1.390900693028965,1,0,0
13.635684933271065,0.014903165865399614,36.57798960831646,-1.2795593077877343,-149.32274246557006,-0.822768001410114,1,0,0
13.359991548988347,-0.0827254845431014,34.14930085176336,-1.5093415133112906,-148.3440678323043,-0.35473938626653023,1,0,0
13.074265684332133,-0.16222989760161255,31.87904573306561,-1.6543650665541612,-147.38857822340276,-0.004998023794314577,1,0,0
12.804716479319893,-0.2262342745811111,29.934440325527234,-1.7156104245734938,-146.70163912263968,0.22924423185573345,1,0,0
12.552753493231634,-0.27878266062532475,28.364854339524925,-1.7087299350435479,-146.37704470616265,0.3687718023238517,1,0,0
12.297223819505334,-0.323905453001376,27.108852007703277,-1.6587018259223,-146.3563818766608,0.44572100937974996,1,0,0
12.003312836057049,-0.364495692813955,26.028638807449028,-1.5925888109985251,-146.46742243187563,0.4947228717892756,1,0,0
11.635837591908071,-0.4017718760162836,24.95837942406473,-1.5316858671105222,-146.48741741033808,0.5435884317041484,1,0,0
11.172968275778317,-0.4353409928861538,23.75178634380795,-1.4848771544813346,-146.2120626982333,0.6056648823887031,1,0,0
10.615864297046173,-0.46365586448374785,22.319337485595454,-1.445417587029081,-145.51322917625535,0.6761408049203907,1,0,0
9.990728005131515,-0.48459201981366534,20.652101498331206,-1.3929198428848864,-144.3755137476773,0.7339964263689694,1,0,0
9.342272788825511,-0.49596180599045,18.832442180658134,-1.3007709409066295,-142.9081835152628,0.7497387517256868,1,0,0
8.720855755470595,-0.49593299873277913,17.030274188252264,-1.147008083252065,-141.33192939951573,0.6969166948389045,1,0,0
8.168157834482415,-0.4834037228138882,15.480264455236423,-0.9249250551149288,-139.94023107343577,0.56362789824868,1,0,0
7.706833295094981,-0.4583581674409928,14.435655910676061,-0.6493651188127231,-139.03708044247296,0.3598098529208215,1,0,0
7.337605759600834,-0.42212473758822855,14.101142598636983,-0.356073592667434,-138.85899435940394,0.11745313309172331,1,0,0
7.043982848729257,-0.37736743198931466,14.558557974928377,-0.09404427747240476,-139.4982554834866,-0.11651885123750105,1,0,0
6.801800363769189,-0.32766459459759856,15.709128872915443,0.08661574812712303,-140.85113842785128,-0.2922344024608151,1,0,0
6.589386601368389,-0.2767108785497527,17.25813515568072,0.14724797533854428,-142.61396416902508,-0.36959887589839013,1,0,0
6.3946169211638875,-0.22742251080498477,18.758601558921114,0.06968626768411354,-144.33869784533812,-0.32769763008694214,1,0,0
6.217053685238369,-0.18134150693202997,19.711658723607158,-0.140559384276078,-145.5407022600523,-0.16841811254083722,1,0,0
6.065626842849525,-0.13861375828434888,19.698599661929364,-0.4569810566594086,-145.83052753987096,0.08582392487165862,1,0,0
5.953746969973068,-0.09853252121398696,18.502753941637707,-0.8385812490476979,-145.02791815849963,0.39833453167541394,1,0,0
5.893932726432567,-0.06036231482279959,16.17712713207756,-1.2373781100417829,-143.2172073743052,0.7256086384365432,1,0,0
5.893418225774681,-0.024037192626128957,13.030062067915281,-1.6048195911132084,-140.72126156788133,1.0238976542979146,1,0,0
5.951468176757345,0.009571771133813911,9.531332032042897,-1.896699774935604,-138.00075511068735,1.2543051209829656,1,0,0
6.058657636589388,0.0388667000624892,6.172745484451397,-2.077523209427126,-135.51491016673245,1.387102889343987,1,0,0
6.198177215541193,0.062020196374299986,3.335347772497613,-2.1252394521758147,-133.59505204348585,1.4059827712392008,1,0,0
6.3490146751070995,0.07750122752854197,1.2099392445486359,-2.035902205120574,-132.37498762604594,1.3117836922575605,0,0,0
6.490334632502027,0.08446377242129728,-0.2083961904349252,-1.8262530472813225,-131.79564663550846,1.1239371340458235,0,0,0
6.605720685863261,0.08295858701450953,-1.063573370664102,-1.53187636140879,-131.66967336661244,0.8777003858656002,0,0,0
6.685828806592525,0.07398981489825189,-1.553794859828784,-1.1999854559725365,-131.77069982747895,0.6166443728903517,0,0,0
6.7287592452584875,0.05943404578786442,-1.8562681095680347,-0.8784121272814843,-131.91008123592403,0.3821512347118244,0,0,0
6.73857045064554,0.04181777387781693,-2.0854033407356667,-0.604487668477681,-131.97783603384696,0.2034741020012632,0,0,0
6.7230040959197765,0.023950672489148415,-2.288701546172618,-0.3978518206251579,-131.94425770922533,0.092011329108351,0,0,0
6.691366325739864,0.008456667114406003,-2.4685225276824667,-0.2594919032851152,-131.83431138178383,0.04165210548588618,0,0,0
6.652998094468032,-0.002687787329642788,-2.6113757883634463,-0.17649320581633104,-131.6933978196142,0.03436214305076533,0,0,0
6.6163549543193625,-0.008469433932664572,-2.709528912279197,-0.1297067669854144,-131.56031102347322,0.048131264584444014,0,0,0
6.588521399998584,-0.008916238033017975,-2.768578961702943,-0.10094809394536952,-131.45487433496243,0.06400718054127026,0,0,0
6.574901303646087,-0.0049391236506409085,-2.803315223286077,-0.07738914507600185,-131.3791255806496,0.07007223752199536,0,0,0
6.578842812566833,0.0019843230512535115,-2.8285054288274125,-0.052564671079674954,-131.3260519361048,0.061952334491107305,0,0,0
6.601134467265879,0.010177942937409057,-2.850862529682928,-0.024884636565964513,-131.2893871816345,0.04083949262402768,0,0,0
6.639596864928308,0.0180897877584826,-2.86574904902173,0.004796595962594097,-131.27000943051132,0.010603452175158169,0,0,0
6.689179214139131,0.02449981966546346,-2.859294791495685,0.035187539155188574,-131.277113658627,-0.024631924168699016,0,0,0
6.742847326432312,0.028589545226488156,-2.8143482569693674,0.06549532636917661,-131.32473436431425,-0.061763272582621195,0,0,0
6.7931457551139545,0.029911083647829174,-2.717368893342112,0.09540300940835493,-131.42591645554356,-0.09888354968843487,0,0,0
6.833895972052858,0.02833124394545621,-2.5634098287375053,0.12460738608795197,-131.58736329786262,-0.13483082980044686,0,0,0
6.861353150973997,0.024009649277773805,-2.357653520727311,0.15243194089994744,-131.8066302651602,-0.1686357655580224,0,0,0
6.874416852263465,0.017410199129848536,-2.1136256980111767,0.17781001672541805,-132.07250706078864,-0.1992370854769973,0,0,0
6.874012140124378,0.009291361461124836,-1.8492851292025279,0.19966712882499565,-132.36796107753395,-0.22559767472714326,0,0,0
6.862155252021395,0.0006183299448039748,-1.5824315679478929,0.21748475324690447,-132.67436023410926,-0.2470934628616135,0,0,0
6.841230960043617,-0.007610280487364207,-1.3265431206834535,0.23168279178877355,-132.97574483721473,-0.26386011966640976,0,0,0
6.813698856226793,-0.014568474586475588,-1.0876488817675494,0.2435251789202127,-133.2623802852813,-0.2767939820919594,0,0,0
6.782092828750379,-0.019761528364554692,-0.8626235032457288,0.2545321777265457,-133.53309040589843,-0.2871278308572897,0,0,0
6.749030625880351,-0.023077775392388845,-0.6395007245003228,0.2656993207726487,-133.7956689929304,-0.2957926001086918,0,0,0
6.717042950240312,-0.024728319294679578,-0.4005409754543763,0.2769596737846598,-134.06451765220766,-0.3029380888300125,0,0,0
6.688211226188102,-0.025121304698656387,-0.12815803953537852,0.2871941766005236,-134.35530311878222,-0.3079128041427623,0,0,0
6.66373786732845,-0.024732479324379143,0.18766825653814578,0.2947770874200614,-134.6779085737331,-0.3097310732672696,0,0,0
6.643639098339577,-0.02401013701207404,0.5433675097153099,0.29833297763106403,-135.03043306187556,-0.3077506465248206,0,0,0
6.6267289471775825,-0.02331954709275976,0.9203116086440701,0.2972843689085224,-135.39734196583407,-0.3021625718573489,0,0,0
6.610942205034831,-0.022915964094190146,1.289510198057343,0.29196615226548916,-135.75348827553688,-0.2940593767325538,0,0,0
6.593906166799826,-0.022936725114915645,1.6212277535171609,0.28342429473345304,-136.07305556988743,-0.28516657065430306,0,0,0
6.573597486106053,-0.02340735564765879,1.8956808945430907,0.2732142015730744,-136.3398867505295,-0.27752720800292535,0,0,0
6.548897357822781,-0.02425757571583631,2.110220185839495,0.2634060352176803,-136.55471612447192,-0.27336096523863207,0,0,0
6.51987098493845,-0.02534501804559284,2.2801607981545686,0.2567098786444063,-136.73626276025593,-0.2750719680475299,0,0,0
6.487675699091156,-0.026485973638084203,2.4337019718801542,0.256429817533612,-136.9161833587507,-0.2851879664239817,0,0,0
6.454137669711514,-0.027488424667710377,2.603983976195366,0.2660138444868835,-137.13057519881147,-0.30602678426364777,0,0,0
6.421162110170087,-0.028180545854803542,2.821728608714949,0.28822743048522026,-137.41151822611943,-0.3390744594641347,0,0,0
6.390188917883648,-0.028433922609202966,3.110466296159373,0.32425087035467753,-137.78115274235086,-0.3842873728881642,0,0,0
6.3618692107967405,-0.028182373055116727,3.48460978398019,0.37310925454174254,-138.2492216300739,-0.43965461387605276,0,0,0
6.336057958357728,-0.02742835655691067,3.949648642926178,0.43171401433354645,-138.81375611817336,-0.5012878141795654,0,0,0
6.312100708251791,-0.026227997824000225,4.503502058369364,0.4954975769710586,-139.46380016452878,-0.5640688221090187,0,0,0
6.289258260014023,-0.024664875164131673,5.138189598089866,0.5593592752906005,-140.18276047941114,-0.6226352118042229,0,0,0
6.267073627271614,-0.022841225164776803,5.84131273125692,0.6185879871598715,-140.95126226323245,-0.6723863650017933,0,0,0
6.245587419369343,-0.020903998749636797,6.597300941490033,0.6695632361872456,-141.74914090205158,-0.7102660967620466,0,0,0
6.225395720851154,-0.019086704795830654,7.38867774159074,0.7101766884799445,-142.55687157984087,-0.7351917917032182,0,0,0
6.207488918070197,-0.017722879972977522,8.197576729101371,0.7399283815050197,-143.3569273168537,-0.7480434255536949,0,0,0
6.192749858522319,-0.017197440450301825,9.007608480313664,0.7595879788028597,-144.13538187613736,-0.7511203510160328,0,0,0
6.18114893038728,-0.01783810052066457,9.806098658031829,0.7703233910513418,-144.88381370997132,-0.7470318842082634,0,0,0
6.171002162838434,-0.01978801288334182,10.586376668779636,0.7723918789289186,-145.60113954710607,-0.7371957364082476,0,0,0
6.158829158627952,-0.0229224111630316,11.348932457976375,0.7638403501328156,-146.2941903737103,-0.7204449724873967,0,0,0
6.140126303748772,-0.026859110962659825,12.09938184639796,0.7399779669152536,-146.9750036746891,-0.6925013141933818,0,0,0
6.110877254807377,-0.0310670783286497,12.841423508603285,0.6943178255504137,-147.65307932149378,-0.6469577759358941,0,0,0
6.069193498438196,-0.03502686827769423,13.565231520546106,0.621008238759994,-148.32321962731493,-0.5777444517903205,0,0,0
6.016363307739027,-0.03837188586140598,14.23570444281819,0.517782344993185,-148.95359062692555,-0.4821038149664588,0,0,0
5.956804611224555,-0.04095107524485968,14.788457410743277,0.3879090660818122,-149.4818847217747,-0.362583282210997,0,0,0
5.8968181347837,-0.04279425189711503,15.140754984605508,0.24007741811065272,-149.82650507621264,-0.22699696955321827,0,0,0
5.842481175745377,-0.04400990473896087,15.217690867913603,0.08634009281386738,-149.91282639404056,-0.08648930390058922,0,0,0
5.797430071773221,-0.04467343672263979,14.983922107963679,-0.060680856471365986,-149.7048518596359,0.04710865024332236,0,0,0
5.761491410389837,-0.044754812645157925,14.465467329597757,-0.18991701452691814,-149.22697236921604,0.1632674924404654,0,0,0
5.730886639656802,-0.044100781074364194,13.749706639082902,-0.2926454804020594,-148.5641600692425,0.2535008219484155,0,0,0
5.700027256359164,-0.04245753083651778,12.962782774536635,-0.3623933619022182,-147.839896713695,0.3113393360760227,0,0,0
5.664142887580979,-0.03951266368082855,12.234614943889625,-0.3950131730907131,-147.18199281906055,0.3325627918221983,0,0,0
5.621645371986617,-0.03494659040152328,11.666061375276925,-0.38962826537166395,-146.69054470291027,0.3163078582405575,0,0,0
5.575355496995385,-0.028495743694944054,11.309249638797596,-0.35008774626030287,-146.4185824074414,0.26661248494054063,0,0,0
5.532229302859378,-0.02002684453375565,11.164523791721095,-0.2857008660504533,-146.36849136101446,0.19312910171270517,0,0,0
5.501691497975415,-0.009604595170964103,11.190623253698377,-0.21013061537337308,-146.50087715799066,0.10990679208341306,0,0,0
5.493015271730144,0.0024718121141361848,11.321408214196964,-0.1383912825033235,-146.749747811635,0.03225523216534043,0,0,0
5.51247263482378,0.01567143625732683,11.48304464536065,-0.08309341210301682,-147.0387270102305,-0.027090051802005632,0,0,0
5.561222965052281,0.029262851190429727,11.608458669093224,-0.05152748598766266,-147.295681352089,-0.0608713800627271,0,0,0
5.634840687947161,0.0423665712176998,11.648400485349171,-0.044653878839393715,-147.46509214840836,-0.06823314640985814,0,0,0
5.7247453775005255,0.05403600585996458,11.5788699495034,-0.05806465014144493,-147.5173443920416,-0.053661454124434724,0,0,0
5.820857250154248,0.06337574928139844,11.403680822859457,-0.08416901934147632,-147.4528933370806,-0.02475089887944648,0,0,0
5.914273883890914,0.06969103034719808,11.150786515400299,-0.11459272536401954,-147.29925850353754,0.010161678118532792,0,0,0
5.999021209172383,0.07263928521375362,10.862710850403658,-0.14205074963637543,-147.10091387153997,0.043775738203015634,0,0,0
6.072589361459023,0.07233045547448,10.583877290306646,-0.1614595974993051,-146.9051059022588,0.07084334466258327,0,0,0
6.135448990789399,0.06931728369880119,10.348933060283613,-0.1704235615655733,-146.74838614678512,0.08862283484782267,0,0,0
6.189925575202125,0.06445654750218636,10.175480960556769,-0.16927064633795083,-146.64813103044966,0.0969735831162211,0,0,0
6.238865486961316,0.05869020433921861,10.062537148996896,-0.16066289107755125,-146.60096962820035,0.09808496874067885,0,0,0
6.284527519797081,0.05283240988310922,9.993862694100173,-0.1487406883681956,-146.58724790546316,0.09572932253692272,0,0,0
6.328013524935173,0.04742595065686004,9.944164869693438,-0.1379029004071725,-146.57886379993013,0.09408143430468101,0,0,0
6.369310852522389,0.042688421323020975,9.886163486123891,-0.13154803502698087,-146.54760856087938,0.09641711153586244,0,0,0
6.407759293546434,0.03854653355871278,9.797051912083944,-0.1311942307925804,-146.47204364967382,0.10414377396510588,0,0,0
6.442597982722006,0.03474566145133906,9.663379631718342,-0.1362585176987622,-146.34196527816832,0.1165034227014985,0,0,0
6.473280715740984,0.03099743691780361,9.483681846331933,-0.14449252280679872,-146.16009952849316,0.1309994076214366,0,0,0
6.499473574689233,0.027106606095047427,9.268396940036837,-0.1528281702078175,-145.9409347869002,0.14431812914688463,0,0,0
6.520914326376527,0.023029332600211207,9.03699075235781,-0.1583124691764027,-145.70694840713406,0.15338417243136745,0,0,0
6.537382189715515,0.018855351407040644,8.812895783569147,-0.15888421974101305,-145.48309680343468,0.15622146918138355,0,0,0
6.548839856139352,0.014745856495956389,8.617611920928908,-0.15385667884802673,-145.29097555198598,0.15242670291944477,0,0,0
6.555593580747555,0.010874696006757745,8.465580992021998,-0.1440428960501677,-145.1440666139943,0.1432032580104476,0,0,0
6.558306850937285,0.007407075625997095,8.36104017792941,-0.1314993535882337,-145.04502207561646,0.13099273032178188,0,0,0
6.557864366592796,0.00451577692369085,8.29732128871376,-0.11891834509587511,-144.98539386906555,0.11878664045242146,0,0,0
6.555217858505998,0.0024018920129066147,8.258485123603677,-0.10880687122869545,-144.94777662047937,0.10926741195412148,0,0,0
6.551344942789584,0.0012823524728830193,8.222950671216665,-0.10271481184114747,-144.90993269806384,0.10402761559475664,0,0,0
6.547351472000955,0.0013356033898574537,8.168688310449596,-0.10080777115249333,-144.85017222527534,0.10314916591491397,0,0,0
6.544631343926142,0.002632060291433902,8.079213489078086,-0.10193976885946796,-144.75306838237597,0.10529021517428419,0,0,0
6.544933246505593,0.005085240523170853,7.948922040070855,-0.10412897452555256,-144.61427428759285,0.10818638793762432,0,0,0
6.5502057144443455,0.008439776344319227,7.785747665157672,-0.10515127022736123,-144.4428206474871,0.10930065623957716,0,0,0
6.562195890037927,0.012289450956707526,7.609534209403975,-0.1029817753777067,-144.25948389283684,0.1063632359725318,0,0,0
6.581914183661894,0.016116635403798797,7.446183303427318,-0.09601301211804554,-144.09116446225147,0.0976969454525971,0,0,0
6.609159256168994,0.019359604471155478,7.319750432673885,-0.08318658425788783,-143.96315819624022,0.08239962450338112,0,0,0
6.642262130035988,0.02151581341504425,7.245808586440148,-0.06420625612004897,-143.89238730666978,0.06051131298462735,0,0,0
6.678112368073073,0.022262303150868946,7.22866736982661,-0.03982161315461212,-143.88414426075406,0.03317259030656885,0,0,0
6.7125112968275715,0.02154679539101778,7.26282055003621,-0.011953614789899803,-143.93296324353787,0.0025987363037501153,0,0,0
6.7409475167125095,0.01960991800922045,7.336822467870718,0.016592514898974287,-144.02617598024153,-0.028330432660317227,0,0,0
6.759789478076584,0.01693352570340778,7.437150927877596,0.04284799346616523,-144.1479552525297,-0.05684318826102412,0,0,0
6.767556278014283,0.014138423773633235,7.5507059085247334,0.06454153616850818,-144.28254838452716,-0.08108877131358269,0,0,0
6.765673668354523,0.011864036901287988,7.666211517258674,0.08068081861865153,-144.4168332844496,-0.1005693670791544,0,0,0
6.758295070130131,0.010660841588749293,7.775459358393718,0.09160410218716208,-144.54278821944,-0.11598286911718389,0,0,0
6.751249440695972,0.010914384206773774,7.874663238088971,0.09857030908758731,-144.6595963448617,-0.12862461743872017,0,0,0
6.750543493905326,0.012798006488849012,7.965165794358967,0.10316685411584388,-144.77404590937604,-0.1397140829052148,0,0,0
6.760902499048868,0.01624071277700665,8.052616772626664,0.1067965965558173,-144.89808097746132,-0.14995275790390677,0,0,0
6.784720783960566,0.020913757821293188,8.14470839169823,0.11035368571039612,-145.0439729519259,-0.15938867500950665,0,0,0
6.821655138895309,0.026262111982885018,8.248523640912083,0.11407477451975438,-145.21920941792507,-0.16747471147577642,0,0,0
6.868927581601,0.03159809347777269,8.368491009029157,0.11752013119968581,-145.42331680929368,-0.17317810524283744,0,0,0
6.922196605846651,0.03623696338723903,8.505116893435769,0.11966398491047414,-145.64748283156877,-0.17509100942495479,0,0,0
6.9766938562272145,0.039626364603869035,8.654242765628695,0.11910209131895896,-145.87643513462223,-0.17159856752629707,0,0,0
7.0282947881833735,0.04142643968909141,8.806959262456218,0.11437603648653578,-146.09158039920737,-0.1611822958003927,0,0,0
7.074276004907858,0.04152571144597204,8.950660670390576,0.1043532450520587,-146.2745692718684,-0.142840232119093,0,0,0
7.113619074568362,0.040006853787134845,9.071303087193712,0.08853495826951559,-146.41050643911126,-0.1164723259709092,0,0,0
7.146807139944016,0.03708907473684917,9.156186707548557,0.0671763419831322,-146.490031584639,-0.08304901816787265,0,0,0
7.175166895939782,0.0330678679769818,9.196377137492021,0.041206954531303096,-146.50990393546525,-0.04449314728563536,0,0,0
7.199977898420286,0.02826178426221162,9.188240842218818,0.012034207860529023,-146.47237527311682,-0.0033455939572547776,0,0,0
7.221723676766658,0.022972015287651006,9.133873223607239,-0.018689966273431936,-146.38393267763416,0.037665080963230936,0,0,0
7.239818328969491,0.017461235421909294,9.040254428860479,-0.049312700451272916,-146.2538069909724,0.07605289570164757,0,0,0
7.252875285616469,0.011954036958752568,8.9171864387488,-0.07842266366498478,-146.09241430442512,0.10993020670856594,0,0,0
7.259311698849331,0.0066516259368370355,8.774584844233985,-0.1050618869984774,-145.90989107419477,0.13823064487369835,0,0,0
7.2580149410598835,0.0017458899935775206,8.620059599721898,-0.1288846922417278,-145.71492958957506,0.16078858705371032,0,0,0
7.248888359126951,-0.002580651432266734,8.457533665877847,-0.1502614135427308,-145.5140403148519,0.1783127890113235,0,0,0
7.233159444155888,-0.0061715164995462144,8.287076450543864,-0.17029459457322674,-145.3112043720256,0.1922745119859826,0,0,0
7.213323399312387,-0.008917544236039987,8.105567837563783,-0.19065793699038522,-145.10772513590203,0.20467339614237404,0,0,0
7.192625795875557,-0.010763662322456468,7.907530215074743,-0.2131961311875159,-144.90201806492814,0.21765247168706878,0,0,0
7.174171384097619,-0.011691123994478404,7.68562670679151,-0.23936977292654546,-144.6892473830036,0.2330325206676463,0,0,0
7.160008511771196,-0.011686509284419343,7.4309272778749715,-0.26976323440084116,-144.46118755777434,0.25191864351082244,0,0,0
7.150642886609091,-0.010724213877864486,7.1336750589566265,-0.30385232613884483,-144.20707302954867,0.2745001938429823,0,0,0
7.145238662391904,-0.008782808135399023,6.785225126873641,-0.34006973189494544,-143.91588958755443,0.3000487280014227,0,0,0
7.142400458904547,-0.005890348819774261,6.38088711496853,-0.3760512750375156,-143.5795658675183,0.3270230816538941,0,0,0
7.14114984821569,-0.0021692016576650985,5.922427255713487,-0.40891027501021426,-143.19574315446684,0.35318934353015263,0,0,0
7.141646220348306,0.0021527299914993136,5.4190104044893985,-0.43547730489170816,-142.7690383764221,0.375752453200451,0,0,0
7.1453313628018975,0.0067767874359390134,4.88637913159441,-0.45257472587550185,-142.31071709201137,0.3916015829186847,0,0,0
7.154419911114644,0.011397600233324567,4.345055087188626,-0.45745087519594707,-141.8374943193631,0.39778649441752806,0,0,0
7.170933779298906,0.015761983653558787,3.8184274649726007,-0.44839667744337675,-141.37012462962662,0.392205748352211,0,0,0
7.195698684012612,0.019691050452134106,3.330853657874428,-0.4253511034845843,-140.93172285099908,0.3742711899608594,0,0,0
7.227776386130586,0.023055205723380823,2.9051800191199533,-0.39015776936826113,-140.5451717285875,0.3452054362308246,0,0,0
7.264618888942337,0.025722929970881124,2.559166306997156,-0.34624130499082073,-140.2292080853734,0.30776811274145927,0,0,0
7.302858498927492,0.02752686916033582,2.3012583524398735,-0.29778869231530225,-139.99383210403232,0.2655137842480997,0,0,0
7.339310963425888,0.028282505040643002,2.127376080122687,-0.24879478964707857,-139.83685396790972,0.22192127873393871,0,0,0
7.371701905449498,0.027854777070146497,2.0208495620308753,-0.20235134556150172,-139.7436887921586,0.17973488391216677,0,0,0
7.398875520057118,0.026227900136323968,1.9565973545811914,-0.1603523735728075,-139.6913572490075,0.14067138202062496,0,0,0
7.420600054405256,0.023528242509503628,1.9084922084413876,-0.12355086064540047,-139.65557924953038,0.10544762052765008,0,0,0
7.437244961521074,0.019983903539277037,1.8571071907178407,-0.09179309667665905,-139.6182815320237,0.07399409680875238,0,0,0
7.449481550000371,0.015851025942743034,1.7949140093575835,-0.064302492856838,-139.57277579050495,0.04574629602420828,0,0,0
7.457977685375852,0.011361850509024407,1.7273299221463532,-0.04000219601925607,-139.52500903079283,0.019982456490302523,0,0,0
7.463058811225622,0.006733369888846141,1.6696714126659487,-0.017926538956508864,-139.490695523311,-0.003785430065281048,0,0,0
7.4644579243351075,0.002225271411654717,1.6412353402305655,0.0023111110445299234,-139.48926711728586,-0.025422545260201445,0,0,0
7.461368758354922,-0.001813324957339546,1.6582334238714935,0.02018674011835344,-139.53636914379024,-0.043949725991822675,0,0,0
7.452929468516132,-0.004973409617511493,1.7273541199301263,0.034305609979573146,-139.6370294030067,-0.05766551154389958,0,0,0
7.43903560433796,-0.006903812530786979,1.8415841724657867,0.042865331461865705,-139.7815430928114,-0.0646265380504957,0,0,0
7.421128234173665,-0.007457504157261497,1.9797084650264907,0.044322911769542374,-139.9455827016095,-0.06329010265489217,0,0,0
7.40246680483186,-0.006776382385064039,2.110359609624922,0.03793851025715753,-140.0950765094486,-0.05304710293669359,0,0,0
7.387510865345959,-0.005258367925461016,2.200163290513572,0.024002532328232462,-140.1949366474627,-0.03447169971145172,0,0,0
7.380443424692501,-0.0034213316257151404,2.2235673239762406,0.0037741050871673565,-140.2190411710099,-0.009271134338789011,0,0,0
7.383402643803237,-0.001737260301595711,2.170559039841777,-0.020722203409006566,-140.15791005734175,0.01997789646591741,0,0,0
7.395294987374982,-0.0005210542100371641,2.049056515237524,-0.04693179546466979,-140.02116655267793,0.05020404672906409,0,0,0
7.411874245080497,8.275679493578992e-05,1.8812606635128901,-0.07204431285632892,-139.83398411440038,0.07827229618551143,0,0,0
7.427155442097771,3.686735153820564e-05,1.695974474743167,-0.09338725325493442,-139.62908048717813,0.101462485560873,0,0,0
7.435556865500175,-0.0006597676633177229,1.5201320858400607,-0.10896218267791227,-139.43725043834752,0.11796206951706552,0,0,0
7.433825062237588,-0.0019833470877102855,1.3722662178190888,-0.11797672469361942,-139.27950262552076,0.12724784613276086,0,0,0
7.421955802123023,-0.003821799004562365,1.2592653364632014,-0.12109347559911895,-139.1628597397544,0.130176238174991,0,0,0
7.402835478347242,-0.0058891014294459865,1.1764870770755778,-0.1201900574313342,-139.08045165383987,0.12868359077880315,0,0,0
7.380913188712782,-0.007700913502465312,1.1105414637344495,-0.1176894946372414,-139.01531595229204,0.12518454251795674,0,0,0
7.360609953815398,-0.008663554965836795,1.0438000770400464,-0.11576330532561911,-138.9465627096823,0.12189976511058945,0,0,0
7.345184653757613,-0.00825760450842381,0.9596242838505873,-0.11574061515933778,-138.85614767559184,0.12033963252221155,0,0,0
7.336403973080522,-0.006236124794585862,0.847155940924182,-0.11789401965245361,-138.7343306448899,0.12105694792450379,0,0,0
7.334865110055844,-0.0027411997572983184,0.704365717140476,-0.12158155019832151,-138.5821386892208,0.12367401683226546,0,0,0
7.340519892439403,0.001723045022987435,0.538341421486976,-0.1256288339572805,-138.41008283607223,0.12714832693423544,0,0,0
7.352980820415937,0.006453884128021059,0.36272593424668287,-0.12883271536523325,-138.2338541131254,0.1302318461879736,0,0,0
7.3714638142917295,0.010773510207336301,0.19332602129455267,-0.13048196092260014,-138.06893314627573,0.13203843477667193,0,0,0
7.39454380455004,0.014209127683356826,0.04344983447998629,-0.13077396476697772,-137.92611957143174,0.1325578501445676,0,0,0
7.420065928577117,0.016559528688392788,-0.0798012624972273,-0.13097648390503877,-137.80896838449752,0.1329009402681919,0,0,0
7.4454520299929925,0.01784577802484506,-0.1777856899178829,-0.13320003416592813,-137.7129974904123,0.13509512027765708,0,0,0
7.468345055888761,0.01820127571114085,-0.26101953218595497,-0.13976427208989434,-137.62617836191558,0.14140911578368218,0,0,0
7.487275930591181,0.017775085966299287,-0.34811536381918984,-0.1523491628870886,-137.53056917414617,0.15343435897343055,0,0,0
7.50199925996445,0.01669660916889768,-0.46260889812620576,-0.17129637323355668,-137.40532124220798,0.17133974445855243,0,0,0
7.513322890304295,0.015097166050217936,-0.6276346245188051,-0.19540006757242168,-137.23118748644424,0.193672136793964,0,0,0
7.522532649550811,0.013142026276527474,-0.8593012994119675,-0.22226416822555847,-136.9959916782354,0.21778002663260737,0,0,0
7.5307316800789295,0.011027185165836784,-1.160765694624203,-0.2489888100824899,-136.6995105233911,0.2405963097602779,0,0,0
7.538429905980706,0.008934484721902437,-1.519637711041014,-0.27282538876203405,-136.3555357016902,0.2593786646730507,0,0,0
7.545515465052219,0.006978906665787576,-1.9105508412442305,-0.291574962624361,-135.9893982034921,0.2721433775824778,0,0,0
7.551486191342391,0.0051915545669729115,-2.302442944752812,-0.3037489223647768,-135.63116811817144,0.2777958480288845,0,0,0
7.55572388165136,0.003559139205665929,-2.667673790742782,-0.30865731518605344,-135.30703439280953,0.27614136738110917,0,0,0
7.557689903107786,0.0021028746885747296,-2.9892734198062954,-0.30654200977479035,-135.03239171518507,0.26793071476721764,0,0,0
7.557064997249057,0.0009491330107252339,-3.2638649900627996,-0.29869212981138277,-134.8091353983214,0.25491067433918035,0,0,0
7.553914805634179,0.0003414867781387443,-3.5000981217739735,-0.28734144671083184,-134.62736276191913,0.23969232831593673,0,0,0
7.548914282360954,0.0005741524589907953,-3.7142077763793395,-0.2752051481288376,-134.46977381263315,0.22528022387473073,0,0,0
7.543561396436559,0.0018720866350605547,-3.924721397159871,-0.26474671121354587,-134.31668453056324,0.21432081570149536,0,0,0
7.540223010186182,0.00427443918445789,-4.147686992738031,-0.25747541445550864,-134.1504037799993,0.2083574234629225,0,0,0
7.541844773762094,0.0075785709674690335,-4.393052178149333,-0.2535769324770996,-133.95861241853083,0.20742696761795684,0,0,0
7.551256989642127,0.011372924745229796,-4.6626023225326065,-0.2519824897687627,-133.7365959647448,0.21015424021910006,0,0,0
7.570207057692997,0.015143540536986678,-4.949910056888271,-0.25075958829454664,-133.4879599611565,0.2142326090936308,0,0,0
7.598468273495939,0.018403453665675328,-5.242427935297869,-0.24762262990981726,-133.2234601581803,0.2170311825627323,0,0,0
7.633475612782476,0.020787239825310166,-5.525042744577291,-0.24042950705411387,-132.9581220390055,0.2161255622911426,0,0,0
7.670794244701355,0.02207937522227752,-5.783689887750427,-0.22762978777311246,-132.7075929961304,0.20970419912666785,0,0,0
7.7053502110040455,0.022187731426092226,-6.00769400471944,-0.2086428579699529,-132.48503667098282,0.19687642621492502,0,0,0
7.732948819017707,0.02110327168618369,-6.190434075477512,-0.18407374649756889,-132.29946198700583,0.17785247745582353,0,0,0
7.75143379468966,0.018884072208638258,-6.32901646770101,-0.1556339694729644,-132.1554289076518,0.15389469320117827,0,0,0
7.761016762408957,0.015671032854220356,-6.423984870469155,-0.1257193910769331,-132.05336178873262,0.12697684250301505,0,0,0
7.763722088023016,0.011708900462225813,-6.479480757848862,-0.09676921898091848,-131.98984815638158,0.09923003075894314,0,0,0
7.762289706503964,0.007335051614302301,-6.5033397875082954,-0.07065145799788723,-131.95807119018656,0.07238134201955973,0,0,0
7.7590477797793795,0.0029171934291454702,-6.506249751617915,-0.048290418358882904,-131.9490130291447,0.04739580539804535,0,0,0
7.755178602038143,-0.0012450854667406474,-6.4996218460672,-0.02959908637074591,-131.95369173315015,0.024407031634635246,0,0,0
7.750564617404734,-0.005013203651894571,-6.492734934386476,-0.013628586137868126,-131.96582173141607,0.0028660739286777925,0,0,0
7.744144760844378,-0.00844900170447289,-6.490204467729299,0.0011871816747230923,-131.9837795759348,-0.0182228284707179,0,0,0
7.7345221452955,-0.011771106345430837,-6.490598188308269,0.016731731459267964,-132.01107861700237,-0.04004145314994787,0,0,0
7.720497964350301,-0.015237700185859637,-6.486424939184971,0.03480848847527938,-132.05539167065947,-0.06363499407703159,0,0,0
7.701301758170715,-0.0190071137261981,-6.465302329079691,0.056633571072576674,-132.12676816836503,-0.089497437968447,0,0,0
7.676526745364228,-0.023044141143303422,-6.412113053721924,0.08234334234041399,-132.2355900734398,-0.11716173046106917,0,0,0
7.646011024568708,-0.027116190557426024,-6.312163443256182,0.11074984483579868,-132.39026268788106,-0.14501176095055257,0,0,0
7.609912704645367,-0.03087478492037974,-6.155254902755502,0.13951998965587648,-132.59442113095687,-0.17050056679585737,0,0,0
7.5689766425173985,-0.03397486046247877,-5.939914040892148,0.16573795867418398,-132.84398740882918,-0.19075560234459488,0,0,0
7.524737190605109,-0.0361684424416552,-5.67618842266306,0.18659707863932767,-133.12530903776084,-0.2033199220621384,0,0,0
7.479402711830474,-0.03732897530838386,-5.385236486028489,0.19992380570741658,-133.4159393409216,-0.20670242690727889,0,0,0
7.435396911640581,-0.03741182408264336,-5.095004571170534,0.20438780163614895,-133.68878524389336,-0.20055376721716414,0,0,0
7.3947735406707125,-0.03640414313221356,-4.833218601566429,0.19947406861967779,-133.91863464044832,-0.18552777895311295,0,0,0
7.358813539933749,-0.03431950022272048,-4.6204541527916945,0.18541387848644036,-134.08859089128086,-0.16303440883574183,0,0,0
7.328012005086876,-0.031242450900266762,-4.466064272005525,0.16320301017386357,-134.19379243743782,-0.1350428330620673,0,0,0
7.302408504537794,-0.027375893305027432,-4.368235037360435,0.13464755550720184,-134.24112774561144,-0.10393168438501448,0,0,0
7.281969593246572,-0.0230402305096419,-4.317422757059404,0.10224617677006051,-134.2455404774122,-0.07226929037779257,0,0,0
7.266717702418163,-0.018612825585660176,-4.301116117891098,0.06878172295832456,-134.2247652193143,-0.04244564659642549,0,0,0
7.256552133514731,-0.014437685942550616,-4.307883939153513,0.03672022954205971,-134.19441573944985,-0.016235818693184002,0,0,0
7.250978257554834,-0.01075107197841021,-4.3297128675910415,0.0077066813169153646,-134.164625881611,0.005499730158530269,0,0,0
7.249000406734055,-0.007656072410665615,-4.362774718327884,-0.017573453421940145,-134.13863224469952,0.022811493255767347,0,0,0
7.249268655783979,-0.0051481483587068055,-4.407187341587289,-0.039122021411454,-134.11324170985762,0.036364967473602405,0,0,0
7.250396681245206,-0.0031639446732043552,-4.466016306145832,-0.05714823102187268,-134.08099282738016,0.047019786041869335,0,0,0
7.251302820149647,-0.0016202306436312597,-4.543387339622541,-0.07167155485960279,-134.03359358969556,0.05546841038458865,0,0,0
7.25145128098022,-0.0004316382166678068,-4.6417988062249265,-0.08238820139217609,-133.96567750488015,0.06202728598105125,0,0,0
7.250927020950726,0.00048050344565240264,-4.759455251474975,-0.08878816208912496,-133.8774780708754,0.06658098440682067,0,0,0
7.2503301465145285,0.0011749927009432782,-4.888905067278131,-0.09038362096814297,-133.7753426169935,0.0686489715675009,0,0,0
7.25051539598185,0.0016769375635064421,-5.017831666487126,-0.08692126443480816,-133.6700811154684,0.06756493304270919,0,0,0
7.252235751348053,0.00197856827685996,-5.1317659530752735,-0.07854689647235631,-133.57414287963934,0.06277816153473736,0,0,0
7.255783292011358,0.0020619679745152554,-5.217594488482291,-0.0659501902061578,-133.49881603754278,0.05424396871242152,0,0,0
7.260750333743488,0.0019300548130871675,-5.266610928009314,-0.05047500132980076,-133.4521425290245,0.04276205378084512,0,0,0
7.266038031419043,0.001620079103135197,-5.27639998593537,-0.034096699718621434,-133.43759237943053,0.030050158337226664,0,0,0
7.270182364013806,0.0011872680225010867,-5.251485270869395,-0.019164527416290867,-133.45321121203278,0.01842247731647717,0,0,0
7.271922499894799,0.0006741278049290145,-5.202889241684119,-0.00792955813922731,-133.49115390257134,0.010160451293819506,0,0,0
7.2707518291110915,9.457554268550439e-05,-5.146548819522934,-0.002031255130592058,-133.5380569670717,0.006854282891498542,0,0,0
7.267127811982078,-0.000550635175781622,-5.100422248661189,-0.002154268507420909,-133.57697648750315,0.009003855921434933,0,0,0
7.262202826739539,-0.0012357131132006316,-5.08055034144104,-0.0079594718860875,-133.59111784382873,0.01600060554556535,0,0,0
7.25725667403114,-0.0018753411441380762,-5.097127247879399,-0.018246810225602417,-133.5684766025302,0.02640927744823216,0,0,0
7.253181506774908,-0.002321600023776682,-5.152078504381194,-0.031239602618371977,-133.50560005072435,0.038370419244628806,0,0,0
7.250276940253542,-0.002403116160955676,-5.2391371735565,-0.04490659567245388,-133.40877747832843,0.049979420503535724,0,0,0
7.2483932026114815,-0.0019899971892726855,-5.346205646870189,-0.05729516226666646,-133.29213647356886,0.05959374418841321,0,0,0
7.247284619977663,-0.0010496435056566611,-5.4588680881913945,-0.0668702157947024,-133.1734996049482,0.06608548503918428,0,0,0
7.246966363776039,0.0003346186631389969,-5.563881297053115,-0.07281520653968698,-133.0695070195865,0.06904683081355642,0,0,0
7.247891338285243,0.0019849619031361955,-5.651955198408658,-0.07518843262310212,-132.99135969753598,0.06889355663096239,0,0,0
7.250851857218365,0.003672919084971227,-5.719500442189599,-0.0748224368872485,-132.94211952518756,0.06677142457126876,0,0,0
7.256631376925512,0.005163562081914108,-5.7691244066082135,-0.0729661297509054,-132.9161216371113,0.06422749526402072,0,0,0
7.265549013370929,0.006245464512167587,-5.808702406837909,-0.07083863355159536,-132.90064953569316,0.06275182458347217,0,0,0
7.277106293062502,0.006745959425342107,-5.8490115741104205,-0.06933271092930653,-132.8795410362206,0.06339945706972117,0,0,0
7.28991069762462,0.006543403226400813,-5.900302873253679,-0.06898980738728824,-132.83788580501167,0.06665153828465975,0,0,0
7.301912561072683,0.005586802339850294,-5.968798471065554,-0.07016839837343411,-132.76650252568822,0.0725082037715424,0,0,0
7.310847847733157,0.003918873221310548,-6.0545919823861425,-0.07321390578061653,-132.66461822773414,0.08067714103663377,0,0,0
7.314744214231084,0.001689436956351642,-6.15219519748446,-0.0784795164976984,-132.539505034251,0.09072018652741179,0,0,0
7.312400396040047,-0.0008466116887532848,-6.253779370925997,-0.08618544905103676,-132.4029916367399,0.10210964836222161,0,0,0
7.3037593616837455,-0.00334235518347441,-6.353639182142999,-0.09623970180930144,-132.26627765982056,0.11424061912148886,0,0,0
7.29004058943147,-0.005382169852694574,-6.451639499995764,-0.10818831416554672,-132.13534811482123,0.1264835733197316,0,0,0
7.273525746489028,-0.006524822700073684,-6.5539195715851974,-0.12137776851885604,-132.00891977183718,0.13832151370875181,0,0,0
7.257082896483396,-0.006375846146599429,-6.670556897348277,-0.13524531153307606,-131.87955305207095,0.1495229119390956,0,0,0
7.243682741227758,-0.004685406054355213,-6.811408592203435,-0.14953060096544563,-131.7371348450057,0.16022770482928195,0,0,0
7.2360889990976744,-0.0014476248965976878,-6.982186014909146,-0.16423173082999085,-131.57305007181435,0.17083949074832958,0,0,0
7.236664334071946,0.003041757316930216,-7.182576156254115,-0.17930242664110096,-131.3832873886007,0.1817263857222656,0,0,0
7.247089386267163,0.008213787961655328,-7.407045097716903,-0.19428464427775224,-131.16938910834318,0.19286801638004647,0,0,0
7.2678901536875316,0.013351754267702631,-7.647501207138916,-0.2081489341899882,-130.93722798595817,0.2036568995479854,0,0,0
7.29792414707407,0.017768132106101574,-7.896096679225906,-0.21950541399599927,-130.6945967292566,0.2130077424900577,0,0,0
7.334176934853048,0.020952690450563694,-8.146663448554008,-0.22711345598287522,-130.4490138025979,0.2197622874508795,0,0,0
7.372178469048023,0.022632979849825575,-8.394485942773287,-0.2304193545432028,-130.20666795102076,0.2232006030618237,0,0,0
7.4070432891660545,0.022749427408849953,-8.63540891348508,-0.22982529075864164,-129.97235077635733,0.223399829266873,0,0,0
7.434764217544412,0.021396353690833793,-8.86561103730827,-0.226549982639294,-129.74947562717037,0.22126150139607717,0,0,0
7.453209645733395,0.018782874250393888,-9.082543152032187,-0.22217431102755397,-129.5395119704969,0.2182060236536671,0,0,0
7.46241879759593,0.01523053583439804,-9.286379560341175,-0.2181301225208955,-129.3410440411961,0.21570377887296105,0,0,0
7.464158608160446,0.011181155419797051,-9.480829063840531,-0.21538510276155448,-129.14928909593198,0.21487333079684562,0,0,0
7.461052923175501,0.0071714676781653,-9.672544924109843,-0.21440223188855753,-128.9567740943824,0.21628227602602407,0,0,0
7.45571889619147,0.0037511738823639007,-9.869244317414456,-0.21523728813247517,-128.7551677494215,0.219908455148024,0,0,0
7.450229505418051,0.0013607346363599504,-10.07739790443486,-0.21755990482534032,-128.537558940527,0.22512013580867177,0,0,0
7.445988489051018,0.00021591140692436283,-10.300514476169553,-0.2205116985247102,-128.30028049462945,0.23060649956659773,0,0,0
7.443893145829676,0.00024899299668561524,-10.538508261658862,-0.22253077688624218,-128.04384519076052,0.23434793750281813,0,0,0
7.4445550279896935,0.001133878113765263,-10.787781794809831,-0.22137747143531925,-127.77326622487709,0.23378672003821777,0,0,0
7.448371563908012,0.0023897225663233714,-11.041210085561673,-0.21449775567430152,-127.49827426908365,0.22626715903358274,0,0,0
7.455368759802639,0.0035288854719254916,-11.287660137279289,-0.1996406408778128,-127.23344697483093,0.2096390940983639,0,0,0
7.464908727562786,0.004194084254471875,-11.511687329203596,-0.17547447846987155,-126.99756466616793,0.1827986976616131,0,0,0
7.4754973892980985,0.004226635847582827,-11.694603778193724,-0.14194390000966592,-126.8114218955498,0.1459634985418802,0,0,0
7.484950148838735,0.0036383026985248534,-11.817522480852858,-0.10026273328635256,-126.69410250404658,0.10062523847620923,0,0,0
7.491007750910725,0.002516450260796432,-11.865650726192584,-0.05263056050386865,-126.65877680843786,0.0492837917219191,0,0,0
7.4921703479627695,0.0009335814473772075,-11.832142689133576,-0.0018622378470908529,-126.70957196391086,-0.004878307932095538,0,0,0
7.4882548475268464,-0.0010789150356217193,-11.719953476266213,0.04892183090177724,-126.84064550921065,-0.058291453955256145,0,0,0
7.480276172814925,-0.003486925232337512,-11.541135594522387,0.0965302550850339,-127.03759280599843,-0.1072932957090984,0,0,0
7.469719530597658,-0.0061876301795635415,-11.314087399848518,0.13795756622116784,-127.2804283076579,-0.14851151601316842,0,0,0
7.457707378381784,-0.008985437686961006,-11.059832464032581,0.17075840073748907,-127.5470573484046,-0.17937388528771975,0,0,0
7.444579609446421,-0.011640151089402195,-10.798441828261517,0.1935095793797288,-127.81636151438349,-0.19864615030003563,0,0,0
7.430039475239411,-0.013955616553106153,-10.546384778353257,0.20617487858641112,-128.07049762325892,-0.20677016496094325,0,0,0
7.413621087502463,-0.01583793261774673,-10.315028115982045,0.21013570102634277,-128.29653705568148,-0.20577676977641488,0,0,0
7.395095771969125,-0.017277472827177575,-10.109938473477968,0.20777888244674045,-128.48784135692378,-0.19872470752043228,0,0,0
7.374606240016703,-0.018278327281036864,-9.930554932395296,0.20177315830076595,-128.64523831143822,-0.18886597431636573,0,0,0
7.352614182431708,-0.01880236634232233,-9.770393903269465,0.19434790915665873,-128.7772736135203,-0.17887918082866605,0,0,0
7.329875521349379,-0.018772435333265492,-9.618596466002785,0.18687854753582656,-128.8984132069748,-0.1704507072377254,0,0,0
7.307501444543149,-0.01812234805010604,-9.463346770054983,0.17989162611378476,-129.02483988120275,-0.1642753182671271,0,0,0
7.286936257787289,-0.016847290031975604,-9.296355816840858,0.1733598850155033,-129.16908805082156,-0.16032577306142173,0,0,0
7.2696837149585605,-0.015017850241214603,-9.116353372465994,0.16701648818421405,-129.33584915669127,-0.15812903852838076,0,0,0
7.2568552561137665,-0.012756635695376417,-8.929656352903251,0.16046843163828442,-129.52086858676074,-0.15685714596479555,0,0,0
7.248815994738351,-0.010207976665506635,-8.74746851721541,0.15309994315719422,-129.7132508059302,-0.15525703696746404,0,0,0
7.245148187182707,-0.00753298541975198,-8.581429265827012,0.1439712181168275,-129.8997947862957,-0.15164180051626203,0,0,0
7.244917269556979,-0.0049316106006543235,-8.439773591635827,0.13195728910041993,-130.0691317422076,-0.14416719772059708,0,0,0
7.247039883062939,-0.0026592765862559985,-8.325870616012452,0.11618891334116199,-130.21380977108618,-0.13140319393015715,0,0,0
7.250534415776642,-0.0010026487603838063,-8.239394471697523,0.09659403551021058,-130.32984398319493,-0.11295564515674528,0,0,0
7.254545667151859,-0.00020987429144838642,-8.17888428483451,0.07421241290408602,-130.41483121213741,-0.0898059828100429,0,0,0
7.258185338536606,-0.00040555116225959864,-8.143773879050784,0.05107115350672302,-130.46651185840872,-0.06417614720704705,0,0,0
7.260343491924729,-0.0015325459647812067,-8.134466683429238,0.02967292616992836,-130.48311999012313,-0.03898205441387574,0,0,0
7.259657227354722,-0.0033508080101029235,-8.150413017363888,0.012364322178399334,-130.46540560825872,-0.017139428251675783,0,0,0
7.254756513199283,-0.005499698074832793,-8.18753222386239,0.0008769816104575057,-130.41892841486117,-0.0010144388453113607,0,0,0
7.244760483115755,-0.00760231671295628,-8.23675698214818,-0.0038221838518737172,-130.35501227800066,0.00782789086219111,0,0,0
7.229822727534895,-0.009366917050866164,-8.284700004127728,-0.0014439028089910267,-130.28961533043446,0.008625692435583688,0,0,0
7.211409189455949,-0.01063914055446702,-8.316130369851834,0.007750237682172667,-130.24052602472435,0.0013535716250913765,0,0,0
7.192042902314611,-0.01138695202242701,-8.317100799907877,0.0229422035188108,-130.2239541595393,-0.013248250097134928,0,0,0
7.174511248647079,-0.01163967685232592,-8.27761631021626,0.04260544165169335,-130.25156507457302,-0.033538081745228966,0,0,0
7.160876496643198,-0.011425784321049548,-8.19332331292442,0.06437983541758996,-130.32857428778158,-0.05689785531395728,0,0,0
7.151793932991936,-0.010748441257878483,-8.066271502229057,0.0852152744758115,-130.4529761421578,-0.07994218034007475,0,0,0
7.146473971700459,-0.00960943645641521,-7.90504464824113,0.10189350077560419,-130.61560249109448,-0.09910165937328656,0,0,0
7.143260458831463,-0.008056223369386828,-7.724358600846955,0.11178608705274229,-130.800786425711,-0.11143302903781205,0,0,0
7.140498669988787,-0.006204893870103945,-7.543733869686491,0.11352400271858158,-130.98790696800074,-0.11533466650128048,0,0,0
7.13727607053697,-0.004205880068190027,-7.384604237390064,0.10727582537390674,-131.1544340814014,-0.1108585124903442,0,0,0
7.133728362970743,-0.002167666127431289,-7.265764996371686,0.0945301113586865,-131.28063192416732,-0.09950020175807595,0,0,0
7.130846955762081,-9.618466655751945e-05,-7.198269499324411,0.07751352107271288,-131.35485631510247,-0.08359522118263954,0,0,0
7.129993963613572,0.00209949141341923,-7.181860772722061,0.058515583821365166,-131.3773008245521,-0.06560253148261097,0,0,0
7.1324524479651785,0.0045352140753195155,-7.2048580564771925,0.03937252866689676,-131.36015019947646,-0.047540100132988525,0,0,0
7.139199835368885,0.007260606599949426,-7.248022199337555,0.021217910723245838,-131.32357630536234,-0.030683718898549726,0,0,0
7.150832086326361,0.010203260677366188,-7.291136291501928,0.004445422116285158,-131.2889283539842,-0.015474312068963058,0,0,0
7.167468885834651,0.013175138703945776,-7.319888810027479,-0.011235160199201743,-131.2716278059206,-0.001524478008698793,0,0,0
7.188612599584658,0.015932704431595824,-7.330633314177987,-0.02670494735173179,-131.2761874270409,0.012305555873172124,0,0,0
7.213104735988281,0.01825943897904807,-7.331554762454033,-0.04325637984078838,-131.29474415698624,0.02768534705543857,0,0,0
7.239308677310632,0.020032624046072554,-7.340150016227213,-0.06225311813588234,-131.30917720209104,0.04636954112378362,0,0,0
7.265479750010201,0.0212461719812282,-7.378116598363704,-0.0846548358201673,-131.2958767042543,0.06959390789738222,0,0,0
7.290174000078039,0.021986524038261734,-7.465318972841729,-0.11056924186176786,-131.23180075637075,0.0975311373865054,0,0,0
7.3125883534040526,0.022384330449148136,-7.614424571129945,-0.13903200396015905,-131.1004473539977,0.12904846085021687,0,0,0
7.332778688425904,0.022570391748897124,-7.827389237836016,-0.16810838377000864,-130.89645478823863,0.16186561838701435,0,0,0
7.351661555181167,0.02264792103831894,-8.094570557539228,-0.19524729329201165,-130.62763722638852,0.19301126841470762,0,0,0
7.370697326708978,0.022675656701518675,-8.396828710119607,-0.2177291770674188,-130.31361698011915,0.21936674303761947,0,0,0
7.391312190326133,0.022657136737052497,-8.710208849629069,-0.23308246126732116,-129.98114319741842,0.23813272904520771,0,0,0
7.41431651707363,0.02254187136200301,-9.011717151878074,-0.23943732756751074,-129.65753124317075,0.24718806433509427,0,0,0
7.439583946371471,0.022241664900958823,-9.28402769537415,-0.23583725173767506,-129.36463147283916,0.2453913790672601,0,0,0
7.466065244325819,0.021651900704594596,-9.5174417869014,-0.2224888954643788,-129.11550977171484,0.2328316991781861,0,0,0
7.492051117380726,0.020666122288835707,-9.708941211036915,-0.20084620367528885,-128.91454941380223,0.21092491314224732,0,0,0
7.515592713698069,0.019185696943374353,-9.859692248516836,-0.17339890992395937,-128.7599201130198,0.18221105996988457,0,0,0
7.535005002413641,0.01713386469640312,-9.972797088506695,-0.14313703377568315,-128.6465335633251,0.1498083217176287,0,0,0
7.54929769547185,0.014476975871178865,-10.052278192479804,-0.11284454091566687,-128.56813779645677,0.11667032956677303,0,0,0
7.558322778069524,0.011248750772622884,-10.103032594292117,-0.08449880775862653,-128.51838809496604,0.08493293885806566,0,0,0
7.5625542961427215,0.0075722218606941285,-10.1308178093592,-0.059011356988897035,-128.4915063804203,0.055613362639735445,0,0,0
7.562650837290164,0.0036680808989970615,-10.1415791873859,-0.036363578548026965,-128.48305998024213,0.02874571208605232,0,0,0
7.559086275785418,-0.00017280172219216183,-10.140162561034742,-0.015998555167489315,-128.49082794750302,0.0038201534870779597,0,0,0
7.5520714540977,-0.003667927347387945,-10.129015772960415,0.002752887642367341,-128.5153020842585,-0.019725389712655785,0,0,0
7.54178746293276,-0.006650288719357888,-10.107555356790371,0.020385685120720608,-128.5593761453175,-0.04217645497119236,0,0,0
7.528731926370696,-0.00914230368720439,-10.072576996517185,0.03713190968539948,-128.6270922929417,-0.06345482183448041,0,0,0
7.513864696476148,-0.011338996085267183,-10.01967780019173,0.05301931707573573,-128.72171857814902,-0.08321287243082054,0,0,0
7.498325728939761,-0.013496955739410055,-9.945268212083022,0.06796605712198414,-128.84378746045167,-0.100980300988914,0,0,0
7.482794808278271,-0.01578870693965797,-9.848421341272598,0.08180641456687994,-128.9899023461687,-0.11625233289179562,0,0,0
7.46689974119748,-0.018206933733179654,-9.731713497438122,0.09421271234533321,-129.15293631331085,-0.12849027901310137,0,0,0
7.44916433529005,-0.020572505211966075,-9.600624638601843,0.10458130268542476,-129.3236351047285,-0.13709739152415637,0,0,0
7.427681279896063,-0.022633932630567698,-9.46191861616606,0.11201889229269142,-129.49286299013127,-0.14147292259323194,0,0,0
7.4011992063888385,-0.024186362177368893,-9.322098415365943,0.11552813103578216,-129.65335127642098,-0.14119393340337752,0,0,0
7.370002116765903,-0.02512692137394623,-9.186888649507083,0.11434703947022058,-129.80020487438952,-0.13625197046771403,0,0,0
7.336062410813099,-0.025412652649093558,-9.061742329936123,0.10825463710923344,-129.93035006055905,-0.12718085527590972,0,0,0
7.302392600065019,-0.024964002332463053,-8.95238807359027,0.09765100545050984,-130.04182151887403,-0.11495113819316316,0,0,0
7.272001074702459,-0.023599070631588857,-8.864396489833908,0.08337369112389297,-130.1336579121828,-0.10066448229474645,0,0,0
7.247056515200299,-0.02105627418593343,-8.801797817380816,0.06639730849690154,-130.2063071651288,-0.0852300249875185,0,0,0
7.228668281787336,-0.017094853680846712,-8.765874970180263,0.04762674159031803,-130.2617108989278,-0.06921569627454857,0,0,0
7.2172597178728495,-0.011614240643829987,-8.755203442933023,0.027888413104297172,-130.30244769524248,-0.05292522398727613,0,0,0
7.213173628974161,-0.004733033033902245,-8.766887727362914,0.008031665880926653,-130.33027992767597,-0.03656559930752792,0,0,0
7.217118538036729,0.0032006246943169004,-8.797945531197044,-0.011073475920559872,-130.34516324000646,-0.020289471652714042,0,0,0
7.230250669580371,0.011660348834651302,-8.845830999462763,-0.02879196080434383,-130.34550823916646,-0.0040041051670584695,0,0,0
7.253859710327603,0.02002471630113689,-8.90800451846411,-0.04514745173039927,-130.32945711426228,0.012928230893086834,0,0,0
7.288732080474077,0.02765993292383655,-8.981425671126857,-0.06110938403663653,-130.29600605363433,0.03180176845829976,0,0,0
7.334398847008188,0.033985084478131,-9.06312283279587,-0.0784397011807684,-130.24471623540117,0.054248928128401985,0,0,0
7.388604563048972,0.03852306113971764,-9.152316097877346,-0.09903466291351322,-130.17369896385338,0.08151171938474419,0,0,0
7.447303678211668,0.04095086446740197,-9.253272334684809,-0.12398590745872155,-130.07702485619794,0.11359161184508934,0,0,0
7.505267611025701,0.041159836004641195,-9.376968810546629,-0.1527237270073627,-129.9436932143448,0.1486527532049678,0,0,0
7.5571105626541595,0.03932297939033162,-9.539600454740707,-0.18255205807369065,-129.75995841395846,0.1829347288209789,0,0,0
7.598404240371337,0.03595010386370632,-9.757234356498046,-0.20873006494445007,-129.51516273382853,0.2112308388656146,0,0,0
7.626627182710749,0.031900059346234855,-10.03780460578426,-0.22509566355625593,-129.20924712155556,0.22782677655318367,0,0,0
7.641849029626783,0.02832121719017522,-10.37306826953639,-0.22510102849047228,-128.85898070711679,0.2277046433008536,0,0,0
7.6470895042309195,0.026510501070704608,-10.733525099201017,-0.20304951441973174,-128.5001098260525,0.20777569808002738,0,0,0
7.64823311911114,0.027711534598013544,-11.068726320571358,-0.155289997161222,-128.18369766497818,0.1678906851527387,0,0,0
7.653399440470537,0.03290099940583815,-11.314079468358429,-0.08111752204011964,-127.96644846986933,0.11138087345937606,0,0,0
7.671816734950724,0.04262377858880484,-11.403326382782069,0.016863521053701903,-127.89665253084485,0.04491939304622576,0,0,0
7.712408688918714,0.05691971701268557,-11.283767478882126,0.13308092127619062,-127.99926787539766,-0.022391420315602772,0,0,0
7.7823829570058365,0.07534567867210598,-10.929868782158849,0.26000425992938003,-128.2647863628174,-0.08057769503714382,0,0,0
7.886120556712541,0.0970635135795547,-10.350775675141904,0.38952955047795823,-128.6461496793647,-0.12062164227945119,0,0,0
8.024642026259386,0.12095621166516964,-9.588599145961027,0.5143174624270103,-129.06596880336627,-0.1360773966991502,0,0,0
8.195824352837604,0.14574926939569935,-8.706995393022353,0.6287514236653393,-129.4331613247116,-0.12409337655759316,0,0,0
8.395305816347843,0.1701398166015508,-7.773025670242589,0.7293837963152299,-129.66475765748822,-0.08566057235962603,0,0,0
8.617724640026466,0.19294971039960132,-6.838229594421435,0.8148968135308579,-129.706326248847,-0.025072957911328332,0,0,0
8.857795235762836,0.2132985641100973,-5.925551696301255,0.8856714026824377,-129.54447163196969,0.05129174811780075,0,0,0
9.11089213442753,0.2307465895580151,-5.026565231705035,0.943088650083233,-129.20738223544527,0.1366165758941406,0,0,0
9.373214900966232,0.24532741438182343,-4.10948841962977,0.9887469794891942,-128.7532582544411,0.22528188590626427,0,0,0
9.641905792914727,0.2574176619085833,-3.1347993435735475,1.0238644156125871,-128.24999745451095,0.3139393985314243,0,0,0
9.91536859810681,0.2674689967711288,-2.073154755334471,1.0491668250801112,-127.7518688816394,0.40154226314170527,0,0,0
10.193586452292692,0.2757081004153775,-0.9198891743095743,1.0654038319977304,-127.27998392042329,0.48822234234347234,0,0,0
10.47791617007762,0.28193451968724903,0.2988706489309152,1.0742585515836212,-126.81314994430363,0.5734980353338159,1,0,0
10.770000971923437,0.28549702958740963,1.5316487631035187,1.079062639582979,-126.29376733939735,0.6547504537451516,1,0,0
11.069995784059131,0.2854322700488495,2.718642580558523,1.0847290911746286,-125.64933502607117,0.7268307424476703,1,0,0
11.374805644180242,0.28066056356872193,3.8158087255558684,1.0967301743773519,-124.82410282541228,0.7830541631894107,1,0,0
11.677140432635326,0.2701096958157422,4.817033819534956,1.1194708344413997,-123.80949127863153,0.817139141949933,1,0,0
11.965862430301627,0.25269875859058855,5.7640611641247546,1.154678083630786,-122.65987769799375,0.8253233411599439,1,0,0
12.227537601454728,0.22722418412361378,6.737802492116515,1.2003374469120474,-121.4849508299644,0.8080216166323624,1,0,0
12.448511428601947,0.19227366286025926,7.832502400199971,1.2504176383810304,-120.41945582261684,0.7707249737350779,1,0,0
12.616465556264231,0.14629604963161996,9.121553589079525,1.295373813695433,-119.58047746214007,0.7240649671292729,1,0,0
12.720574038198578,0.08788716624220712,10.626891661998286,1.3233576174842725,-119.02675050882385,0.6829527930805142,1,0,0
12.750158011313758,0.01626152130559717,12.302245118051388,1.3221514114410424,-118.73293377798001,0.6645727080682491,1,0,0
12.69273760052603,-0.06819657035790953,14.035825146913822,1.2818669708885195,-118.58651760204657,0.6850713770913984,1,0,0
12.53295628037533,-0.16345619195444955,15.672380717512851,1.1981970969520646,-118.40868535477844,0.7552557290078127,1,0,0
12.253677306602313,-0.26559936498757536,17.049384900398593,1.0755205259198646,-117.99457489460714,0.8763397809007316,1,0,0
11.839755645691298,-0.36894815088107435,18.03854793394538,0.9287406692597827,-117.16376419794904,1.0372787565285706,1,0,0
11.283896726722531,-0.466618716847006,18.58273087300995,0.7827381135251699,-115.80916392707977,1.215050920753967,1,0,0
10.592975681910232,-0.5514406834408533,18.71977346163716,0.6688776232192183,-113.93239353988628,1.3783562118504817,1,0,0
9.792517778726193,-0.6170419314224432,18.587707659398617,0.6189514626839667,-111.65605801360952,1.4940082535623944,1,0,0
8.926984047453487,-0.6588341782912494,18.408960281677352,0.6578453379477096,-109.20768989685436,1.5343919563060624,1,0,0
8.054386869728518,-0.6746929890023807,18.454272797249985,0.7966629063649548,-106.87624130128418,1.484147080375503,1,0,0
7.235751176905225,-0.6652358516181736,18.99102135024357,1.027876601596003,-104.94937165947519,1.3447061030905245,1,0,0
6.522318286301598,-0.6336680617517132,20.22533977375349,1.3234777016786012,-103.64643506642263,1.1360712224663885,1,0,0
5.944614497462837,-0.585199832875493,22.250834096989948,1.636446684576903,-103.06476579171782,0.8957927356648554,1,0,0
5.506747416578506,-0.5261036207372115,25.016013964048142,1.9054306739002442,-103.15310409085211,0.6752867413087771,1,0,0
5.187397129509563,-0.4625717245939825,28.31731394990541,2.0623476087765624,-103.71670316704379,0.5335241430538076,1,0,0
4.9472161092053994,-0.3995961722937011,31.817507889795962,2.0425240772996034,-104.44845170241588,0.5281176494931401,1,0,0
4.740977353155301,-0.3401099060821494,35.08424030740619,1.7965111066240396,-104.97446618323772,0.7043801944274293,1,0,0
4.531481571354078,-0.28460270552185707,37.64201439840106,1.301704286595981,-104.90319060052175,1.0841431093881837,1,0,0
4.301266801513663,-0.23133079671061124,39.032436369442976,0.570793631327598,-103.87244846631629,1.6573949399505168,1,0,0
4.058425146791507,-0.17707578244410058,38.87951357024602,-0.3460839486133935,-101.59506480635278,2.3800072038224527,1,0,0
3.8346521160837312,-0.11824939778200161,36.95613241648397,-1.367122840073732,-97.9055697152009,3.1792436420836565,1,0,0
3.6762912310830274,-0.05206054295085494,33.2423826397133,-2.3915317557946465,-92.80500397254079,3.965944482354577,1,0,0
3.6313065303567242,0.0225320606263395,27.958770410265927,-3.3157153375567034,-86.49081639221265,4.649791824385182,1,0,0
3.7359895921375,0.10429293948895264,21.555174477914207,-4.048715108729813,-79.35303205262758,5.153290884390431,1,0,0
4.004903151689547,0.189716696514688,14.646085549168092,-4.523617631018929,-71.92426674620722,5.421307220229631,1,0,0
4.42661067969685,0.2735531892150604,7.902190331849496,-4.703633384716521,-64.78900687887011,5.425306477644312,1,0,0
4.9662979594186965,0.349718436378447,1.9270869318391561,-4.583482201282905,-58.4765479393859,5.163511360804281,1,0,0
5.5744109662436045,0.4123747447752777,-2.845136688897071,-4.187666934769578,-53.370281756617445,4.658975884768882,1,0,0
6.198433766660543,0.45693699246588865,-6.203739940746317,-3.5668804250829735,-49.65937626401998,3.956866287356424,1,0,0
6.793957038942111,0.48080569717294425,-8.156820276919191,-2.792715561159602,-47.34200002990966,3.120791409391986,1,0,0
7.331836479868201,0.48371748702561773,-8.878689596345083,-1.9501044210153424,-46.27045610715808,2.227101862924763,1,0,0
7.800038678835804,0.46768552507710126,-8.634286707982483,-1.1272589890348415,-46.21524512485197,1.3564813797235105,1,0,0
8.20067645501561,0.4365551001772531,-7.71003384056381,-0.4041284026046412,-46.92215351864841,0.5835867926741365,1,0,0
8.544046563866942,0.39526000249598636,-6.371981133681814,0.15840054218137567,-48.14511795870772,-0.03312916736482592,1,0,0
8.842078021945724,0.3489543386424273,-4.854958660985332,0.5260106238609794,-49.653248116959595,-0.4588865811600421,1,0,0
9.103465930467863,0.3022547088214537,-3.3703995584989173,0.6934123726087605,-51.22419308163501,-0.6855699109254146,1,0,0
9.331848961191227,0.25878185190710357,-2.114197094207256,0.6815106316030736,-52.64068001264454,-0.7298933720136865,1,0,0
9.527010991203468,0.22104466409847703,-1.2611312670833144,0.5305767287440488,-53.701573430265704,-0.6277799274394986,1,0,0
9.687977153084816,0.19055655401311072,-0.9436337021365233,0.291600883523283,-54.248242075620404,-0.42677313086372026,1,0,0
9.816504127156648,0.16800202585125845,-1.2226965508315857,0.017866328814872646,-54.19769913916381,-0.17823218992244066,1,0,0
9.919654998939237,0.1533022206912932,-2.0635832803143472,-0.2420899242936983,-53.56938982729495,0.06959979492053776,1,0,0
10.010485319820575,0.14554589566339757,-3.328519420541994,-0.4498318835655752,-52.493044399246955,0.27720603164413404,1,0,0
10.106241995146718,0.14291403651188403,-4.79402500533098,-0.5806397092640581,-51.18988482728561,0.4177936892424043,0,0,0
10.224066822379527,0.14282202510928813,-6.1933178455330875,-0.6250727416171629,-49.92743985793213,0.47921002181172623,0,0,0
10.375100228858656,0.1424052531973942,-7.275857903922315,-0.5881354267412888,-48.95725016775422,0.46341257464474594,0,0,0
10.558924887101838,0.1392090593094423,-7.868718394154669,-0.4862960748123797,-48.45213276519367,0.38379431078503645,0,0,0
10.760989326310067,0.1317423256294205,-7.920594186847836,-0.34332827769437274,-48.462743120220495,0.2613504313287926,0,0,0
10.95523124229635,0.11962034057383875,-7.5118586832549425,-0.18605293668915407,-48.90947321214844,0.12070343510324336,0,0,0
11.112029685058758,0.1033007443291524,-6.824987969549412,-0.040551149670692156,-49.614116329172944,-0.013536482506427205,0,0,0
11.208594720251071,0.08366554288298005,-6.0856572989553825,0.07111502255129239,-50.359756031313445,-0.12007326686024342,0,0,0
11.237078255233442,0.06174407266880877,-5.4968660572580745,0.13378425437926325,-50.95588551400702,-0.18393011805827938,0,0,0
11.206688725558962,0.03870396462131538,-5.189048787433535,0.1415462804429964,-51.28601004821452,-0.19890167445494952,0,0,0
11.139249438438242,0.015986920846560792,-5.199536502037901,0.09898346352711798,-51.32524965234988,-0.1688019312502071,0,0,0
11.060722251209327,-0.004685255289662393,-5.482167620020164,0.020441460208158447,-51.12817252653456,-0.10667701714874198,0,0,0
10.992540955546744,-0.021626254413050106,-5.938015360129683,-0.0731988244417181,-50.79655134833701,-0.03156174726852399,0,0,0
10.945964533314992,-0.03374018856350887,-6.453255589724705,-0.1597461041581809,-50.44114950974316,0.036614857195871056,0,0,0
10.920858534775675,-0.04099742332504945,-6.9307595515766565,-0.22134466343726727,-50.150762432722566,0.08237002500016928,0,0,0
10.908378689399726,-0.04452162421357144,-7.307444081173358,-0.24865847620278742,-49.97624338363586,0.09844312864107607,0,0,0
10.895767140928257,-0.04620976218613606,-7.556976213966593,-0.24230604350393747,-49.929733801858184,0.08686401623739429,0,0,0
10.871192834615982,-0.048063015226054516,-7.683118340537192,-0.2112854616704908,-49.993607459354735,0.0571918424182158,0,0,0
10.827104021982947,-0.05152458938334945,-7.710312691630747,-0.16914218249852694,-50.13218526400533,0.022728473329106436,0,0,0
10.761472483423248,-0.05707730520250891,-7.675633549461409,-0.1293726700806829,-50.30157876180376,-0.0038613174692109452,0,0,0
10.677151816576881,-0.06421560515194927,-7.622596937077276,-0.10174227787930476,-50.45660948997594,-0.013968320742171868,0,0,0
10.580092098948782,-0.07175017661143243,-7.595022236725072,-0.09062907712268924,-50.556254102352405,-0.004487859948574169,0,0,0
10.47729506171325,-0.07828711696617888,-7.629437185114952,-0.09544805873614166,-50.56926661504595,0.022721909473673207,0,0,0
10.375191481289903,-0.0826869439931869,-7.746982290531534,-0.11233034049605664,-50.47976268443527,0.06257567753083464,0,0,0
10.278702483256183,-0.08435711225146178,-7.948182330369704,-0.13601861336950805,-50.290445640144284,0.10870127127955698,0,0,0
10.190876923285401,-0.08332430519131862,-8.21373485240025,-0.16130549857948467,-50.0211219831216,0.154940093000625,0,0,0
10.112895971266468,-0.08011557274198111,-8.51145680132801,-0.18386412202548427,-49.70251470712145,0.19624354304010225,0,0,0
10.044323394684113,-0.07552639063111144,-8.806421745497758,-0.20066750585638432,-49.36785068404639,0.229119763110824,0,0,0
9.98353289946833,-0.0703699040358842,-9.070498825325828,-0.21024207212069257,-49.04517255120976,0.25185013686624347,0,0,0
9.928229431510061,-0.06528553888275752,-9.288688535256256,-0.21279959402784812,-48.75217783179751,0.2645450673328519,0,0,0
9.87599608915707,-0.060643077300748874,-9.461238157332119,-0.21006797397145363,-48.49417405957492,0.26891867989630003,0,0,0
9.824828192637668,-0.056535518953155874,-9.601697295288915,-0.204668891483,-48.265056471244165,0.2676722336089824,0,0,0
9.773596021354408,-0.052834338778755804,-9.731857906321878,-0.1991892237773712,-48.05076524638351,0.2636241618342538,0,0,0
9.722336092462328,-0.049279428533863266,-9.874978230810015,-0.19535974719093474,-47.83431201110675,0.25894774442054924,0,0,0
9.672271710248694,-0.045575903751945646,-10.04886207008424,-0.19371079352791581,-47.601258841181284,0.2548230822057576,0,0,0
9.625521733753843,-0.04147187012390106,-10.26042376723025,-0.19377021591388796,-47.34439964703178,0.2515378311490636,0,0,0
9.58455258347891,-0.03680373967615225,-10.503349039101721,-0.19456615600456076,-47.066273088778914,0.2488303407416197,0,0,0
9.55152910934548,-0.031512940272915554,-10.760019217407105,-0.19509165709900742,-46.778373239840896,0.2462104535451438,0,0,0
9.527773861948873,-0.025647435928317464,-11.007606760604986,-0.19450632501971796,-46.496941729152184,0.24310171866649172,0,0,0
9.51351073027105,-0.019357472337362937,-11.226390694395135,-0.1920867149889503,-46.236799520306874,0.23883051544319542,0,0,0
9.507958692395547,-0.012882231918408139,-11.406899717377726,-0.1871257131506951,-46.00587065215872,0.23262393320418867,0,0,0
9.509698789908512,-0.006517889352220152,-11.552613866278989,-0.17899242208945906,-45.80295193579273,0.22376638564640813,0,0,0
9.517121662071233,-0.0005668342648419867,-11.676921156519057,-0.1673941189349307,-45.619748059718596,0.21190229166278202,0,0,0
9.528761369088699,0.004716429006879253,-11.795845380699518,-0.1526627303480737,-45.4460068566748,0.19729167884660867,0,0,0
9.543449391064613,0.009158100600619435,-11.920119201591191,-0.13580070933135885,-45.2750195091394,0.18079365811970122,0,0,0
9.560342840231641,0.012658245265427581,-12.050347988124841,-0.1181589303856839,-45.1067357905677,0.1635192500042173,0,0,0
9.57888424083049,0.015151869146755814,-12.177290228451028,-0.1008975345546375,-44.947250172151094,0.1463439462818613,0,0,0
9.598693399414273,0.016576723098422973,-12.286646520887842,-0.08457613750739626,-44.80545645137481,0.1296026200499263,0,0,0
9.619354867955067,0.016888268939533192,-12.365613853918575,-0.06915160759480585,-44.68900514795517,0.11317950566031314,0,0,0
9.640093182925327,0.01611829240032847,-12.407979998251975,-0.05437160001366834,-44.6016070202647,0.0969226831757787,0,0,0
9.659477383863106,0.01442176772471413,-12.415875062924101,-0.04027518581833078,-44.54243118934011,0.08107686695921146,0,0,0
9.675466020892742,0.012055861791951372,-12.398375241352952,-0.02745319848323078,-44.506925735293464,0.06642375753587829,0,0,0
9.686004351466565,0.009292441338973844,-12.368437232467116,-0.016895814884013306,-44.487953003115464,0.05403659194550272,0,0,0
9.689944293091983,0.0063240944215650075,-12.339561380836201,-0.009526844670992319,-44.47678002491701,0.04481850358944186,0,0,0
9.687667068311754,0.003232133631549061,-12.3228710597745,-0.005721691784741268,-44.46425083954728,0.039119066005000036,0,0,0
9.680901458151155,4.3076022842569726e-05,-12.324879972957149,-0.005107054238135333,-44.442498215208914,0.03664520711980472,0,0,0
9.671808654220229,-0.0031628964672577808,-12.346248377291161,-0.006740025996089116,-44.40688425269607,0.03666950999621932,0,0,0
9.661934343629923,-0.006173067192406734,-12.381914967597766,-0.009506480142661644,-44.35727141548039,0.03834174913626924,0,0,0
9.651676204270558,-0.008661713872294285,-12.422830771765987,-0.01246305414626363,-44.29781448790517,0.04087346788202595,0,0,0
9.640523943153752,-0.01030329382302,-12.459050540633328,-0.014951958524174812,-44.235154949066654,0.043516083135662596,0,0,0
9.627848419190528,-0.010899988878506406,-12.483275322884992,-0.016534156141577227,-44.175736089377914,0.0454589561140402,0,0,0
9.613735348968675,-0.010439712569977644,-12.493440042779568,-0.01692720865169548,-44.12350824393077,0.04585111839566665,0,0,0
9.599387212743622,-0.009065060018969007,-12.493067773929752,-0.016089136040091035,-44.079218324295205,0.044028863464998125,0,0,0
9.586911354861783,-0.00699497111817351,-12.48908096607795,-0.014405438435001371,-44.041619193560386,0.03982517604138991,0,0,0
9.57866717952669,-0.004449087151927244,-12.488212621190272,-0.01277830368443631,-44.00966127840688,0.033731418682876324,0,0,0
9.576504332451378,-0.0016016956665424686,-12.494152059474104,-0.012432218677251684,-43.98398703125225,0.026757920709597725,0,0,0
9.581158054030539,0.0014256239599646392,-12.507139737692071,-0.01444056525594135,-43.966595618046085,0.02003138089480174,0,0,0
9.591984632448188,0.004536605435551166,-12.52596935194778,-0.01920151384803006,-43.95901965506649,0.014344987773137774,0,0,0
9.607185332751286,0.007620395254221535,-12.55061380861035,-0.026180477110727907,-43.96050030107641,0.009930516229974984,0,0,0
9.624506986488328,0.010531544659700387,-12.583372727405845,-0.034111576937749535,-43.96757574197068,0.00659809758707155,0,0,0
9.642104658790174,0.013109212719426467,-12.627680975444406,-0.04157120021418877,-43.975422280429896,0.004143885653057566,0,0,0
9.659101403324186,0.015227360130739952,-12.685455181259869,-0.04758467940901454,-43.980058366199394,0.002726890419211969,0,0,0
9.675591165285837,0.016844654726010332,-12.754872545037031,-0.05189839992881673,-43.979913161995455,0.0029302392250777133,0,0,0
9.692226801458787,0.018016097300485968,-12.830196735455445,-0.05478195595961921,-43.97563821768967,0.005451450627968768,0,0,0
9.709759306720954,0.018846282337482024,-12.90392462333216,-0.056542490922231535,-43.968222421876305,0.010630730363808993,0,0,0
9.728777933758778,0.019404166360621387,-12.969998853564249,-0.057099530595208135,-43.95671812706013,0.018124264961668503,0,0,0
9.749604601290642,0.01965247511680701,-13.026123736980239,-0.055883602988325266,-43.93729322579531,0.026905088915134455,0,0,0
9.772145605453048,0.01943847507332208,-13.073788911543971,-0.05207666819240871,-43.904505148786804,0.0355411327041729,0,0,0
9.795648156126106,0.01855113478312944,-13.116038717832666,-0.04499187153497956,-43.85419299743832,0.04253700080985965,0,0,0
9.818548650094542,0.01681017906215061,-13.154368033357926,-0.0343339948517297,-43.78633309235399,0.04654074921501348,0,0,0
9.838629409958244,0.014142900739379627,-13.186517005327659,-0.020202017926720828,-43.70637139127855,0.046374379714885096,0,0,0
9.853486154057407,0.01062240248440105,-13.206221863183956,-0.0028894699215157972,-43.624647039157665,0.041009532841815854,0,0,0
9.861102513117132,0.006465749012339472,-13.204791260386827,0.01732360599353768,-43.55454315389686,0.02965590418817001,0,0,0
9.860328592080293,0.002002977660187355,-13.173536683972742,0.04018811871152224,-43.510230725539536,0.012037615075762176,0,0,0
9.85118831411475,-0.002374011454195113,-13.105944802599367,0.0652417117249712,-43.504478624727454,-0.011227075470198144,0,0,0
9.835001958602788,-0.006275776379338538,-12.998893552779407,0.09142407177434961,-43.54662279864197,-0.03834860237858138,0,0,0
9.814262091414037,-0.009380067681415482,-12.852887677044862,0.11681073512591097,-43.64073418391361,-0.06639764725982075,0,0,0
9.792175382054921,-0.011479766572348638,-12.671907724428749,0.1387041100293814,-43.78412899802918,-0.09172286607243052,0,0,0
9.771908041584155,-0.012505229729046618,-12.463621600582954,0.15414236740483034,-43.9664637521403,-0.11065236013294069,0,0,0
9.755790886301156,-0.012528007308819155,-12.24012731561443,0.16066037718307627,-44.169819116139806,-0.12025350249709561,0,0,0
9.74482873314409,-0.011756996931491414,-12.018409654068549,0.1569955258695444,-44.37034786387676,-0.1189171043230921,0,0,0
9.73868848833392,-0.01052229082533671,-11.819180762890142,0.14345205059470487,-44.54187569988197,-0.10661861543231979,0,0,0
9.736050215826666,-0.009226119280910439,-11.663367586338524,0.12180932628213412,-44.661066755226265,-0.0848368859945694,0,0,0
9.735048518992102,-0.008252084953997495,-11.56693291214198,0.09488493723301161,-44.71276575051049,-0.056226340622228574,0,0,0
9.733618344799837,-0.007858991205056043,-11.535989543903924,0.06600024108218179,-44.693649667958375,-0.02418848936286864,0,0,0
9.729779050349421,-0.00810594588033382,-11.564373046832358,0.03854912912786261,-44.61280895296517,0.0075582387046203795,0,0,0
9.722000898604932,-0.008836433638670371,-11.63479441422352,0.015681752816868767,-44.4891030438593,0.03541715005167845,0,0,0
9.709654532514946,-0.009711411102290412,-11.723058352098633,-4.617648539095853e-05,-44.34639240425147,0.05642895258711604,0,0,0
9.693318129533594,-0.010263364578699452,-11.803619189761136,-0.0071829548181554514,-44.208348645768986,0.06887257308460235,0,0,0
9.674731427497818,-0.009955477481669561,-11.854636024335804,-0.005965387432834745,-44.0942367290936,0.07280746005391023,0,0,0
9.656464396757386,-0.008252801664774267,-11.861592125899861,0.0013236895675134974,-44.016176363359975,0.07029671770702847,0,0,0
9.641574377311017,-0.004721398377378705,-11.819642527744051,0.01055422668499375,-43.97758617401081,0.06508914755611742,0,0,0
9.633416570039671,0.0008457175249432681,-11.735197134520078,0.01661333296986669,-43.97234102438024,0.061744854684953054,0,0,0
9.635493744175406,0.008313223646665336,-11.626586786470327,0.014707750369402106,-43.98469114997139,0.06444848046733612,0,0,0
9.651090328152094,0.01716048745676062,-11.522752648228789,0.0016386783549705796,-43.99068249088809,0.07590709244089666,0,0,0
9.682565066575634,0.026552708127043446,-11.45883077998242,-0.023408138218609053,-43.96191747740399,0.09668689357065788,0,0,0
9.730458073854365,0.035508643679455075,-11.468661084524854,-0.05876937373657256,-43.87165449700977,0.1251404364609229,0,0,0
9.7927867689816,0.043094850032460386,-11.575980848404612,-0.10080062723178287,-43.70190759957811,0.15783953187398864,0,0,0
9.8649230041012,0.048572761484892625,-11.78723240621143,-0.144656422377264,-43.44927772136002,0.1902844586277233,0,0,0
9.940258508768252,0.051465976188052306,-12.088717406521894,-0.1850604087743136,-43.12736779338702,0.2176601077485266,0,0,0
10.011550833551937,0.0515614410332816,-12.449285863265587,-0.21693555513667065,-42.764771998750746,0.23551394304604187,0,0,0
10.07252287763562,0.04887975981175145,-12.82764880006188,-0.23593572776970007,-42.39919085527092,0.24033992417684757,0,0,0
10.119144184888597,0.043645161832333204,-13.181761358292718,-0.23897520441890235,-42.06949643810301,0.23008130655547204,0,0,0
10.15015350605593,0.0362668515107714,-13.477190874213463,-0.22475551516243258,-41.808090072486124,0.20450648530465756,0,0,0
10.16670473848491,0.027321286871283233,-13.692108199595495,-0.19412498782472767,-41.63554306042767,0.16533708513174333,0,0,0
10.171362664693149,0.01751034721974918,-13.818188057679421,-0.15003526457529687,-41.55851823563552,0.11600667666428208,0,0,0
10.166909692177697,0.0075765555438096046,-13.858413128713877,-0.09698339616973754,-41.57084143145505,0.061041348163170285,0,0,0
10.155455284089314,-0.0018142213124008322,-13.823536000028938,-0.04008275884632724,-41.65684274653153,0.00522331168270398,0,0,0
10.138135872814033,-0.010181876348914898,-13.728482284458707,0.015899308022287072,-41.795906870042586,-0.04719774699295911,0,0,0
10.115361980965744,-0.01728901858013785,-13.589070052274863,0.06720959868980572,-41.9673010267442,-0.09302564545387497,0,0,0
10.087316388990033,-0.023126872297429203,-13.419119824962962,0.11135082712430489,-42.15435851711904,-0.13030776380142442,0,0,0
10.054380664511612,-0.027841680431760097,-13.228476388525152,0.14699556564058155,-42.346957738443884,-0.1582825945492253,0,0,0
10.017325421399448,-0.03163244234435751,-13.022768278069847,0.1737813989345156,-42.5414739080326,-0.17722159938290857,0,0,0
9.97726332025455,-0.03465758900874647,-12.805094887315406,0.19213539650715888,-42.73834652702487,-0.18823766195314207,0,0,0
9.935436015510618,-0.03698345533276637,-12.578599928352446,0.20312027019761558,-42.938620698441916,-0.1930299838891365,0,0,0
9.892945860375548,-0.03858906506765294,-12.348232401273606,0.2081878724698754,-43.14134418112777,-0.19349590524956567,0,0,0
9.850585268734122,-0.03941392488712268,-12.120599139368721,0.20877176938462724,-43.34305742528414,-0.1912190515802436,0,0,0
9.808879394001849,-0.039414951012076926,-11.902182034957349,0.20582017437640018,-43.53921936606295,-0.18699193725685817,0,0,0
9.768301319486369,-0.03860116931157762,-11.697279582482551,0.19950700301310179,-43.72620670893395,-0.18061207073279065,0,0,0
9.729471330289215,-0.03703715714431581,-11.507191327576109,0.1893147738531468,-43.90226007923986,-0.17109853951392892,0,0,0
9.693177140118806,-0.034829352086970286,-11.33140213111669,0.17446917906461296,-44.06654903292148,-0.15725446098088086,0,0,0
9.660231154390843,-0.0321159736181329,-11.17027464476115,0.15449167557663798,-44.216877111012465,-0.13831193204627112,0,0,0
9.631313728283672,-0.029068396394502826,-11.02769824793883,0.1295932242907753,-44.34759461536051,-0.11437436669199315,0,0,0
9.606891748811393,-0.025893190357336948,-10.911947148783938,0.10077276427798694,-44.44933192216416,-0.08651388335896755,0,0,0
9.587142494640915,-0.022817822389170316,-10.833908137706317,0.06967879286026886,-44.511165308250725,-0.056575162589359,0,0,0
9.571786124194219,-0.02005552812412361,-10.803315645507226,0.038403967221896096,-44.52446350159048,-0.026860482507819937,0,0,0
9.559901304789094,-0.017767156938343475,-10.824666896460968,0.00935617205183945,-44.48680109220407,0.00013281772367577105,0,0,0
9.54994749042848,-0.01604986621741773,-10.89445439217748,-0.014782123416051719,-44.40435819965263,0.02186053705342772,0,0,0
9.540123095594666,-0.014965535504211402,-11.000491653879862,-0.031140111419718154,-44.29195833482754,0.035842822363144934,0,0,0
9.528916049047979,-0.014582016605463367,-11.123151655357148,-0.03697371892053525,-44.17086490431806,0.039888778029057194,0,0,0
9.515505570735371,-0.014976561133114786,-11.237840410598295,-0.030275532185197563,-44.06522085568472,0.03252474639853205,0,0,0
9.499732492216665,-0.016176755073084338,-11.318095878921667,-0.010512164031580085,-43.99827174047819,0.013544566829486371,0,0,0
9.481658373241558,-0.018072607837866884,-11.339099362136011,0.020849801740740758,-43.98916639172906,-0.015560465460121974,0,0,0
9.461071582756759,-0.02036735849642497,-11.28168433798929,0.060319123373297145,-44.05044414187359,-0.05154543873877202,0,0,0
9.437376883309767,-0.02261249508347305,-11.136663459558292,0.10290531858191229,-44.185917844265404,-0.089823919675068,0,0,0
9.410018573463375,-0.024318730612651506,-10.908437285823027,0.14300174901528068,-44.38901783329562,-0.1252385984842391,0,0,0
9.379175226410425,-0.0250917833795782,-10.61616887905356,0.17535384068276158,-44.64240574680529,-0.1529749905002326,0,0,0
9.34627390546423,-0.024732142541606095,-10.291263158444508,0.19591669224755748,-44.91981258704035,-0.1694225421870385,0,0,0
9.313998144759935,-0.023264160399456557,-9.97143846806074,0.2025245194568413,-45.19019753157822,-0.1728590516177384,0,0,0
9.285728742921464,-0.02090524021209319,-9.693134165204341,0.195356611014779,-45.42325088916045,-0.1638854640842716,0,0,0
9.264587736939589,-0.01801395231934606,-9.48430200377068,0.1771609115223612,-45.59497076068705,-0.14554692954549467,0,0,0
9.252411066800605,-0.015042758957942225,-9.358928956446093,0.15312015260621337,-45.69249716234857,-0.12306118469169576,0,0,0
9.249016769246992,-0.012487346214378192,-9.313854167567598,0.1302118472225743,-45.71775690790644,-0.10308857638409848,0,0,0
9.252019180635827,-0.010811592274136217,-9.3281182278415,0.11602229197906552,-45.68929878271631,-0.09257884075184322,0,0,0
9.257237360116306,-0.010347711116615699,-9.36505434433468,0.11721315198252,-45.64138713972035,-0.09741109209846215,0,0,0
9.259590983883953,-0.011200432243029468,-9.377235759760893,0.13805389219404135,-45.619629680212576,-0.12119109873567666,0,0,0
9.254301764266643,-0.013194091020335464,-9.314050406827818,0.17946082893473517,-45.67329151064627,-0.1645496881802309,0,0,0
9.238157982722868,-0.01588698972402227,-9.131040238653853,0.2387950815334534,-45.84560099455878,-0.22508397231135008,0,0,0
9.210521033593778,-0.01865003563650447,-8.79930694823554,0.3103863732760459,-46.16430845256284,-0.297833104805045,0,0,0
9.173724420491169,-0.020782456642056957,-8.312595243263928,0.3865326299166199,-46.635161876517216,-0.37604435410375386,0,0,0
9.132646826736234,-0.02163127172876216,-7.689693714423328,0.4586696827084765,-47.24046764248936,-0.45201374656668347,0,0,0
9.093541169560382,-0.02069507968132882,-6.970978141111559,0.5184877322344448,-47.943336885462074,-0.5179038227272699,0,0,0
9.062516412881948,-0.017709211064106965,-6.209990434807139,0.5588989948419041,-48.69608795595689,-0.5665451505381739,0,0,0
9.044194614215257,-0.012711032585268355,-5.462791928675301,0.5748419335941378,-49.449742323753846,-0.5922517939564329,0,0,0
9.040924642828685,-0.006073877043704101,-4.7783575172499155,0.5638962380798247,-50.161524605387186,-0.5916039790618541,0,0,0
9.052640187070665,0.0015095937292926465,-4.192358437416445,0.5266136304727723,-50.798667907485274,-0.5640257993858171,0,0,0
9.077209653625573,0.009108798562499488,-3.7250604584087768,0.4664455701908466,-51.33874301602801,-0.5119412666684319,0,0,0
9.111047656870184,0.01569625636660845,-3.3826209027124747,0.3892452029276214,-51.76811893412311,-0.4404204478967877,0,0,0
9.149782263156737,0.02031753261211975,-3.160344567437292,0.30248277567549164,-52.08034824318138,-0.3564502264604933,0,0,0
9.188820357784095,0.022246805008610693,-3.0464589385362046,0.21439318480842928,-52.27541987037539,-0.26808905647895714,0,0,0
9.22373481236123,0.021097207727152067,-3.025238012514862,0.13319309742123125,-52.359880309173676,-0.18369012728405992,0,0,0
9.250503733226466,0.016879194924497652,-3.0785261118353446,0.06634940158683804,-52.34754136442995,-0.11118923337527704,0,0,0
9.265691739003145,0.010012107866944574,-3.1851626780522224,0.01981181642744758,-52.260590220561824,-0.057331111997282136,0,0,0
9.266662664301364,0.0012911010540051393,-3.3188600805910085,-0.0027838303814505137,-52.13063288854342,-0.026768366595872096,0,0,0
9.251896720100206,-0.008190144974466306,-3.446426543037603,-0.0007558602421781302,-51.998425878227785,-0.021180214151101495,0,0,0
9.221432136315642,-0.017154072547732824,-3.5288644215480645,0.023420382927157847,-51.910560241238045,-0.03875374207318601,0,0,0
9.177330732295019,-0.024277767752620603,-3.526942294134301,0.06451439056443461,-51.91205413600083,-0.0743503954325874,0,0,0
9.123958667410236,-0.028337289041934353,-3.41045920652698,0.11544146487554485,-52.03580260008183,-0.12040443239674659,0,0,0
9.067880813412074,-0.028333531032190253,-3.1679031698590734,0.16833114345263595,-52.2921503846924,-0.1682567741724263,0,0,0
9.017279632306767,-0.023576649072627732,-2.812255109264626,0.21543000830909165,-52.66295729110725,-0.20947131671750086,0,0,0
8.980957134835023,-0.013726986868212521,-2.3800941068705157,0.2497176081876546,-53.10338426349955,-0.2368067756233188,0,0,0
8.967130842807123,0.0011826144635691093,-1.9241114630798961,0.2653636245118136,-53.55158568839742,-0.24480532679262196,0,0,0
8.982356428681243,0.020715751460225817,-1.5018512435258629,0.2582502824631462,-53.94315796228609,-0.23018747454959154,0,0,0
9.030896173575087,0.04399479635927861,-1.164559997500092,0.22665660774279955,-54.225346055718425,-0.19225379200625953,0,0,0
9.11462685141808,0.06969327895587156,-0.949250461161057,0.17195613205201282,-54.36649363446097,-0.13331140247493636,0,0,0
9.233258280951333,0.09610184702608252,-0.8752281764299283,0.09902972959619376,-54.358613509164265,-0.05894701282689212,0,0,0
9.384488246897277,0.12128149588867246,-0.9444394695028393,0.01617754049401583,-54.21392888149675,0.02206464485928734,0,0,0
9.563906631003022,0.14326848586371171,-1.1438931290989842,-0.06545844200247757,-53.958340520144425,0.09829368121597142,0,0,0
9.76481360297079,0.16026157626264848,-1.448341849338945,-0.13280860974389128,-53.62526440944176,0.1565654239440164,0,0,0
9.978298102567592,0.17073899615748472,-1.8219578133026886,-0.1720473324837414,-53.25242741937617,0.1831841960957014,0,0,0
10.193772093721748,0.17351775502324643,-2.2183187019303574,-0.17012424365803014,-52.882737814906676,0.1655279081414939,0,0,0
10.39981570144424,0.16782326880775714,-2.578695883104672,-0.11682545418447746,-52.5686488762377,0.09414514693333373,0,0,0
10.584972191307727,0.15342216817484058,-2.8299373409647757,-0.007333042101423359,-52.37750372284592,-0.03467362299551624,1,0,0
10.738286135149934,0.13079681092710588,-2.885033322337506,0.15519809540389956,-52.39350409476141,-0.21630674713997208,1,0,0
10.849804401650545,0.10127865889680691,-2.6504928977413584,0.35797880449037367,-52.711214553046034,-0.4361123505007363,1,0,0
10.911490969028904,0.06705744171237597,-2.043482718274703,0.5788348429195167,-53.41716203983093,-0.6696490182524613,1,0,0
10.918709928645683,0.031025237193986754,-1.017769890517073,0.7887847268430164,-54.56066511145191,-0.8852783448734541,1,0,0
10.87187474027408,-0.0035430688937822196,0.4080878249400115,0.9563842060221504,-56.121407991544146,-1.0486708060104448,1,0,0
10.777600191938859,-0.03344268424085328,2.1314461955647914,1.052576685736207,-57.986387914449125,-1.1280160605382286,1,0,0
10.648872519691352,-0.05606606022061271,3.966390615892479,1.0549141894933,-59.94891760190078,-1.0987873818718383,1,0,0
10.504024465661615,-0.06990658699548505,5.669528566499807,0.9507740738492444,-61.73552126364122,-0.9475852033978441,1,0,0
10.364385012506418,-0.07490898404636823,6.985146177116832,0.7398012927385225,-63.05535693634215,-0.6751302737702005,1,0,0
10.250545348899195,-0.07254997027209527,7.695829516397296,0.43563912120116727,-63.65766432822821,-0.2982829293951582,1,0,0
10.177625532943807,-0.06561483634215363,7.664108572595495,0.06626772281858706,-63.381377913479795,0.14975099137217357,1,0,0
10.150738531695694,-0.057746618520755535,6.857247840751086,-0.3281983943185168,-62.187066587024475,0.6222237343176943,1,0,0
10.162401128565222,-0.0528999502815168,5.354530209110521,-0.700903459250226,-60.16846477753293,1.0651928103809483,1,0,0
10.19321022592473,-0.0547904151125536,3.3386213214945997,-1.006161138331052,-57.54349440540349,1.4265050366287766,1,0,0
10.215726376852544,-0.06635093237849929,1.070765053125882,-1.207919047817093,-54.62389807782241,1.6652109645067994,1,0,0
10.200134006731304,-0.08918636077706595,-1.1505377476203762,-1.2863923164075444,-51.76415057127218,1.7588622683543804,1,0,0
10.119873016876184,-0.12308682156765371,-3.0426439766097815,-1.2411533683915081,-49.2969894980913,1.7069163934323028,1,0,0
9.95612031453608,-0.16576019187707658,-4.3920828168107136,-1.0902511257155623,-47.47047089735345,1.5298251666444287,1,0,0
9.700875688721425,-0.21298129390766718,-5.0940443010540974,-0.8660393863066218,-46.403247291274155,1.2645114072488064,1,0,0
9.358681741128535,-0.2592644928808241,-5.168093647678148,-0.6088304591410421,-46.069041644684404,0.9573743531843781,1,0,0
8.94675731726727,-0.29896036656487013,-4.747425111319586,-0.3594461749944827,-46.312213979156766,0.6559429741797288,1,0,0
8.493136612924928,-0.3274604123610573,-4.045263416404538,-0.15179261763231153,-46.88881492058019,0.4004132012484661,1,0,0
8.03258818948855,-0.3421056794342093,-3.305863653955697,-0.006942879626910781,-47.52335070504487,0.2167392445149595,1,0,0
7.600565297116489,-0.3425094181786562,-2.7496832699158205,0.0696591625189626,-47.96975087355971,0.11311568876560045,1,0,0
7.226122711203843,-0.33026523753973436,-2.523696696818945,0.08701491773327064,-48.06446833602512,0.080892208089994,1,0,0
6.925529883120731,-0.30826548118128444,-2.6684639239434915,0.06401725059547517,-47.76001855878752,0.09937449235501745,1,0,0
6.6988162225340915,-0.2799530190244326,-3.1120727728788893,0.023347548140951347,-47.129597052941705,0.14260821231872994,0,0,0
6.531026132749517,-0.24874169096369486,-3.6954911916210875,-0.014172994144338702,-46.339314009697446,0.18594828249194179,0,0,0
6.398223313324081,-0.2176610300363322,-4.223895123721391,-0.03349822664218181,-45.594325210374215,0.21088756858851027,0,0,0
6.276026929315691,-0.18914541565901716,-4.527921141723397,-0.02721152512229281,-45.07529672113423,0.2075813027392499,0,0,0
6.147227127022944,-0.1648715012624365,-4.513949629910073,0.004387843474586361,-44.88613185596947,0.17520186134433047,0,0,0
6.00571970328798,-0.14562788050355097,-4.186993357847925,0.054538128094493744,-45.02933209566077,0.12054312006155073,0,0,0
5.855977889125228,-0.1312958957014189,-3.640845920377515,0.11230764217580855,-45.41447501915977,0.055320430230199946,0,0,0
5.709111140526318,-0.12104488361596424,-3.0217985211387486,0.16564568108743458,-45.89393784616721,-0.007339157509263572,0,0,0
5.577407698579478,-0.11375309040356285,-2.4798182620730813,0.20461738702928045,-46.31244972258182,-0.056471847806716366,0,0,0
5.469251078085222,-0.10850608045835486,-2.123082642998554,0.223874542960327,-46.554587358172014,-0.08589929239352756,0,0,0
5.385857265519903,-0.10493878751337746,-1.9889963511208038,0.22348542487886647,-46.576392750639705,-0.09504599147048723,0,0,0
5.3205772965898745,-0.10326778802147629,-2.0390343807467417,0.20794842902421493,-46.41270558479008,-0.08786171963081486,0,0,0
5.260692409288453,-0.10403401673269741,-2.1777212534285866,0.18405930491618533,-46.15904368844138,-0.07061586026181957,0,0,0
5.190966124732142,-0.10769678038542593,-2.2891757121201266,0.15865714020259106,-45.934289645069505,-0.0496504056708865,0,0,0
5.0978392518891695,-0.11423376981820325,-2.279095381121408,0.1370266917731385,-45.83659177067434,-0.029879896821389453,0,0,0
4.973041823073217,-0.12286292509368905,-2.1075090676057755,0.12224138306114299,-45.90794929196892,-0.014305424437647218,0,0,0
4.815637721798254,-0.13196475339545372,-1.8002528712156618,0.11533286371794986,-46.12063362177796,-0.0043993467901195515,0,0,0
4.632143336672058,-0.13924439355833584,-1.435227119112838,0.11597271238106828,-46.39044190287608,-0.0009805556498591272,0,0,0
4.435070000397445,-0.1421152268212907,-1.1095513443416962,0.12332411825368297,-46.61124869079571,-0.00512006531290794,0,0,0
4.240621827148331,-0.13822340296758853,-0.9006688123871243,0.13680057248869132,-46.69764160254849,-0.018698547348584782,0,0,0
4.066209731565365,-0.125985359215683,-0.8356677139413051,0.1565620925038374,-46.6203862185409,-0.044428018967023065,0,0,0
3.928133361006516,-0.10499296229774444,-0.8793072569360589,0.18364818982237524,-46.42251114128867,-0.08536041526341194,0,0,0
3.8395401410755454,-0.07617293932351288,-0.9444800708917569,0.21973934775526516,-46.21024434157046,-0.14409473370091774,0,0,0
3.808732095056257,-0.04166458724569964,-0.9211699872332133,0.2666619398880982,-46.12127511855535,-0.22201053884486371,0,0,0
3.8379856597323396,-0.0044586514416252495,-0.7134744560830342,0.32580463029839846,-46.28087196034457,-0.31879693123693614,0,0,0
3.9231122000957726,0.03211215289130962,-0.2710271693820232,0.39754575505436235,-46.76155344460304,-0.4323091896718971,0,0,0
4.053908328563125,0.06491732853367864,0.3971406063369898,0.4807223383016591,-47.56158095878714,-0.5585801431669154,0,0,0
4.215497464215062,0.09148736482482604,1.2313922797681442,0.5722536878800526,-48.610547291324714,-0.691882638106754,0,0,0
4.390483485981193,0.11029254105176704,2.1484949586422886,0.6672206066706693,-49.79921800316507,-0.8250525111179122,0,0,0
4.561743356061427,0.12080966052798772,3.0747887381564993,0.7597407072856186,-51.02073349926746,-0.9504848601078144,0,0,0
4.715383016902152,0.12341299258198575,3.9715556690752862,0.8446362602434562,-52.206187650210055,-1.061937007968634,0,0,0
4.843007009254777,0.11916212098649055,4.843229621864467,0.9192430472107163,-53.34133752235621,-1.156536407825638,0,0,0
4.942465551593216,0.1095547202279235,5.727725995814936,0.9842476265632598,-54.46076945274958,-1.2357760714436474,0,0,0
5.016828700336134,0.09628413858221023,6.676237085622972,1.0427139910846492,-55.6261237196335,-1.3044747974176025,0,0,0
5.072115585552197,0.08101543598292124,7.732888146351527,1.0974771689216638,-56.90024204003091,-1.36776902783093,0,0,0
5.114733409960678,0.06518814497760701,8.921403302725139,1.148168131070726,-58.32691752285942,-1.4274739469551072,0,0,0
5.14945553084236,0.04986818964878807,10.239616871969588,1.18950255881725,-59.91934167322361,-1.4796978827785607,0,0,0
5.178338850037164,0.03568178669358133,11.658532190614636,1.2118562312890262,-61.65529526550074,-1.5150372155383536,0,0,0
5.200637845810405,0.022851434029814755,13.123266647858927,1.2039553480139191,-63.47690828147437,-1.5213594669607082,0,0,0
5.213624805837497,0.011328323256630312,14.556470048863758,1.1564626465933288,-65.29547296881853,-1.4878928931887814,0,0,0
5.2140649133900325,0.0009994605049598703,15.866581257247788,1.0649669702868862,-67.00316647799566,-1.4088665322385119,0,0,0
5.19982487619059,-0.008058037281222142,16.96179193475473,0.9314942564872553,-68.49170967773975,-1.2855365651359136,0,0,0
5.170979891891363,-0.015316568998770208,17.767279475954126,0.7646123030501798,-69.67436412235666,-1.126548220411064,0,0,0
5.130111932902437,-0.019598051717014186,18.24086355155626,0.5787289211523173,-70.50505265152131,-0.9472910350861611,0,0,0
5.082110190601796,-0.019018589359770032,18.38255784922039,0.39297186089464586,-70.98890736241603,-0.7687436452636909,0,0,0
5.034153037148457,-0.011148163281873735,18.23634586759769,0.22949191332989755,-71.18228317421855,-0.6156660789931252,0,0,0
4.996289840854658,0.006600765221976701,17.885739902471386,0.11080822442459208,-71.18482387733425,-0.5136704019759406,0,0,0
4.9823583328670225,0.036426801465523795,17.44582140213781,0.056193467808734,-71.12820561636235,-0.48508645041691667,0,0,0
5.010451952212705,0.0795771330450421,17.052985256805385,0.07778045262224964,-71.16434473411128,-0.5443528120008537,0,0,0
5.10214317301876,0.1359198556964941,16.851389182162734,0.1775199331971095,-71.45213375874978,-0.694270004857404,0,0,0
5.2800725656097995,0.20374452140289634,16.97466350149371,0.34599806651212506,-72.13987049775507,-0.924401970458041,0,0,0
5.564092890845828,0.279808858717783,17.52372661284207,0.5635250813539244,-73.34257418190892,-1.2122227673083572,0,0,0
5.9667512223417845,0.359603484316635,18.545084002176623,0.8032143586184418,-75.1178922423652,-1.5266844460722737,0,0,0
6.489310489867378,0.4377913590248042,20.016062883527354,1.0353006723055131,-77.44775270009535,-1.8331944372064028,0,0,0
7.119555404630759,0.5087726420728259,21.84253851434164,1.2317661194370984,-80.23292706699644,-2.098772212855512,0,0,0
7.8322416243262865,0.5673170799155145,23.871596681136936,1.370386418994046,-83.30451084730213,-2.2963659321366294,0,0,0
8.592324684021008,0.6091907862911782,25.917883488655804,1.4375232807705032,-86.45166833805699,-2.407749864924999,0,0,0
9.360271923115064,0.6316825222445829,27.79882812519294,1.4293184258689693,-89.46014998842638,-2.424869850501892,0,0,0
10.098178372940964,0.6339288703049035,29.37064645117637,1.3513097117535735,-92.1520668626664,-2.3498177700805485,0,0,0
10.775313972173905,0.6169739137731355,30.555253372103195,1.2167975064870433,-94.41579308011607,-2.1937620193271017,0,0,0
11.371980428521582,0.5835618571972006,31.34989630919874,1.0444558335539214,-96.21736914700506,-1.9751572766136192,0,0,0
11.880918113291656,0.5377111111036242,31.81691087153176,0.8556481733354062,-97.59127268692784,-1.7174400504163472,0,0,0
12.30603992539082,0.48414693570141765,32.05818111971236,0.6717051550051523,-98.61606994317069,-1.4462677280385718,0,0,0
12.659049627598733,0.42768807592022,32.18403794839779,0.5112396051133118,-99.38537289336637,-1.1863338212992587,0,0,0
12.955173976602765,0.37268100018477385,32.287096849880854,0.3876336862935844,-99.98449983313263,-0.9580214089203665,0,0,0
13.209352735362529,0.32254565155947434,32.428078414491,0.30711442663447175,-100.4789113514656,-0.7745424420403808,0,0,0
13.433794041035185,0.27946966373168747,32.634935038707326,0.26803590194566596,-100.91434561844271,-0.6404148360006061,0,0,0
13.637152682317264,0.2442913189955817,32.91122417632606,0.26182289622555716,-101.32348820141897,-0.5518734577384293,0,0,0
13.824988374788703,0.21661547322426317,33.246983314112214,0.275508541797538,-101.73228095187007,-0.49915688778776257,0,0,0
14.000770487768648,0.19516157576140358,33.62639763844791,0.29519100545755067,-102.16121750051988,-0.46991357387001786,0,0,0
14.166677065838456,0.17825704186215602,34.0302553286554,0.30936863074389864,-102.62151750701112,-0.4525973043107854,0,0,0
14.323831303247474,0.1643275598939482,34.43513983378733,0.3111776576876878,-103.11000726431213,-0.43883596210685455,0,0,0
14.472194657633452,0.15224601427656664,34.81326653768774,0.2990176779763303,-103.60763882104831,-0.42427370952182597,0,0,0
14.61066538521277,0.14147211042338484,35.135948002973294,0.2756748683106721,-104.08450863206654,-0.40803618349206944,0,0,0
14.737744395224325,0.13632060130693446,35.38078315731984,0.2689988383689518,-104.51047287624048,-0.4079521204966217,0,0,0
14.852628334302011,0.1313879123478081,35.539854991367875,0.25519690262310846,-104.86727097253414,-0.4053290669774725,0,0,0
14.956254183800851,0.12645667438752234,35.62511181847063,0.23395964725391138,-105.15708271366097,-0.3974760756183632,0,0,0
15.051873786551113,0.12134041388393986,35.66797285943278,0.20547217094090797,-105.40385003633966,-0.3823071286712552,0,0,0
