Pitch_Normalized,Delta_Pitch_Smoothed,Roll_Normalized,Delta_Roll_Smoothed,Yaw_Normalized,Delta_Yaw_Smoothed,Label1_Move,Label2_Bend,Label4_Speed
0.7240356026692467,-0.1474237342327001,-11.359704555486402,2.0607805121775926,6.139136875514314,-1.0395355037935334,0,0,0
0.5292141880255059,-0.1474424916182997,-9.17219114225118,2.2205897393510035,5.298566980462699,-1.192995739357828,0,0,0
0.33822604106242693,-0.14362264263961727,-6.765894896492682,2.299837376195782,4.212749556519007,-1.286053270688365,0,0,0
0.1554735936574616,-0.13709720841886153,-4.0381794767329495,2.299258076707803,2.7487320166604015,-1.3105583492917847,0,0,0
-0.01308306849425378,-0.1290390684934945,-1.0558019945984398,2.2335390902501,0.9414593565466465,-1.2734819992412787,0,0,0
-0.16061934704055147,-0.1205901638287159,1.9638338806196174,2.127197834760389,-1.0188375606326545,-1.1930177044803332,0,0,0
-0.28132289580807424,-0.12388519403531575,4.739157077884073,2.2088949628924097,-2.8632360193042405,-1.2021528552454461,0,0,0
-0.3727420646816455,-0.10716526217547226,7.03436005817602,2.0628281998605105,-4.345329918819964,-1.111897248880593,0,0,0
-0.43731601377220386,-0.09045775850873383,8.742147256764497,1.9125640036301064,-5.322201117657194,-1.0071653373024119,0,0,0
-0.4818660356179123,-0.07393412465623754,9.912273792117489,1.7672095003862325,-5.791040169289017,-0.8954492653144577,0,0,0
-0.5148163376839108,-0.05777852780308166,10.729245073437696,1.6397159884848107,-5.882391676940147,-0.7899828708801482,0,0,0
-0.5424384337292167,-0.04246139527923418,11.456090856353924,1.5433788733602853,-5.820405508343232,-0.7057146197486773,0,0,0
-0.5663515440249114,-0.028730609958755336,12.359745139808382,1.4865167710848923,-5.858903816505112,-0.6538173133980661,0,0,0
-0.5838676529049138,-0.017297560990404293,13.633915527129375,1.468381371330628,-6.205760636484176,-0.6376320008064618,0,0,0
-0.5908683465250704,-0.00842904324846927,15.341357890249668,1.4785118271030555,-6.958369352254835,-0.651821563286959,0,0,0
-0.5852332998328933,-0.0017564579091839505,17.39762261422247,1.499540824073057,-8.075983758119428,-0.6843917450037127,0,0,0
-0.5686289953956276,0.003515914536340858,19.604324788732995,1.5117571739529083,-9.401409153284902,-0.7199490677051015,0,0,0
-0.5457176745856884,0.00810997356772276,21.7181737714823,1.4977550189868154,-10.72164992688458,-0.7430109220676433,0,0,0
-0.5216064462568966,0.012210628025889037,23.527265527795052,1.4464442937086388,-11.840416750526783,-0.7412468237822898,0,0,0
-0.4994306147097518,0.01534407749027622,24.907682032848058,1.35602903902236,-12.634957619326144,-0.7086305144724692,0,0,0
-0.4796571923205022,0.016655250985304803,25.84681681296678,1.2350673380179544,-13.081882353991162,-0.6475871250465226,0,0,0
-0.4613386980519891,0.015382139128244886,26.43364104622208,1.1004948892384518,-13.250514729019665,-0.5686352787284209,0,0,0
-0.444245263766021,0.011229752477714783,26.82418807689477,0.9724029009365239,-13.27137205432801,-0.4867702269669628,0,0,0
-0.4304268780021516,0.004450910210788095,27.194205917352974,0.8670706245360037,-13.292065781208867,-0.4156019944538176,0,0,0
-0.42431583667202233,-0.004348067786632726,27.69203127042921,0.7909529700842114,-13.434240602720061,-0.3616832689896041,0,0,0
-0.4314119085504444,-0.01449087570283183,28.40257150660699,0.7380062886839994,-13.762336545403636,-0.3214288682650439,0,0,0
-0.4563314706184798,-0.02540127960993175,29.328353798098235,0.6912309950711517,-14.26911142295453,-0.2817672042893896,0,0,0
-0.5012085724778075,-0.036578880523036615,30.388880016842336,0.6277823467186664,-14.877669871422757,-0.22423868222218993,0,0,0
-0.5650871241232238,-0.04745083022952059,31.436795228637166,0.5261248893591087,-15.457249440422824,-0.13130037302341915,0,0,0
-0.6443393717380701,-0.05724657535755284,32.28774491968805,0.37330226809776973,-15.849246301976583,0.006989420211223241,0,0,0
-0.7336699884198197,-0.06501605685970162,32.759126763678296,0.1702209189776923,-15.899554396885058,0.18804144042830676,0,0,0
-0.8271275032823553,-0.06981624250173013,32.71146451340874,-0.06682874366299671,-15.492901551241564,0.395383800272306,0,0,0
-0.9187535660612269,-0.07098686137321693,32.08543697048586,-0.3090610049674979,-14.584375784562202,0.6015351203231255,0,0,0
-1.00289263157768,-0.0683817434275781,30.92722859833067,-0.5215726660320513,-13.222171579096635,0.7741616955031193,0,0,0
-1.0744764052690385,-0.062443232274894456,29.394240460206134,-0.6711458495629969,-11.553826198436994,0.8834482725603362,0,0,0
-1.1295743335677457,-0.054085312873735344,27.734284069977022,-0.7332066469594096,-9.808498542680576,0.9084310557854872,0,0,0
-1.166200084350649,-0.04444555890300563,26.237743748423256,-0.6962021462223674,-8.253760219723276,0.8406357977169998,0,0,0
-1.1850260067535885,-0.03462866122430199,25.173153356521823,-0.5625664912784856,-7.136052916391564,0.6843740294048001,0,0,0
-1.1895194468721684,-0.025549713092220826,24.725336733007197,-0.3466582103448232,-6.6227667148194636,0.45430419042006936,0,0,0
-1.1851925004754236,-0.017896477737819792,24.955678450093956,-0.07125532503090995,-6.76493574412171,0.17196853516651736,0,0,0
-1.178125577449876,-0.01214212038441076,25.79710530145462,0.23552724759913274,-7.493196419715059,-0.13688173613982677,0,0,0
-1.1734141155253752,-0.00853208192170456,27.085799600623886,0.5422110246080493,-8.649161257193564,-0.44365597140855934,0,0,0
-1.1742506969834352,-0.0070340194068137405,28.618854867037626,0.8158418995805817,-10.041333880361508,-0.7181983860911745,0,0,0
-1.181857408955878,-0.007302444592990298,30.214675348021572,1.025399423000124,-11.502486227431461,-0.9317202425216513,0,0,0
-1.1958976091131461,-0.008719517098414542,31.749512936197462,1.1471451683094571,-12.922643559835262,-1.0618801450517936,0,0,0
-1.2148951527847913,-0.010536678464126226,33.156394316057515,1.17033422987965,-14.24505825676617,-1.0984109975777112,0,0,0
-1.2365402784187864,-0.012078665620516914,34.39616274422907,1.1004435313007135,-15.43574408063502,-1.0463674503655267,0,0,0
-1.2580504526834915,-0.012912824319313643,35.42714758652306,0.9575239761689787,-16.453255341608077,-0.9245668875642965,0,0,0
-1.2767146178563138,-0.012892716891172995,36.19678841610177,0.7695716673757346,-17.241568165337398,-0.7591611750863736,0,0,0
-1.2905592851166858,-0.01207715418870805,36.659020748890455,0.5637923899564882,-17.749045719898824,-0.5752435661167674,0,0,0
-1.2989122336550452,-0.010618141440444618,36.80154061446176,0.3600908777450741,-17.956870923370325,-0.39075960839697965,0,0,0
-1.3025423587185117,-0.008703005406540853,36.66103936231367,0.16959016404382368,-17.89483013283653,-0.21540083836048485,0,0,0
-1.3031778658951652,-0.006550674095308295,36.31457154079497,-0.0024786558216348454,-17.632945631225244,-0.05371202485280353,0,0,0
-1.3026289508429585,-0.0044085105904855485,35.852599247586454,-0.15279917976886281,-17.254921888599135,0.09092125426479107,0,0,0
-1.3020790235175923,-0.0025178988948241,35.3504217136482,-0.27805679165557534,-16.830239643805058,0.2145392468669794,0,0,0
-1.3019252068501999,-0.0010615600066046227,34.85229595649575,-0.375896441479955,-16.399066640371018,0.3138481375976873,0,0,0
-1.3020470193718694,-0.00012312608470779196,34.371376186012725,-0.44712381969244036,-15.972864329163055,0.3886779091926698,0,0,0
-1.302135558588347,0.00031640441217319906,33.899155788834435,-0.49675967651666897,-15.544042798960167,0.4431707166752702,0,0,0
-1.3018936068045548,0.00033770373231902797,33.416220499546014,-0.5327645234485857,-15.096175696667604,0.48451071249667876,0,0,0
-1.301174885182732,1.9231436556310656e-05,32.900056334090905,-0.5632688447163374,-14.61056434392195,0.5201025297609909,0,0,0
-1.300143494502123,-0.0006076506228822609,32.330302417537354,-0.5941768003632021,-14.070091831443627,0.5551548903005241,0,0,0
-1.2993783145967797,-0.001559293200482159,31.693442597146984,-0.6282446293655652,-13.463122966083827,0.5918206504311214,0,0,0
-1.2998008285719749,-0.0028663140290717593,30.986926306309115,-0.6652519694389867,-12.787838506258456,0.6294985253941734,0,0,0
-1.3024366364773954,-0.004532688813176833,30.21991080042308,-0.7023607129247708,-12.053896590989226,0.6653224991809628,0,0,0
-1.308155529746415,-0.0065102562361673225,29.408653710016182,-0.7344608522564287,-11.278690740799817,0.6945553705998015,0,0,0
-1.3175181388550214,-0.008705571590708417,28.5698496628401,-0.755050306675858,-10.480860136059803,0.7113933250854341,0,0,0
-1.330710159662587,-0.011024705384853917,27.71885649162286,-0.7580092954334816,-9.677879075221322,0.7105761406482605,0,0,0
-1.3474624467201153,-0.013433475494731794,26.875548659586727,-0.7397413762350311,-8.890817807150539,0.6893547847541692,0,0,0
-1.366996169166228,-0.01598295622164727,26.07161197698173,-0.7004517567362711,-8.150621990669588,0.6486451387523331,0,0,0
-1.3882306010898162,-0.018760602803243386,25.349553267332325,-0.6434790706831407,-7.496631093067609,0.5922841506109549,0,0,0
-1.4103905483506622,-0.02177921641315237,24.750209463202538,-0.5726836292436672,-6.964330424961021,0.5243598138790116,0,0,0
-1.4337130695440976,-0.02486721233305076,24.296028834796672,-0.4893208395018334,-6.569575118542134,0.4460265255020027,0,0,0
-1.4596303907884476,-0.02763695664163208,23.982408738946404,-0.3904283352918469,-6.301387118735126,0.3538505599154349,0,0,0
-1.4900426645098293,-0.0295734127794006,23.785120093591672,-0.26980688226191774,-6.131055084879677,0.24080660431371248,0,0,0
-1.5259476938779386,-0.03021523241112902,23.68181741757951,-0.12092173460628856,-6.0350926020097,0.09929452829190843,0,0,0
-1.566190262185529,-0.02933660841914474,23.676641267821765,0.059952554889505905,-6.020594881039776,-0.07549364863312605,0,0,0
-1.6070797260789078,-0.027031139677673365,23.81457313870439,0.27164932596783586,-6.1393734760669725,-0.2832228068492089,0,0,0
-1.6431965745141213,-0.0236560425349424,24.17747983696755,0.5074203775525519,-6.482751764013414,-0.5175231883247705,0,0,0
-1.6691484932775182,-0.01967152032838726,24.862394630918843,0.7553780717866928,-7.157676707750504,-0.7663906917129778,0,0,0
-1.6815966852812636,-0.01545872658692531,25.949078816227384,0.9997995995321304,-8.25156757939887,-1.0136219160341375,0,0,0
-1.680701945127396,-0.011207745337725328,27.466702722880896,1.2232108855386072,-9.79655849345311,-1.2411196610907869,0,0,0
-1.6702734948935216,-0.006934287042859921,29.37023261032219,1.4091199529796412,-11.74480700178984,-1.4318082169847117,0,0,0
-1.6563455940723202,-0.00260912544984393,31.536189456813332,1.5448318783753763,-13.965294035864904,-1.572500916037877,0,0,0
-1.6446299303790823,0.001696773548388819,33.783116088912976,1.6233109794479332,-16.267274245221053,-1.6557142939618117,0,0,0
-1.6380251472551919,0.005767032584346054,35.91392627296558,1.6432917903568864,-18.44628921291757,-1.6797548492929064,0,0,0
-1.6355331326141282,0.009339350413723935,37.76784079761818,1.6079309982287326,-20.338677050886893,-1.6474659040996424,0,0,0
-1.633170980577347,0.012282023683026467,39.26289192245815,1.5232370086633722,-21.86438263644574,-1.5648319232131467,0,0,0
-1.626228839030233,0.014703953828406214,40.41058963144688,1.3972463829883908,-23.039894703631532,-1.4402578329915958,0,0,0
-1.6114781674340577,0.01687690296982538,41.29531253448771,1.2397561549112524,-23.955225200679568,-1.284197006850167,0,0,0
-1.5882031811440243,0.018976725798741257,42.02838879851471,1.0617000442802946,-24.726226620395295,-1.108220174972336,0,0,0
-1.5578817082971312,0.020805115779765515,42.69907280951462,0.8736639870508455,-25.44487772558458,-0.9231841575183445,0,0,0
-1.5232339566094595,0.02170545340689358,43.3426964402061,0.684025538552973,-26.1473853317058,-0.7372016528601975,0,0,0
-1.4875765643740664,0.020773443777369494,43.933751005925856,0.4978745115038009,-26.807264104366574,-0.5546791832123468,0,0,0
-1.4548626723916698,0.01726707016876361,44.40011653171592,0.3177193283179875,-27.349475994944413,-0.37734886484880936,0,0,0
-1.4299739894575367,0.010990226280355841,44.65056614347404,0.14592645650927097,-27.678130788101015,-0.20704353754274152,0,0,0
-1.4184785985451924,0.002440205038941201,44.60809618314791,-0.012589755526835233,-27.71069357948887,-0.04855991245181457,0,0,0
-1.4254365428036522,-0.007353848917342987,44.24163703749616,-0.1494934568747553,-27.411174468569207,0.08951115636129359,0,0,0
-1.453558137342597,-0.017197138302753955,43.58778291462676,-0.25491395110492476,-26.813383352119626,0.19686008014696554,0,0,0
-1.5015759046304993,-0.026080083304738367,42.754577099580416,-0.3210034259842757,-26.025660576106983,0.2652067361684963,0,0,0
-1.5638011307546122,-0.0333239866520529,41.90249124324636,-0.345013371561096,-25.21182574491344,0.29144958532456755,0,0,0
-1.631420197470561,-0.03849561274387838,41.204138240767065,-0.33048540044945013,-24.549766161971643,0.2788064366082317,0,0,0
-1.695205339636999,-0.041234384672716826,40.79355692915685,-0.2866577763520922,-24.178784530236143,0.2361539732558935,0,0,0
-1.74837739742145,-0.041179491412064805,40.7237167460831,-0.2269541088613451,-24.15519674268161,0.17654546601694926,0,0,0
-1.7881025389121987,-0.03808743692370058,40.94998281610496,-0.16708904478481373,-24.434980141698738,0.11546672077702631,0,0,0
-1.8149301168963206,-0.03207591099563558,41.345712138979536,-0.1226054692103844,-24.8900664220187,0.06857315575934564,0,0,0
-1.8308224452723607,-0.02381135252039428,41.741518419626985,-0.10537689619141873,-25.349153846929934,0.048316793814984035,0,0,0
-1.8372314569243002,-0.014451587858414428,41.97209594888271,-0.11921662347338043,-25.645719808399715,0.05948334118666274,0,0,0
-1.8344325065796028,-0.005296306970740261,41.91689246677862,-0.1560834059772745,-25.658716144349363,0.09509216469054352,0,0,0
-1.822335014586855,0.002685382374171752,41.52852240747657,-0.19542048224703024,-25.339929018513526,0.1353138674077691,0,0,0
-1.801914655958555,0.009162708697833467,40.84872228133217,-0.2084975269023616,-24.7286578067636,0.15150717329582902,0,0,0
-1.7759360760547054,0.014397165427759262,40.01197200603326,-0.16704863473976986,-23.954932750105016,0.11485310868977408,0,0,0
-1.7481684093444017,0.018894530260023145,39.232722869384105,-0.052758908739605204,-23.227862883330708,0.006136592012493125,0,0,0
-1.7215235736797325,0.022997631400875206,38.7695119236128,0.13656238175507696,-22.80205806860392,-0.17766881165891882,0,0,0
-1.696475451933864,0.026676182080200304,38.86500754708135,0.38641835857874013,-22.919908408740447,-0.42254099203987716,0,0,0
-1.670958462618728,0.029617911750658265,39.67522579158184,0.6699643772642758,-23.741535335120957,-0.7017053498495873,0,0,0
-1.6418771426721293,0.03151343672068663,41.21392933223093,0.9544383512406369,-25.287787926805002,-0.9822464124616517,0,0,0
-1.6072551429155482,0.032297546706523406,43.33771976643348,1.206782439874131,-27.422407924988903,-1.2309773564960367,0,0,0
-1.5676706857775997,0.03216174474014792,45.78107605256602,1.3972130986165,-29.884126064748134,-1.4181496101262134,0,0,0
-1.5261558970802724,0.031352341015066544,48.22816618011933,1.501543805435952,-32.3569825170094,-1.5197349711162906,0,0,0
-1.4867802887516888,0.0299467496485633,50.39310579373854,1.5039124641190242,-34.551121931380116,-1.5200015168885237,0,0,0
-1.4529606089894713,0.027805905402242103,52.07979640477457,1.4005481785436273,-36.26470631506538,-1.4151599663505707,0,0,0
-1.4265509619429224,0.024744515610815653,53.2048538555491,1.2032358289747775,-37.40935898459284,-1.2168387974227692,0,0,0
-1.408000163529067,0.020787431681749523,53.78494997797232,0.9399520668898631,-37.99940777976683,-0.9528486487314112,0,0,0
-1.397007955448231,0.016320172642757313,53.90413218827159,0.6508267570267762,-38.119923577625684,-0.6632853547806168,0,0,0
-1.392899408596307,0.012022228651976264,53.68070757701811,0.37973529523882377,-37.893134998626664,-0.3921699009671215,0,0,0
-1.3944319865639727,0.008626233337685108,53.24628762197871,0.16410939247038528,-37.456175901032694,-0.1771813962815095,0,0,0
-1.399380826098053,0.0066620541114915,52.73724043533211,0.02666392968033051,-36.950894412303015,-0.04123047452370514,0,0,0
-1.4044689593500266,0.006335388656930263,52.28934362283378,-0.027968067672622964,-36.5169796125543,0.011054459180819265,0,0,0
-1.4059336105605098,0.0075710563160754415,52.02551913250757,-0.010914583930798472,-36.278681526680614,-0.008914122641743205,0,0,0
-1.4005179553748377,0.010136108581581028,52.034199718442395,0.057213147149255406,-36.32293589419521,-0.07998410555134398,0,0,0
-1.3863400678745563,0.013740617530457655,52.346435701577875,0.1534617388120239,-36.67701106030243,-0.17853121913742526,0,0,0
-1.3631970753736198,0.01807532147484494,52.925173178822874,0.25784334418106314,-37.29881439278465,-0.2839571829999528,0,0,0
-1.3322896003683127,0.022805917232680883,53.67580413866433,0.3556935600287801,-38.08854900618426,-0.38123326202482344,0,0,0
-1.2956468696324208,0.02756137708762907,54.47626365976414,0.43759986259823336,-38.919764633139124,-0.4609418921597239,0,0,0
-1.2554932332917303,0.0319397535283116,55.21532496513835,0.49830397113903474,-39.67844719000092,-0.5181845077551728,0,0,0
-1.2136787718155233,0.03553563460229867,55.82472106378934,0.5358854435107532,-40.29574773103222,-0.5516693972014892,0,0,0
-1.171321653771244,0.037983220331632594,56.29417603561991,0.5516880396970493,-40.76322703255125,-0.563481686417606,0,0,0
-1.128855188473736,0.039007860762278315,56.66534224881612,0.5504566992093942,-41.12639853415154,-0.5590603950375268,0,0,0
-1.0865360752773938,0.038476387659487445,57.008558843897916,0.5397402113706476,-41.46052660423234,-0.5464826214747646,0,0,0
-1.045161609351851,0.0364264003618203,57.393054153549926,0.5280772075067318,-41.8396298662101,-0.5345821848486381,0,0,0
-1.0065078645582304,0.0330518497448324,57.86331609854837,0.5223946576292093,-42.31182792447849,-0.5303156494206014,0,0,0
-0.9731184677508367,0.028644206855788924,58.429740170916816,0.5256913168623782,-42.88941834315992,-0.5364392652517417,0,0,0
-0.9475257237734382,0.023518870144941674,59.07320625237081,0.5360647764340399,-43.553375220931905,-0.5505693381927266,0,0,0
-0.9313828660142178,0.01796451447832794,59.75703573483146,0.5475416935746125,-44.265586481625505,-0.5661015644161402,0,0,0
-0.9249747358434064,0.012237004225154635,60.43927154143044,0.5522926083303019,-44.98160368420693,-0.5745609938851629,0,0,0
-0.9272367032576341,0.006591255588242006,61.08163423241312,0.5430836485592436,-45.66014038354964,-0.5681958875325194,0,0,0
-0.9361329523218274,0.0013098460934884315,61.65482379996031,0.5147179735550367,-46.268920414478515,-0.5415195501440749,0,0,0
-0.9492100436904565,-0.0033245618075255835,62.14075918456224,0.4639253371836958,-46.78741417831294,-0.4912278696557692,0,0,0
-0.9641660330258475,-0.007119382339608649,62.531484927200935,0.3881997830297081,-47.20613654308397,-0.4149991775606615,0,0,0
-0.9792490534694309,-0.010060408352619277,62.82389063914236,0.2846663593389479,-47.5215887415353,-0.3102916564841635,0,0,0
-0.9934094036233461,-0.012322919994082327,63.010495834098734,0.14981549163212832,-47.72702342591924,-0.1740053814245684,0,0,0
-1.0063640858260925,-0.014197085819301947,63.06899354275377,-0.01975074390206828,-47.80169703971761,-0.003154777527837638,0,0,0
-1.0187195471695247,-0.015986114510400284,62.95520408266789,-0.225928640868446,-47.70336699653852,0.20382586745999945,0,0,0
-1.0319869495404106,-0.01793408037688806,62.60369932822094,-0.46751051221755235,-47.36850304646714,0.4455623869304347,0,0,0
-1.0482039357842297,-0.020188553282353895,61.93742645775173,-0.7386514065334581,-46.721657498452615,0.7162454884053616,0,0,0
-1.0692075614506535,-0.02276496443672471,60.88412679339244,-1.0276724298358033,-45.691688158828015,1.0043859062634772,0,0,0
-1.0959940974258302,-0.02548909225166085,59.39553739127585,-1.316650630796697,-44.23066173987852,1.2922672785006355,0,0,0
-1.128550847459337,-0.02793919573276469,57.46565406238672,-1.582402864072094,-42.331790309008596,1.5567589314037675,0,0,0
-1.1660515658493864,-0.02945373102089661,55.144970861866355,-1.7993275911777773,-40.043681659030355,1.772048671404161,0,0,0
-1.206898697836678,-0.029268980192243534,52.54716634078433,-1.9439577256109857,-37.47772967890052,1.91423371457634,0,0,0
-1.2483003261399546,-0.026778368881569748,49.843989526131764,-2.000153272132066,-34.80435064091289,1.9667048986178053,0,0,0
-1.2857560431537394,-0.02180028405767871,47.244964902032834,-1.9632140830848612,-32.234107725679934,1.9245065397540966,0,0,0
-1.3132568573784908,-0.014695201137303115,44.96192817089012,-1.8414120891339067,-29.98288028249691,1.7960290030226311,0,0,0
-1.324676751462846,-0.006247338007010228,43.164122072111084,-1.6544620138840471,-28.22616590070374,1.6014712858535183,0,0,0
-1.3159876245999271,0.002619522200410529,41.93589373643107,-1.4295633572614548,-27.054608512274562,1.3687367878274945,0,0,0
-1.2872104020274406,0.011111154224181519,41.25198596254383,-1.196234243987179,-26.44662276128705,1.128085144731207,0,0,0
-1.2429461087988614,0.018666115477643075,40.981416499936785,-0.9811660810427867,-26.27037170965221,0.9068646671729816,0,0,0
-1.1910242275294394,0.02488659340905173,40.92103392354625,-0.8040149157419861,-26.317077450473413,0.7252747022161536,0,0,0
-1.1398563438452811,0.029421545447131336,40.84933728925181,-0.674611442592122,-26.35631378075541,0.5936008572282556,0,0,0
-1.0957871555948628,0.031941754759762374,40.58482390091254,-0.5917054287631046,-26.196878231588453,0.5109621657380906,0,0,0
-1.0616391713635238,0.032247944610892885,40.0323287157039,-0.5432564162882926,-25.73570396918307,0.46552913047637856,0,0,0
-1.036890109063222,0.030427183373144828,39.20481574461297,-0.508366748354635,-24.981360703518398,0.43632679162190546,0,0,0
-1.0190414029071775,0.02691823609727777,38.2158137449689,-0.4608990235975611,-24.046871710214354,0.3967470143050903,0,0,0
-1.0052592038652222,0.02240535248042619,37.24706778448004,-0.3744754954792754,-23.116544243322835,0.31955629701488564,0,0,0
-0.9935081784909983,0.01758394299510684,36.50332957354814,-0.22808941840066127,-22.399317207510776,0.18266823706430307,0,0,0
-0.9829385682959924,0.01293242924711251,36.16831847899748,-0.011174706272444723,-22.083354845067994,-0.02550546710456416,0,0,0
-0.9737637478260837,0.008618936521340003,36.372426263961174,0.2732041087917764,-22.302901566601307,-0.302564513743652,0,0,0
-0.9669707027251775,0.0045835420608412395,37.17627896875349,0.6081768634697553,-23.121514480324556,-0.6317628333782341,0,0,0
-0.9640169138942127,0.0007314626854252992,38.568443105245194,0.9662512138965369,-24.52963141011238,-0.9852274733055161,0,0,0
-0.9664628631237377,-0.002882970850305355,40.47307683818809,1.315002120499092,-26.451932902634095,-1.3298865698348123,0,0,0
-0.9754498061501238,-0.005977378568337599,42.76436980362166,1.6234644044688011,-28.76134910661959,-1.634175055505588,0,0,0
-0.9910546884548097,-0.008087859526429497,45.286584379310526,1.8672980992429615,-31.29898903730074,-1.8734306407361223,0,0,0
-1.0117267760529245,-0.008697810060097311,47.87832588393427,2.031512509052848,-33.899146443269515,-2.032676654814362,0,0,0
-1.0340889123682757,-0.007386133428562402,50.39708898947096,2.1106399009605896,-36.41540994167096,-2.1066985102550175,0,0,0
-1.0532819641743743,-0.003938950866064772,52.737973618236154,2.1071777631677704,-38.74106776256666,-2.098327034370795,0,0,0
-1.0638171635602873,0.0016105740776836796,54.84129947142709,2.0294635814868927,-40.81766125242922,-2.0162040736793547,0,0,0
-1.0607418484270568,0.009009124902596,56.687551354489656,1.8898305310592733,-42.62966811474493,-1.8729353949560632,0,0,0
-1.0408320370108015,0.017832761001545804,58.28267797835939,1.7032346639168765,-44.188499582874734,-1.6837811881993108,0,0,0
-1.0034064225548605,0.027518855317237013,59.6402207369229,1.4860597422494977,-45.51290175382033,-1.4654903802768344,0,0,0
-0.950357122346901,0.03737883973215332,60.76771265305702,1.254792690490754,-46.61397363942764,-1.2349070692598674,0,0,0
-0.8853585571241638,0.046615304934104526,61.662675114214395,1.024588176577322,-47.49070305618022,-1.0073917471178135,0,0,0
-0.8127270784393517,0.054365268102276335,62.31893101847929,0.8080491246609398,-48.13680091929385,-0.79546078340002,0,0,0
-0.7365382228805544,0.059786538745844095,62.73892330642924,0.6145910416915399,-48.55405024603786,-0.6080799714295665,0,0,0
-0.6603005150467425,0.06219495177053602,62.9450158943785,0.450527841563536,-48.76448063426963,-0.4507872175835523,0,0,0
-0.587128914833329,0.06122598195576643,62.983855384009374,0.31968912615652983,-48.81498523374479,-0.32645871370531837,0,0,0
-0.520164482537524,0.056956131201943094,62.92179071803649,0.22414412014126128,-48.77226908642942,-0.23625296253909484,0,0,0
-0.4628764609686158,0.04992393850712347,62.833461771405055,0.16457719787794645,-48.710467829040596,-0.18019519125003142,0,0,0
-0.4188825193054413,0.041034180577898385,62.78795639399475,0.14007780089109473,-48.69637175871026,-0.15708208880430022,0,0,0
-0.39114660299719617,0.03137089914411604,62.8371119984882,0.14751205824012742,-48.777488890873514,-0.1638377840900816,0,0,0
-0.38079581032747,0.02197379331338851,63.00915385446963,0.18098729849406822,-48.97650326481859,-0.19485616871002948,0,0,0
-0.3861191720529291,0.013653430315912374,63.30844709299386,0.23190733951836934,-49.29265496868054,-0.24189648834100694,0,0,0
-0.40238527266036783,0.006911649227573946,63.71970902739024,0.2897339345395977,-49.70762180733685,-0.2947357673862271,0,0,0
-0.422829231439394,0.0019765477868915584,64.21404388883052,0.3431659060574674,-50.192428086938676,-0.3423539906411179,0,0,0
-0.44056258191285735,-0.0011097460282030625,64.75488887931918,0.38136193603190804,-50.713042321369926,-0.3742648756326517,0,0,0
-0.4505946116742052,-0.002437649805226272,65.30292877919307,0.3950449050757669,-51.23395011715486,-0.3817285522522667,0,0,0
-0.45104799026178455,-0.002252657991184037,65.81913006343247,0.37754563390554097,-51.71962676029169,-0.35878305014866496,0,0,0
-0.4431109830997002,-0.001012881189463144,66.26512083197973,0.32584894004296244,-52.134007735451775,-0.30311641635326936,0,0,0
-0.4299799795874719,0.0006126888648097407,66.60157575431383,0.24149206375559515,-52.43902051503677,-0.2167084451579754,0,0,0
-0.4155231010494589,0.0018741570857741864,66.78756104924587,0.1308888701888975,-52.59477441339618,-0.10596425886165121,0,0,0
-0.4033223902393104,0.002174117078303084,66.78461019352504,0.004552005610696597,-52.56433376630524,0.019065427086749763,0,0,0
-0.39624798394756056,0.0012897816741556766,66.56693649342348,-0.1250188041535182,-52.32381913221323,0.1465885356262035,0,0,0
-0.3962583840122704,-0.0005405241835390485,66.13462966494619,-0.24634774824580746,-51.8747062589166,0.2657611999269534,0,0,0
-0.40408766058165213,-0.00271355549364074,65.52293259071949,-0.3518222172590953,-51.25207067555519,0.3692526985583598,0,0,0
-0.4188214111298265,-0.004488292500934676,64.80040893542615,-0.4391852776925106,-50.52238805050243,0.45465056159427775,0,0,0
-0.43769679493264846,-0.0052402579676993355,64.05274073765789,-0.5110932172234982,-49.76806476089283,0.5241566050443112,0,0,0
-0.45645323209717503,-0.0046487494694716245,63.35565258097439,-0.5731065223783987,-49.062014761022155,0.5828537118116855,0,0,0
-0.4702465380361076,-0.0027670946774733807,62.746898659388776,-0.6312382690495923,-48.44148074986818,0.6365054813733252,0,0,0
-0.4748629045968187,2.359105279481355e-05,62.20972297738872,-0.6902576069517806,-47.892514899093996,0.6899562811227071,0,0,0
-0.46792568072645224,0.003139603829407633,61.676628877010884,-0.7532662998124096,-47.35320836295307,0.7466288680630342,0,0,0
-0.4498098849340266,0.0059500881426444606,61.053544969741054,-0.8221095551050184,-46.73579664818838,0.8087648895353154,0,0,0
-0.42391893072229436,0.007923262211362215,60.25455380292756,-0.8976734292614964,-45.95876431847998,0.8775816547529416,0,0,0
-0.3960224734843223,0.008733341702809127,59.23205359542838,-0.9794409609962343,-44.97514344768953,0.9528006658723129,0,0,0
-0.3726916222875758,0.008302492936402927,57.990269592595396,-1.0645218364173303,-43.78578199492485,1.0317639013520732,0,0,0
-0.3593205297033819,0.00676983318108455,56.579313384375965,-1.147005421019577,-42.43473915514927,1.1089073351365855,0,0,0
-0.3584641728190263,0.004415114067889192,55.07600644504292,-1.218402547894918,-40.99224821336341,1.1762472553245948,0,0,0
-0.36911981506908376,0.0015860682698061624,53.56124297101205,-1.2692443175442747,-39.534008102299026,1.2248912035622346,0,0,0
-0.38722160867207833,-0.001342335177216114,52.10168029521547,-1.2911666647165234,-38.123841736347444,1.246949430057883,0,0,0
-0.4071645727859732,-0.003989429246158238,50.73966876719295,-1.2785934510146206,-36.80344154772814,1.2370737393083204,0,0,0
-0.4237745400475603,-0.006002733774245428,49.4926033980617,-1.2295583059111492,-35.59073580970712,1.193250130156575,0,0,0
-0.433949202235965,-0.007120952141507075,48.36110179429831,-1.1458330645316281,-34.48688461256604,1.1170071931502428,0,0,0
-0.4373422824944555,-0.007251197268703891,47.34288715576233,-1.0327525821727577,-33.48927001790115,1.013349452784233,0,0,0
-0.43591676594590467,-0.006518483675955622,46.44611908528218,-0.8987816854630821,-32.60440605460633,0.8903763233778144,0,0,0
-0.4327189600300301,-0.005245114767548386,45.6946865334839,-0.7544409778301784,-31.853280693359096,0.7581782784597998,0,0,0
-0.43053005111845266,-0.00385487725819047,45.120982739059684,-0.610354965124823,-31.264667223646846,0.6268265038645883,0,0,0
-0.4309761455060652,-0.002745008067425658,44.748480623315345,-0.4749871143826823,-30.85875368552108,0.5041058293937916,0,0,0
-0.43430465182864,-0.002180133644903037,44.57342611638123,-0.3532986294581562,-30.630244868520883,0.39426068755382354,0,0,0
-0.4396727563475622,-0.0022324927167346686,44.55727051691369,-0.24721256150373705,-30.542058951749446,0.29857334015152404,0,0,0
-0.4457133453678779,-0.0027683298070925845,44.63611911594472,-0.15747490968219466,-30.53517650908226,0.2172687237483583,0,0,0
-0.4512246207218169,-0.003485997144103692,44.74273225423488,-0.0854213477248024,-30.549677515769204,0.15123117733998087,0,0,0
-0.4557505386849954,-0.004014137280454122,44.828115499716745,-0.03328438868308155,-30.5442777370278,0.10224926826110484,0,0,0
-0.4596672096618022,-0.00404725000348094,44.870761540724956,-0.002862637397335277,-30.503536616385908,0.07171143924072147,0,0,0
-0.4636000640168305,-0.0034575481559855348,44.87136998846023,0.006402831256370689,-30.431718817122746,0.05881777889591788,0,0,0
-0.467578931471067,-0.0023232690528004695,44.84047305623588,-0.0014807249643993714,-30.340968919959288,0.059658244851236476,0,0,0
-0.4706714239229939,-0.0008575017987098477,44.78813885222887,-0.01961594256130752,-30.242174541035798,0.06786162115139086,0,0,0
-0.4714486455408746,0.0007256005883490956,44.71985424934199,-0.04011296213276836,-30.141639293113865,0.07642997736481476,0,0,0
-0.4688801333884953,0.0023365287211902343,44.637454428944935,-0.05614296092738158,-30.042067079561704,0.07959013458369775,0,0,0
-0.4629054468755669,0.00405860643629552,44.542463267269696,-0.06298144949697501,-29.94547650323708,0.07360325540785091,0,0,0
-0.45428836335497635,0.006095027913049477,44.43995969033165,-0.05775060168345334,-29.85656029756835,0.056365881342896884,0,0,0
-0.44396861483832595,0.00866093200852731,44.3416026329072,-0.03851803176389694,-29.785377742121057,0.026501786507712666,0,0,0
-0.43238525147309304,0.01190182570952345,44.26668589044293,-0.00363592163255646,-29.748376391190824,-0.01723454178751318,0,0,0
-0.419081145298847,0.015881034082947564,44.240947045755206,0.04830213843440419,-29.7675040623074,-0.0759594522754206,0,0,0
-0.40264978488633574,0.020605534002211812,44.2938639716257,0.11809014856451654,-29.868060003693778,-0.15030868329467176,0,0,0
-0.3809696113857939,0.02603062284679538,44.45529273859691,0.20547020312216374,-30.07595105488216,-0.24004584523748562,0,0,0
-0.3516531668277594,0.03202484658179543,44.751779635903304,0.30877445583298313,-30.41451995891093,-0.34372734148142003,0,0,0
-0.312638304711399,0.038331171549289424,45.202875633686034,0.42464258799920174,-30.90123381586807,-0.4583944599445019,0,0,0
-0.2628247933663772,0.044564610001366134,45.8183559145901,0.547841054539299,-31.54515391250842,-0.5793300832248824,0,0,0
-0.20259921840761308,0.05024824477079477,46.59716529849133,0.6713164427537024,-32.34593495561194,-0.700030859899142,0,0,0
-0.13403989753702206,0.05486393813170025,47.52770424866148,0.7866641513911758,-33.29383371238255,-0.8125877667589834,0,0,0
-0.060656899345431725,0.05790574387593352,48.588028512899214,0.8851293806054983,-34.369322341566075,-0.9086047971723111,0,0,0
0.013260848540568304,0.05895088619540445,49.74509643583592,0.9590491236831212,-35.54167722343965,-0.9805815532417597,0,0,0
0.08340130240910071,0.057767937468227615,50.95411147329223,1.003329631482994,-36.76781266129882,-1.0233683208073454,0,0,0
0.14598959643066678,0.054445702928070716,52.160505485537456,1.016347696603421,-37.99393767128361,-1.0350928641044679,0,0,0
0.19808782737354136,0.04947521731466083,53.30658654465189,0.9998408657982253,-39.16199902660527,-1.0171350844450522,0,0,0
0.23785569512628513,0.04370719420322615,54.34227087273452,0.9579036847634839,-40.22033549132853,-0.9732628127870242,0,0,0
0.2650410699708772,0.03816470857659624,55.236171948515974,0.8957240972884961,-41.134917023941526,-0.9085190763621356,0,0,0
0.28163223591432995,0.03377680130138287,55.98183288062431,0.8187278123897557,-41.8960825535531,-0.8284511343988861,0,0,0
0.29215295473899516,0.031143811052629644,56.59557395647359,0.7323214163149402,-42.51728580006246,-0.7388132008312283,0,0,0
0.30303204449523946,0.030419371427957743,57.10674109629632,0.6418631212890062,-43.02646184025279,-0.6453856142219557,0,0,0
0.3209901864205307,0.03132742872228391,57.545269485784175,0.5523255771512765,-43.45451310518743,-0.5534601055821554,0,0,0
0.35102886155439705,0.03327482922338589,57.932374559733475,0.46747342159203525,-43.82618856742851,-0.4669108670156398,0,0,0
0.39483941293539715,0.0355011843491269,58.27732563644163,0.3889418797098131,-44.1559446696111,-0.38728255685674357,0,0,0
0.4501833107102442,0.03722692059939163,58.57913669842752,0.3158828009729973,-44.44779381350317,-0.3135353671296741,0,0,0
0.5113621145963805,0.03778652886049514,58.82984231616466,0.24557878036416128,-44.696600082426826,-0.24277812328546772,0,0,0
0.5706039873601441,0.03673679869815771,59.01700508865487,0.17480640963814836,-44.889444161484924,-0.17170199250833634,0,0,0
0.6200529134621462,0.03391855814322042,59.125590745614105,0.10125738490160643,-45.00774259250896,-0.09799346636012843,0,0,0
0.6539014419082463,0.029456381691721843,59.14066089035428,0.02436300724664875,-45.03143622484984,-0.02109719184224801,0,0,0
0.6700182433439466,0.02370710684760553,59.0513617601152,-0.05468604970240278,-44.94506703291714,0.05781570183234379,0,0,0
0.6704000314768166,0.017186841799441764,58.8548051926778,-0.13347744809342146,-44.743481765336156,0.13637320155233254,0,0,0
0.6601757678527349,0.010498165575170049,58.55784333480024,-0.20905810834087218,-44.434447768788715,0.21161181466720508,0,0,0
0.6455926784716155,0.004254798781302327,58.17600463219996,-0.2784795121466658,-44.03716048585099,0.2804520073284458,0,0,0
0.6319104814114525,-0.0010138704891531347,57.7304651394176,-0.33918695917169545,-43.577787651287665,0.34008884145248786,0,0,0
0.6220517287046619,-0.004982043158079819,57.244362217493304,-0.3893868397514069,-43.08406179797984,0.38845883692940647,0,0,0
0.616343770348081,-0.007634817883638334,56.739261232755936,-0.42844282031471437,-42.580481935754776,0.42479972836384405,0,0,0
0.6131519751731673,-0.009296694655014903,56.23220996718821,-0.4571216149192935,-42.08492408820047,0.4500437526201864,0,0,0
0.6099142085706148,-0.010533642404602972,55.73372115389715,-0.47740957225445585,-41.60685417798408,0.4666781981994184,0,0,0
0.6040810103274481,-0.011950753822334547,55.246792492840214,-0.4918240148961786,-41.14684785555578,0.47795162005880343,0,0,0
0.5936700645075632,-0.013971807051211727,54.766933556968056,-0.5024856130496034,-40.6970697492787,0.4867243550789979,0,0,0
0.5774330849266676,-0.016693930373516252,54.28358904348487,-0.5103941754428348,-40.24304423913429,0.49450610206721846,0,0,0
0.5548393438067052,-0.019865039560598062,53.78374761225568,-0.5152498283380453,-39.76766578679453,0.5011310524644529,0,0,0
0.52608514024827,-0.022975250978325333,53.25776448323818,-0.5158861388307627,-39.257644285262955,0.5051861921366992,0,0,0
0.4921924108993352,-0.025416886954671723,52.70560900892157,-0.5110691581031034,-38.710544100497685,0.5049135399970744,0,0,0
0.45511242496949933,-0.02665589806325528,52.140420463064956,-0.5002210995487502,-38.13900077730766,0.49906422592014793,0,0,0
0.41769337474210033,-0.026363656120165047,51.58676294937548,-0.4837135534546917,-37.56917141111025,0.4872819523486484,0,0,0
0.383399465389914,-0.024478324876307057,51.073348578880584,-0.4627170991103185,-37.033062166833474,0.46999320212311557,0,0,0
0.3557453390238976,-0.02119390092550901,50.623029572866116,-0.4388880805341131,-36.55771877801334,0.44813206947621964,0,0,0
0.3375220296948953,-0.0168990687701708,50.24458149735271,-0.4141395431772139,-36.1562055963543,0.42300348146196926,0,0,0
0.33003350330591275,-0.012097326945861653,49.92979802242114,-0.3904614371423918,-35.82425022579221,0.39625998533366413,0,0,0
0.332649836163597,-0.007334044781548243,49.65641805238168,-0.3695544859468171,-35.543112217903136,0.36970207213781237,0,0,0
0.34290033455161506,-0.0031389551669178672,49.39486680691455,-0.3521260415079041,-35.286345092032334,0.34466468531067707,0,0,0
0.357094452546562,2.6124598831245295e-05,49.11636905146604,-0.33700297119799816,-35.02760947064326,0.32108133827023194,0,0,0
0.37121914144071866,0.0018301839423926936,48.80099463749765,-0.3205396600380766,-34.747944247161044,0.29669980319673145,0,0,0
0.3817719771540169,0.002146995399418472,48.444875603596785,-0.29688980426618483,-34.441980055929534,0.2670772443706291,0,0,0
0.38630382307292166,0.0011126428089141883,48.06550253429644,-0.25939258414768884,-34.12252455800348,0.2266946237351121,0,0,0
0.38366071137822644,-0.0008767890181459847,47.7033188669006,-0.20270322619031447,-33.822248784131155,0.17088927401655454,0,0,0
0.37404717844782454,-0.0032523725058041463,47.41763297248535,-0.12479092808526246,-33.590720746046024,0.09775140273531235,0,0,0
0.35899198368908003,-0.005423064304338254,47.27568345469086,-0.027919284212951822,-33.48543315264801,0.009093172552364592,0,0,0
0.3411599313950546,-0.0069272251239240745,47.33587218094425,0.08178541786012943,-33.55730398844109,-0.08991223797453429,0,0,0
0.32388194598213715,-0.007518280840388058,47.62938579047854,0.19592659948507532,-33.83421947773759,-0.19217663055401388,0,0,0
0.3103766094935736,-0.0071586730826325605,48.146957526061925,0.3058950291764063,-34.30883106467921,-0.2905526714409369,0,0,0
0.3028638095031795,-0.005951290717752045,48.83717620933652,0.40462699750902686,-34.93667774511962,-0.37937310435828164,0,0,0
0.3019468902014779,-0.004062579488768847,49.61884881609895,0.48758927724852585,-35.64706662690639,-0.4552409735830182,0,0,0
0.3065891687501363,-0.0016735589533737993,50.40414159844754,0.5529822834206115,-36.36374636146967,-0.5170916665520814,0,0,0
0.31471709224659605,0.0010388262160120122,51.124452826060505,0.6014853551630935,-37.028051272412846,-0.565862885091913,0,0,0
0.324147804200706,0.003906348463586085,51.74958884199087,0.6358528562790411,-37.61597982771397,-0.6040774417759579,0,0,0
0.33342138356013606,0.006775439269399897,52.29352574497061,0.660402652980072,-38.143130481876206,-0.6353687635248143,0,0,0
0.34225639415534204,0.009521637481719835,52.80550628889698,0.680238907728112,-38.65634981816882,-0.6637879039567544,0,0,0
0.35154819355517475,0.012070162076021518,53.350725732575185,0.7001284620641883,-39.21593283936022,-0.692823834689974,0,0,0
0.362945430617998,0.014409878346668847,53.98791435326895,0.7232239703356669,-39.87499389549717,-0.7243362108613433,0,0,0
0.37813100218757256,0.016586968195436213,54.750984055862645,0.7500540534255749,-40.662518699927354,-0.7577868946576423,0,0,0
0.39808018432037784,0.01867669826099814,55.63956528661764,0.7781965041324839,-41.57455678468716,-0.7901123061591164,0,0,0
0.4226485109616931,0.020742652473104785,56.62013343674083,0.8028092827374763,-42.575304973806126,-0.8163418113718983,0,0,0
0.4506879522168248,0.022796535800485174,57.63638130180421,0.817868385104191,-43.607108470083105,-0.8307896536311319,0,0,0
0.4805867742009582,0.024776278121069594,58.62499336031625,0.8177357524340294,-44.60592021898927,-0.8284713740627865,0,0,0
0.5109147868106874,0.026560109937460653,59.53155388331571,0.7986286559770293,-45.517102889305136,-0.8063691930037024,0,0,0
0.5408479082911839,0.02801310122688676,60.32161857234537,0.7596229880265639,-46.30654859559519,-0.7642425792927732,0,0,0
0.5702217521601938,0.029030146472243244,60.98419013993889,0.7029178018124128,-46.96424635448014,-0.7047731990544406,0,0,0
0.5993109747658707,0.029534254807546744,61.52808325691548,0.6332281166550701,-47.500646579988086,-0.6329402607586303,0,0,0
0.6285465299926045,0.029427901492998388,61.97420091303924,0.5564051797168389,-47.93868582553419,-0.5546995852077657,0,0,0
0.6582620144564402,0.02854218537524531,62.347213936128284,0.47767010304224017,-48.304944492855086,-0.47529488300508405,0,0,0
0.6883816490428103,0.02663743046736613,62.66874330474177,0.4000497753712381,-48.62228877523157,-0.3977464999285871,0,0,0
0.7179910590371605,0.023473040097266563,62.95241460329153,0.32357997221894835,-48.90470758139243,-0.322070740303964,0,0,0
0.7449669671468087,0.01891245037949716,63.200433098972596,0.24554722406531085,-49.15410432216076,-0.24551044394401914,0,0,0
0.7660086279534113,0.012999666828093837,63.401694390738655,0.16160274272801872,-49.35886904904011,-0.16362915622920865,0,0,0
0.7772890914843487,0.005961723273625807,63.53205163702809,0.06725288625409576,-49.49456788859101,-0.07179331065262176,0,0,0
0.7755783092638495,-0.001857401214827803,63.557418294534855,-0.040792384881356725,-49.52725599863483,0.03347025372054446,0,0,0
0.7593462559551654,-0.010082634385562983,63.439662380592,-0.16369691481436063,-49.41935079392033,0.1535364507517329,0,0,0
0.7293076430468091,-0.01835854575561626,63.14411068419567,-0.3000352272938045,-49.13693814228017,0.28720607385039754,0,0,0
0.6881637627288626,-0.026342343704099845,62.6467297755802,-0.445737697493567,-48.65661893206041,0.43063303071392556,0,0,0
0.6396880023081621,-0.03366614549245952,61.93929008731472,-0.5944369712877119,-47.97024195564964,0.5776371639201408,0,0,0
0.5875553051871805,-0.03992598095866384,61.03177415659816,-0.7382336679386838,-47.08692426771424,0.7204273815937299,0,0,0
0.5344056014809979,-0.04473722550399941,59.952062330353485,-0.8688208559822129,-46.032646842888454,0.850697080853773,0,0,0
0.4815435301058102,-0.04783998064561388,58.743056124036926,-0.9787422521759084,-44.84777401502151,0.9608850313116435,0,0,0
0.4293471730288161,-0.04918962604049284,57.457324677861536,-1.0624070835160495,-43.5824974098387,1.0452210536456605,0,0,0
0.37802928189771023,-0.04896752488941018,56.14971495764125,-1.1165026926551405,-42.29029407265371,1.1001755463912886,0,0,0
0.3282060542238554,-0.04749347474258343,54.869209734712726,-1.1397233080337685,-41.0202851900971,1.1242126362713385,0,0,0
0.2809464494990266,-0.04508256186278743,53.652239858832914,-1.1321328457390094,-39.810500480803896,1.11716376931236,0,0,0
0.23741138264188066,-0.0419297462685293,52.52003984903517,-1.0946990510403196,-38.68472760582357,1.0797683171318746,0,0,0
0.19848851383476074,-0.03809740875769165,51.48170284902879,-1.0293816565301768,-37.654863468147525,1.0137720117908848,0,0,0
0.16475325488232784,-0.03361543315163118,50.54205700697703,-0.9397303059634027,-36.728115592936255,0.9225446909228318,0,0,0
0.13672968655930617,-0.028620141731505556,49.710445699208066,-0.8315493426097135,-35.91528657459064,0.8117776238398413,0,0,0
0.11510813879570492,-0.023427652644379293,49.00507181995029,-0.7130675116157406,-35.23496367156971,0.689693243272805,0,0,0
0.10056944252889366,-0.018487433716168768,48.44923955873516,-0.5942703844075055,-34.71005389711266,0.5664110706864918,0,0,0
0.09319284151250429,-0.014250079656979154,48.06002161822751,-0.48548100036095576,-34.357050500610384,0.45254229987799166,0,0,0
0.09182786458265468,-0.011038277098290906,47.83422153154412,-0.39565104283700664,-34.172517834255295,0.35746712213925635,0,0,0
0.09392952778006247,-0.008992256916333475,47.73853461855532,-0.33091773397267304,-34.12335275736905,0.2878411688040622,0,0,0
0.09607211233733892,-0.008094999985098638,47.70953601475786,-0.29377820226669515,-34.14638977393898,0.24668162414634978,0,0,0
0.09491058607208913,-0.008228515655208924,47.665229845425614,-0.28293790081026343,-34.15930460704365,0.23311530592782007,0,0,0
0.08810574285185169,-0.009208830640822896,47.525192420658726,-0.29369803064719235,-34.08019224675496,0.24269986462917076,0,0,0
0.0748306857189931,-0.010787561478139196,47.2328796672503,-0.31868810190479024,-33.849703904895634,0.2681546728018585,0,0,0
0.05577968670831979,-0.012653984557300647,46.772663676541114,-0.34875491546297754,-33.44847033312714,0.3003034113993742,0,0,0
0.032822982243615684,-0.014478087757238712,46.175692811847654,-0.3738580219438944,-32.90381061229151,0.3290396687836406,0,0,0
0.0084811361206647,-0.015992194968747243,45.512259252263235,-0.3839125709283067,-32.28305525082095,0.34421228303347107,0,0,0
-0.014682773268887672,-0.017059812520427896,44.87314059917961,-0.3696424639431484,-31.6755037725918,0.3364624632466679,0,0,0
-0.034711980990351776,-0.017677320040878897,44.34667237691434,-0.32358417530561495,-31.169483720261553,0.29815042638959854,0,0,0
-0.05085134979232464,-0.01790274998441248,43.999954399116376,-0.24133996076512573,-30.832956069532642,0.22450563915880295,0,0,0
-0.0638498373501335,-0.017762876151024898,43.87041030547479,-0.12296273863084081,-30.704266943604267,0.11494734675128626,0,0,0
-0.07568753913218984,-0.017206269964344757,43.96880520599413,0.02600864741766884,-30.794679974576972,-0.025845419824166528,0,0,0
-0.08866745755693728,-0.016133620142808523,44.28935066760258,0.1946115809428278,-31.098687982858976,-0.18784438989427982,0,0,0
-0.10419681412513171,-0.01447657914535938,44.819480059599044,0.3681685600359458,-31.604647513307604,-0.35715392576145566,0,0,0
-0.12184907480192919,-0.012258293269535158,45.543036290232706,0.5314395153929112,-32.29899686561428,-0.5189443783008016,0,0,0
-0.13923971739983187,-0.009583010481070176,46.43577928602434,0.672141019225539,-33.16226481053317,-0.6608479676392747,0,0,0
-0.15285506530742055,-0.006559513573624542,47.45837506169151,0.7834092184150606,-34.16149914976375,-0.7754472307264265,0,0,0
-0.15944856472248148,-0.0032191381577121093,48.554826199539065,0.8642547164621461,-35.247043030206356,-0.8608974167883282,0,0,0
-0.15729491368570336,0.0004998700791077227,49.661067530843454,0.9180588945983359,-36.35892750326957,-0.9196627255576516,0,0,0
-0.1466814546030264,0.004674338359417618,50.72136459137177,0.9500882877730319,-37.44143574592539,-0.9562391033518146,0,0,0
-0.12944497308637892,0.009268052938111282,51.7045024896254,0.9653367071087502,-38.45873925086853,-0.9750903371568086,0,0,0
-0.10787892070931093,0.014042636952153487,52.61135237061559,0.9675796505941789,-39.403654142460255,-0.9796730630620474,0,0,0
-0.08366875676586005,0.0185785806514815,53.469939613585936,0.9596384470181902,-40.29531523843549,-0.9726192392621847,0,0,0
-0.05745343053095553,0.022408485444984194,54.320362937329364,0.9441114058084381,-41.16703854682575,-0.9564277710668293,0,0,0
-0.029168545420816372,0.025198338513611418,55.19640336132021,0.9237270624811516,-42.049900237182364,-0.9338630345323751,0,0,0
0.0011866521217029913,0.026890277763922655,56.11157579196613,0.9009843904302925,-42.95899544115365,-0.9076853398842403,0,0,0
0.032930741207394476,0.027740483519465897,57.054759531873415,0.8773750184287763,-43.887691542385596,-0.8799201620927988,0,0,0
0.06463628972736046,0.028231150946207605,57.995940257623445,0.8527569555965215,-44.81132074087465,-0.8511678163252128,0,0,0
0.09468847145041082,0.02889165945828438,58.89833815565497,0.825298272726414,-45.69755784859332,-0.8203752499453202,0,0,0
0.12222132303620015,0.030106451497647412,59.73120849567469,0.7920735228997131,-46.51828914476779,-0.7852243701441892,0,0,0
0.14795986210828005,0.031989140427974405,60.47825267391316,0.7500903789793426,-47.25794087179652,-0.7430083788583751,0,0,0
0.17443258875276513,0.03436661986657867,61.13892192658081,0.697337590939847,-47.91533230571238,-0.6916498440334677,0,0,0
0.20524783781698375,0.036869260088323585,61.722922340850076,0.6334448486243588,-48.499067737888694,-0.6304502327137698,0,0,0
0.2436110844455186,0.03907950507208966,62.241098166326495,0.5597467711903619,-49.01928224826764,-0.5603053486781462,0,0,0
0.2907228588589277,0.04066038548924382,62.697307151113634,0.47881102694452127,-49.479984025766115,-0.48337407188335246,0,0,0
0.34485285078748973,0.04139229773097526,63.0849517013646,0.3936506069088125,-49.875493881488325,-0.4023756818279779,0,0,0
0.40162334209063033,0.041107268372638825,63.389208018117,0.3068769129225899,-50.192193869523294,-0.31976177395002736,0,0,0
0.45543134044825706,0.03958906187835396,63.593407969527064,0.22004732332500226,-50.41437422765611,-0.23701838644168874,0,0,0
0.501292326342849,0.03653653784407425,63.68644842510018,0.1334126234301493,-50.531298567426845,-0.15431309406785515,0,0,0
0.5361443003459527,0.031638915625732976,63.66771456476282,0.04612352229309238,-50.54204596304757,-0.07058538823770703,0,0,0
0.5590325458346683,0.02472820915715488,63.54702180313906,-0.043216936878644675,-50.455558611296794,0.015960003202349072,0,0,0
0.5703232075363047,0.01592039609395073,63.33939515983083,-0.1358343364401918,-50.28551617012927,0.10707607721792414,0,0,0
0.5706132162577262,0.005661290308496802,63.05704857515157,-0.2320449529685135,-50.042198678567246,0.20356883634088802,0,0,0
0.5600002407028484,-0.005353496825492243,62.70233338925742,-0.33063788316890735,-49.725136130644714,0.30448360756091547,0,0,0
0.5380049504304765,-0.016341143303824877,62.26513778232719,-0.428566224238233,-49.320383993742624,0.4066736064880828,0,0,0
0.504056811726997,-0.02658702734696732,61.726608336962684,-0.5211671359921866,-48.80473310930908,0.505037606812337,0,0,0
0.45823624517559836,-0.035527374797140965,61.06875848843187,-0.6030578767437674,-48.156505506114414,0.5935675147786312,0,0,0
0.40189637219333463,-0.042768214118515856,60.28702913783799,-0.6696314710345433,-47.36953815204696,0.6670473542563726,0,0,0
0.33788089330460025,-0.04809729420008466,59.40078618271785,-0.7187328972695383,-46.464562502546016,0.7228759741453317,0,0,0
0.27027402687627955,-0.05152223773564515,58.45604320484095,-0.7518266092931526,-45.4916698949242,0.7622671661458682,0,0,0
0.20375879786325868,-0.05331258214850294,57.516443035701386,-0.7740284502567392,-44.51988346351048,0.7902297423719375,0,0,0
0.14264106635114615,-0.05399349729675436,56.643080449485396,-0.7928194281362664,-43.61504262756554,0.81421551706175,0,0,0
0.08964027425687959,-0.05424768633258168,55.869719602456186,-0.8158317889038557,-42.81343893711393,0.8418645309729754,0,0,0
0.044777863346396884,-0.05471994600817283,55.18406729632589,-0.8484789591188047,-42.10246446918603,0.8786079057043359,0,0,0
0.004879128945447064,-0.05578126887653667,54.524853279759796,-0.8922456297902187,-41.41808657002325,0.925922680898779,0,0,0
-0.03587816124054655,-0.05736292803685785,53.79841405560002,-0.944185960722686,-40.662577938691584,0.9807888739996216,0,0,0
-0.08424061815021844,-0.05895631988450276,52.91044059939331,-0.9976982351051703,-39.73786019638466,1.0364425178894194,0,0,0
-0.14530308788839363,-0.05978372394873475,51.80223954664994,-1.0441595921417046,-38.5834590950036,1.0840366330454827,0,0,0
-0.21993179546076647,-0.05905027803943881,50.478329884815665,-1.0747883244061456,-37.205335693558226,1.1145818110813637,0,0,0
-0.30335525349229897,-0.05616096345515729,49.01418359761409,-1.0822448580117623,-35.683781154927985,1.120638939120197,0,0,0
-0.38580440098176894,-0.050831791098492826,47.53946068464968,-1.061778613675655,-34.15545828461629,1.0975125372004009,0,0,0
-0.4551961731362013,-0.0430961043035353,46.20148452806835,-1.0119250816163714,-32.774676297110716,1.0439267332430338,0,0,0
-0.5008625061375085,-0.033259933011139255,45.12183635839473,-0.9347965598474133,-31.667620826300293,0.9622653776812186,0,0,0
-0.516831771205176,-0.021866264702973127,44.36161871620827,-0.8359521966760795,-30.89607507798406,0.8584150850770864,0,0,0
-0.5034387820394812,-0.009684227822890534,43.907067143003246,-0.7237461779935941,-30.44296119801924,0.7411182557301853,0,0,0
-0.46683920427589953,0.0023164655133157907,43.679163239436306,-0.6080425941081259,-30.223310606261247,0.6206852080315205,0,0,0
-0.41683994826161097,0.01306004014200397,43.56247500091918,-0.4983684993598473,-30.115206419572473,0.5070967090850793,0,0,0
-0.3639657349181249,0.021541883856230015,43.44271757988915,-0.4019121498227534,-29.999308244232733,0.4079004820169537,0,0,0
-0.3167740736896718,0.02704066826714637,43.24086810487972,-0.32201451810419995,-29.794153136256373,0.3265886560124052,0,0,0
-0.28019059835914106,0.029281709317686477,42.93375765653283,-0.25772196721938484,-29.47692907461278,0.26208701470570867,0,0,0
-0.25520399956172923,0.028485204393918197,42.55577569105121,-0.20458121257174752,-29.084491193765494,0.2095845060344086,0,0,0
-0.23977733457390116,0.025291101169132447,42.182363029840815,-0.15637252235022175,-28.69567147694118,0.1623894263449383,0,0,0
-0.23045582346604476,0.020604028947334995,41.90169117735273,-0.10712563599725514,-28.40173426617624,0.11409280092708869,0,0,0
-0.2240146780283112,0.01541196770850064,41.78439904401442,-0.05270740501842255,-28.275204930926975,0.06026105179897421,0,0,0
-0.21858673810029927,0.010615758490915539,41.86125501728577,0.008466825719995085,-28.347116137675155,-0.0008158851814261681,0,0,0
-0.21392819258457507,0.0068965602689090135,42.11543801593409,0.07562847747483517,-28.599416342811864,-0.06833950791205474,0,0,0
-0.210799658788261,0.004646172892725531,42.49121864094663,0.14646264621791402,-28.974278410301586,-0.1398597870285169,0,0,0
-0.2098460578331185,0.003970648159443613,42.91564352970492,0.21813474608007793,-29.39669772624299,-0.2123530375550004,0,0,0
-0.21061648878051642,0.004754415838118575,43.325536362079674,0.2882362230983816,-29.802311988070635,-0.2831982097206378,0,0,0
-0.21122499567005093,0.006760342709577571,43.690042431281185,0.35550395254686296,-30.160324153733328,-0.3509116040607285,0,0,0
-0.20874227063447393,0.00973718235117076,44.02040215323035,0.4202677694191152,-30.483089064050663,-0.415621992762593,0,0,0
-0.20007085297946503,0.013497363441248921,44.363710490641594,0.48455499116100215,-30.819201852491183,-0.479226456762926,0,0,0
-0.182911665084859,0.0179332595694774,44.78405340833655,0.5516937868457845,-31.23371636338262,-0.5450446913017195,0,0,0
-0.1564112509325355,0.022978050627806113,45.33943856948305,0.6253127747718039,-31.78432097153426,-0.6168384296028215,0,0,0
-0.12121491458859168,0.02855578551159397,46.06393271147692,0.7079358403731462,-32.503336065301085,-0.6973889912076736,0,0,0
-0.07895455817208585,0.03455754833145761,46.96098792754411,0.7997054823987384,-33.391680910441124,-0.7871782113358613,0,0,0
-0.03146706309348701,0.04084009676552682,48.00815650940447,0.8978041972861902,-34.42472532331878,-0.8837554313930138,0,0,0
0.019934448444942632,0.04722396333812071,49.16877127742296,0.9968257251107218,-35.565082022271206,-0.98205865669972,0,0,0
0.07494136633542325,0.05348471305457423,50.404894765811136,1.0899326074286861,-36.77620190014737,-1.0755418332596527,0,0,0
0.13435048764452517,0.05935278418557886,51.68709725526857,1.1703733192888877,-38.03210626709194,-1.1576760590312527,0,0,0
0.1996586970207943,0.06454145993041464,52.99844412609225,1.2328710679550583,-39.3206433779808,-1.2233122113857597,0,0,0
0.2721687804017421,0.06880960903386893,54.33196774174881,1.2744833679111565,-40.63978841948838,-1.2694940119948044,0,0,0
0.3519354654608833,0.07203969105545412,55.68337948262341,1.2947174040755685,-41.989134695979146,-1.2955282839853595,0,0,0
0.43711659092325306,0.07428233179636123,57.04317176237193,1.294914199179324,-43.36108156184679,-1.302355130100532,0,0,0
0.5241996847155548,0.07571526066013519,58.392643391027505,1.2771317456062916,-44.73645817915868,-1.2914590399303676,0,0,0
0.6091415321666034,0.07651106861329993,59.705821606655675,1.2429456952455495,-46.08662103038917,-1.2637343183199825,0,0,0
0.6889298474610541,0.07668275625149334,60.955330550160156,1.192689837261895,-47.38000816317238,-1.2188188776475883,0,0,0
0.762757766408555,0.07601229296882935,62.1179132692162,1.1255323871264267,-48.588633323276525,-1.155279187392503,0,0,0
0.8320939729367751,0.07412194619770673,63.17621222187405,1.0403642129869979,-49.69079229945105,-1.0715983679467187,0,0,0
0.8994611737775244,0.07065285071741556,64.11655420772406,0.9369843340959363,-50.669449450291765,-0.9674269064399013,0,0,0
0.9664862595357278,0.06544677669753299,64.9253424987112,0.816892900517999,-51.508832154456684,-0.8443932517764189,0,0,0
1.0322917100900355,0.05863094050165785,65.58729161301308,0.6833053754020171,-52.192580293413414,-0.7060894763413842,0,0,0
1.0931549274379506,0.05056671786497589,66.08702161249339,0.5405367487433722,-52.70511837544633,-0.5573887119941603,0,0,0
1.1436450980974087,0.04169917387900028,66.41301510333129,0.3932518485375425,-53.0353506262458,-0.40360129084056384,0,0,0
1.1786674516908846,0.032398582833980075,66.5615723962075,0.24601658059719966,-53.18039069692287,-0.24992113351890452,0,0,0
1.1954509371831818,0.02288662137339088,66.53887536067585,0.10322792406568908,-53.14751579380301,-0.10126441598471417,0,0,0
1.194597026110813,0.013278608127451718,66.36069803759388,-0.030843277683842985,-52.95389528311398,0.03773957987568792,0,0,0
1.1797495051985578,0.0036909711881989438,66.05043175459163,-0.15222364891622248,-52.62464623168216,0.1629182090078743,0,0,0
1.1560798012765758,-0.005670506097631289,65.63637802784605,-0.25770161344425446,-52.19000363464009,0.27097446549635007,0,0,0
1.1283273875114332,-0.014491851706372927,65.14883344838096,-0.34535739944900284,-51.68209361013891,0.35996157795856476,0,0,0
1.099272340810245,-0.022399755991517622,64.61690972187277,-0.414854229975478,-51.131436355699805,0.429549106170316,0,0,0
1.069201421972025,-0.029053038970180012,64.06505512385085,-0.4673615420658592,-50.56339820333467,0.4809704641224897,0,0,0
1.0364498664616377,-0.03424690076505641,63.51000547805084,-0.5051878593518637,-49.99537372048283,0.5167085044386894,0,0,0
0.9987265810336794,-0.03798902252272711,62.95944110884126,-0.531273884550879,-49.435734846660154,0.5400192960403885,0,0,0
0.9546698917757084,-0.0405008967651483,62.413030096452715,-0.5486689923818716,-48.88489963521971,0.5543741809456606,0,0,0
0.9049205474813817,-0.04212469869710134,61.86525994001725,-0.5600737312089251,-48.33781115257811,0.5629031236116703,0,0,0
0.8521280184602489,-0.04317009377150782,61.30881944407524,-0.5675055948267612,-47.786810238727085,0.5679451352540354,0,0,0
0.7998592799712867,-0.0437787419177937,60.73769290908284,-0.5721478441983834,-47.22445327127828,0.5708263155464699,0,0,0
0.7510708336250929,-0.04388450163429099,60.149688104027334,-0.5744581653113272,-46.64626182518349,0.5719691542422055,0,0,0
0.7070804005404199,-0.043299981903341236,59.548096136291704,-0.5745560813952096,-46.053062374022204,0.5713313304472265,0,0,0
0.6675714030951667,-0.04188658161221355,58.94185377360516,-0.572730158012584,-45.45198500315945,0.5689735983333322,0,0,0
0.631414002794088,-0.03970698713349776,58.34357668186702,-0.5697604254689196,-44.85513504786997,0.5654266778566978,0,0,0
0.5976048501187279,-0.037061319080255825,57.76542382493757,-0.5668448253097267,-44.27568217806078,0.5616506656717846,0,0,0
0.5657267620002671,-0.034381394839314794,57.213880294889165,-0.5652085539487246,-43.72242154218789,0.558686145649672,0,0,0
0.5358040756535729,-0.032054786854280336,56.685728516326876,-0.5656824631377703,-43.19516365188639,0.5572925414624834,0,0,0
0.5078506761464041,-0.03029666269148663,56.16765568532806,-0.5684864158925734,-42.683544374011134,0.5577899951123108,0,0,0
0.4815148276576906,-0.029143243310517163,55.64037119097797,-0.5732479044357917,-42.17030358200924,0.5600916930610879,0,0,0
0.45604533157813876,-0.02854166133995335,55.08560736959559,-0.5791224411630423,-41.63759181478156,0.5637587117999054,0,0,0
0.4305229650822895,-0.028441950583868447,54.49286347264963,-0.5848603774473815,-41.07333641055865,0.5679340116341585,0,0,0
0.40411377362555356,-0.028814010099270603,53.86323197736597,-0.5887793901783965,-40.475162422899096,0.5711773575936767,0,0,0
0.3761389699899951,-0.029590511547468168,53.209374729247244,-0.5887613608763644,-39.85106807254857,0.5713941974103456,0,0,0
0.3459973893945545,-0.03060057872195756,52.5523522702366,-0.5824396675785977,-39.21754792987092,0.5660592440379354,0,0,0
0.3131853442800434,-0.03155929284225323,51.916820050463755,-0.5676000909726951,-38.59634206171919,0.5527275305905028,0,0,0
0.277586661007561,-0.032128284605543914,51.3260863931052,-0.5426248686752899,-38.01064796625112,0.5295859980111516,0,0,0
0.23989896017889123,-0.03201110808481929,50.79811490756323,-0.5067827897098894,-37.48122167778293,0.49578078780272605,0,0,0
0.2018448889268285,-0.03103019573027126,50.34325900954208,-0.46031494066460255,-37.02295193363178,0.4514627088565078,0,0,0
0.16592189923515832,-0.029154161401847033,49.96437028125102,-0.4043784055330832,-36.64302827610421,0.3976691647640713,0,0,0
0.13476248552269965,-0.026481506054776106,49.659358682842694,-0.3408765457340678,-36.34173183467004,0.33613748341080907,0,0,0
0.11041188423409665,-0.023208261076688073,49.42503557555074,-0.272143336288606,-36.11552853253139,0.2690349631101931,0,0,0
0.09381181632284097,-0.01960005029498433,49.260082570719945,-0.2004932106228665,-35.96053533433402,0.19857547372264506,0,0,0
0.08459735597152473,-0.015968064766136082,49.16559067391641,-0.1277592405671811,-35.87437642490786,0.12658538402285657,0,0,0
0.08118232884679344,-0.012636985140174773,49.14358681289592,-0.055014133567841836,-35.85617309576283,0.054187323399492726,0,0,0
0.08110273351316266,-0.009897878466956911,49.195386687577695,0.01733503293559835,-35.90599243061726,-0.018178571033470804,0,0,0
0.08158615805771774,-0.007951196647030655,49.321154286876535,0.08897707217358004,-36.02489322902467,-0.09023729842318459,0,0,0
0.08021831251753042,-0.006857241928703672,49.52052250189142,0.15877018051101147,-36.21536783755437,-0.16094710635372636,0,0,0
0.07547503752508078,-0.0065179195555472805,49.79311767386366,0.2238776691975687,-36.48107869963685,-0.22758379696400083,0,0,0
0.06694311456558921,-0.006704435503762341,50.137720610607005,0.27953672668223534,-36.82481398643892,-0.28545432560669537,0,0,0
0.05525051905239309,-0.007124564442709413,50.549129404578494,0.3198245390126857,-37.24410481890189,-0.32863617212148455,0,0,0
0.04183946494705992,-0.007506130425377932,51.01273738066085,0.33929463693099393,-37.724999596068656,-0.3516151559605035,0,0,0
0.028632620767368167,-0.007664974580001172,51.49885926269563,0.3348860259135421,-38.23637330397403,-0.3512032847821033,0,0,0
0.01755300093390133,-0.007525955229610304,51.960957940738766,0.3073317181842697,-38.72891968097481,-0.3279468562152374,0,0,0
0.009936684419699304,-0.007085186403884336,52.341832203022776,0.261494909447903,-39.14253481697767,-0.2864556177397574,0,0,0
0.006041429259383335,-0.006340961172271875,52.588333056887635,0.20553011424733966,-39.422143990222295,-0.2345698643924372,0,0,0
0.004936412257706024,-0.005249086224330313,52.670014546011956,0.1492431377262875,-39.5369260768457,-0.18176163668265985,0,0,0
0.004958760221427383,-0.0037409652534094564,52.59383968373412,0.10222377001692848,-39.49483639970674,-0.13734700982055587,0,0,0
0.00462317348623742,-0.0017877379656653148,52.40806676834269,0.07216550282062428,-39.34563487703443,-0.10889328658026258,0,0,0
0.003533502842870462,0.0005462985837297651,52.1930217530804,0.06349399434769794,-39.17051263036329,-0.10089042319292503,0,0,0
0.002759656809089961,0.0031042022055004282,52.04156078184137,0.07632271050169948,-39.06172118572849,-0.11366707302511543,0,0,0
0.0044298124129653615,0.005684589540429386,52.03497508083014,0.10590659376488816,-39.098469694274215,-0.14273219187348332,0,0,0
0.01075524111071502,0.008092574483025316,52.220514290901875,0.14291821141426056,-39.32530616977665,-0.17892568135166798,0,0,0
0.023015986771198982,0.010150602810797693,52.595897884215745,0.17475715064504413,-39.73782391290406,-0.20966121581164643,0,0,0
0.040978706474703586,0.011666040382056053,53.10505930803977,0.1877401703470639,-40.27920554722883,-0.2211484355984325,0,0,0
0.06288732466367719,0.012395585720322799,53.647398994536516,0.16967512781587005,-40.84946590895713,-0.2010753936241656,0,0,0
0.08586215708795919,0.012055196481466624,54.09919666015456,0.11223288335027064,-41.32618289036238,-0.14108811965262333,0,0,0
0.10646478832940431,0.010392481912022333,54.34141119018456,0.012694021927936205,-41.591448557823206,-0.03856261012337825,0,0,0
0.12128357730679795,0.007293499153831817,54.28546847181333,-0.12513590239805125,-41.55711923301875,0.10255637716366266,0,0,0
0.12748936004609845,0.0028694401557842752,53.8897730312391,-0.2909559228954407,-41.18126656660495,0.2719005074518165,0,0,0
0.1233116216237562,-0.0025239240551698573,53.163889615344075,-0.4690841905016086,-40.47260238225472,0.4538545407876683,0,0,0
0.1083546315331887,-0.008346809708282877,52.1619153001095,-0.640758321324482,-39.484095795508,0.6298160060866834,0,0,0
0.08369023264903319,-0.013987790470244477,50.96915526692136,-0.7874202448299699,-38.299742398140026,0.7813591462509898,0,0,0
0.051710388329041734,-0.018876571211997373,49.68633865526134,-0.8942680658038356,-37.0188188383859,0.8936533565316147,0,0,0
0.015739465923005014,-0.022558284060488633,48.414217403023684,-0.9530038067331545,-35.740660139352144,0.9581356081462242,0,0,0
-0.020580772419151572,-0.024728489572149216,47.239815781291696,-0.9629047897301106,-34.551305848090294,0.9736071364626333,0,0,0
-0.054015747614485576,-0.025254303423312762,46.22499421185486,-0.9300525813325123,-33.512591427852485,0.9455821516487888,0,0,0
-0.08230092379056941,-0.024197428876715322,45.3987305321462,-0.8652771067922842,-32.65491499250706,0.8843914821986327,0,0,0
-0.10429926329808836,-0.0218257513376372,44.755430404481785,-0.7816604732179371,-31.97576315155651,0.8028147766843002,0,0,0
-0.1197955356753937,-0.018585491319969095,44.260725133937996,-0.6922540557450005,-31.445195201978613,0.7138492966468494,0,0,0
-0.12923141260937143,-0.015017203287699487,43.86336380201895,-0.6082785037327895,-31.016780865766833,0.6288822685493092,0,0,0
-0.13361965723396452,-0.011624473363839627,43.50914423218666,-0.5378015257728876,-30.64018097352167,0.5562924559545188,0,0,0
-0.1345672807273388,-0.008737291256611001,43.15255053474199,-0.4848541806462478,-30.271594631297024,0.5004878126717408,0,0,0
-0.1341445248706492,-0.006439363478725113,42.76379809781133,-0.44909648682627645,-29.880325871917403,0.46152802551391864,0,0,0
-0.13443256695398986,-0.004609543368765401,42.33143236569579,-0.42627032835259654,-29.451837453859053,0.43557011296768416,0,0,0
-0.13682550605754784,-0.0030488707490263778,41.86180052356282,-0.4095462520066476,-28.988381288545106,0.4161996628012382,0,0,0
-0.1413886601805956,-0.0015940017191624634,41.376452405392385,-0.39146814066016444,-28.507713301135077,0.3963057818001154,0,0,0
-0.14669455857782054,-0.00013760498348460714,40.90776566388344,-0.3658368213855681,-28.039634737367873,0.3698471215175882,0,0,0
-0.15039469698574237,0.001425682231128178,40.49272712095582,-0.3289002228431116,-27.62006202187967,0.33294158455336137,0,0,0
-0.15028424316565747,0.00323608352071858,40.16526261387152,-0.2796478609624586,-27.28319857396623,0.28415388384265833,0,0,0
-0.14517142980099607,0.005421253333845755,39.94868239541731,-0.2194852885152983,-27.05372304776568,0.22428760578637394,0,0,0
-0.1349957070688106,0.007983975988071278,39.850776018330976,-0.15170781136870345,-26.941709758345787,0.1560637699133686,0,0,0
-0.12031045841605703,0.010709468769512398,39.863548306310875,-0.08096617291345609,-26.94217878576341,0.08379283753765457,0,0,0
-0.1017836896634634,0.01317767041137472,39.967319488186746,-0.012620280497925762,-27.03878703349082,0.012845138185049976,0,0,0
-0.08022003361553232,0.014904376872418367,40.13657948054281,0.04820085007600454,-27.208961395995313,-0.051312263932759096,0,0,0
-0.05698574617683505,0.015542187437476684,40.344722409875786,0.09782369132659312,-27.42774358941142,-0.1044810512477646,0,0,0
-0.03429397248547161,0.01501501870030637,40.566790676257824,0.13521137190024746,-27.66978492575853,-0.14508850749753394,0,0,0
-0.014917854464073343,0.013500221229494968,40.78156285890418,0.16257074776040242,-27.911183355517373,-0.1749179638652528,0,0,0
-0.0013509282615586926,0.011289044415804028,40.974735621715865,0.18500045774640056,-28.13318466120726,-0.19879318243175134,0,0,0
0.005137631209109372,0.00864650160672511,41.14349952713745,0.20926993201488955,-28.328009086443878,-0.22333150912030533,0,0,0
0.004978757202067641,0.005775299881565843,41.30079611441978,0.24225398367557602,-28.50460812274102,-0.25533890231237955,0,0,0
6.505226139097431e-06,0.0028919968467548073,41.476483495935,0.2895623945674643,-28.690889396998315,-0.3004235245255312,0,0,0
-0.007420014258016749,0.0003384162242141997,41.71355288377488,0.3545543395275416,-28.930110610080924,-0.36203165656787456,0,0,0
-0.015318673596212307,-0.001366887571371933,42.06001880833564,0.4376419673592153,-29.272102124693873,-0.4407958517647302,0,0,0
-0.022467034799873886,-0.0015908950344282857,42.55911931729857,0.5358492354654303,-29.76235041911911,-0.5341197799438305,0,0,0
-0.028065777709286976,0.0002536723319778389,43.24034635555043,0.6428447211607932,-30.431978834666733,-0.6361798200882696,0,0,0
-0.030909810243329616,0.004525216262521781,44.11233407153324,0.749744052685162,-31.290101491437277,-0.7386440987423555,0,0,0
-0.028586730177792674,0.011232823261971702,45.157982532496334,0.8466910309339198,-32.319141873164675,-0.8321621606204289,0,0,0
-0.01725987860584155,0.02002175559190107,46.33322797637017,0.9247514662420002,-33.474382460645565,-0.9081961968262583,0,0,0
0.007674354528887761,0.030251662306635296,47.57194673874538,0.9774083986757859,-34.68980728732657,-0.9604873717155755,0,0,0
0.05023091982728545,0.04112217493688632,48.7982366412714,1.0012058735757647,-35.89104911016457,-0.9856923973517887,0,0,0
0.11233473784585613,0.05179909155269371,49.9433938052742,0.9956577726655936,-37.012511003202604,-0.9832939973874847,0,0,0
0.19279754166099394,0.06151309531076663,50.96106754619488,0.9629139125265865,-38.012072578343506,-0.9552654641886008,0,0,0
0.28719794947014066,0.06962844965086105,51.8341027950935,0.9075464756052114,-38.87697584184963,-0.9058492689626313,0,0,0
0.38875471456898936,0.07569358706982428,52.571178053056215,0.8363601137952656,-39.619274392636996,-0.841369772794392,0,0,0
0.4899251378176501,0.07948096286680055,53.196924082206365,0.7578062194756683,-40.26491880854158,-0.7696833108623501,0,0,0
0.5842211428643367,0.08101167001532303,53.741473196799106,0.6807256548687747,-40.842756133323284,-0.6989910476493876,0,0,0
0.6676977663308179,0.08055269853237376,54.23344728854845,0.6126647181021753,-41.37763456279099,-0.6362395609077097,0,0,0
0.7396759920924012,0.07857250149778708,54.696829114322824,0.5584571895770892,-41.888080188589484,-0.5857872048348277,0,0,0
0.8024839831968933,0.0756489316050832,55.150008933502065,0.5197074773532904,-42.386640395950074,-0.5489649601743694,0,0,0
0.8603476199805158,0.07234619237281663,55.60549318995915,0.49524611774336336,-42.88095958665845,-0.5245840991201092,0,0,0
0.9178617231695938,0.06909582322261514,56.07004098629595,0.4820284370665064,-43.3749066122797,-0.5098330719497127,0,0,0
0.9785225566388647,0.06611030219942933,56.545639441965776,0.47581514093363353,-43.86994462669178,-0.5008960760940419,0,0,0
1.0436872655209726,0.06333961055107266,57.031177568626404,0.47139101257087646,-44.36662544359332,-0.49307419149943,0,0,0
1.1122166382971557,0.060478160927944204,57.52363923048985,0.4626481078947734,-44.86511538383809,-0.48076450905065543,0,0,0
1.1808833700438015,0.05703546071577677,58.01720845287143,0.4430689358476855,-45.36324952803871,-0.45784910264604334,0,0,0
1.24532416485863,0.05247075074116196,58.49962460613544,0.4068162804934531,-45.8517168942637,-0.4187172066307966,0,0,0
1.3010938718415446,0.04636018881344768,58.94735741425721,0.35007726962246294,-46.30837647778529,-0.35959137684780274,0,0,0
1.3444576013718432,0.03854287630793607,59.32331019327056,0.2720120360623923,-46.69572527909604,-0.2795148842559733,0,0,0
1.372838590354661,0.029195164894889557,59.58069829197892,0.17485291705322084,-46.96513142241051,-0.1805217293311884,0,0,0
1.3850551273921354,0.018807414435865154,59.67365599489368,0.0631991757804002,-47.068131652966414,-0.06699870042381946,0,0,0
1.3814636113040706,0.008074375607429829,59.57081368252058,-0.05703692698126304,-46.97082038075773,0.05532459130297198,0,0,0
1.3639513197182254,-0.0022553420599408015,59.2657598025897,-0.17952703707676393,-46.66509346925152,0.1802525905721552,0,0,0
1.3356389144698682,-0.011514906803697045,58.77970673915861,-0.29805905071494293,-46.171842736905205,0.30164753550576934,0,0,0
1.3002907826558072,-0.01920676645110291,58.15563098829385,-0.4068721858600412,-45.53510238807628,0.4137463150348957,0,0,0
1.2616271261180998,-0.025045195393147424,57.4468391830588,-0.5010854735219084,-44.81000361500899,0.5115481035899186,0,0,0
1.222770744259222,-0.02897582973227486,56.7043542353678,-0.5772879679936324,-44.04919098854215,0.5913619675523648,0,0,0
1.1859448038045741,-0.03118215353275815,55.96676690710778,-0.6340382498902727,-43.291901122727594,0.6513157591702807,0,0,0
1.1523899368608141,-0.032062261671069334,55.254588334670146,-0.6719386450632726,-42.55826212874708,0.6915314560620743,0,0,0
1.1223866364231867,-0.03214984294772165,54.569843556759835,-0.6931757195178762,-41.84965038651132,0.7138334930978715,0,0,0
1.0952968300693868,-0.03197989562124803,53.900776314957355,-0.7007150220454292,-41.154511977442766,0.7210915817960235,0,0,0
1.069642075976489,-0.03194250835398975,53.23043118361785,-0.6974554519621108,-40.45766278905492,0.7164148445249843,0,0,0
1.043328703007532,-0.03218605154952314,52.54637335195697,-0.6855673194841841,-39.74977890863077,0.7023949472272818,0,0,0
1.0141404849926516,-0.032607361353528576,51.84794954397985,-0.666107386805254,-39.03350780592649,0.6805469894443711,0,0,0
0.9804918264433269,-0.03292191045852348,51.14848076783956,-0.6389491505325509,-38.32418657011605,0.6510860274704434,0,0,0
0.9422020425782023,-0.03277512091249406,50.47228466343769,-0.6030892537353708,-37.645855169759145,0.6131755698707032,0,0,0
0.9009102287639905,-0.03185369056338487,49.84868104052596,-0.5573785846612793,-37.02524151626933,0.5656996899048409,0,0,0
0.8598711902692884,-0.02997276815402188,49.30569303905524,-0.5015545466742182,-36.486431228283884,0.5083770684276943,0,0,0
0.8231708322755793,-0.02713052674881027,48.86509682934464,-0.4371685090400675,-36.04740185404265,0.4427491524742024,0,0,0
0.7946354272982461,-0.023526165086650508,48.53895101940613,-0.3678779308251762,-35.71789468780429,0.37249110803786323,0,0,0
0.7767599244355381,-0.019532907338341943,48.32699046834456,-0.2988156197593185,-35.49751507839436,0.30277216339175866,0,0,0
0.7699143944362703,-0.015618129518350088,48.21488571687567,-0.23522635791513125,-35.37389210477798,0.23887411990437785,0,0,0
0.7720234355194293,-0.012224331801522225,48.1746882615563,-0.18092512319865933,-35.32228738388875,0.18463204227710578,0,0,0
0.7788788341261466,-0.009655535443873476,48.16917023572809,-0.13717671033037107,-35.30859672554786,0.14130291235114428,0,0,0
0.7851627530599075,-0.008017631143874836,48.160324570246374,-0.10238324025097541,-35.29646493619846,0.10725218142285087,0,0,0
0.7860207473947014,-0.007227770839516268,48.12002108428638,-0.07265505255693369,-35.257113970715366,0.07853275209815536,0,0,0
0.7786669107487683,-0.00706905299552858,48.03942980853937,-0.04305880953576633,-35.178921093498275,0.050151920463816425,0,0,0
0.7633158358305536,-0.0072539912555512846,47.93392593575153,-0.00916268172249346,-35.07340210477244,0.01765067139729908,0,0,0
0.7429945208368309,-0.007473064278150332,47.84126442683488,0.03156254936009475,-34.97488003981414,-0.021460518308373366,0,0,0
0.7223577189030834,-0.007427639833922228,47.81240049383679,0.07893127628541094,-34.932567166822736,-0.06689502504873986,0,0,0
0.7060693944802523,-0.006867024994983239,47.8964023729869,0.130183250243806,-34.99599587375619,-0.11580172575242997,0,0,0
0.6973744818807575,-0.005648540726983242,48.123258899650736,0.1811344669843436,-35.19738539080499,-0.16402099330956546,0,0,0
0.697292792737926,-0.0038059374928252508,48.490313755157246,0.22788286001927247,-35.53689256697248,-0.20785795930811232,0,0,0
0.7046024357869243,-0.0015754365999740116,48.9584829985822,0.2682262786405033,-35.977546976035256,-0.24548244371701317,0,0,0
0.7164925031100751,0.0006608599288782102,49.462157072684434,0.30206668938867837,-36.45448219372276,-0.27724034690764227,0,0,0
0.729535340124869,0.0024978543022456277,49.931365754129814,0.33069664570539314,-36.89732390381102,-0.3048246894107571,0,0,0
0.7406075358205157,0.003634085461668235,50.31825840873209,0.3555692753794105,-37.2575006865794,-0.3299622421744708,0,0,0
0.7475614698308135,0.003946266167321255,50.616188722156565,0.3774255023224242,-37.52822654194257,-0.35351846507031937,0,0,0
0.749603120125613,0.003497358385729399,50.861931320721666,0.3962825315017497,-37.74728350889056,-0.3755129556676522,0,0,0
0.7473362619255397,0.002497842064690303,51.11936695089072,0.41205331566846726,-37.98081406093031,-0.39576867670854765,0,0,0
0.7424102490969346,0.001251445959073294,51.452095126781,0.42506191649771097,-38.2956182955009,-0.41441711406710835,0,0,0
0.73683714355397,0.0001104833382996162,51.89751392287498,0.4358784793986231,-38.73257004150818,-0.43168649454262964,0,0,0
0.73226637659522,-0.0005568537246688265,52.45313907017474,0.4445674235509728,-39.292022123649005,-0.4471163419827569,0,0,0
0.7295808564338273,-0.00041235069782317166,53.07901615526687,0.45000353159770723,-39.93523374312073,-0.45890240273311206,0,0,0
0.729006962700808,0.0007682777829217003,53.712776237661544,0.44988488406234806,-40.598653334393845,-0.4640059529647701,0,0,0
0.7306401735078651,0.0029911188503334075,54.290150548116046,0.4415415617139075,-41.21418884923732,-0.459090876419193,0,0,0
0.7350389985738275,0.005983953707944067,54.76393264424182,0.42308055610226913,-41.72866410640697,-0.4417875298316801,0,0,0
0.7434379628525818,0.009238648456728527,55.11622403813364,0.3942335672763761,-42.11725056927369,-0.4116228078133844,0,0,0
0.75728589795483,0.012153715737596826,55.36078016134515,0.3565370899931736,-42.38734303853826,-0.37023302992949,0,0,0
0.7772474504288738,0.014214875440892172,55.5347825680298,0.3128903157706958,-42.57172282512224,-0.32090896101956334,0,0,0
0.8022497861763753,0.015133982084593356,55.682900687803695,0.2667657784376189,-42.7134935938177,-0.2677661094263598,0,0,0
0.8292236281212553,0.014889558980544847,55.83984959563874,0.22129878364256683,-42.84879811964203,-0.21477697530207393,0,0,0
0.8538035339711882,0.013660262553793245,56.01850997010648,0.17836200936247906,-42.994352422943905,-0.16475592003410852,0,0,0
0.871729610842749,0.01169718651994458,56.20791931297383,0.13776855434525714,-43.144323353316366,-0.1184183057978622,0,0,0
0.8803467835467416,0.009208903721079765,56.38043402203773,0.09690430664691121,-43.27631442865744,-0.07382839144268019,0,0,0
0.8795357633133136,0.0063124306001611785,56.503138384541714,0.05113281329237225,-43.361958602258056,-0.026636492111615694,0,0,0
0.8716416241117599,0.00305409345441916,56.54755273786661,-0.004907733837714545,-43.37622330674805,0.02870507188409377,0,0,0
0.8604098280520276,-0.0005320377255912945,56.49390958158621,-0.07540437448575403,-43.301433627252315,0.0969895152916962,0,0,0
0.8493749351656277,-0.0043662947073841,56.32982322781426,-0.16151670368812746,-43.125626952965064,0.18022012012591518,0,0,0
0.8403717564304856,-0.008292129886434907,56.04611070095352,-0.26031080626526376,-42.83808774623839,0.27629634910584855,0,0,0
0.8327907207205669,-0.012081489607710693,55.63382334942655,-0.3649507864378421,-42.426442874976765,0.37899440614212593,0,0,0
0.8239032508653423,-0.015471654173047966,55.0858058507812,-0.4661197687614049,-41.878902966725065,0.47928693695444907,0,0,0
0.8101405868973472,-0.018219059156909623,54.403342933225204,-0.5541665381546835,-41.19215122168475,0.5674962627312361,0,0,0
0.7888083119784,-0.02015377543568917,53.60481125032119,-0.6212218980106712,-40.38135986225788,0.6354735559221986,0,0,0
0.7595318874696346,-0.021216770628724645,52.73092615765931,-0.6625727650948164,-39.486370367236184,0.6780516730696029,0,0,0
0.724819221582834,-0.02146418738762037,51.841940696927665,-0.6769227794182158,-38.569089232713566,0.6933970425697431,0,0,0
0.6894510325426637,-0.021039499495005033,51.005887356319775,-0.6657050396710247,-37.70126067943569,0.6824352256228892,0,0,0
0.6588720736951359,-0.020134684067475917,50.2816906014795,-0.6320590708247608,-36.94669806803033,0.6479527639488317,0,0,0
0.6372072288783812,-0.018962676817209,49.704095576866095,-0.580114802115061,-36.345110222269035,0.593984220012905,0,0,0
0.6257298825542819,-0.017745042777815457,49.27688290677136,-0.5148070505298208,-35.90411732054096,0.5256662563179304,0,0,0
0.6223957257705166,-0.016700728064014923,48.9767729527163,-0.44192326578528307,-35.60209061874787,0.4492376249880586,0,0,0
0.6225564101905832,-0.01601717196186314,48.76521514253359,-0.3678818804360958,-35.39937532723675,0.37169555981782454,0,0,0
0.6205138187252572,-0.015793476171758414,48.602194912074594,-0.29897387620000726,-35.2523090215557,0.2998889932850872,0,0,0
0.6113578842002454,-0.015965992868929392,48.456740745022984,-0.24026681650112636,-35.124697299078576,0.239301260813167,0,0,0
0.5925246068294854,-0.016257872421242325,48.31169349980648,-0.1947148570992397,-34.9939941173556,0.19309037335843585,0,0,0
0.5646475019642025,-0.01621114323503008,48.16312189256671,-0.16296387346796876,-34.85213363453532,0.16186856734067448,0,0,0
0.5315162708250796,-0.015326929363665443,48.0161485943197,-0.14390275852000228,-34.70237074658482,0.14426162427156797,0,0,0
0.499212145005842,-0.01326461343023908,47.87902243646823,-0.13554164356558546,-34.55368545989866,0.1378326441592513,0,0,0
0.47462850466595796,-0.009997050766337168,47.7569470058737,-0.1356802171034303,-34.41420648868468,0.1398377687013813,0,0,0
0.46361845020398107,-0.0058387960049927305,47.647244172091675,-0.14210510575495902,-34.28543164713422,0.14753982352987194,0,0,0
0.4691264321338622,-0.0013437773196429248,47.53774536751628,-0.15242535494430456,-34.15947437603219,0.1581615852730323,0,0,0
0.48991027588819236,0.0028563615486376648,47.40979870687774,-0.16383048810868955,-34.021048885644234,0.16873561833319783,0,0,0
0.5205433110618856,0.006187530928167461,47.24539274104029,-0.1729990898617288,-33.85393133454189,0.17605777070434386,0,0,0
0.5529699241503181,0.008205592952666051,47.03568968747339,-0.1762320558263511,-33.64929906377986,0.17680223798440692,0,0,0
0.5790868336330561,0.008634610892110572,46.787439950363435,-0.1697662597419253,-33.412378264625275,0.16774468798710201,0,0,0
0.5932111174505792,0.0074207020510897335,46.52481701147981,-0.150198965096223,-33.16477745120334,0.14603572925319241,0,0,0
0.5933915801067542,0.004808487205889378,46.286157695702414,-0.11497642761639497,-32.94179303954138,0.10952321786684252,0,0,0
0.5812680745325025,0.001384339821346714,46.11670187820472,-0.06286434431148677,-32.78566308005459,0.05710589481331141,0,0,0
0.5609746135870637,-0.001985260046596693,46.059284408454445,0.005781238757536755,-32.73675960881366,-0.011016074221006278,0,0,0
0.5378254707148784,-0.004336423691260904,46.145254521129445,0.08912104957752405,-32.82507435460229,-0.09337338045925563,0,0,0
0.517211304192756,-0.004843058144560075,46.38798109135233,0.18427972026637746,-33.06424219736377,-0.1875505830193532,0,0,0
0.5037536741016595,-0.002995895386058578,46.78115526376287,0.2878238314095441,-33.44998993751112,-0.29055137739196013,0,0,0
0.5006907105959186,0.001341083761579398,47.30320512861566,0.3959216894879205,-33.96409207675195,-0.3988975062636442,0,0,0
0.509605687237709,0.007977106894298914,47.926900183248634,0.5041086744438218,-34.58303286837241,-0.5083825526638932,0,0,0
0.5306562521874554,0.016473476884881676,48.63023715302721,0.6069598721345585,-35.28788409481881,-0.6137434312579977,0,0,0
0.5632521635899934,0.02620802744131794,49.40305532557525,0.6981534973121427,-36.07029122512294,-0.7086989140890573,0,0,0
0.6068024177225482,0.036435750904141175,50.24537459058162,0.7712132521201169,-36.93076810217782,-0.7866512829067673,0,0,0
0.6610391434754916,0.04637596665073858,51.15778862264294,0.8207233344876528,-37.86948860669352,-0.8418847668880659,0,0,0
0.7257093824358805,0.055320027960438264,52.12888312980003,0.8433961789533526,-38.87419392139363,-0.8706681252524021,0,0,0
0.7999057451280578,0.06271227659581768,53.12678949425087,0.8384556767919207,-39.912063495492866,-0.8717125481249411,0,0,0
0.8815688132341677,0.06816435257952662,54.1001136125535,0.8073531879950082,-40.93075502643144,-0.8459655667293007,0,0,0
0.9675133406090453,0.07141502869257862,54.9883886086394,0.7533298411480687,-41.86883760639178,-0.7962228341850505,0,0,0
1.0538909902003013,0.0722949571463701,55.737166918149185,0.681296164633585,-42.670773329275974,-0.7270232863627193,0,0,0
1.136728453195886,0.07075199680993763,56.31145695116784,0.5979928116132356,-43.300158349621825,-0.644813524648454,0,0,0
1.2122997779827216,0.06693238566051747,56.70376903297729,0.511911794706856,-43.74753976211181,-0.5578883191506101,0,0,0
1.2774024505157797,0.061242536629370646,56.93635373705594,0.43240502435595546,-44.03251956697345,-0.47553815764047513,0,0,0
1.3297519891862493,0.054304312919011014,57.05833623691747,0.3678501352808496,-44.201000965805015,-0.4062518502170782,0,0,0
1.3685591115748679,0.046788312513810125,57.137716738775296,0.3234251788203437,-44.31762385317806,-0.3555021741369728,0,0,0
1.3950332390410551,0.03921096680881107,57.24800107686859,0.2994967954880849,-44.453077112899734,-0.3241124287216195,0,0,0
1.4123311114217643,0.031820681711822375,57.450839737810426,0.2914394198459405,-44.66744507189762,-0.3080288869071495,0,0,0
1.4246119424242778,0.024634826038342793,57.778614965361996,0.2909300032837308,-44.993273528602224,-0.2995575102938375,0,0,0
1.4353964657471465,0.01757897638005801,58.222640396842834,0.28800030280739863,-45.42385934776151,-0.2893631415864519,0,0,0
1.446000658288412,0.010617058228183396,58.732134873030034,0.2729683898575928,-45.91189761649217,-0.26836246338988945,0,0,0
1.4549352703141096,0.0037859307465467396,59.225851149627246,0.23780813864244976,-46.38044721869332,-0.22906247816209344,0,0,0
1.4586480383661495,-0.0028703013844889823,59.6130690658146,0.17704496024942956,-46.74311486505019,-0.1664141002430526,0,0,0
1.4531922143163598,-0.009392671706642375,59.816356765129925,0.0884596554223549,-46.92615098283797,-0.07845223378156305,0,0,0
1.4359225714680832,-0.015931951726884108,59.7880201354934,-0.026295227686574663,-46.88462559970391,0.03316122433135362,0,0,0
1.4064184190403353,-0.022662767831947407,59.515798125199794,-0.1613795803598322,-46.608248634799,0.16287402858191696,0,0,0
1.3663302251961653,-0.029629086399764047,59.018450679362886,-0.3071408759254751,-46.11721811533026,0.30161826314392853,0,0,0
1.3184043943553405,-0.03661508050467717,58.335436292033975,-0.4514237657407335,-45.45196740971325,0.43805129857940417,0,0,0
1.2652924251554367,-0.04311980636493047,57.51566268849625,-0.5816347079488026,-44.66166128528869,0.5604964018204633,0,0,0
1.2087687874276725,-0.04845341929476632,56.60884459324451,-0.6869874363043635,-43.79511906194234,0.659046153460649,0,0,0
1.1497097942907715,-0.051917428423159606,55.66072611377528,-0.7602904354148308,-42.895714985052884,0.7272318159483262,0,0,0
1.088784465267338,-0.05300621704850812,54.71161349221991,-0.7988862265906391,-41.99993423289928,0.7628924367898862,0,0,0
1.0274499747168448,-0.051563530966268444,53.796721986326574,-0.8046471033446693,-41.138150846845555,0.7681473557144827,0,0,0
0.9686580213686966,-0.04783965409312287,52.94648240208629,-0.7831189871044018,-40.33568944823148,0.7485482109221934,0,0,0
0.9167482872364872,-0.042426694529108036,52.18511578134509,-0.7420478481129578,-39.61230744022065,0.71162904317722,0,0,0
0.8763562485552541,-0.036094292041534005,51.5269358592934,-0.689671948607456,-38.979324266900136,0.6652287961404426,0,0,0
0.8506949155334809,-0.029586873264985058,50.97197964591619,-0.6332313396520519,-38.435744558185434,0.6160338257008924,0,0,0
0.8400078534241118,-0.023460849233397595,50.50424642098996,-0.5780384549621758,-37.966485300491314,0.5686828000245093,0,0,0
0.8410254798643564,-0.018025980672830143,50.09518420736667,-0.5272035644302975,-37.54537085351649,0.5255318996052403,0,0,0
0.8478258670123324,-0.013403098746698561,49.71212510716995,-0.4818578378659808,-37.14283110053791,0.48693513527655485,0,0,0
0.8538410616409209,-0.009638320074023455,49.328412717254764,-0.4415946475053829,-36.73537672804396,0.4517721525306584,0,0,0
0.854175972933362,-0.006774684442656565,48.93122894259815,-0.40490227975214166,-36.313106232654185,0.41799318058451573,0,0,0
0.8471901679885434,-0.004820069008593464,48.5246863420236,-0.3695461032609771,-35.88283185079315,0.38311092027359595,0,0,0
0.834627033901711,-0.003643524845925583,48.12790402342648,-0.3330321536139252,-35.46633809546593,0.34472636798802797,0,0,0
0.8203650864962526,-0.0029025361723014954,47.76916930629126,-0.29326493394014364,-35.09458591491406,0.3011673106989406,0,0,0
0.8086094041286884,-0.0020920025678648813,47.477913061771986,-0.24927806386445467,-34.79939246105498,0.252122710205753,0,0,0
0.8024942254475462,-0.0007231749525857367,47.27651861330642,-0.20169571011391838,-34.604635355449474,0.19897490929940248,0,0,0
0.8035726049648559,0.0014537119316230473,47.173924884850706,-0.15263272863296323,-34.519221620611034,0.144589832464964,0,0,0
0.8120001181413414,0.004313774454855946,47.162534867965235,-0.10504584740457545,-34.53369774652708,0.09260129418400709,0,0,0
0.8269058413336836,0.007397734423832958,47.21934446852541,-0.06183029078795101,-34.62160399848038,0.04646931063910813,0,0,0
0.8466093121150635,0.010109159145309831,47.31145561611558,-0.025003221189417956,-34.745627635049935,0.008623246750671854,0,0,0
0.8687130922495925,0.011954428708372688,47.40490165626852,0.004823410826389818,-34.867207908004545,-0.02012149015354865,0,0,0
0.8903279125371029,0.012701339451274407,47.474227867977845,0.028639629742620798,-34.95681890895308,-0.04081251432252984,0,0,0
0.9086043781400406,0.012404664257398678,47.50960111554697,0.04896398860915241,-35.00164498907485,-0.05629628583495645,0,0,0
0.9214566779493509,0.01133279710325894,47.51913709439708,0.06957915233138863,-35.008353447407345,-0.0708956879586978,0,0,0
0.9281536912124153,0.009866236017955998,47.526147170035884,0.09507876389658634,-35.000607362590465,-0.0898448632684378,0,0,0
0.9295076199602903,0.008418233383775942,47.56291491073263,0.13012771354435132,-35.01276049867477,-0.11842690916991856,0,0,0
0.9276192475388427,0.007384685156542048,47.66356477094223,0.17838606258168993,-35.0821844789606,-0.16081118572340855,0,0,0
0.9253280891739308,0.007101294575547002,47.85832639127912,0.24129726226299225,-35.24265462611406,-0.21881271043413122,0,0,0
0.9255682015132436,0.007788659601209247,48.17013210749127,0.31718399348553705,-35.52005263116476,-0.29100253394850595,0,0,0
0.9307916459528229,0.009493856038129422,48.61273275155909,0.4010742810991175,-35.92989672674912,-0.37255448519432266,0,0,0
0.942559943815013,0.012062996688960936,49.18876228208542,0.48539857487000687,-36.47531976523863,-0.45594090573588486,0,0,0
0.9613408582925729,0.015174243440890222,49.88720049060777,0.5613741183925584,-37.144946013294394,-0.5322998761815306,0,0,0
0.986490974152133,0.01842520835216277,50.68144105040234,0.6206929946009453,-37.91167032855991,-0.59312195381153,0,0,0
1.0163952383306452,0.021435597410216188,51.529879905388256,0.6570762660005599,-38.73389829935057,-0.6318422619450814,0,0,0
1.0487836581020247,0.02392478090201422,52.38013291873595,0.6673326193800833,-39.560016419949314,-0.6449716955111071,0,0,0
1.0812500543691925,0.02574855611529898,53.17665609465821,0.6517481613851558,-40.33575926049008,-0.6325661277544633,0,0,0
1.1118713310604704,0.026899964391731146,53.87049471695168,0.6138449682650844,-41.0134040170759,-0.5980317535609962,0,0,0
1.1396840632760927,0.02748193028533592,54.42908905128472,0.5596556991110091,-41.561077245564874,-0.5473814553247628,0,0,0
1.1648160105333858,0.027658605715244276,54.8434583012921,0.49665974199690766,-41.96976958627583,-0.4880920247112471,0,0,0
1.1882772071058127,0.02759730608704416,55.13021436541065,0.4325251782723285,-42.25555800429375,-0.4277573094870384,0,0,0
1.2115595877323244,0.027413379847443763,55.327211964736264,0.3738591224007223,-42.45563730084859,-0.3728021947273284,0,0,0
1.236160161145932,0.0271238977233196,55.48375748171786,0.32520432045146774,-42.61876056654202,-0.32751981304296296,0,0,0
1.2630770313045758,0.026617931688419104,55.64803847037142,0.2884484081122082,-42.79259057567238,-0.2935693099776131,0,0,0
1.2923682992010868,0.0256618323925764,55.85513168811154,0.26268866475717517,-43.011471394220955,-0.26991923865576695,0,0,0
1.3229174565764623,0.02395554449082198,56.118724142743176,0.24453135415908492,-43.2880383672226,-0.2531660307412388,0,0,0
1.3524890316023885,0.021231488665372923,56.42869929917289,0.22880256864945353,-43.61095739091971,-0.2381913051678602,0,0,0
1.3780506479446615,0.017359807840199436,56.754978798073765,0.20960957759158988,-43.94909711685203,-0.21913191759728648,0,0,0
1.3963023872018567,0.012416247958387316,57.05597569885647,0.18158495629313903,-44.260269632122544,-0.19055898494780904,0,0,0
1.4043714554416056,0.006685749929705764,57.28877184288295,0.14105315519388456,-44.50142989368822,-0.14865310801770448,0,0,0
1.400592093759542,0.0006021332624470688,57.41824005190519,0.08684975293051309,-44.637471055972355,-0.09210427302537667,0,0,0
1.3851576661343188,-0.005351995542447696,57.42330774065216,0.020578783669947143,-44.64695647682146,-0.022478276738732463,0,0,0
1.3603226407298052,-0.010746165938907381,57.29960704464925,-0.05379666835747514,-44.52435041602011,0.056110631939954206,0,0,0
1.3299345306016335,-0.01526433501311999,57.05857002231026,-0.13093603105575086,-44.27912165584942,0.13796775666214103,0,0,0
1.2983896318255574,-0.018710562079971283,56.72362921741667,-0.20534706671441255,-43.93251412447472,0.21710583856689708,0,0,0
1.2693975011519854,-0.020977735615302605,56.32451197944265,-0.27243760237328163,-43.51282113460992,0.28839996350545577,0,0,0
1.2450273722133147,-0.02202539149169098,55.89073261559814,-0.32911738848947325,-43.049851071520166,0.34828198924579257,0,0,0
1.2254072978134616,-0.02190000136210557,55.445618487516256,-0.37392019338807925,-42.56941955023062,0.3949166379405142,0,0,0
1.209196766402144,-0.02078451365296132,55.002505031712346,-0.40677258213294465,-42.08921124645357,0.42799489269316526,0,0,0
1.1945940992885795,-0.019024565483258017,54.564395819150135,-0.4285533262018021,-41.61743025863366,0.4483114980702908,0,0,0
1.1803381788426321,-0.017083636817106652,54.127066167010454,-0.4405496427693379,-41.15465116351443,0.4572421991588328,0,0,0
1.166157652513263,-0.01542445441804432,53.68410580677137,-0.4438985732637349,-40.697790097416316,0.45619877057393265,0,0,0
1.152477504200192,-0.014365377526473821,53.2318812233198,-0.4391156710127063,-40.24440148908846,0.4461454599751605,0,0,0
1.1396888757690533,-0.0139861482602484,52.77303676029224,-0.4258464784950803,-39.796006675146515,0.42730178349633474,0,0,0
1.127553263654491,-0.014138451706710953,52.31813278972329,-0.40299107059741746,-39.36009213288639,0.3991888248364475,0,0,0
1.1151529569715422,-0.014555736787080775,51.8855262468053,-0.36926639310980536,-38.950833428870595,0.3611036071062458,0,0,0
1.1013735969485765,-0.014990759971475143,51.499575905471076,-0.3240566706015045,-38.58839647176856,0.31288964639028477,0,0,0
1.0855458152109776,-0.015292468744573285,51.18715370256545,-0.2681947708869245,-38.29640171526727,0.25565324345713664,0,0,0
1.0678122493350344,-0.015386237967337024,50.97259432573817,-0.20431292497106313,-38.0973229980891,0.19206873090440552,0,0,0
1.0490367314177718,-0.015201152895167524,50.87173188805208,-0.1366254980801159,-38.0063941875712,0.12615012509015316,0,0,0
1.0304305791278807,-0.014625295940987826,50.88649946099541,-0.07027787976849424,-38.02575469961158,0.06263840257864928,0,0,0
1.0132329650675302,-0.013533670019934618,51.002158097902125,-0.010524776361501153,-38.14125766284495,0.006263599047608181,0,0,0
0.9986151245268218,-0.011862006183130802,51.18875197360917,0.03803936894830713,-38.323714180044405,-0.0389211577698191,0,0,0
0.9876773468173781,-0.009662324169883618,51.406781779491084,0.07209315745155323,-38.53450542424498,-0.0700596231087097,0,0,0
0.9813003042446127,-0.007101257359308022,51.61535399203835,0.09004617516786766,-38.7337081070999,-0.08588549669927374,0,0,0
0.979816256772196,-0.004413529360149937,51.78027848319029,0.09237745942242555,-38.88819743839451,-0.0870219660997961,0,0,0
0.9827535351172685,-0.0018475894808275938,51.87996959495415,0.08181189420069757,-38.97760804946675,-0.07613801813293009,0,0,0
0.9889225735121414,0.00037417427798231985,51.908085277080986,0.06316274343578243,-38.99699794635437,-0.05779823523227066,0,0,0
0.9967996757419542,0.002083943308943503,51.87305607741685,0.04265326399381593,-38.956177965081835,-0.03784432225389907,0,0,0
1.0049014378162724,0.0031987739059218256,51.79550648227634,0.026726692047998313,-38.876613848569164,-0.022331074961604712,0,0,0
1.0119546843196048,0.003755321161339964,51.704618403002385,0.020643103107525464,-38.78713488094088,-0.01628194396128819,0,0,0
1.0169747078473534,0.003930121867902869,51.63378553225995,0.027309315238028375,-38.71924001516766,-0.022631112451624347,0,0,0
1.0194545576162568,0.004012611474882988,51.61528461354733,0.04668955602088829,-38.702157402583396,-0.04162598178585029,0,0,0
1.0196650858765963,0.004315608637648438,51.67404869997107,0.07591045226612891,-38.75781617386103,-0.07079672758892812,0,0,0
1.0188535158580123,0.005056011192759513,51.821785023113605,0.10997427170270554,-38.89652754671278,-0.10548118231940933,0,0,0
1.0191174754512247,0.006273940500935282,52.05337163557057,0.14289456868202705,-39.11450856291076,-0.13982636426255085,0,0,0
1.0228796498660984,0.007840550152954507,52.34686515516303,0.16903304164080452,-39.393867867325255,-0.168112399350359,0,0,0
1.0320786598886258,0.009546185133633856,52.667189799742275,0.1844013599900137,-39.70496522224365,-0.18614815699506693,0,0,0
1.0473597876695493,0.01121317298111677,52.972798794443904,0.18767885830919512,-40.01098978827593,-0.192413363876571,0,0,0
1.0676408428256252,0.012772805116486551,53.22445216909661,0.18068100827484274,-40.27487749119467,-0.1886036870997117,0,0,0
1.0903601858491498,0.014273980253234697,53.39494881941043,0.16803312838981127,-40.46825887444447,-0.17930240671698883,0,0,0
1.112436559183692,0.015829077200827157,53.47779913216009,0.15596528224557743,-40.580721585118326,-0.17071899043545358,0,0,0
1.1315862874274245,0.01753574167632621,53.49207319663928,0.15049570648777716,-40.626291041349106,-0.16881360611740703,0,0,0
1.1473931370414618,0.01942437831246906,53.480858782719494,0.15562631698074939,-40.64385304485815,-0.17747402348137342,0,0,0
1.1615933183903593,0.021459161465084264,53.50211630701172,0.17221298906079313,-40.68955161388267,-0.19741730668803753,0,0,0
1.1774082474594962,0.023582439141534906,53.613024458026345,0.19780272922669723,-40.82169846726529,-0.2260817543012365,0,0,0
1.1982370666293605,0.025770037875514618,53.8518222200408,0.22724494236759085,-41.082003928499326,-0.2582736583159189,0,0,0
1.2263224430133164,0.02807017659238653,54.22345296954977,0.2536582079732284,-41.479705457057385,-0.2871236544711813,0,0,0
1.261951402320392,0.030618676385802245,54.694928685051835,0.2694435278323567,-41.985162855156304,-0.3050522978000686,0,0,0
1.3034652342409743,0.03363804073549801,55.20247946136358,0.2672724567828396,-42.53569503420704,-0.3047091574106503,0,0,0
1.348060564604296,0.03742623037902746,55.66739824308634,0.24112012609582506,-43.05099545760366,-0.27999331839087843,0,0,0
1.3931383251075573,0.04232509523201884,56.01438121189237,0.18736318244273775,-43.45195812983014,-0.22719224560410325,0,0,0
1.437773051285447,0.04864403722739894,56.18650847496285,0.10575065378038459,-43.67681401934979,-0.14603032037110494,0,0,0
1.483773544396442,0.05652545125079058,56.15358335054789,-0.00015056557604964382,-43.69094461896465,-0.040183111880643455,0,0,0
1.5358556221806339,0.06578551685879575,55.91331756796997,-0.12339358936264659,-43.489484797791455,0.08314306483102599,0,0,0
1.6006591997796846,0.07581579111739103,55.48665628245372,-0.2549725726417506,-43.093620923306325,0.21456495943114717,0,0,0
1.6846774389033499,0.08563073957752039,54.90932875784465,-0.38558136444248703,-42.542307132210375,0.34431863025832143,0,0,0
1.7915769555212222,0.09407243514935856,54.22194731378927,-0.507148440322706,-41.88153657586382,0.4637990325095281,0,0,0
1.9198065709083494,0.10008247621332629,53.46099279142537,-0.6136121827028503,-41.153732206846044,0.5663268869975198,0,0,0
2.0616231454148846,0.10290046745932528,52.652753734946074,-0.7007420309549275,-40.390045439895566,0.647016726748965,0,0,0
2.2043679603795,0.10209209187307096,51.81158459866147,-0.7651796971370928,-39.60780915502045,0.7019757413176123,0,0,0
2.333862676601143,0.0974208551655181,50.94289680866531,-0.8031644423744269,-38.81396780473486,0.7272786414575648,0,0,0
2.43859781341871,0.08867785177798027,50.050386647934346,-0.80959596169902,-38.01354514937459,0.7182642692427201,0,0,0
2.512778218989695,0.07560346592684937,49.146163040998616,-0.7781483527358362,-37.220777351475,0.6697181584937866,0,0,0
2.5567765409113434,0.05796153793874339,48.26152059659904,-0.7029844048363515,-36.46972738461533,0.5773875798449893,0,0,0
2.5748677514348657,0.03571536645155078,47.455011858709454,-0.5821275240864978,-35.82083450873068,0.4409009504862119,0,0,0
2.5714559566831525,0.009194479596084193,46.81336914085445,-0.42175454582414884,-35.359664439783174,0.2674877493422073,0,0,0
2.547611614789716,-0.02082090810297075,46.44046378643091,-0.23983303729743283,-35.184354990925954,0.07511076794975366,0,0,0
2.4994219502957833,-0.053084300740297866,46.431148743061854,-0.06708837587872836,-35.37985640839615,-0.10683550354963671,0,0,0
2.4187768099303923,-0.0858880775471377,46.8314784940811,0.05631263127688015,-35.98103593503345,-0.2407735377821716,0,0,0
2.296312756340342,-0.11709266667131572,47.59403914041998,0.08860962938464212,-36.932931661598374,-0.28837186096668077,0,0,0
2.1256535955714355,-0.1442498566756683,48.54456643569098,-0.0028291783606448464,-38.06286012523732,-0.22056174254077518,0,0,0
1.9077548060157312,-0.1648844093480477,49.37950288914706,-0.2311561716774193,-39.08190018487096,-0.027027236837484737,0,0,0
1.6538974435183178,-0.17690859994526847,49.70928935376742,-0.5837453764504374,-39.628512729296716,0.2783215096857255,0,0,0
1.3858498741981862,-0.17904256851896888,49.14761689044546,-1.0225309587794826,-39.35344599428214,0.6582520425948765,0,0,0
1.1323691846781827,-0.17108660351946553,47.426720075103006,-1.4912112734471918,-38.02645193413843,1.059532095665002,0,0,0
0.9226118632026754,-0.15396707989608416,44.501807424080255,-1.9268655648960844,-35.62993680815802,1.4241649811065926,0,0,0
0.7785256153370312,-0.12959368889605827,40.603010021926536,-2.2719250060332,-32.4011398940687,1.7005962118855353,0,0,0
0.7089962651060944,-0.10062311073114927,36.20583915526703,-2.4829674994970388,-28.797335982447386,1.8515856268765218,0,0,0
0.7079107747357369,-0.07018513037018721,31.919365759609178,-2.535118644557116,-25.385714978383426,1.8577516158393315,0,0,0
0.7566419573795002,-0.041551467202039304,28.325383491459135,-2.4231772675661234,-22.691281850532448,1.7180445236660886,0,0,0
0.8297167066108528,-0.01770602583117551,25.82531637535898,-2.1612642539653053,-21.056898006381967,1.4489783207077536,0,0,0
0.9015236987042385,-0.0008391300848600736,24.549827894176673,-1.7816844168118322,-20.56604391610574,1.083278192089439,0,0,0
0.9520461398164457,0.008107417971218922,24.35810290819626,-1.332095665738605,-21.0509965709034,0.6670220454306008,0,0,0
0.9703352021777931,0.00965645025461015,24.91584421478423,-0.8694985378586949,-22.173000757621253,0.2538253453973557,0,0,0
0.9553089263664276,0.00563852154251947,25.814077535449954,-0.4506529441617261,-23.536668727060892,-0.10428140769479696,0,0,0
0.9142205623540747,-0.0013122640161995491,26.684963255961932,-0.12075498375729125,-24.79715488726363,-0.3674853554577041,0,0,0
0.8595997950492205,-0.008428879719177473,27.282053364540488,0.09595196830490949,-25.73091943976269,-0.5168022747771364,0,0,0
0.8055607676521959,-0.013426830577849103,27.51085377668008,0.20002760401989547,-26.25908252847383,-0.5572485387628706,0,0,0
0.7642959901609316,-0.01491066392343896,27.412836317991918,0.21374500179323946,-26.428529055331396,-0.5143150278899036,0,0,0
0.7435193172175047,-0.012511993941195954,27.117833653886223,0.17258833962061998,-26.36613540510949,-0.4253236410799186,0,0,0
0.7454279094190781,-0.006773220046466122,26.784836058408075,0.11472135962047361,-26.22492075415333,-0.3290165221904644,0,0,0
0.7672553929257475,0.0011532580482040088,26.550103934375628,0.07184954495880476,-26.138529303734447,-0.2567085041263656,0,0,0
0.8029395005820561,0.009889186762694634,26.495552926128653,0.06364315152817426,-26.194146849802436,-0.2270594826011237,0,0,0
0.8452152627658336,0.018202442764710725,26.64172761099043,0.09633043332164845,-26.42623716842044,-0.2449838661482115,0,0,0
0.8875767259017664,0.025294405163961642,26.96129113165469,0.164919132145927,-26.826833948965536,-0.3040934682394532,0,0,0
0.9257531428361148,0.03094701852801194,27.40345870554998,0.25791114650563285,-27.364239928527287,-0.3915069118504341,0,0,0
0.9584916626761668,0.035500827876522575,27.91848487982223,0.3630928238315846,-28.001514265773928,-0.49361655332865695,0,0,0
0.9875851952993031,0.03968740940504887,28.474158109896564,0.47277911968424463,-28.708921189955944,-0.6012547247084417,0,0,0
1.017240041800548,0.04437835037068538,29.062027639451188,0.586871346011776,-29.469463737725928,-0.7127191811345369,0,0,0
1.0529895024976241,0.050302082293850955,29.69694511894255,0.7125930707068775,-30.28120452361383,-0.833603301051502,0,0,0
1.1004361881843039,0.057755386444758014,30.41576429672392,0.8609139304377479,-31.1610862874399,-0.9734588605780168,0,0,0
1.1641294869762362,0.06635188388501803,31.277895131218074,1.041053653980967,-32.151076550818864,-1.140638252409678,0,0,0
1.24672300428891,0.07489011517044304,32.36426638624641,1.2553274226623103,-33.321338661147806,-1.3374892079720275,0,0,0
1.3482360857043432,0.08143310150706498,33.767658318059205,1.496368046464711,-34.76227017893546,-1.557829192594646,0,0,0
1.4651305903493466,0.0836474118325313,35.57043043603217,1.7475289248060988,-36.561422554745704,-1.7874018898123727,0,0,0
1.589271981686295,0.07936595519218628,37.81399524535965,1.98581733932769,-38.77062245262407,-2.0065999532987795,0,0,0
1.7073928143805972,0.06723977172950554,40.47175910644533,2.185894576705793,-41.3764063454942,-2.1939840545876237,0,0,0
1.8019162103699529,0.047275019605248755,43.437838574543676,2.323796279518194,-44.287213115902404,-2.3293124709482234,0,0,0
1.853714160125861,0.021064083539094725,46.537316887512176,2.3797614492703856,-47.343482635849654,-2.3955897424353383,0,0,0
1.846649054419487,-0.008377750860104527,49.55511851221945,2.3403702520441882,-50.347204056601626,-2.38049817212515,0,0,0
1.7728339054793594,-0.037119830547786135,52.27471006378185,2.2005330314215827,-53.10092683331614,-2.277937960535117,0,0,0
1.6368796830287238,-0.06101511167528315,54.51585792640002,1.9654142944323283,-55.4442012603011,-2.0899114235359804,0,0,0
1.4573638396798572,-0.07641174419053413,56.16188087895027,1.6514145081555227,-57.27723608550119,-1.8279218993517319,0,0,0
1.264458577103298,-0.08074128202495671,57.17136083850109,1.284822053134468,-58.56725190018696,-1.512407639911008,0,0,0
1.0939322848714852,-0.07291492493582012,57.575760750247994,0.897437568105633,-59.34080216009687,-1.1693230386360824,0,0,0
0.9791208649334635,-0.05349830541455134,57.46813818968293,0.5200288529847044,-59.66973668798387,-0.8245228595141654,0,0,0
0.9432753724752558,-0.02463573986407539,56.98590418800056,0.17578951947106985,-59.65562533901152,-0.4979677001976569,0,0,0
0.9945033901203857,0.010296774488595872,56.286059105888356,-0.12376366171453412,-59.411289515012484,-0.20008988838021652,0,0,0
1.1245649107676599,0.04727542715748996,55.511692568568506,-0.378915281686659,-59.03671302221048,0.06819135608487273,0,0,0
1.3116660002739735,0.08233443103680287,54.755407042066494,-0.5980749971320506,-58.59243265174328,0.31200370376213726,0,0,0
1.5264765068386055,0.11222466328613194,54.03260525849255,-0.7922700299953803,-58.080603835292706,0.5375618419337969,0,0,0
1.7398474279146825,0.1348653109222738,53.278221309254675,-0.9705166863851744,-57.445100144103264,0.7483461892684147,0,0,0
1.9301181112547567,0.14950739987909145,52.37272806208368,-1.1377857369743354,-56.59532252465246,0.9439711362691355,0,0,0
2.0878028874713266,0.15663590541025343,51.19061086718058,-1.295261242089427,-55.44721486256559,1.1212467271652002,0,0,0
2.2161789177328046,0.1577033087894563,49.65306045029419,-1.4412575679357489,-53.9651837407589,1.2756710493285,0,0,0
2.3277739741562016,0.15477707504333865,47.76297132583119,-1.5715147019870428,-52.186274795299724,1.4020534635050381,0,0,0
2.4383493712661704,0.15013857255626845,45.60804681825721,-1.6789830505691214,-50.21591397632017,1.4944059948692072,0,0,0
2.56086244422292,0.1458591044279956,43.33344668499409,-1.7541811009020662,-48.19882224336048,1.5461728421258385,0,0,0
2.7015979986622227,0.1434147615026788,41.09911688921102,-1.7869889737058258,-46.28000252892548,1.5515981883409993,0,0,0
2.85943675070736,0.1434396852200237,39.040260022196065,-1.76967351854357,-44.5718980166929,1.5080030824429471,0,0,0
3.02786223240129,0.14570584384824486,37.24277475280134,-1.6998976321393884,-43.136543886600634,1.4178392397921897,0,0,0
3.1984384721946384,0.1493463133273849,35.73641030023401,-1.5821836117065047,-41.98337172284488,1.2892499075941828,0,0,0
3.3642657262815447,0.1532412466918231,34.50283832502542,-1.427018174889234,-41.07934064124247,1.1346096500448013,0,0,0
3.5221997396715636,0.1564154650953526,33.49387568174488,-1.2480788883254064,-40.367184038136116,0.9676686588511757,0,0,0
3.673237356215253,0.15829804119194507,32.65408412890031,-1.0590201266636925,-39.786791342837006,0.8006707370421736,0,0,0
3.8212371074300506,0.15876635177540238,31.94113520876614,-0.8712019428141844,-39.293775719357896,0.6426115708573732,0,0,0
3.9707618381844014,0.157993883405274,31.337865069364867,-0.6928765834799406,-38.86981747587215,0.4989363375858694,0,0,0
4.125017095176446,0.15619540214567848,30.852657801740023,-0.5294939815229128,-38.522135654848725,0.37223294846719596,0,0,0
4.284578410581673,0.153393029159335,30.508915622574094,-0.3845048196003461,-38.27329515850374,0.2633051819482318,0,0,0
4.447100268461384,0.1493067855709967,30.328240594054222,-0.26019293457227094,-38.145782308119166,0.17219719211008738,0,0,0
4.60780106645403,0.14341140411641504,30.31400891800193,-0.15827125709992912,-38.14718051074194,0.09891347347949023,0,0,0
4.760392493651423,0.1351263459271493,30.441470485004885,-0.08008933373710078,-38.26104223817292,0.04366600587471794,0,0,0
4.898196017874895,0.12405645986607539,30.65779012902196,-0.026414056482545335,-38.44628882176015,0.006613627166541391,0,0,0
5.01526759538153,0.1101963866706754,30.891946336022173,0.0030895234682091653,-38.64521211703524,-0.012732309671559961,0,0,0
5.107351397379404,0.09404052993269119,31.071371557901017,0.010404361418483176,-38.797656608042104,-0.01610030375410858,0,0,0
5.172500566701544,0.07657701576024038,31.140241871395133,-0.000561926800274648,-38.85711566061072,-0.006727605031386474,0,0,0
5.211326436845155,0.05917135339776251,31.073724504539413,-0.024132757274593075,-38.80368120420674,0.010816853825769357,0,0,0
5.2269809618832,0.04335939730431164,30.883553036422114,-0.05340707164997553,-38.649458751564325,0.03113538788108059,0,0,0
5.224983709908585,0.030581086480523823,30.612959236758925,-0.08103197567503884,-38.43429819604483,0.04862115135084366,0,0,0
5.2128704260637875,0.02191079035788448,30.322621326051475,-0.10008798952841716,-38.21305835843303,0.05809548527900858,0,0,0
5.199514600431655,0.017864113513813607,30.072681345256,-0.1050550314114588,-38.039011972484246,0.055493358788708494,0,0,0
5.19398646669454,0.018345765078694853,29.90739976850513,-0.09278715355160613,-37.94968835936211,0.03859527651198391,0,0,0
5.204006882680133,0.02273490458767924,29.847470372271573,-0.06327934185272568,-37.96007730825171,0.00765202475732849,0,0,0
5.234375498960375,0.0300315443095883,29.891066440738,-0.019921459745478386,-38.06425726424516,-0.03435525069970282,0,0,0
5.28599253251754,0.033590299452277525,30.02082124378643,0.007931022467600555,-38.24272302015502,-0.06207922916850271,0,0,0
5.355958217488492,0.03930324736441193,30.212370335879072,0.04521463911448187,-38.47116289549088,-0.09749411251604023,0,0,0
5.438675482721948,0.04682597207820395,30.440931086012156,0.08737958481590422,-38.727160956633455,-0.1362856122967295,0,0,0
5.527296404979083,0.05555165638075721,30.68433843896733,0.1294897784103668,-38.99301125856135,-0.1738871498665399,0,0,0
