Pitch_Normalized,Delta_Pitch_Smoothed,Roll_Normalized,Delta_Roll_Smoothed,Yaw_Normalized,Delta_Yaw_Smoothed,Label1_Move,Label2_Bend,Label4_Speed
-0.2597082255292378,0.06326558806523508,-21.926434614474502,5.020892605987834,22.816594494853405,-5.1819778803402015,0,0,0
-0.14592517624149082,0.054782915163580505,-13.486826315220412,4.524240656136686,14.182294142324565,-4.692948330697225,0,0,0
-0.04903707657422274,0.04685715794377643,-6.0964403652544945,4.038857043935072,6.5933316472229535,-4.211905840923472,0,0,0
0.01935440311808634,0.04086979123594858,-0.47837176132324544,3.658392106717203,0.7711012107980935,-3.833035248007487,0,0,0
0.056619714796937615,0.03725608009572707,3.1780284154646665,3.4162107399286126,-3.0932949068476034,-3.5903432739301215,0,0,0
0.06898926545224526,0.035827684073906595,5.219009322345613,3.3011740955719873,-5.341095489329945,-3.4734596742539936,0,0,0
0.06829188007719722,0.039751866228758106,6.3455646930709975,3.604300926582643,-6.6667463916109,-3.79113846620418,0,0,0
0.06725010435835088,0.03393041575364748,7.340702239263123,3.1139869031065643,-7.847687489206493,-3.2953846061548804,0,0,0
0.07559649533230584,0.03142887705076873,8.81946204488301,2.7422862504469805,-9.496494970517688,-2.9176502755338705,0,0,0
0.09856861520982818,0.03340947476520597,11.08530634124537,2.525954728519872,-11.91800224768653,-2.694517215601303,0,0,0
0.13781043675834326,0.040031112456073006,14.116574651351925,2.4574708415459043,-15.094790167188393,-2.6183510049298433,0,0,0
0.193378981294984,0.050312361609101686,17.65304271584523,2.4876649121158807,-18.771551919224237,-2.640133428735234,0,0,0
0.2652516939334646,0.062369535058140003,21.32642213921531,2.542779379249788,-22.58317110811575,-2.6866506862057746,0,0,0
0.35344915077014605,0.07392570744829782,24.781175523875476,2.548811771536748,-26.174070945214936,-2.6847862910291327,0,0,0
0.45693083935766765,0.08287319890157221,27.75273683092371,2.453362271888037,-29.276804956146037,-2.583108359314539,0,0,0
0.5721128815432621,0.08768225976438374,30.09565844350442,2.2375344305489877,-31.742429776682286,-2.363371467387992,0,0,0
0.6919872306585972,0.0875664284680127,31.773358485568878,1.9156480151888018,-33.53325325366865,-2.0398685252766455,0,0,0
0.8065071788413292,0.08245057839899203,32.8288199546306,1.5254456816537327,-34.69555039949782,-1.6495346823140096,0,0,0
0.9043284843480279,0.07284551405888635,33.35308476376338,1.114077267699301,-35.32757856366308,-1.238207061886348,0,0,0
0.9753912128536655,0.05969910749960263,33.460650646735246,0.7251195698337967,-35.55171692156645,-0.8481818995853899,0,0,0
1.0134747214384703,0.04424019889969912,33.273054803239944,0.390042883179504,-35.49347541995485,-0.5101620763881698,0,0,0
1.0178847652849043,0.027820312274873516,32.90749953238256,0.12509565088315072,-35.26689874236433,-0.24027256459678484,0,0,0
0.9937068345223281,0.011775774936971573,32.46719481620832,-0.0673585239052045,-34.96524172697923,-0.0411342228312435,0,0,0
0.9504402257661724,-0.002671278922198894,32.03237122221344,-0.19492572882765274,-34.655889941068835,0.09464751217590787,0,0,0
0.8993328283546589,-0.014489150317810128,31.65316566271875,-0.2705518034670291,-34.378425720027735,0.1801150598927535,0,0,0
0.8503160042919973,-0.02292575486958981,31.346614952335926,-0.30851021870059014,-34.145155422650134,0.22985014574927048,0,0,0
0.809744980028313,-0.027616007974539513,31.099773246516833,-0.32165906649656506,-33.94459548198108,0.25684273963533144,0,0,0
0.7797943896193402,-0.028659533664820457,30.879562666354076,-0.3200555584276003,-33.74907527773874,0.27070782931062637,0,0,0
0.7594369811699266,-0.02660214697284289,30.647566729093086,-0.310695451226772,-33.52642796473555,0.27731349057037846,0,0,0
0.7461336641577674,-0.02229269194197627,30.375548459729345,-0.297997445648636,-33.25321546407375,0.2795336763873763,0,0,0
0.7373146416930751,-0.016655508203012915,30.056464138274293,-0.28457607480566194,-32.92504802360153,0.2785038574414841,0,0,0
0.7312894286366998,-0.010474600358345753,29.706943948106556,-0.2718831465047515,-32.55982044925807,0.27468642473736793,0,0,0
0.7276853647938992,-0.004290421755754892,29.3602403039406,-0.26051787450796837,-32.192106821275445,0.26837078648988777,0,0,0
0.7275133063464096,0.001553828339298491,29.05239676572708,-0.25029707456084793,-31.860553177195072,0.25969701849977866,0,0,0
0.7327777463245297,0.006780555388692733,28.80740491466213,-0.2403218442327244,-31.593387145612894,0.24853548580878737,0,0,0
0.7455700007085397,0.011081207236485114,28.62778348728841,-0.2292055017665035,-31.398291175276455,0.23448361391610603,0,0,0
0.766840762470764,0.014129095454454444,28.49459450143715,-0.21546615751437911,-31.260887617082204,0.21704657256250925,0,0,0
0.7953326730123251,0.015669266747204348,28.376591920745597,-0.19797740049796175,-31.152105092740953,0.19593420212194132,0,0,0
0.827242535056854,0.015591204876990616,28.24434828676584,-0.1763343063776716,-31.041073106647673,0.17134587848709373,0,0,0
0.8569457365226185,0.013925829737320327,28.08349344206431,-0.1509972034374755,-30.908379324912687,0.14409008883376373,0,0,0
0.8786055962376196,0.010792259571749696,27.901802563130502,-0.12312964023267625,-30.75458229797644,0.11542431985024848,0,0,0
0.8879820961087432,0.006367021933031935,27.72716994312694,-0.09416414342327925,-30.600478428038656,0.08663086854933226,0,0,0
0.8835974135638054,0.0009230823167115431,27.596897240163884,-0.06528473154807557,-30.478648036404508,0.058522978672746716,0,0,0
0.8667716037196129,-0.005082974036407961,27.542424731352327,-0.03714159858459709,-30.419652288857435,0.03121266205106963,0,0,0
0.8407003420420267,-0.010953436676496153,27.576108512335367,-0.010083574016965713,-30.43914394711041,0.00443242627535767,0,0,0
0.8092402200388591,-0.015797771463762444,27.68614205305562,0.015093590449617977,-30.531982489783132,-0.02160671648757386,0,0,0
0.7760715856378795,-0.018701234762637853,27.841747185956393,0.03631863515269913,-30.675657830354737,-0.04528800021511188,0,0,0
0.7445029326482455,-0.01895378742463407,28.005175934899626,0.050024850565094425,-30.839978472230257,-0.06330330211877708,0,0,0
0.7177081682918924,-0.016245755200485233,28.143512546596185,0.052011051935409114,-30.996748843894096,-0.07147775374274659,0,0,0
0.6989680218849941,-0.010756992197264026,28.23442934656049,0.03919917892435478,-31.124446489788426,-0.0665045021614162,0,0,0
0.691593248611241,-0.003116532519879911,28.264988914657494,0.011440182201570791,-31.20746230012756,-0.04774061414052255,0,0,0
0.6984442218624025,0.005739257365931394,28.227418448777883,-0.027616104420923195,-31.233511449226427,-0.018105725499108872,0,0,0
0.721139861558953,0.01475326395115104,28.117007759517975,-0.0710475834237343,-31.193425573831973,0.016345069159274316,0,0,0
0.7592016817469727,0.02292861514318787,27.934416520595875,-0.11029460787264611,-31.084697310471597,0.0478865917377874,0,0,0
0.8095350168432276,0.029482105390533773,27.690510334351075,-0.13720363200670532,-30.916550088515635,0.06897989340242532,0,0,0
0.866632793698173,0.0339636053015198,27.409981008846387,-0.1458391284831407,-30.71303974477422,0.0739574180132621,0,0,0
0.9236042251493899,0.03632232087425393,27.13127135171905,-0.13365633815655825,-30.512207138761994,0.06018922741240544,0,0,0
0.9737890840801242,0.03688764424044706,26.902229856173165,-0.1018100563961724,-30.361112554852383,0.028512227293535374,0,0,0
1.0125292221972302,0.0362529616596106,26.77147622652913,-0.05456124762873458,-30.306949909869843,-0.01716935080585529,0,0,0
1.0386040749001921,0.03509721454027641,26.776038061729082,0.0020028434501000447,-30.384872309655805,-0.07099078189163777,0,0,0
1.0548164573537804,0.03401083751571292,26.92842553309191,0.06149327710820671,-30.605570026003505,-0.12658815443101049,0,0,0
1.067320664266873,0.033384708612639716,27.20931788481616,0.11846761490711515,-30.948389176291073,-0.17842176197953846,0,0,0
1.083669478155059,0.033381014804919576,27.57139528323063,0.16900936642171302,-31.365119081890526,-0.22251775212932898,0,0,0
1.1101738271497368,0.033959624805110875,27.954444955096875,0.21059634320720305,-31.794605129387975,-0.2564887547210873,0,0,0
1.1496433920003568,0.034910764590024713,28.30544310543314,0.24164369279626213,-32.18243163282574,-0.2791312010251687,0,0,0
1.2004798798245702,0.03586137222807366,28.59465715791754,0.2612701475808706,-32.497257364569606,-0.290111844542551,0,0,0
1.2574143731985856,0.036272452824916,28.82136501593618,0.2695109015345878,-32.737384660055284,-0.2900128393416225,0,0,0
1.313385332131233,0.035491555012023925,29.008193288245195,0.2676553467820867,-32.926000102063256,-0.2805302149548254,0,0,0
1.3616368680974773,0.03291306663272877,29.187913154491753,0.2581833274062461,-33.09826192012153,-0.2644004259052025,0,0,0
1.3972177971809288,0.028212922158151344,29.388739537537788,0.24412950254559007,-33.285990755081315,-0.24486877891053496,0,0,0
1.4175409856029404,0.021532860421456235,29.62353454843779,0.22824506715073198,-33.50569841941973,-0.22494161211256197,0,0,0
1.4222362143871123,0.013489138219765096,29.885871352637025,0.21251363817244737,-33.75369132583933,-0.20686538808528496,0,0,0
1.4128001444823468,0.004984381068668142,30.15322855729309,0.19827126169706447,-34.00912334094255,-0.19209497340851556,0,0,0
1.3923030487312502,-0.0030767806082110383,30.395739980552776,0.18668931123395396,-34.243292918493324,-0.1816345348809733,0,0,0
1.3649719962149192,-0.010020350984763126,30.58789377694046,0.1791152830116772,-34.43184775395136,-0.1763725419378858,0,0,0
1.3353712620222211,-0.01548640081032886,30.719793539642012,0.17692466153256986,-34.565911245422456,-0.1770882012897431,0,0,0
1.307258183885267,-0.01936763652200426,30.804077632906825,0.1809819966628851,-34.65833439414044,-0.18412669970489048,0,0,0
1.2826175260491226,-0.021687021533371365,30.875086400584735,0.19116271838335877,-34.74234545087299,-0.19704575680351297,0,0,0
1.261433358249846,-0.02250454509537434,30.979065984608525,0.20632963351839068,-34.86198733950039,-0.21455219597683312,0,0,0
1.2423537890776402,-0.021887119160311386,31.157986152863486,0.2247389030422454,-35.056872767978746,-0.23476376225287082,0,0,0
1.2238646203828978,-0.01991933600058644,31.43335451506664,0.2444579661250316,-35.346965416468635,-0.2555177405587813,0,0,0
1.2053659990533987,-0.01672304165503107,31.797498536470613,0.26337339628194056,-35.72414889387446,-0.27440168706145585,0,0,0
1.1877546935286034,-0.012476577672323685,32.216524892477,0.27876094651913946,-36.15464530071088,-0.288460249451208,0,0,0
1.1734318571281364,-0.007436842570854196,32.64312901097523,0.28686401112464066,-36.59093054102203,-0.29391843955294517,0,0,0
1.1657786362090548,-0.0019536216768415216,33.03247343819078,0.2831009968541963,-36.98702515953917,-0.2864403400076469,0,0,0
1.1681408454719104,0.003549230505500134,33.35352750246142,0.2632151241922003,-37.309928116037014,-0.2622135057119294,0,0,0
1.1824924071620302,0.008637422906552672,33.59168709809822,0.225047474959689,-37.54293688865252,-0.21959491336102133,0,0,0
1.2082491003405806,0.012947427328300875,33.74372651183114,0.1700886193077565,-37.68152984640244,-0.16054621308256004,0,0,0
1.2418971414814308,0.0162326357737669,33.81007595315049,0.10394126888694188,-37.72639073957686,-0.09102816150387412,0,0,0
1.2778460941326415,0.018343145954992222,33.79013739478549,0.035337417190737595,-37.67900782509804,-0.02000135744114573,0,0,0
1.3102388494484245,0.01916223325364257,33.68382926466353,-0.025947924292549374,-37.54291455007885,0.0426317029171571,0,0,0
1.3348402723364075,0.018560974888667658,33.49838472954818,-0.07149479518266162,-37.32961102470006,0.0883673809450812,0,0,0
1.3500810512662724,0.016419039239822554,33.255937581346416,-0.09616218102788424,-37.06492691574962,0.11196881971505945,0,0,0
1.3568633166780586,0.012703122023242485,32.996503182882606,-0.099091767434453,-36.79094411543349,0.11244727288077741,0,0,0
1.3574009687454804,0.007541887190923547,32.772994195265284,-0.08375377924460281,-36.5607081303676,0.0931309285942831,0,0,0
1.353750594358587,0.0012368300032349565,32.6385795506348,-0.057279914007307295,-36.4262543065862,0.06104884214256288,0,0,0
1.3466827995602557,-0.005793745339599354,32.63006528781938,-0.029405789375636003,-36.423248691501925,0.025916217689479028,0,0,0
1.3352803205730055,-0.013081754623807739,32.75280883748661,-0.01121785457425517,-36.55705711759467,-0.001112947528042696,0,0,0
1.3173160133906663,-0.020135085109387774,32.97253816070446,-0.013687686869567983,-36.795081453634026,-0.008934684759572065,0,0,0
1.290214394164991,-0.026430192964922126,33.217338254712416,-0.04590685419261433,-37.06851940367241,0.011737035704240385,0,0,0
1.252301396052431,-0.03142484937010579,33.38977137090717,-0.11313528751461774,-37.28375237318406,0.06648320331799766,0,0,0
1.20402272609833,-0.03462369982363782,33.386206183805626,-0.21509325105596416,-37.340740499980484,0.15559101406345804,0,0,0
1.1487302001723947,-0.03567098141086689,33.119060712650736,-0.3450703437213235,-37.154273763345344,0.2732535253142629,0,0,0
1.0925613870288373,-0.034412678348971326,32.53743464095646,-0.4902640157365852,-36.673573758391086,0.40786989242466803,0,0,0
1.0431524750444225,-0.03089300882598849,31.641641320119106,-0.6334053770663359,-35.895876097187625,0.5434690953561017,0,0,0
1.0075135961222088,-0.02530215720182838,30.48764704007516,-0.7553745224173781,-34.87034416595162,0.6620349905956232,0,0,0
0.9899729854515869,-0.017925728010294507,29.179361850606142,-0.8382802304049619,-33.690713438359296,0.7463493030930379,0,0,0
0.9911535370832922,-0.009133384022149471,27.85016868012076,-0.8684190343586607,-32.47835819334799,0.7828662960828922,0,0,0
1.0083859251307814,0.0006016001463081011,26.6384843900411,-0.8386059561414271,-31.36039050007301,0.7640950145510714,0,0,0
1.0371928221467073,0.010696010132296863,25.663593030538635,-0.7495036374808649,-30.44816949771618,0.6900199933865651,0,0,0
1.073044115949486,0.020499812204759847,25.00696906685755,-0.609701910592716,-29.820259342253678,0.5682347604412172,0,0,0
1.1126888858768353,0.02938104809011577,24.70201584021902,-0.4344413281386153,-29.512077539151562,0.4126802006083409,0,0,0
1.1547462016354757,0.0368087753676221,24.733001151236465,-0.2431158351994668,-29.51332361783463,0.24118183634523405,0,0,0
1.199521488351806,0.042394611401753934,25.042398266147814,-0.056028507490358946,-29.773373824525436,0.07233017249421039,0,0,0
1.248150597092021,0.04588811677350577,25.544622214191946,0.1088590420429341,-30.213528492775453,-0.07752513484795429,0,0,0
1.3013240770233665,0.047153250844351645,26.143233758689007,0.23844938762755702,-30.743542159868213,-0.1964859286998518,0,0,0
1.358060739127808,0.04615754623448538,26.748203498611474,0.32585556360374995,-31.278895074906956,-0.2782020706206595,0,0,0
1.4150996511008316,0.04298222687871487,27.28988360521717,0.37048602603455266,-31.755056468405883,-0.3218950953243279,0,0,0
1.4672670928658391,0.03783576149908896,27.72707481047044,0.37705200194419886,-32.13564184855255,-0.3315225595448169,0,0,0
1.5087253305902237,0.0310504344994186,28.048086906814206,0.3538435134094556,-32.4130287847147,-0.31434422900012465,0,0,0
1.5346195782943397,0.0230576269577341,28.26552470289505,0.3107115574502785,-32.60228004846027,-0.2791883983761835,0,0,0
1.542511154663984,0.01435111593009566,28.406876100564546,0.257190348301242,-32.73102849239484,-0.23473818024797027,0,0,0
1.5331038166263653,0.00544823090870068,28.503521170678454,0.20108110125474354,-32.8285492132828,-0.1881217781064322,0,0,0
1.510025833345992,-0.0031482186362950413,28.58083340024237,0.14765481813578277,-32.91681611452668,-0.14401613256858922,0,0,0
1.478726866669362,-0.010989586966704223,28.65173778869473,0.09948173225116648,-33.00541247653729,-0.10438119015912264,0,0,0
1.444835236324323,-0.01772522199724591,28.715137241701427,0.056776411267770756,-33.090923962347915,-0.06880998467847803,0,0,0
1.4125430482148147,-0.0231491127310818,28.75901451115891,0.018073912804049998,-33.16011285597128,-0.03532309931014481,0,0,0
1.3836174647378812,-0.027240272651759767,28.766431786574998,-0.018940607678246124,-33.195217794091775,-0.001347576404950246,0,0,0
1.3573712231987969,-0.030178579578694097,28.721892132982106,-0.056561636264507345,-33.17945375014378,0.03534908985058109,0,0,0
1.3314731106177646,-0.03231292100858383,28.615851019491913,-0.09624264826752552,-33.10112863149948,0.07591990312357666,0,0,0
1.3031284509835217,-0.03406675219474522,28.44626383093555,-0.1379737290377875,-32.95551104156172,0.11999549110741725,0,0,0
1.2701084281463864,-0.0357955369432716,28.217470023782084,-0.1800450727571871,-32.744504256444344,0.16560352337608322,0,0,0
1.2313180208394243,-0.03765199103476249,27.93790480803338,-0.21930287730457393,-32.47505831477699,0.20945557450590116,0,0,0
1.1868966232601537,-0.03953264929175759,27.618406917567114,-0.25184297617810214,-32.157617083290916,0.24754141181978184,0,0,0
1.1380593447219098,-0.041142447489445996,27.272000498316856,-0.27395628870429223,-31.805457565463115,0.27592973215748773,0,0,0
1.086879866891607,-0.042144001474788695,26.914686514129556,-0.2830801435098749,-31.434888728587083,0.2916347517082386,0,0,0
1.0360231378671898,-0.04231254841193675,26.56598573811317,-0.27849703152182315,-31.065557110912266,0.293348046498312,0,0,0
0.9882909718203052,-0.041624092464232376,26.248002024793976,-0.2615610286810863,-30.719803675893957,0.28180067848600177,0,0,0
0.9459467483043369,-0.04024447908414004,25.982329245939184,-0.23535918393212968,-30.4201564285689,0.2595894296709645,0,0,0
0.9100330958698777,-0.03843515346569717,25.785049584393164,-0.20390901356093138,-30.184781114417092,0.23047811014439504,0,0,0
0.8800029668641542,-0.036428682218277685,25.66129351571732,-0.17115200201567973,-30.0220305765786,0.19838077418142747,0,0,0
0.8538675035040626,-0.03433239309424465,25.60185973697122,-0.1400522423638762,-29.926497471584327,0.1663556563726445,0,0,0
0.8288732299980239,-0.03208864532580691,25.584312968712084,-0.11205808051892063,-29.879164018067343,0.1359469530184782,0,0,0
0.802545088603182,-0.02948822031534206,25.5793167819578,-0.087060649696258,-29.852835981846965,0.10709340334848605,0,0,0
0.773772522539133,-0.02622738990824729,25.56048047816006,-0.0638103308652603,-29.82164982364884,0.07860057763035684,0,0,0
0.7435559359491606,-0.022000773263475538,25.514164090490794,-0.04059613799909698,-29.771332164860638,0.048944520338537245,0,0,0
0.7151366846091207,-0.016602855351149515,25.445404932923964,-0.015939775096504148,-29.706087580727484,0.017067942069579088,0,0,0
0.6934087686668846,-0.009992421054028,25.377395527831396,0.01087566363267456,-29.648869642409096,-0.0170986123938917,0,0,0
0.683672849221864,-0.0022970178071815895,25.34422593728658,0.039511135310684155,-29.634150652265333,-0.052483598828428055,0,0,0
0.6900253632351223,0.006216645642001595,25.379088204402194,0.06852073924771673,-29.69533591103172,-0.08703575878096785,0,0,0
0.7139744133526591,0.015163760915181967,25.501895764752277,0.0955558690346436,-29.85135115588281,-0.11809508690822099,0,0,0
0.7539432929637826,0.024042863504961078,25.710616373297967,0.11783236975263947,-30.097483595523244,-0.14288629199192826,0,0,0
0.805903051926208,0.03224511088793207,25.979424321818925,0.13281670269873586,-30.404000006351623,-0.15908033980512926,0,0,0
0.8647115450231979,0.03910861694299115,26.264524174434968,0.1390042058832705,-30.723193569656644,-0.16537997399547066,0,0,0
0.9254101316909527,0.044035821336750304,26.516039168506495,0.13658433309103657,-31.00260069273105,-0.16204649109579633,0,0,0
0.9839845709987713,0.0466561481220424,26.69248778801719,0.1277535649819015,-31.20019508477992,-0.15120975884218807,0,0,0
1.0375877934884414,0.04697659363747988,26.773571959911322,0.11649803453591404,-31.296890978778777,-0.13677269409890017,0,0,0
1.084494938096796,0.045440810538599406,26.7674375866641,0.1078386003400226,-31.302669382363803,-0.12381282366266647,0,0,0
1.124031062589367,0.042839936357263755,26.710069268196946,0.10672889148765705,-31.254615563223297,-0.1175642465487158,0,0,0
1.1565868444555463,0.04008862417961438,26.65662385422121,0.11690019568798675,-31.2074334994536,-0.12221931561427084,0,0,0
1.183740349727458,0.03795400834514595,26.666876110111417,0.1399221218168094,-31.21907809687181,-0.13985219167560387,0,0,0
1.2083513983497767,0.036848777789428765,26.789002376698193,0.17466406235188572,-31.335611832149908,-0.1697433058893182,0,0,0
1.2343024154988456,0.036760357060235546,27.046713236695496,0.2172630582864315,-31.57964247183878,-0.208290503731925,0,0,0
1.2655977868193418,0.037320039738172286,27.433526131314835,0.26162851114512475,-31.945386725799352,-0.24954462953612905,0,0,0
1.3049502151424122,0.037959880367196774,27.91526038667459,0.30042641160607675,-32.40112260948709,-0.286256578389623,0,0,0
1.352472348893059,0.03808269320176265,28.439128411536046,0.32639269346374816,-32.8976281436731,-0.31122432987629056,0,0,0
1.405191364090797,0.03718446116892693,28.946202542775637,0.33374241756961565,-33.37979601609803,-0.3186818565134132,0,0,0
1.457695335478519,0.03491306425162577,29.38372269811535,0.3193781618349959,-33.79811567772509,-0.3054499614992068,0,0,0
1.5036298662613348,0.03109775300163875,29.714333384257714,0.28358819354234865,-34.117181347119526,-0.2715853450165241,0,0,0
1.5374137764731728,0.02579473623155053,29.92055078885869,0.23001809154535238,-34.319676798216506,-0.22035970065201696,0,0,0
1.5555849614167272,0.019347628550293906,30.004300285807574,0.16490534043405206,-34.405896662005944,-0.15757255051163382,0,0,0
1.5574820408660344,0.012403804660212358,29.982783995048152,0.09579666112097981,-34.390111447141976,-0.0903852093455697,0,0,0
1.545279945515233,0.005825588617327071,29.882595172118982,0.030106036401488723,-34.29549592200402,-0.025982951824482826,0,0,0
1.523545149134847,0.0005000381411306876,29.73370704676836,-0.026130206181653647,-34.14898373231952,0.029612677666872856,0,0,0
1.4984265006453512,-0.0028749922630467496,29.56431379101511,-0.06905086970756144,-33.97684811460343,0.07234354154125242,0,0,0
1.4765103954951826,-0.003933556093420521,29.397095022745845,-0.09722279540715988,-33.8014802371288,0.10043105515964328,0,0,0
1.4634472502640676,-0.00266844022448538,29.247262906790525,-0.11141818987981936,-33.639625534342855,0.11426424777292254,0,0,0
1.4626957168898258,0.0006283420092572101,29.122420636298813,-0.11412620960529125,-33.501988901056365,0.11603076603822729,0,0,0
1.4748799436308673,0.005440361887725942,29.0238246871821,-0.10905226157840105,-33.393745931707,0.10929473518351926,0,0,0
1.4980782155389676,0.011068295765919344,28.948322834787092,-0.1007509540368062,-33.31536624662007,0.09863930823099451,0,0,0
1.5289005591718734,0.016657265513595122,28.89011838700938,-0.09433105415102432,-33.26325418427672,0.08932209402789226,0,0,0
1.5637654609586065,0.02127867259344072,28.84152189899524,-0.09501221885428209,-33.2298037867597,0.08676058211723045,0,0,0
1.5996835643924925,0.0241094203667231,28.792072556334972,-0.10733661603399298,-33.20254857016883,0.09569100064383065,0,0,0
1.6342281067940405,0.024660996041737347,28.726197506400297,-0.13406101126404338,-33.16259065000958,0.11904472001986335,0,0,0
1.6649991557813024,0.022936669840123613,28.621003249504867,-0.1750633728441386,-33.083627174324505,0.1568625572741155,0,0,0
1.6892971214295898,0.019412470524306967,28.446972834203024,-0.22680018261394252,-32.933874415956495,0.20575365214162106,0,0,0
1.7045414539312986,0.014841567727806648,28.173896746450595,-0.28277027406774097,-32.68271552790455,0.2593409373075616,0,0,0
1.7093056773071993,0.009993089519744558,27.78181052365838,-0.33503703825311676,-32.31154170085773,0.30976078278210367,0,0,0
1.7042466420321034,0.005470365402108257,27.273190958740713,-0.37631217510931664,-31.825120358965847,0.3497475913525335,0,0,0
1.6922029207820373,0.0016834763029052624,26.680321008647667,-0.40175566756933845,-31.257829725203862,0.37446996392482673,0,0,0
1.6773162364499399,-0.0010701028453311777,26.06241564633197,-0.4097710097500823,-30.669844811201102,0.3823814584643316,0,0,0
1.663696356156052,-0.00253810437619677,25.491151516464072,-0.4016243986381312,-30.132195958938667,0.37487613323920926,0,0,0
1.654387218413575,-0.0025480774280410403,25.028950805241806,-0.3803232898663282,-29.705072656643495,0.3551434777802996,0,0,0
1.6510628698230931,-0.0011258911423240648,24.708640830706912,-0.34944921468861023,-29.41789101076131,0.32691044372000133,0,0,0
1.6542981273279906,0.0014024386290145685,24.523293152004044,-0.3124335245470945,-29.25981258968119,0.29361128557115423,0,0,0
1.663916077667622,0.004420613537421047,24.43072884782171,-0.2723187567801119,-29.185113083564403,0.25810900842031115,0,0,0
1.6790606796508882,0.007168158583016293,24.370663847787313,-0.2317073062063315,-29.131280750101553,0.2227032752327034,0,0,0
1.6980467658839586,0.008970402736214567,24.287318376772276,-0.1925689769478282,-29.042437263657717,0.18904139290355318,0,0,0
1.718271028322249,0.009453770825628283,24.148855713269768,-0.15582801537592558,-28.889007503254305,0.15776327486109665,0,0,0
1.7364090561562477,0.00865274212397793,23.957133440846548,-0.12096792854627836,-28.67673964100075,0.12808344173826924,0,0,0
1.7489978222801028,0.0069744238085093,23.745342584268656,-0.08603596604298787,-28.44281205887407,0.0977366056986682,0,0,0
1.7534003835181977,0.005061748947387912,23.56546174698579,-0.048280158002543774,-28.241782029903135,0.06359366854265716,0,0,0
1.7489249266698579,0.0036291607970369453,23.47067065148255,-0.005304547956947658,-28.127439908032528,0.022874234136793348,0,0,0
1.7375902910628724,0.00332319238519716,23.49896154524413,0.04367493042184663,-28.137056593378617,-0.025484089054435798,0,0,0
1.7240423654130836,0.004622749628934742,23.662933491574165,0.09696452993733828,-28.282446532694507,-0.07986163513246822,0,0,0
1.7145335671415012,0.007772439652602259,23.947927267796274,0.15025478220137814,-28.54917639813783,-0.13580649901244043,0,0,0
1.7153522876212577,0.012737079568817932,24.317618368217836,0.19729244843434798,-28.90253840873362,-0.1867919396209686,0,0,0
1.7312786897359302,0.01917178138353819,24.724067680990743,0.23119500478949817,-29.297278154202075,-0.22564996707996557,0,0,0
1.7644985246115965,0.02642306872376281,25.11850101264315,0.24606312063042993,-29.687623854578987,-0.2462438425082638,0,0,0
1.8141334526822703,0.033596958672681865,25.45968126286033,0.2384709547771166,-30.034804631125155,-0.24491500304767158,0,0,0
1.8763686179682821,0.0397177104578816,25.718267068612136,0.20844182940831502,-30.310731455083754,-0.22135550033764276,0,0,0
1.9451181973535796,0.0439530744377322,25.87741179488077,0.15963951973809004,-30.49828170070279,-0.17873348233865727,0,0,0
2.013155613907486,0.045833717974761615,25.93130185778685,0.09871147381047365,-30.589878333115166,-0.12307861712511965,0,0,0
2.073559877789691,0.04538147521819127,25.883671093015295,0.03396986093439978,-30.586206623855333,-0.06210091516519469,0,0,0
2.1212194699918996,0.04309355405658977,25.747351785657315,-0.026200074926381944,-30.496001536070935,-0.0037564347247752037,0,0,0
2.154064311518823,0.03979019603265073,25.544322465177174,-0.07475637523342868,-30.336511221524404,0.045065363242423474,0,0,0
2.173689467368874,0.036386736771312655,25.304733106322573,-0.10690570485824083,-30.133324579984816,0.07942628952768019,0,0,0
2.185093441917843,0.03367119531252172,25.06376629033474,-0.12037629972819275,-29.918287305854022,0.09666449644391265,0,0,0
2.195434065177494,0.03215222254575707,24.85650026337933,-0.1151570216201577,-29.72518820182674,0.0962259367067162,0,0,0
2.2120354130087776,0.03200254565033447,24.712117510526042,-0.0929524317795682,-29.58415099870092,0.07921410388593983,0,0,0
2.2402359856814087,0.033080091340427484,24.649210020029727,-0.05663502367220019,-29.516468559806952,0.04791745010883801,0,0,0
2.281830150478797,0.03498473227737975,24.673648797598844,-0.009871868079920887,-29.531636736263664,0.005496913391891667,0,0,0
2.3346778393650567,0.03711706490657747,24.779731641585272,0.043081759413206556,-29.627618966048004,-0.04416130943560574,0,0,0
2.3935853342930358,0.038738905152932546,24.954146775219613,0.09758096895929783,-29.794065584995934,-0.09659256381132195,0,0,0
2.4520203833961745,0.039063615371145485,25.181001548935313,0.148958784768152,-30.016827034982555,-0.14709583352870084,0,0,0
2.5039116342926206,0.03739921692236692,25.445603784377965,0.19311476603639335,-30.281542087605487,-0.19133230545019445,0,0,0
2.5448601164346485,0.033326567211432234,25.735550700454638,0.22719850858473195,-30.574937674340873,-0.22604823164802496,0,0,0
2.5724824934471684,0.026849575554200554,26.03957597992772,0.25013915150672117,-30.884212943967242,-0.24966683963964442,0,0,0
2.586070218888949,0.018443648561081716,26.34608811106085,0.2627754662951361,-31.196146537113748,-0.2625034435155271,0,0,0
2.5860275822324468,0.008962505638557161,26.643265170889975,0.26748104857751115,-31.497474053202865,-0.2664934495811394,0,0,0
2.573501657795731,-0.000580487210531544,26.921195105877047,0.2673983085917513,-31.776950876287202,-0.26452649445746773,0,0,0
2.5503259060208023,-0.009287403196920252,27.175040312666056,0.2655814198039536,-32.02830513266011,-0.2596521394622073,0,0,0
2.519114324975874,-0.016604753721452425,27.407486304536633,0.2643791142971651,-32.252653401203276,-0.2544590994753236,0,0,0
2.4832103906786074,-0.022411125927484933,27.628957260994724,0.2652199465348389,-32.45900008080733,-0.2507964009972284,0,0,0
2.446215511290859,-0.026930863599331188,27.854984634852826,0.2687119004258932,-32.66209197955723,-0.2497892716893176,0,0,0
2.411037602323418,-0.03053304373697614,28.1014179824175,0.2748312279250797,-32.87806348222756,-0.2519593415919218,0,0,0
2.3788125792201242,-0.03353395539209174,28.37934184342629,0.28303791583604154,-33.11952866909411,-0.257280413086329,0,0,0
2.348371234172319,-0.03610615613737025,28.691775445276107,0.29232991855097623,-33.392176953939526,-0.26515076273285276,0,0,0
2.316761582895637,-0.03832190520329561,29.033207115319783,0.3013771849159582,-33.694039254006924,-0.27441254959510675,0,0,0
2.2806971448626854,-0.04026923148653623,29.391577450140772,0.3088519039928343,-34.01706746912208,-0.2835732806156074,0,0,0
2.2381621038748136,-0.04212592230556282,29.751574264237462,0.3139015756837864,-34.34975500715049,-0.2912481195084723,0,0,0
2.1892643446471,-0.0441024593128617,30.098339498175818,0.31651447800242066,-34.679812759988636,-0.29662617207380604,0,0,0
2.1358952729429177,-0.0462657597164835,30.421258153696215,0.3174595458675924,-34.99677889715434,-0.2996254543295578,0,0,0
2.080518075813245,-0.048360295410059,30.717476300923067,0.31763928188348983,-35.2947328869634,-0.3004826704881225,0,0,0
2.0249562882352308,-0.04976786877401196,30.99400039169069,0.3170221649879636,-35.574573174641955,-0.2988353860769877,0,0,0
1.9700130091948012,-0.049670400454984075,31.26656276244171,0.3136331814678897,-35.84432520296562,-0.292724349370161,0,0,0
1.9161549820552892,-0.04735402898058823,31.553937302102213,0.3031835777480552,-36.11578321238969,-0.27812668060653606,0,0,0
1.8647682800717291,-0.042502466504959105,31.868168264111006,0.2797252655905737,-36.39700365882075,-0.24947692559706525,0,0,0
1.8190828951555176,-0.03533312990080191,32.20342876519942,0.23728152752340748,-36.6823931147768,-0.2011899358939644,0,0,0
1.7839931403128446,-0.026523563745119817,32.52790926481967,0.17194126385547862,-36.94431096282369,-0.12970111061652007,0,0,0
1.7646218140689314,-0.016989757699288077,32.783410041718014,0.08366188456580233,-37.13102181321585,-0.035267580685967914,0,0,0
1.7642396795975088,-0.007638937174196769,32.895592154081555,-0.022863881477971405,-37.17458201595929,0.07713281601949121,0,0,0
1.7825639739348986,0.0007977179276736024,32.79407342893029,-0.1385194199896489,-37.00867825609399,0.19808130656115566,0,0,0
1.815282438362047,0.00781467370607487,32.43688893947785,-0.25100547628330505,-36.5917439931286,0.3149780108126379,0,0,0
1.85505871124235,0.013098400386358833,31.830619237348714,-0.3464579936920643,-35.927248981501634,0.41376014411528955,0,0,0
1.8936236374528335,0.016482097874998658,31.037923947661994,-0.41097368186769356,-35.07299704277071,0.4805697989243839,0,0,0
1.9241321613320252,0.017941888988944756,30.168743102205724,-0.43198708903726696,-34.13497014677813,0.5032015625302335,0,0,0
1.9429150171324778,0.017631487729185834,29.358113501277955,-0.39981798092467785,-33.24722355069437,0.4725448812338186,0,0,0
1.950066899019106,0.0159099797645041,28.738848828278776,-0.3096501244129598,-32.544791673623905,0.3842887215551542,0,0,0
1.9488141190628312,0.013324328439499312,28.418172446142734,-0.163676353326278,-32.13861297357985,0.24076014533831938,0,0,0
1.944040703958379,0.010549339676940406,28.463539151345344,0.02745309747417366,-32.09900618791352,0.05221932888135825,0,0,0
1.9405545568893672,0.008313931290348364,28.897412344834777,0.2449081268426852,-32.4491332036211,-0.16330673716539365,0,0,0
1.9416637715799396,0.007322208233472338,29.69757218480069,0.46421551576630693,-33.165791040542445,-0.3822325723584328,0,0,0
1.94852572275704,0.008140871992776511,30.800125406215074,0.6596380837750815,-34.18414253974541,-0.5794359628097225,0,0,0
1.960552108011754,0.0110349454363444,32.10515021209045,0.8091180457159766,-35.40505569268805,-0.7330180107227534,0,0,0
1.976762950356317,0.015803012319113918,33.487005216088846,0.8982593868979478,-36.706064414424645,-0.8283510831381733,0,0,0
1.9973542436667486,0.021721676311115344,34.81089825986879,0.9223081801254637,-37.95729587036246,-0.8602824111473467,0,0,0
2.024323737060243,0.027683812205911807,35.95449433902877,0.8859369332659014,-39.0415831787916,-0.8331352785715325,0,0,0
2.06041635338255,0.03250989229890848,36.83002928543854,0.801323693367857,-39.87497178085144,-0.7588868942196114,0,0,0
2.1068442422539704,0.03530037246717939,37.40076631512221,0.6852702235906406,-40.422123804961586,-0.6542575838684315,0,0,0
2.1612574670695324,0.03566165024143118,37.68662095259998,0.5560255010350801,-40.701830299386984,-0.5374328254182558,0,0,0
2.2173926789484852,0.033711256392433595,37.75678167749379,0.4303107326675473,-40.78048598933643,-0.4249801440355526,0,0,0
2.2667626945690245,0.029905011937954383,37.71080911847926,0.3209163464665664,-40.75465998273856,-0.32938360809955325,0,0,0
2.301529447428834,0.02482685388726651,37.65282764212148,0.23515264221094584,-40.72671837842972,-0.2575090563580943,0,0,0
2.317168610426066,0.019064709175570727,37.66540522244125,0.1743311398953324,-40.77938394687061,-0.21017594343175006,0,0,0
2.313875514280653,0.013191626836207605,37.79011254276432,0.13432225468495745,-40.95586585478017,-0.18284171699394278,0,0,0
2.2964043630462925,0.007782923955024046,38.02006172453446,0.10709141859194346,-41.25113195135799,-0.16723790387219992,0,0,0
2.272592275932908,0.0033988933937123987,38.30602076113823,0.08294838585061655,-41.61667374237254,-0.15363742341128842,0,0,0
2.251063445138257,0.0005269825606262657,38.573340684391866,0.05305897284960111,-41.97673121516894,-0.13328518908701598,0,0,0
2.2387605106160464,-0.0004721994618080316,38.743988861971786,0.011647636249293214,-42.250540974901014,-0.10045784934884523,0,0,0
2.239086706619773,0.00061840371126749,38.757535138519415,-0.04263762086763449,-42.37420933810898,-0.0537038338364539,0,0,0
2.2513816128856092,0.0038833783963909243,38.58626553599996,-0.10649971121971191,-42.31686022344931,0.003966602724312906,0,0,0
2.272032520175287,0.009287968810714631,38.24139884697527,-0.17287758286834673,-42.08751187360872,0.06590468000901524,0,0,0
2.2968074528107536,0.016692164520979703,37.76930400461441,-0.23261948176548514,-41.731296871918175,0.12339131403084025,0,0,0
2.3233526475387407,0.025887825446726253,37.239029013764906,-0.27648543999899855,-41.31642228523515,0.16754781338476618,0,0,0
2.3527092982445623,0.03666326604905805,36.7251154305672,-0.29705453726205067,-40.91619982753704,0.19117980780876848,0,0,0
2.389284051153439,0.04885705219752481,36.29128589585099,-0.2902195689357853,-40.59208515126784,0.1902276870557756,0,0,0
2.439513921142705,0.062340245514441506,35.97982594348338,-0.25603194702379994,-40.38276060206414,0.1645861270416617,0,0,0
2.5099416996055197,0.07688926075907147,35.80848628440188,-0.19871754215807869,-40.30125308132128,0.11812250118816223,0,0,0
2.605393171106627,0.09197978442893487,35.77344348935128,-0.12580136854882937,-40.33874289681333,0.057831379846814454,0,0,0
2.727657228595021,0.1066157777164733,35.85533944916156,-0.0464988121880765,-40.47193246755123,-0.007730913908480375,0,0,0
2.8747840680300243,0.11933694450212044,36.02594606576196,0.030211623069712347,-40.670998953032694,-0.07033089505795828,0,0,0
3.040925127766002,0.12846981219983888,36.254223425394486,0.09727186621263399,-40.9062868617271,-0.12370240841252667,0,0,0
3.2166052971001022,0.1325410317834738,36.51129031912612,0.15051154523503385,-41.15298307345003,-0.16446484350341564,0,0,0
3.3895104247034737,0.13066771719196596,36.77404089188414,0.18873372835755617,-41.39373142431995,-0.19212724496439365,0,0,0
3.5460787432657668,0.12275697180218544,37.027231661264324,0.2130921417632777,-41.619508778116625,-0.208346399323392,0,0,0
3.6739821731518276,0.10946274612593783,37.26400455797733,0.22610208229102396,-41.829109235393105,-0.21581871100548256,0,0,0
3.764924238977443,0.09197229832082598,37.484941395833715,0.2305991375654571,-42.027409037098295,-0.2171881999144148,0,0,0
3.816618871525179,0.0717511282981917,37.69582356797744,0.22886709317629936,-42.222525530965214,-0.21424300720740916,0,0,0
3.8329628891284813,0.05034567612990344,37.90436490698406,0.22210550127815337,-42.42220689004725,-0.20756137091599386,0,0,0
3.822284689854399,0.02925664242989825,38.1163602720718,0.21036698016722255,-42.63011957760605,-0.19666341219008815,0,0,0
3.794507051238284,0.009818189365873309,38.33193744141653,0.19298225779100164,-42.84288095217684,-0.18058874533875552,0,0,0
3.758436410747919,-0.0069780940821175365,38.54289435715748,0.16930961280977214,-43.04871693380119,-0.15867398948168443,0,0,0
3.7200620583991366,-0.020683990084106086,38.73234533190765,0.13949745789570614,-43.22859678260997,-0.1312293114202447,0,0,0
3.6820768490024562,-0.03150018141572843,38.87771069355637,0.1049436708493829,-43.360365546220834,-0.09986436654698708,0,0,0
3.6442606369245,-0.040180045902896214,38.95705423917434,0.06828995075327668,-43.42539623150418,-0.06736883072735508,0,0,0
3.6042012323306523,-0.0477402275320145,38.95710068607505,0.03300758115675251,-43.41584913020995,-0.037230024270905916,0,0,0
3.558084338136382,-0.055101351783439154,38.87991597479078,0.0027787466296899767,-43.33970215130074,-0.012984576758759659,0,0,0
3.501617057367895,-0.06280941700864702,38.74526027647127,-0.019110572319235075,-43.221169196435085,0.0023927285410763944,0,0,0
3.431162430099519,-0.0709298257263967,38.587264414516824,-0.030238752280948234,-43.0958951973208,0.006946126388066886,0,0,0
3.344882414534254,-0.07911567756832057,38.44643608363933,-0.029359389396071835,-43.00241982031511,3.43229441028825e-05,0,0,0
3.2434935334038926,-0.0867760022646337,38.35972490771343,-0.01660060154121936,-42.97272671976444,-0.017492694845745404,0,0,0
3.1303422406614487,-0.09324144178487614,38.35178863396513,0.0064187013096471904,-43.024789648390424,-0.043234142585572496,0,0,0
3.0107638011351696,-0.09786323203233707,38.42995780909817,0.03661372529591631,-43.1591355187293,-0.07338235665826857,0,0,0
2.8909200733192506,-0.10005828392549602,38.58411679959565,0.06972581074126367,-43.360022316779805,-0.10318571640065102,0,0,0
2.776500614278163,-0.09936037809339382,38.79104822376215,0.10095153669732326,-43.600323179961634,-0.1277466391693963,0,0,0
2.671786814481891,-0.09551460338764457,39.02128769917152,0.12580836470593795,-43.848190556065674,-0.14298802836468952,0,0,0
2.5794520178130114,-0.08858961089538298,39.24605322774994,0.14098456905662998,-44.07352571788343,-0.14648786998332924,0,0,0
2.5010342181129346,-0.07904190024015634,39.44251838388391,0.14489915951225782,-44.253026360441595,-0.13789407724665353,0,0,0
2.437558649165581,-0.06767868933936114,39.596779781490056,0.1378042090790501,-44.37336158901476,-0.11878700530922118,0,0,0
2.3897363806578085,-0.05551571811088394,39.704519730698706,0.12144116758938991,-44.43230010396201,-0.09208448853985089,0,0,0
2.357597424450063,-0.0435798072106266,39.76957059827973,0.0984468307898311,-44.43760541959773,-0.061276389968944044,0,0,0
2.3399232382598854,-0.032733431652890485,39.80078022908771,0.0717947215679402,-44.40373042085696,-0.02981227506994628,0,0,0
2.333976907741558,-0.02358212113511371,39.80799989988867,0.04447047403633917,-44.34700557182151,-0.0008040512340727445,0,0,0
2.3357628922104112,-0.01647138094936338,39.79852847548955,0.019361525997641137,-44.280867202178314,0.02304098865147921,0,0,0
2.340702542171897,-0.011526154348473483,39.77551653166046,-0.0008312990636284212,-44.213087079651075,0.03947792121857674,0,0,0
2.344452497952986,-0.008675983337160176,39.739234914850925,-0.013836381525806019,-44.14631330676514,0.046925876568630544,0,0,0
2.3436308064618743,-0.007647777407647993,39.69075796811333,-0.018209138670599145,-44.081566230224155,0.04477809776223296,0,0,0
2.336320408619301,-0.007956321765948359,39.63613364386032,-0.013713694887323413,-44.0226164739268,0.03364105001029429,0,0,0
2.322297105680846,-0.008937867168319258,39.58846679085377,-0.0014819696533578508,-43.978582376828996,0.015327284409576692,0,0,0
2.3029765472862067,-0.009846332759073562,39.566155915440646,0.01615000143130203,-43.9630413382757,-0.007442700581711393,0,0,0
2.281119650373583,-0.009991421688185653,39.587479211573736,0.03608181027144042,-43.9898244419754,-0.03152817079729573,0,0,0
2.2603600206004018,-0.008874116811708178,39.66364328021447,0.05502479864448162,-44.06731992075402,-0.05388550925311222,0,0,0
2.2445982360583656,-0.006275682223208889,39.79318020335509,0.07005973462414375,-44.193732727725745,-0.07199662283897794,0,0,0
2.2372995646196756,-0.0022720888771161187,39.96002848980257,0.07906409648285262,-44.35529420799543,-0.08416309944224168,0,0,0
2.2407883252900405,0.0028294184035019044,40.13633463437486,0.08096444032543104,-44.52836878762403,-0.08965967571895987,0,0,0
2.255711329835904,0.008603799527949717,40.28948290129574,0.07581533826596284,-44.68516839929626,-0.088736340791462,0,0,0
2.2808739842297854,0.014620113885727903,40.39135531435477,0.06470520618172201,-44.801532458613934,-0.08244842604109692,0,0,0
2.3135995198481396,0.0205054089431826,40.426774608688845,0.04947849661774058,-44.86424746834922,-0.07232022307232455,0,0,0
2.350591289715865,0.02595327500884679,40.39811119410808,0.032303659590377266,-44.875179134018595,-0.05991921291674771,0,0,0
2.389014542565704,0.030713312488313705,40.324309298100275,0.015194176327551646,-44.85040474619032,-0.046484222855073656,0,0,0
2.427320789230862,0.03460455332910186,40.23453127339096,-0.00038034817789593943,-44.81430870238637,-0.03273360035057919,0,0,0
2.4654141100322278,0.03755822265758724,40.15842824639188,-0.01371372311079142,-44.79052215147726,-0.018872242772988556,0,0,0
2.5041309861468335,0.03965112120957315,40.116216799258865,-0.024911904535736086,-44.79292485689322,-0.004714738786216799,0,0,0
2.5444326895028127,0.04108459726615763,40.111970253078084,-0.03479334820255815,-44.820136436546164,0.010164547546199287,0,0,0
2.586833858581059,0.04210110957760378,40.1325311525959,-0.04464859870508633,-44.855704791129824,0.026275852109392872,0,0,0
2.6312935564117765,0.042876898459026334,40.15234567018783,-0.055870426306782406,-44.873890827026145,0.04402363335550774,0,0,0
2.677385196325517,0.04344848014062848,40.14223626899741,-0.06950263691541352,-44.8486798464761,0.06346646828977213,0,0,0
2.724445492509716,0.04371017268884714,40.078841126663264,-0.08580301636781087,-44.76260199288723,0.08406608391748023,0,0,0
2.771602385491903,0.04347340976493541,39.95162520705722,-0.1039498277140467,-44.612420612924666,0.1045162836876699,0,0,0
2.8177835271559672,0.04253990148731077,39.76560503503245,-0.1220179605574856,-44.410168412635244,0.12276265478400887,0,0,0
2.8618055906371467,0.040744956586576106,39.53950490423682,-0.13729041525959929,-44.17964401948865,0.13628632113551759,0,0,0
2.902515836920699,0.037971897448213096,39.30039808271377,-0.14685930203366696,-43.94986131230246,0.1426262527456771,0,0,0
2.9388650837961876,0.0341715903753169,39.0767185221184,-0.1483500984319363,-43.74776202001652,0.1399989760717176,0,0,0
2.9698317043759204,0.02940069609598197,38.89179064750323,-0.14053651249007829,-43.592509888706076,0.12781176236544808,0,0,0
2.99428342444682,0.02384540675995339,38.75962699999991,-0.1236473711779837,-43.49284157977465,0.1068947335866028,0,0,0
3.0110125308939075,0.017786535759768185,38.68375264985116,-0.09929323837799017,-43.447628299569374,0.07937960824457094,0,0,0
3.019101100078686,0.011505181561081202,38.658735284678045,-0.07008836141632173,-43.448690085758926,0.04827412060585061,0,0,0
3.0184524534695356,0.005183595795649865,38.67347600176248,-0.03912654472901522,-43.484484369232746,0.016869948635383027,0,0,0
3.010056453091437,-0.001129886922431922,38.71515149527738,-0.009457537496209057,-43.54347327705864,-0.011850361566982315,0,0,0
2.995648884753649,-0.007466216553878269,38.77267265125255,0.016355721787687117,-43.616372330189535,-0.035676677447000316,0,0,0
2.9768574062479587,-0.013834414764824032,38.838621290073604,0.03658075414324173,-43.69690281343014,-0.05344652255572555,0,0,0
2.954351794877198,-0.02015568309843303,38.90913263542362,0.05056446443089726,-43.78116182594863,-0.06514044110338091,0,0,0
2.9275662145718684,-0.026288207516438435,38.98214314715631,0.05886812256233043,-43.86626563568635,-0.07182818627534857,0,0,0
2.8951695388371377,-0.03212319474203866,39.0553478653801,0.06322343960385694,-43.94927666317608,-0.07547530406795602,0,0,0
2.85593927679858,-0.037668746968647325,39.12543454143233,0.06622731155194402,-44.027306805331904,-0.07859245733932027,0,0,0
2.809455699909577,-0.04303886318017334,39.18939729416013,0.07075011493512591,-44.09903271060318,-0.08372128035468336,0,0,0
2.7562190249143015,-0.04833400074824823,39.24741651030135,0.07916187218245625,-44.16697194851241,-0.09281771028877586,0,0,0
2.697220506049149,-0.05348559956264722,39.30571039780105,0.09261194733378489,-44.239237409912306,-0.10668598750241073,0,0,0
2.6333689834049636,-0.05817095326735853,39.37742461079682,0.11063198333745276,-44.32939785045184,-0.12466629451915026,0,0,0
2.5652602529519157,-0.061858400807263084,39.48017380060381,0.13121806728943852,-44.45358513373637,-0.14472412165942786,0,0,0
2.4935173987654764,-0.06395531277594131,39.63024001189817,0.15134221864151698,-44.6250799163179,-0.16393184984227957,0,0,0
2.4194957992507256,-0.06397364685827256,39.835252108761466,0.1676733739682561,-44.84802170097274,-0.17916056424894578,0,0,0
2.345856681898283,-0.061636450867857205,40.088462980530835,0.17724783065651478,-45.11292858087785,-0.1877250848981987,0,0,0
2.276585530764507,-0.0569023914379585,40.367528538274485,0.1779168451992888,-45.39651787977036,-0.18779330705147004,0,0,0
2.2163861490391668,-0.04993887132814621,40.6388567278475,0.16854511447195647,-45.6666253037547,-0.17852785141454036,0,0,0
2.1697192313268516,-0.041093422239158885,40.86613103384269,0.14905200153061743,-45.89063835309264,-0.16006506640941892,0,0,0
2.1398545162357294,-0.030887554198432098,41.0198948168665,0.12041588275820629,-46.0442227974944,-0.1334717672506514,0,0,0
2.128196591669564,-0.020009555873923546,41.08487884979394,0.08469157398823199,-46.117170480427006,-0.10074323744856314,0,0,0
2.1339802701235016,-0.00925923201332779,41.06287575551639,0.04497175718561834,-46.114676364597244,-0.06477204630184304,0,0,0
2.154326030560327,0.0005734814204657823,40.97069381590998,0.005151394016155564,-46.05423579783056,-0.029129803551001032,0,0,0
2.1846418567811554,0.00885630116429752,40.83439883948023,-0.030588548875971355,-45.959797588824415,0.002439052772666628,0,0,0
2.21940024051149,0.015218471197543692,40.682167848643786,-0.05849538702695156,-45.85545407545837,0.02672238934236475,0,0,0
2.253264361765005,0.019567849832556307,40.53818055238702,-0.0759279385740399,-45.76064904389628,0.04168015871285604,0,0,0
2.2823203449691647,0.02203624308730241,40.41904247843604,-0.08176875856974278,-45.68781591528037,0.04674585651808627,0,0,0
2.304949160682142,0.022902656877499795,40.33297123908778,-0.07644374468249282,-45.64223477602803,0.04268108462130158,0,0,0
2.3219039433022886,0.022532738181401158,40.281177163573176,-0.06158355347149609,-45.62341445966899,0.031087309472681568,0,0,0
2.3355330145612925,0.021336377934818528,40.2606154311261,-0.03948268122526599,-45.62742121036584,0.01381556459666342,0,0,0
2.348559022542588,0.01971939181975415,40.26719126409651,-0.01256711689540566,-45.649711915246144,-0.007475034920565804,0,0,0
2.3630068388984995,0.018010072599496142,40.29843830869146,0.016953609398808567,-45.68786551838423,-0.03146781508949914,0,0,0
2.3796534123743385,0.01637171242210087,40.35485828119502,0.04719307053241835,-45.74336270310374,-0.05707624577403862,0,0,0
2.3980056361293407,0.01474240547500898,40.43957202722757,0.07652654955435594,-45.82164194285778,-0.08322729796568354,0,0,0
2.4165941587090316,0.012847276529551265,40.55649667968973,0.10348853013407791,-45.930204424664026,-0.1087081473893818,0,0,0
2.4333650877599666,0.010296199632031744,40.707716646375104,0.1267164191041985,-46.07532719479127,-0.13214558257256215,0,0,0
2.4460374691901734,0.006731083173154673,40.890973183760224,0.1449526389669984,-46.258578373020754,-0.15207703686472768,0,0,0
2.4523732154322317,0.0019600013381918303,41.09823673463134,0.1570694687820236,-46.47450775568487,-0.16703605807133498,0,0,0
2.450376708597801,-0.003968878421031263,41.316062464913955,0.16208503850373573,-46.71049593356281,-0.17562001494530932,0,0,0
2.43849501088161,-0.01076475327166122,41.52777962216808,0.1591806334911013,-46.94887703609146,-0.17657229440593197,0,0,0
2.415869854274135,-0.01795263904328408,41.716717653766494,0.14776606614313437,-47.17048228389342,-0.16892799457444596,0,0,0
2.382606852280418,-0.024978416923539727,41.869132996511695,0.12762890474467098,-47.35822609909758,-0.15222563359824903,0,0,0
2.339964628164026,-0.03133724451078734,41.97570866623238,0.0991462708502894,-47.499562852556835,-0.12672478340456622,0,0,0
2.2903581034127285,-0.03668484918675006,42.03137836213858,0.06347718979313868,-47.5873648869171,-0.09354715422722962,0,0,0
2.237067768276191,-0.04089012467692754,42.03415734112107,0.022630945484991116,-47.619484370408486,-0.0546841560167536,0,0,0
2.1835809185245694,-0.044014999937779464,41.984005693821814,-0.020657043581354628,-47.59758353077376,-0.012857687291278808,0,0,0
2.1326650240823,-0.04624446927249011,41.88243589226312,-0.06322588014167821,-47.525826207066416,0.028742758320009897,0,0,0
2.085524723564731,-0.04780996601819254,41.73300863256273,-0.10186617648786296,-47.409979297957165,0.06680255701572549,0,0,0
2.041475461828526,-0.04894267939498605,41.542371919763866,-0.1336468510887215,-47.25733749373035,0.09824797016496803,0,0,0
1.9983450115038153,-0.049864404598139345,41.32120918635454,-0.15611630380211636,-47.07745390900425,0.12057236876493391,0,0,0
1.9534251615492337,-0.05078759682140941,41.08445885234971,-0.1673963396049743,-46.88305470069332,0.13206749511865326,0,0,0
1.9045071920984924,-0.05188166751447767,40.850471231633065,-0.16625850791506877,-46.69020052894032,0.13193799035705922,0,0,0
1.8505378342141654,-0.053191889967639835,40.63924015534516,-0.15227194245672707,-46.517083150907155,0.12032445743252822,0,0,0
1.791714057431335,-0.05455307955904516,40.47021532411742,-0.12603790657597927,-46.38164119926776,0.09829133093051609,0,0,0
1.7291918000620967,-0.05557084790526119,40.36019394507133,-0.08942160944165778,-46.29880941922195,0.0678193471290939,0,0,0
1.6647642433797927,-0.05571492048564437,40.321420614671126,-0.045623302081148155,-46.27820362720317,0.031775958733445006,0,0,0
1.6007461244059016,-0.05449821282958709,40.35971646769585,0.0010438788686002454,-46.322581632741134,-0.0062279547381791645,0,0,0
1.5399939279742796,-0.051654994651667605,40.47262956680294,0.04568029023760971,-46.427065988652004,-0.042176239062675334,0,0,0
1.485766982775914,-0.04722940912132856,40.64815582534729,0.08349172059200213,-46.57914402243941,-0.07215652270830333,0,0,0
1.4411958066473716,-0.041542194854244485,40.864976165543055,0.11042609550501652,-46.7596943216698,-0.09289187915642287,0,0,0
1.4084430332533628,-0.03507140634195309,41.094897641035715,0.12357556982626364,-46.94533424807511,-0.10211469309553252,0,0,0
1.3879572455818163,-0.02831599683104713,41.30727413400916,0.12130318864634546,-47.11196291956708,-0.09869824552420141,0,0,0
1.3782437430008798,-0.02170211255931065,41.474157361265185,0.103198028233993,-47.23864837799019,-0.08260333197705165,0,0,0
1.3762921088888902,-0.015558796205127123,41.574476279167584,0.07001993818448682,-47.31055999083199,-0.05476806757903603,0,0,0
1.3784777366425658,-0.010146381496277002,41.59594964333397,0.023726084290350967,-47.31995635017728,-0.017026900458159844,0,0,0
1.3816042750693214,-0.005684014615957267,41.53445250113458,-0.0324768302250078,-47.26518608244518,0.027958903695417803,0,0,0
1.383724998812795,-0.0023240302969028902,41.39169675003578,-0.09422821233218599,-47.14861495251165,0.07685618371727401,0,0,0
1.3844059659230084,-6.992868913471283e-05,41.172828948647805,-0.1564213344421148,-46.974746664442364,0.12599121714914646,0,0,0
1.3843031678131439,0.0013098252347475635,40.8854166682508,-0.2139412338764913,-46.749413027021006,0.17185605258499947,0,0,0
1.384355660487799,0.0023041787519190392,40.54020786329298,-0.2625510483955793,-46.48010528471562,0.2116668348143918,0,0,0
1.385202730284334,0.0035756951185163645,40.152615517713855,-0.29961377885872764,-46.17677241090237,0.24377872894233973,0,0,0
1.3872579586904692,0.005776517043494777,39.743060789588014,-0.324358929496276,-45.85205074807561,0.267785177484393,0,0,0
1.3913419953483555,0.009330672437664589,39.33474502250027,-0.33758677464417985,-45.52008785214019,0.28424230376246556,0,0,0
1.3993338964080806,0.01429162501959098,38.94896579521179,-0.34096667229354977,-45.19389164268807,0.2941209121419206,0,0,0
1.4142346878277294,0.020353841021113796,38.59981185474669,-0.33627810530854274,-44.88216906075388,0.298226355952977,0,0,0
1.4393694455042692,0.02699502675839227,38.29086320617182,-0.3249307137788634,-44.58733430760125,0.2968489420936692,0,0,0
1.477031723189441,0.03364043213766053,38.01582900359398,-0.30788765897627,-44.306191914886995,0.28977591236001105,0,0,0
1.5273222161189182,0.039751778662932225,37.76316222571231,-0.28585794498285394,-44.03353754302316,0.27658819404113333,0,0,0
1.5878415780242818,0.044827515190903,37.52263561516537,-0.2594948943975936,-43.76714946749124,0.2570212036359919,0,0,0
1.6543059280717216,0.0483739050828035,37.29090072550434,-0.22940754763616553,-43.51161586377893,0.23117315226751317,0,0,0
1.7216070516609392,0.049919081652470255,37.073738927951155,-0.19598622780196137,-43.27901328730226,0.19947724709642217,0,0,0
1.7847757453197914,0.04910335899248679,36.884481339759475,-0.1592207505244147,-43.08616880766428,0.16252875500502456,0,0,0
1.8396171472573855,0.04581851446729814,36.739796078524336,-0.11872749810948165,-42.949875815780274,0.12096107381383092,0,0,0
1.8830729472361156,0.040319949600407766,36.654890318850136,-0.07406498079941456,-42.88216012001294,0.07550910949285879,0,0,0
1.913425504352432,0.033233325635886504,36.639949576727076,-0.025201987762790166,-42.88739658978966,0.027212171017859534,0,0,0
1.930403035429137,0.025429241215300637,36.698655700927674,0.027123404514824756,-42.96204675755101,-0.022445030849550563,0,0,0
1.9352168678624224,0.01780829919596414,36.82855402249916,0.0813628536686366,-43.096581176748685,-0.0716348075116457,0,0,0
1.9305217121229958,0.011078974091159922,37.02251241771816,0.13547030315843359,-43.27844644809457,-0.11855001910786882,0,0,0
1.9201748343831468,0.00560860157912515,37.27061573753747,0.1874268723375792,-43.49502775731264,-0.16187706593486267,0,0,0
1.908598340224728,0.0013943376191051017,37.56213477065259,0.23573886608533598,-43.736066172274434,-0.2011496982246058,0,0,0
1.8996900436205806,-0.0018482955110300735,37.88736746463752,0.27968244430713296,-43.99536136241872,-0.23678956587907293,0,0,0
1.8955654862313907,-0.0045294613358706215,38.23918437134381,0.3191857282843557,-44.27166899874297,-0.26976779168030307,0,0,0
1.895703163048637,-0.007038103321362144,38.61406480190013,0.35441470656526236,-44.5686464751289,-0.3009992506092999,0,0,0
1.8970163234271666,-0.009664809599749446,39.012278979703495,0.38527603355244366,-44.893657102259,-0.33072124575452333,0,0,0
1.8949425492421312,-0.012598225955017028,39.436774019798406,0.41108043205441047,-45.25529224858039,-0.3581205557082825,0,0,0
1.8851084220704308,-0.01594201731594893,39.89051298377123,0.430510422802692,-45.65972467435404,-0.3813470900365587,0,0,0
1.864835834648801,-0.019694096469945067,40.372701088151786,0.4418759103716212,-46.106573682841685,-0.39787666782695796,0,0,0
1.8338736161255014,-0.023682758467022325,40.8752727532426,0.4435168972248363,-46.585658905639804,-0.4050666804669675,0,0,0
1.7941925748329766,-0.027516543346510502,41.381420058081574,0.43418883323996055,-47.076233314395466,-0.4007311340608311,0,0,0
1.7491781670652387,-0.03061711864387604,41.86723899867951,0.4133395447430729,-47.54953707264002,-0.38361505452997446,0,0,0
1.70274907892113,-0.03235696482211381,42.30612656835373,0.38128619008180636,-47.9741280406883,-0.3537143522204957,0,0,0
1.6587379015611674,-0.03225944608941944,42.67435334359217,0.33934079383034543,-48.32233580341264,-0.3124278056050912,0,0,0
1.620537729583532,-0.030181237268678274,42.95595313429973,0.2898775713566721,-48.57595781573721,-0.2625262396682018,0,0,0
1.5908451369884062,-0.02639784273082455,43.145674427134225,0.23623573169063547,-48.729807647558744,-0.2078911409358369,0,0,0
1.5713729010209931,-0.021548533752391564,43.24963592061647,0.18232582969299074,-48.792435770785346,-0.15297319659491676,0,0,0
1.5625139611762364,-0.016456735634302787,43.283920922074685,0.13193013743434961,-48.78400273040495,-0.10201213962904206,0,0,0
1.5630234619620182,-0.01189868468966182,43.27147680171851,0.08788886227095247,-48.7318360795237,-0.058205133866928806,0,0,0
1.5698951888172559,-0.00841282205699514,43.23763007014895,0.051485319399986906,-48.66457031499817,-0.023092085201102463,0,0,0
1.578707237309061,-0.006211280690152421,43.20467835501148,0.02228257794801323,-48.605965280344634,0.003633042960902344,0,0,0
1.5846108107222108,-0.005196646088032253,43.18654037302301,-0.001543157089705005,-48.56965846893044,0.02384031796841839,0,0,0
1.5837622320245117,-0.005043585975599285,43.18501519106326,-0.02254796085377393,-48.55617937935759,0.04034019456874205,0,0,0
1.574609680991216,-0.005295778733459144,43.18920653759204,-0.043327457858586625,-48.55325665542367,0.05615062029569344,0,0,0
1.5584249226820077,-0.005444431827639562,43.178778913779865,-0.06602194490253907,-48.53962738612819,0.07388612568404654,0,0,0
1.5388786761080837,-0.004983493726503241,43.130242856237174,-0.09210260892079987,-48.49140446787456,0.09540127733988299,0,0,0
1.5209370412650003,-0.0034665360604961394,43.02415631207873,-0.12236739250070058,-48.389033825097926,0.12168598894671731,0,0,0
1.509556173841645,-0.000594070785868439,42.85064634348882,-0.157016534004012,-48.222496527448016,0.15292591514418916,0,0,0
1.5085791436856226,0.00367892593236121,42.611257352693116,-0.19572685672156637,-47.99297482268324,0.18863716954027723,0,0,0
1.5200602515522235,0.009073936036450903,42.316603980940954,-0.2377218846139641,-47.71055754159934,0.2278221547893054,0,0,0
1.5440418767040995,0.015018689341818003,41.981004430004475,-0.28187111474804283,-47.38910539087746,0.2691347525188121,0,0,0
1.5786701028635264,0.02078320760991801,41.61637503298289,-0.3268414864299274,-47.04039931748855,0.31107112664836906,0,0,0
1.6205514913481238,0.02567203794190931,41.227746623847594,-0.3712900774650393,-46.669807683954815,0.3521927870053787,0,0,0
1.665349041355725,0.029204051025894275,40.8119876914524,-0.41403992147269547,-46.27503510753061,0.39132986926680646,0,0,0
1.7086118161001878,0.031224624221104592,40.36006776629944,-0.4541363731234185,-45.84827986094007,0.4276462420537513,0,0,0
1.7467107522072638,0.03191790656060789,39.8618279919379,-0.49068866905310526,-45.38069320139087,0.4604543594803488,0,0,0
1.7776574206840934,0.03171860539678164,39.31125553742834,-0.5225027756728793,-44.86710595504414,0.48879057882008115,0,0,0
1.8015966841005877,0.03116245372882105,38.710247128761864,-0.547667156934574,-44.30919783477995,0.5109431605971707,0,0,0
1.8208253858966685,0.030738515765133912,38.06989362145893,-0.5633534885240608,-43.716512402145725,0.5242354586041131,0,0,0
1.8392393171583024,0.03079627694942246,37.4097172904099,-0.5660561031597637,-43.106013946795855,0.5253042336629165,0,0,0
1.861227930671916,0.03152630640674801,36.75597667327568,-0.5523141724087537,-42.50119960267665,0.5108816641403877,0,0,0
1.8902946401517369,0.03299611477449815,36.13970346363715,-0.5197172905728508,-41.93096771151684,0.4788132153284323,0,0,0
1.927936648999463,0.035196994563627015,35.59421173860699,-0.4678220403789453,-41.427453097913684,0.42889845457769693,0,0,0
1.9733118108499497,0.038057094892555196,35.151426659854764,-0.39861954423996904,-41.02199277090145,0.3632268406096159,0,0,0
2.023874880167668,0.04141048026587697,34.8369260422119,-0.3163968130045788,-40.73946321953619,0.28593540867307754,0,0,0
2.0766718999522453,0.04496193055202866,34.66465508620939,-0.2271015976753148,-40.592561048106546,0.20256889543499595,0,0,0
2.1296273663203635,0.04830585944109629,34.633035133638884,-0.13748139402705703,-40.57812140926717,0.11931917728527139,0,0,0
2.1821676330261397,0.051019552686027224,34.72405168636217,-0.054244986690281397,-40.67692942868379,0.042332134956745905,0,0,0
2.2349301885554382,0.05278604274947298,34.90592549141314,0.016642228293167704,-40.85715831541495,-0.022888613656664347,0,0,0
2.288858622678589,0.053467659828956474,35.13870131365675,0.0705387884875222,-41.080324992445895,-0.07203298688340283,0,0,0
2.344286525082879,0.05307808843711257,35.38116273300511,0.10461435289870451,-41.308007829823936,-0.1024976315864194,0,0,0
2.400490167012009,0.051669805442830355,35.59725359673433,0.11820630397822071,-41.507646361949384,-0.11376798685284087,0,0,0
2.4557970764941928,0.049216044670220074,35.760634021538664,0.11293617311343951,-41.65633923448033,-0.10752702423701237,0,0,0
2.5079884091395144,0.045575483896807614,35.856814544729986,0.09248151403177189,-41.74232263973548,-0.08739509979126012,0,0,0
2.5546557645387935,0.04057184201333399,35.883069571198945,0.06199061010770492,-41.764439535400385,-0.05831705255701536,0,0,0
2.593369954380549,0.03413975491249914,35.8467181259916,0.027251140883302584,-41.730240916634955,-0.025732912387002215,0,0,0
2.6217878130225643,0.026444429036970973,35.76239686477328,-0.006189328314633258,-41.65339165163729,0.005257455846202674,0,0,0
2.637922471994216,0.01790261846370811,35.64886682667989,-0.03374902119873298,-41.55088042659639,0.03053915475728388,0,0,0
2.640648608688778,0.009094418896418687,35.52583159249019,-0.0522577156888957,-41.4403288409851,0.0473345341494678,0,0,0
2.6302561718035804,0.0006151427572561374,35.41121272248978,-0.06010963023986164,-41.33765411631592,0.054279692074598526,0,0,0
2.6087308154525886,-0.007062071061351105,35.31926944985878,-0.05720240037393296,-41.25543327136191,0.05132286970671203,0,0,0
2.57951635164909,-0.01366418308499533,35.259763384747004,-0.04475981324424936,-41.202254814376545,0.03955006428357706,0,0,0
2.5467412654583796,-0.019127930621580448,35.23805686464971,-0.025081029290754488,-41.18299389298565,0.020983466334050148,0,0,0
2.5141398367120757,-0.023562864847374954,35.25571824233137,-0.0011981750074284037,-41.19952571898949,-0.0016761341196172453,0,0,0
2.4840350539252825,-0.027197795085075426,35.311045567459615,0.023577614271650303,-41.251210838333265,-0.02541303533276391,0,0,0
2.4567281235305956,-0.03032790235094467,35.39911999354911,0.04618257672288735,-41.334740273799184,-0.047355488389726474,0,0,0
2.43050850680676,-0.033258068286433226,35.511586571865735,0.06428301270773033,-41.44355698829679,-0.06521978516680918,0,0,0
2.4022938235204663,-0.036227581250398086,35.63688507660561,0.07655904651905132,-41.567641767792566,-0.07758260776455472,0,0,0
2.368670657838024,-0.039315785392665246,35.761607735206695,0.08268179507784623,-41.69445919431274,-0.08388429021227921,0,0,0
2.3269771482941337,-0.042358526220324676,35.87303848971865,0.08301514322787681,-41.81120900021318,-0.08420136818381536,0,0,0
2.2761501325882563,-0.04492400719615262,35.96209957693608,0.07822534098916378,-41.90763112303,-0.07894887700835795,0,0,0
2.2172405391451093,-0.04638273307719629,36.02535384993752,0.06901779476413594,-41.97808089202209,-0.06869155834901619,0,0,0
2.153583411531727,-0.04606286486704079,36.06487481542817,0.05609304589312956,-42.02183679510844,-0.05413674338444707,0,0,0
2.090554574508829,-0.04343461588773749,36.08586967461014,0.04023412246153839,-42.041539400827645,-0.03622927304833183,0,0,0
2.0347949819637563,-0.03824948000012825,36.09329897735125,0.022355921744099304,-42.040699608416844,-0.016187459008790483,0,0,0
1.9929007927586326,-0.03059093984873442,36.089297941190466,0.003405129596379197,-42.021655857289346,0.004633306132768666,0,0,0
1.969879858136352,-0.020849602824688417,36.07251703079703,-0.01586405481436657,-41.98492442214126,0.02502160668674378,0,0,0
1.9679476646430913,-0.009667341066585778,36.03922630122099,-0.035088173987614366,-41.929934498275884,0.04417627914330637,0,0,0
1.9861758578367414,0.002120845175090835,35.98516695264769,-0.054288022069431466,-41.85633378440065,0.06177746195955365,0,0,0
2.0210677498067895,0.013556053779106491,35.907089785682444,-0.07358003618120108,-41.764875938885496,0.07778858884143744,0,0,0
2.067654104341372,0.02366410850985119,35.80345902879242,-0.09270431991143938,-41.65741505616256,0.09207303885412159,0,0,0
2.1205671284792516,0.03161463345657012,35.67447211006137,-0.11060808256247015,-41.53631810058903,0.10402396776767375,0,0,0
2.1747918632826355,0.03689666609845403,35.521994594733854,-0.12533618473846103,-41.404062175512905,0.11242216844184724,0,0,0
2.226115112299894,0.0394378162460157,35.35006931279813,-0.13434852751651932,-41.26365351241327,0.11563739627760868,0,0,0
2.271436067062268,0.039599512310726934,35.16625577823686,-0.1351728594915528,-41.11996921987563,0.11210848905182616,0,0,0
2.309047127324334,0.03803672927508757,34.983217115565765,-0.12612868764268798,-40.98141617961261,0.1008791642046333,0,0,0
2.3388465191208923,0.03547724858913739,34.81915518341242,-0.10682065554847782,-40.86070273772279,0.08193523030176664,0,0,0
2.3623258271032483,0.03250607638127008,34.6957410260558,-0.07820912968981304,-40.7735605354998,0.05619681704178277,0,0,0
2.382170980944011,0.02942411653150856,34.63343835773216,-0.04225769724374118,-40.735248893882385,0.025187732183721324,0,0,0
2.401435042557665,0.026211723818984466,34.645802909255565,-0.0013467259098888461,-40.75608429683916,-0.009449957363369777,0,0,0
2.422426590232746,0.022592836310536768,34.73525247330764,0.042260602732881125,-40.8380627531449,-0.04635989531606981,0,0,0
2.4456278922919523,0.018167559473555174,34.89238081316324,0.0866771404080339,-40.9743499301712,-0.08460738429322419,0,0,0
2.469033028597721,0.01256049769326779,35.09941762229644,0.13034680445010166,-41.15218485367569,-0.12351798889064583,0,0,0
2.4882323504897386,0.005532811695950102,35.33660205369924,0.1718513341491672,-41.35815308604697,-0.16236130029844276,0,0,0
2.497364430167636,-0.002965339917453491,35.58886180556567,0.2097733377519404,-41.583568173036326,-0.2000940313053178,0,0,0
2.4907227220598855,-0.012788117834651303,35.849988519646104,0.24272924072053287,-41.82749002254485,-0.23531018040452806,0,0,0
2.46445149605357,-0.0236004923195992,36.12262322791344,0.2695432392730396,-42.09588262662925,-0.2664023363415652,0,0,0
2.4176539440627494,-0.03487631795007218,36.41425436754747,0.28943370789080236,-42.397173538484225,-0.29181662551960985,0,0,0
2.352517581769476,-0.04589994880622328,36.731171735251564,0.30208092617596377,-42.73618920693556,-0.31025747353473604,0,0,0
2.273553864211152,-0.05581579304880222,37.07309531646089,0.3075378617500462,-43.10918610088444,-0.32077685236388903,0,0,0
2.186421667036754,-0.06376735590254441,37.430684866038035,0.30606467916646524,-43.50208611656055,-0.3227959124126528,0,0,0
2.0968647127912305,-0.06911244777118242,37.786717892071266,0.298015426316428,-43.8925161853673,-0.3161513484678494,0,0,0
2.0100335405354883,-0.07162820835642947,38.12022688405608,0.28384663225317297,-44.25475958902305,-0.30119874940101,0,0,0
1.9300744200017164,-0.0715964453571857,38.4119806711997,0.2642124014455106,-44.56592160968586,-0.2789103356157625,0,0,0
1.8596908711421918,-0.06971747820134624,38.64950859723032,0.24004968887029748,-44.811527297162854,-0.25087125106278735,0,0,0
1.7995982443480614,-0.06689455693710045,38.830142782810384,0.21257555545555248,-44.989003507223345,-0.21912758199783866,0,0,0
1.7481694124892755,-0.06399020388822692,38.961089550445166,0.1831764164197267,-45.10787012063935,-0.1859094058069303,0,0,0
1.7016894904908924,-0.06164901430290115,39.05637838200258,0.15321472518947132,-45.18627689464185,-0.15328805418700142,0,0,0
1.6553427997560135,-0.060225163563227116,39.13166862395454,0.12379344895067561,-45.24490171756344,-0.12282785842196234,0,0,0
1.6046082948401477,-0.05979015342964118,39.19885087101642,0.09551328069483134,-45.30046192086283,-0.0952797441964492,0,0,0
1.5465196281544848,-0.06017036189276155,39.2624490302353,0.06825453640140325,-45.36118017462985,-0.07035688985757246,0,0,0
1.480374569762219,-0.060983794138292066,39.31886514396598,0.04103388359795588,-45.42539672723731,-0.04664654568069295,0,0,0
1.4077819049032172,-0.06168055352217152,39.35816137356284,0.012012716821524804,-45.483038173242676,-0.02173049723287761,0,0,0
1.3321728857053046,-0.061609557965162765,39.36711347814801,-0.02127002893990664,-45.51871905165035,0.0074355688865921366,0,0,0
1.2579872522145763,-0.06012672126989003,39.332053961244355,-0.06142800246080924,-45.51509619573858,0.04391419825613241,0,0,0
1.1897603029651407,-0.056734612722310375,39.24048161878994,-0.11060448128409064,-45.455468964030274,0.0900778811036929,0,0,0
1.1313638772675603,-0.05121443755856632,39.081216718660414,-0.16985759037683862,-45.325175092968124,0.14698119584706149,0,0,0
1.0855939108392647,-0.043699434203146835,38.84367809260351,-0.23873355871899377,-45.11192120577593,0.21398298668514998,0,0,0
1.0540755870571132,-0.03465996451895279,38.51738859934645,-0.31517270947339,-44.80575973500211,0.28873739032066226,0,0,0
1.037262167617044,-0.02481011435969265,38.09280605817551,-0.3958165469788753,-44.3996831098259,0.3675952196743907,0,0,0
1.0343752525688217,-0.014970298637588541,37.563873126466916,-0.47666639859779425,-43.891368216159236,0.4463460065832322,0,0,0
1.0433802277307507,-0.0059229132309624784,36.93152955677604,-0.5539058363435203,-43.28556686038581,0.5211049770660366,0,0,0
1.0611822597136893,0.0017038603497212534,36.20643427882894,-0.6246069675693434,-42.59566427003605,0.5890690326333725,0,0,0
1.084071742108378,0.007497780513465102,35.40894800835926,-0.6870670892935948,-41.84276685490644,0.6488886477417963,0,0,0
1.1082842658386909,0.0112722171350228,34.56538997526641,-0.7406710386759187,-41.05163612990626,0.7005279992255822,0,0,0
1.130531170655516,0.01305227443589132,33.70142325535474,-0.7853663368978943,-40.24441919336991,0.7446589490697108,0,0,0
1.1484024807647728,0.013054907858678178,32.83514704296698,-0.8209875365542502,-39.4344847666344,0.7818040038734096,0,0,0
1.1605717159739157,0.011649193062027052,31.973007199667563,-0.846732808609221,-38.623034728357965,0.8115706557028431,0,0,0
1.1667977584073412,0.00928126229175632,31.11067821258726,-0.86104702024532,-37.80047974274629,0.8323294282719559,0,0,0
1.1677849119759571,0.006381910234918564,30.23914268919657,-0.8619734993930109,-36.95309361912879,0.8415024382773396,0,0,0
1.1649243311556035,0.003296156054386756,29.353997760924415,-0.8477684200798479,-36.07332817742514,0.8363033596639866,0,0,0
1.1598721583510212,0.00025731170641591917,28.464201470683832,-0.8174111522309232,-35.16986030335738,0.8145172545844644,0,0,0
1.1539948826312525,-0.0026020062970573575,27.595964076375736,-0.7707383750251324,-34.272369987316495,0.7749272412915957,0,0,0
1.1478908444575637,-0.005226366719396936,26.78921301442915,-0.7082272413226718,-33.42774247213305,0.7172850512258918,0,0,0
1.1412458263825584,-0.007625507700826972,26.087705774467935,-0.6307260864214556,-32.68860253326639,0.6420757918136928,0,0,0
1.133104287719675,-0.009878460564560498,25.527311733045508,-0.5394608441982911,-32.09924664752526,0.5504677978920484,0,0,0
1.1223824177941992,-0.012127098507910716,25.127763292715656,-0.43640257273873145,-31.68521235371844,0.44463805750947644,0,0,0
1.1083080487799464,-0.014521616886059973,24.890734786440845,-0.32475596915982974,-31.450184216099046,0.32827499675130695,0,0,0
1.0905426813990715,-0.01711523420359242,24.803417348372705,-0.2091715366205733,-31.379721824609362,0.20680664909968982,0,0,0
1.0690003063303521,-0.019760332319143002,24.84453424721366,-0.09541486290572436,-31.44841564020831,0.08700164042118672,0,0,0
1.0436533460764963,-0.02208153171895617,24.9899720335371,0.010445686447843628,-31.626947602330375,-0.02402673872684318,0,0,0
1.0146559894904215,-0.023568846900840868,25.216641779085535,0.1029857252508691,-31.887110335844312,-0.1200130313856306,0,0,0
0.9828425405953283,-0.02376267940866512,25.504248710170003,0.17812447985655525,-32.204303496319596,-0.19644490454581956,0,0,0
0.9502875212661337,-0.022436044191660186,25.835064385371908,0.23341305900839301,-32.55772606792118,-0.2509263013892678,0,0,0
0.9204305091929967,-0.019671451882571488,26.19216263894637,0.2680034331433944,-32.92886992053482,-0.2830615389176131,0,0,0
0.8974158187112664,-0.015799036989824343,26.5571689855542,0.2824683026594528,-33.29937696138157,-0.2940808198735937,0,0,0
0.884755623707548,-0.011257977184556012,26.90900809128121,0.278540242732069,-33.64966139917664,-0.2863744076058765,0,0,0
0.8839476068633445,-0.006483237468202674,27.224865376524775,0.2587441005836723,-33.959447229991724,-0.26299326668207074,0,0,0
0.8938281625733566,-0.001874564827926406,27.48345167980665,0.22594551119373135,-34.21033721378549,-0.22716293004647808,0,0,0
0.9110099364321087,0.002176610205879115,27.669217273808187,0.182970306354531,-34.38922383894425,-0.18193379800689796,0,0,0
0.9310735742309362,0.005273879142232829,27.77537446085779,0.13249704951991248,-34.49069167838914,-0.1301161572638847,0,0,0
0.9498236148083947,0.007070442763023266,27.804082784922258,0.07728576320480159,-34.51704300266502,-0.07451815788510316,0,0,0
0.9640968923160642,0.007383998221577315,27.763703822107317,0.020547798854207145,-34.47593279678438,-0.018280239842536617,0,0,0
0.9720536233249248,0.006307364471089727,27.664767448917218,-0.033907246805699745,-34.37706404799016,0.03502094908824631,0,0,0
0.973169300615325,0.004242477187872851,27.517133134145496,-0.0820155354954096,-34.23003149317367,0.08169943058787794,0,0,0
0.9681202463414991,0.0018294080229182442,27.330026617602215,-0.12023569184784151,-34.0445585402326,0.1186232068124525,0,0,0
0.9585956059233212,-0.00020110010592873097,27.11448607982328,-0.14637855376147968,-33.832463797602,0.14388198862337162,0,0,0
0.9470212515742418,-0.001194935394924812,26.885792908467778,-0.16003125569707494,-33.60923773910926,0.15710705317851534,0,0,0
0.9362529344520851,-0.0007144671963942528,26.663296324852553,-0.16234449136514115,-33.393342907906714,0.15928973171370728,0,0,0
0.9293040166612911,0.0013728276522357418,26.46686035532977,-0.1553419581596131,-33.20299177081972,0.15223924670407313,0,0,0
0.9290625731716489,0.004867822766432539,26.311588923242994,-0.141196929898058,-33.051871792155424,0.13802084903136064,0,0,0
0.9378742608591466,0.009283260675427129,26.20377022795151,-0.12189253743083839,-32.945972470879866,0.11867536473926066,0,0,0
0.9569522203521217,0.013953169498321927,26.140258908455905,-0.09936114967886737,-32.883035479647305,0.09627239969269966,0,0,0
0.9857818998472823,0.018176042467833043,26.111347867321086,-0.0758307774116446,-32.85467158094943,0.07309218114513386,0,0,0
1.0218475282796504,0.021339128079122815,26.105163835164916,-0.0539618354095154,-32.84982300286006,0.05165579101307003,0,0,0
1.0609528530957704,0.022986338928070893,26.11110124329383,-0.03652237404254492,-32.857804892839994,0.034455707878191785,0,0,0
1.0981273009065404,0.02283635820182326,26.120874583034606,-0.02568838163541045,-32.869739800675006,0.023455309604293005,0,0,0
1.1287816762525722,0.02079031353372187,26.127485134351332,-0.022329971132174366,-32.87831592765792,0.019579812334939106,0,0,0
1.1496442152433133,0.0169595238690917,26.1236779707574,-0.025677662847476766,-32.876784997776014,0.022436343942788994,0,0,0
1.159167405942,0.011702555486284894,26.101636614904322,-0.03355039754579252,-32.858434692037804,0.030393808456528858,0,0,0
1.1574261551898815,0.005625915187528108,26.05470510688889,-0.04302489137170653,-32.817318696112494,0.040994488959046296,0,0,0
1.1457773961963653,-0.0004909044159887799,25.980470516629765,-0.05122288858640047,-32.750174347530475,0.05153118213386847,0,0,0
1.1265474590430387,-0.005839246857642877,25.883482279981138,-0.05588634390706204,-32.658672040219415,0.05956492700347553,0,0,0
1.1028074547101312,-0.00974143203867186,25.77584389186316,-0.05558447406112634,-32.55073349638414,0.06322390127331232,0,0,0
1.0781066801549315,-0.011767522101700933,25.67491492144785,-0.04963991461745252,-32.4398781132696,0.06128920022538011,0,0,0
1.0560438089358826,-0.011779970687103968,25.598872357429826,-0.038011121528452915,-32.34249307150131,0.05321204647795526,0,0,0
1.0397348323301117,-0.009915016409107125,25.562011143963986,-0.021320036998866955,-32.27409053064025,0.03919949369628171,0,0,0
1.0313673558658536,-0.006525756100447211,25.57164039374007,-0.0010117693287270413,-32.2460769149248,0.020364241934123582,0,0,0
1.031968994226304,-0.0021040499588735884,25.627278824582874,0.02056426539198526,-32.26389299552221,-0.0012162542575111957,0,0,0
1.0413676990709604,0.0028134558695313673,25.721525399619793,0.04039491766628771,-32.32631422725825,-0.02271704655544795,0,0,0
1.0582759910988102,0.0077475548142558635,25.84150473690022,0.05542911613368347,-32.42532375914968,-0.04111191280900641,0,0,0
1.0805198351918932,0.0123644704350653,25.970352823342495,0.06337570126339073,-32.54653192818924,-0.05388214042847039,0,0,0
1.1055069594543028,0.016517990304838293,26.08912493390099,0.06329651400829164,-32.67083458279453,-0.05957811056141793,0,0,0
1.1309420134054449,0.02022806773042731,26.17979306852604,0.05570828705455142,-32.77790396193862,-0.05798269471256958,0,0,0
1.1555822282974901,0.02361185609954646,26.229206082784685,0.042191642047188796,-32.850997241359664,-0.049858864350326826,0,0,0
1.1796885132865356,0.026807750747177294,26.232629370063734,0.024768650480163502,-32.88131447578601,-0.03649562854766657,0,0,0
1.2049147353784946,0.029923784034039613,26.194976284046902,0.005375001858467954,-32.86987163625443,-0.019328983394589726,0,0,0
1.2336480331701267,0.03300976221874805,26.128723264285583,-0.014384744028137674,-32.825903862050495,0.00020890663976445012,0,0,0
1.2680875552217685,0.03603340453768737,26.04919524505476,-0.03322612938157192,-32.76248163902548,0.02065412665058659,0,0,0
1.3094452065427333,0.03885480366695191,25.969211904421428,-0.05009418002729547,-32.69127051273492,0.04045777975500755,0,0,0
1.3575138314392063,0.0412227299294571,25.8952547554849,-0.0641622793168665,-32.618613593095574,0.05806702833020836,0,0,0
1.4106174573793737,0.042820703777165646,25.826505383061118,-0.07495412261961576,-32.544442861791595,0.07216691030010906,0,0,0
1.4658410048311765,0.04335686599915363,25.75686364008527,-0.08248389608193349,-32.46429331628866,0.08198082519072329,0,0,0
1.519490050074964,0.04265501129950451,25.678851268253084,-0.08727364808826792,-32.373326164388544,0.08747303206438062,0,0,0
1.5678095275920612,0.040705604982089486,25.58758328961602,-0.09017737971531972,-32.27032695805758,0.08932918387148447,0,0,0
1.607895551058192,0.03767153141893829,25.483088143867576,-0.0920545565975857,-32.15964537278492,0.08868965771111163,0,0,0
1.6384833953700308,0.03387466082304371,25.370137323227567,-0.09342593427557802,-32.0500633843472,0.08673265847021128,0,0,0
1.6601981461651718,0.02978478037264267,25.255986783402903,-0.09427073836181706,-31.95117354140669,0.08428685686892265,0,0,0
1.6751436050426634,0.02599787316860045,25.147421447901564,-0.0940668118250045,-31.869189800310636,0.08164171165756784,0,0,0
1.6861605207321162,0.023164313446545747,25.04866633844557,-0.09205381741884935,-31.8043739356238,0.07861595023063898,0,0,0
1.6962604396696435,0.021843915258637027,24.96099541272912,-0.08758684185409038,-31.75128700839346,0.07480795307376127,0,0,0
1.7084652611058004,0.022321098785870675,24.883797999442947,-0.08041751387477233,-31.701574293102368,0.06987302336075345,0,0,0
1.725819736517181,0.0244668260401383,24.816195521835226,-0.07080087141189609,-31.647876199712982,0.06369337562327075,0,0,0
1.7511331845404214,0.027732498988764575,24.75831309406459,-0.05942895424644803,-31.587166662082154,0.056402420607531666,0,0,0
1.7862486801784314,0.031292121320962,24.711714871075117,-0.04727084931885202,-31.522247427319968,0.04832158397446733,0,0,0
1.8311065389168988,0.034260408777402065,24.678913005119853,-0.03540999201077284,-31.460915139177388,0.03989627069651647,0,0,0
1.8831516557714139,0.03587667413336533,24.662128609108606,-0.02492329284483503,-31.41312962811449,0.03167547440593808,0,0,0
1.9375231360528176,0.03558796860289419,24.661697240938423,-0.01679272797546787,-31.387149335331372,0.02431749950876565,0,0,0
1.9880648182522833,0.03305069685657145,24.674712954713044,-0.01181428003055487,-31.385973960565963,0.0185642061336182,0,0,0
2.028764608506137,0.02812045302389663,24.694566418337843,-0.010476868224441205,-31.405411228658636,0.015129194864272222,0,0,0
2.0550271810032967,0.02087415525970755,24.71176248428077,-0.012814313390254028,-31.43453226433408,0.014495473131105996,0,0,0
2.0643449471347424,0.011642163318937549,24.71587071968827,-0.018263694297149868,-31.45839929801471,0.01668125378953391,0,0,0
2.0563267050828955,0.0009920696490240744,24.698052721529677,-0.025573018999506304,-31.4622341383768,0.021056972103011162,0,0,0
2.0323377147793877,-0.010366755254806037,24.653544411820178,-0.032797862861423256,-31.435874713439432,0.026275938508626952,0,0,0
1.994990232775507,-0.021728783453183097,24.583571737172576,-0.03743502239031784,-31.377292696008908,0.030355921303120682,0,0,0
1.9475281721062743,-0.032520552284952944,24.496276062148354,-0.03674901323815334,-31.29410260128205,0.030937203689200034,0,0,0
1.8930723522616546,-0.04235416569962354,24.406398419113543,-0.02830320745042627,-31.202559907084378,0.02571679079551643,0,0,0
1.8338555835047572,-0.05099518113369896,24.33371861232419,-0.01060744370533655,-31.124389950245103,0.013007312702814033,0,0,0
1.7707769837204523,-0.058280812477437396,24.300362730809866,0.016288181500956966,-31.082414747534756,-0.0076808730788854975,0,0,0
1.7035590856566074,-0.06404128330813279,24.32707628595631,0.050433724429882434,-31.096039191766636,-0.03517365592597059,0,0,0
1.6314855240070614,-0.06806296858268582,24.428730409776506,0.08798989106114163,-31.177364356378916,-0.06644851167282866,0,0,0
1.5543931357977527,-0.07010615406502581,24.609796282634903,0.12366709840505621,-31.32832617098657,-0.0968732117800613,0,0,0
1.4735185803085216,-0.069967125994161,24.860934536539247,0.15154212076100465,-31.539042869165655,-0.1209021415738107,0,0,0
1.3919248816980598,-0.06755844889954687,25.157881656119002,0.16609067509838837,-31.787611272699138,-0.13311101173073325,0,0,0
1.3143605469486488,-0.0629761507963849,25.463470647783993,0.16321504890300104,-32.041777812737195,-0.12932890917244322,0,0,0
1.2464666314560162,-0.05652880980182147,25.732947046198916,0.14104964519963517,-32.26283471908266,-0.10757875955493432,0,0,0
1.1934010923200447,-0.04871626059088356,25.92181962672359,0.10036997239476478,-32.411581322822485,-0.06857425418585876,0,0,0
1.1582710945092884,-0.04016077841146455,25.994625363308074,0.04450928566558332,-32.455500067552435,-0.015643486172348276,0,0,0
1.1410154757566033,-0.031511975912457045,25.932513219839876,-0.021194981303278838,-32.37570383925919,0.04588371099457618,0,0,0
1.1382709876383927,-0.02336239583650297,25.73757273795266,-0.0902882197011877,-32.17182678731598,0.10965425993250619,0,0,0
1.1443229180982257,-0.016204079372637636,25.432430133724154,-0.1562183963265113,-31.863106898237504,0.1693994054325117,0,0,0
1.1527853516831073,-0.010420065409188339,25.054889139290736,-0.2132716602322148,-31.484761032710054,0.21990976916168564,0,0,0
1.158398821183951,-0.006270521775147131,24.64898472350646,-0.25723513509582857,-31.080205759219893,0.25764283041955593,0,0,0
1.1583009233330301,-0.003840166933824207,24.254999459107125,-0.28569633502968655,-30.691068673374076,0.280859828989972,0,0,0
1.1523197532222724,-0.0029586477605377582,23.90128668451888,-0.29803176808684667,-30.347783758412078,0.2893971824429741,0,0,0
1.1422659773641328,-0.0031491756129767624,23.600230443876768,-0.29522741511744643,-30.063737027465805,0.28431870838424234,0,0,0
1.1306958745685733,-0.0036680101219005224,23.349468275765304,-0.279642388191715,-29.835153018626926,0.26765770884007906,0,0,0
1.1198694251710464,-0.0036586739535692915,23.13766201301121,-0.2547123448695487,-29.646901777652715,0.24227521288549098,0,0,0
1.1114289981512258,-0.0023779489318059175,22.95219553897141,-0.2245033805702917,-29.481732014829447,0.2116774702788547,0,0,0
1.1067792315086251,0.0006027758298600361,22.785298586778197,-0.19306471677108164,-29.328639703473556,0.17960234268208808,0,0,0
1.1076428168792205,0.005314038148713962,22.636006251807004,-0.16368333844373523,-29.186529809836713,0.14934746084927325,0,0,0
1.1161986121474143,0.011450055814286486,22.50776569059525,-0.1382987762756443,-29.062008903855144,0.12306448370736689,0,0,0
1.134619331865892,0.018520987985202454,22.40395091780354,-0.11734896689522145,-28.963431056431347,0.10138062214684566,0,0,0
1.1643286816316305,0.026002925590866255,22.32435229139631,-0.10014189927054531,-28.895045246553195,0.08359314945781193,0,0,0
1.205460134709412,0.03342047726695228,22.264453300081527,-0.08558438449277901,-28.854309149919345,0.06837426085189122,0,0,0
1.2567665355069977,0.040361877802163805,22.217242681120325,-0.07291955240931998,-28.833092190392136,0.05463642611601358,0,0,0
1.3159057544205979,0.04647620890821287,22.17597860681309,-0.062138204479265366,-28.82134679715847,0.04213218007355124,0,0,0
1.379898681079709,0.05149908174329312,22.136243020305756,-0.053925194352498804,-28.810970283074596,0.03153293173479312,0,0,0
1.4456337708207485,0.05530468347707682,22.09635169404362,-0.049258069499927615,-28.797989406310535,0.02403006288075744,0,0,0
1.5103980095302632,0.057934935390065334,22.056103062684997,-0.048926662844291965,-28.78227544231342,0.020742144063498814,0,0,0
1.5724049059613492,0.059557574071378384,22.01462420701435,-0.053212300863941665,-28.7652080091012,0.022260496326794055,0,0,0
1.6311894295803455,0.06035873642653655,21.96851374707026,-0.061816599921326085,-28.746679586507213,0.028517477143020643,0,0,0
1.6876661666366601,0.06043299657821137,21.911370222804265,-0.07397764293086481,-28.723130427623772,0.03893391121345644,0,0,0
1.7436780355322838,0.05973937724295553,21.83508566295339,-0.08863499747027674,-28.687623805918207,0.05264911050646219,0,0,0
1.8010358754231959,0.05814357716628393,21.73233029144211,-0.1045256292974841,-28.631704186651405,0.06864264275040455,0,0,0
1.8603538997723632,0.05551025072560094,21.599076681907064,-0.12017898977982781,-28.54791741896193,0.08568413130114153,0,0,0
1.9202357202027116,0.051784816898528166,21.43620217750444,-0.13387690243316683,-28.432007685023905,0.10219847270863909,0,0,0
1.9772924535092642,0.047020166822365185,21.249893045602988,-0.1437027746293893,-28.284479178009974,0.11622702557631044,0,0,0
2.027069542483588,0.04134512251861082,21.05109540106878,-0.14778534888446587,-28.11156297880649,0.1256467879057311,0,0,0
2.0655005167862726,0.034911192939983945,20.85431316488672,-0.1447329919048883,-27.925434129302005,0.1286645661613363,0,0,0
2.090253074946631,0.027863139440516705,20.67585518268268,-0.1341081207615673,-27.74322328201481,0.12440253266037189,0,0,0
2.1013910978039974,0.020350709388790734,20.53148600077637,-0.11671506223468953,-27.58440933074411,0.11328382967950859,0,0,0
2.1011173918227684,0.012561622945555939,20.433516733959607,-0.09453983754478087,-27.46666254856646,0.09701117389916761,0,0,0
2.0927899649321233,0.004742127135646967,20.387755743904506,-0.07034100013815987,-27.400978144304844,0.07814221323147877,0,0,0
2.079667269828363,-0.002817082986034336,20.391249083826438,-0.04703015591784663,-27.387678860047686,0.05943951369727074,0,0,0
2.0638609936602705,-0.009831160254300642,20.43192605956017,-0.027029781076308268,-27.415079122166844,0.04321780467153644,0,0,0
2.045851949658271,-0.016085811248453298,20.490803802056632,-0.011766330819133941,-27.46189594603223,0.0308552371267524,0,0,0
2.024713724865734,-0.021475951879261858,20.54648304422139,-0.0013933065439971416,-27.503057045695186,0.022548885091009652,0,0,0
1.9988987126232445,-0.025983072331007405,20.580793841890312,0.005216356598575089,-27.517167841833782,0.017324462073605672,0,0,0
1.9671889142432661,-0.0295906176635242,20.584015354123636,0.010195848115452577,-27.49325608258664,0.013278875967898784,0,0,0
1.9293949624620979,-0.032178428155073394,20.558191874491342,0.016135835422025478,-27.434670910747286,0.008036903192203227,0,0,0
1.8866315790113788,-0.03345819496658464,20.517552935336397,0.025333789612167833,-27.358920479834012,-0.0006098721850349876,0,0,0
1.8412866685126943,-0.03299920673551071,20.485680299945358,0.0390254052704222,-27.293417927830404,-0.013994995692880253,0,0,0
1.7968837882968813,-0.030351500042564795,20.489714225059032,0.056860787011288494,-27.268189384625856,-0.03202367318474444,0,0,0
1.757882988277629,-0.02522002894296378,20.552607438046692,0.07683754716862552,-27.307309828125653,-0.053010943767947086,0,0,0
1.7292790439944241,-0.01761128055012904,20.685263955681847,0.09572025683454796,-27.421177844017194,-0.0739984627106736,0,0,0
1.7158598823031639,-0.007892157053899496,20.881057854760854,0.10977441733994056,-27.60184590296103,-0.0914211761966186,0,0,0
1.721198724440086,0.003242128272846401,21.115090914334274,0.11555974811110162,-27.82329377754263,-0.1018773182589996,0,0,0
1.7466984231936067,0.014851577125980953,21.349169313576567,0.11059175668763999,-28.047277279513253,-0.102789407945545,0,0,0
1.7910761087419758,0.02585286750722702,21.541217922469116,0.09379924934603708,-28.233240709693376,-0.09285385653080311,0,0,0
1.850473391923103,0.03513896445444544,21.655936047890748,0.0657807214475156,-28.348882672713472,-0.07227540094091296,0,0,0
1.9190528617398428,0.04173222818905629,21.673150416447413,0.02887214270082552,-28.377693662424008,-0.042830255218802904,0,0,0
1.9898024397725038,0.0449646838922277,21.591597866821758,-0.012996335523706649,-28.321312007285854,-0.007775893335804085,0,0,0
2.0554124633691515,0.04464159353560859,21.427706718519403,-0.054719724022834274,-28.196727949933887,0.02845466531690022,0,0,0
2.1092726328220834,0.041121408205405885,21.210414652521848,-0.09076274416013348,-28.030063837534783,0.06086617844965758,0,0,0
2.146601325884987,0.03525670892197752,20.973985382690103,-0.11615689920916168,-27.849480396205223,0.08480075890681178,0,0,0
2.165506721225441,0.028193952611333374,20.751094499523788,-0.12750689083260908,-27.679604836319072,0.096902243932621,0,0,0
2.167614659796172,0.021101264125114483,20.56789367410593,-0.12368015207867131,-27.53874712437363,0.09580587492530981,0,0,0
2.1579125052476655,0.014931530011108408,20.441541871975232,-0.10593336966281583,-27.438615495016677,0.082283088756094,0,0,0
2.143643197961751,0.010301759601597382,20.3796489303775,-0.07742747617057547,-27.38523312062526,0.05879080173416469,0,0,0
2.1324129180364366,0.007499974348471028,20.380867139564657,-0.04230789557992125,-27.379860233387262,0.028632442042246,0,0,0
2.1300655029909876,0.006566546355162473,20.4363488956607,-0.004702651391866652,-27.41963491317091,-0.004888211730985859,0,0,0
2.139117739883588,0.007375007609181239,20.5322641701936,0.03197276025508984,-27.498481119724914,-0.038957143504327975,0,0,0
2.1584300593851253,0.009663257537434333,20.653431956813648,0.06519140215239076,-27.60881993259224,-0.07125563521641994,0,0,0
2.1842723763067937,0.013016838194010916,20.787335696722636,0.0930867183930161,-27.743739417112323,-0.0996793535586761,0,0,0
2.2122667894366117,0.016846541506384937,20.926958868771436,0.11419128773382567,-27.89836251351508,-0.12216478272748929,0,0,0
2.2392567973172532,0.020408561286768646,21.070822102074686,0.12749340684325147,-28.069176271362352,-0.13692710708388917,0,0,0
2.264247235170515,0.02288926616961078,21.21980769562984,0.13287676676009424,-28.251303476537828,-0.14309318714569202,0,0,0
2.2880808871877747,0.023540600415795154,21.372409055905393,0.13167664228234627,-28.435409030603438,-0.14139395622915457,0,0,0
2.3121086130256003,0.02182873158644725,21.521561807715756,0.12693530276813192,-28.60688094790015,-0.13447926719938721,0,0,0
2.336498530904123,0.017558032189263884,21.655801207997172,0.12304795537081645,-28.749131304226154,-0.12657961010257565,0,0,0
2.3589581646870954,0.010944716521854048,21.765116563261643,0.12479047248379516,-28.85056678462783,-0.1225506258221202,0,0,0
2.3745237440415394,0.0026215244460686903,21.849030593017062,0.1360539479868379,-28.91242068201646,-0.12663027474713145,0,0,0
2.376717375249598,-0.006441619711236512,21.922784984494967,0.15878304350908082,-28.953612604586112,-0.14136521827411172,0,0,0
2.3598526981994326,-0.015097884101099624,22.0178152504308,0.1925082852673569,-29.00953551813808,-0.16705631454902062,0,0,0
2.321713954655152,-0.022227519604400926,22.174863593609388,0.23455612552240837,-29.123868771736284,-0.20181294706753478,0,0,0
2.26547204177794,-0.026924488465138553,22.431361581943065,0.2807294239264536,-29.335479018833666,-0.24206751592080025,0,0,0
2.19983103805815,-0.028614938977790418,22.807638130720647,0.32613556282873046,-29.664955659278945,-0.28330189846499537,0,0,0
2.1371020461767785,-0.02709478331044437,23.297491908578962,0.3659128427513963,-30.105972176093644,-0.3207725151332738,0,0,0
2.089833416981591,-0.022512379196983547,23.86712306293984,0.39578415746703965,-30.6250104185755,-0.35013486977128994,0,0,0
2.0672536462527376,-0.015336274962216123,24.463095447261708,0.41252711058882313,-31.169806463434156,-0.3679917906616851,0,0,0
2.0728087749091912,-0.006325979245229973,25.026472191548947,0.41446905011633817,-31.683585769277784,-0.37242079319365473,0,0,0
2.1035759109370957,0.0035164172012571273,25.508159020531025,0.4019652771410193,-32.1201458333492,-0.3634251086593935,0,0,0
2.1515935832797624,0.01305169095820986,25.880626559165364,0.37762511827474726,-32.45496130229901,-0.3431014522889342,0,0,0
2.2064899485772713,0.021172741991777856,26.14308635631903,0.34599608181175656,-32.68945342475493,-0.31529540892755675,0,0,0
2.2584541622028524,0.026994531134785404,26.31955409477277,0.31259223658058205,-32.84807670367283,-0.28469345838472576,0,0,0
2.3006362137905114,0.029999837911658743,26.45101435335326,0.28250588477880856,-32.9697301054276,-0.25560550398443527,0,0,0
2.3303479476402487,0.030097117702750607,26.58388931346812,0.25917545001405246,-33.09597018216829,-0.23094835277252912,0,0,0
2.348829466094557,0.027588283404274706,26.757452726696528,0.24393061356062445,-33.25892626536921,-0.21194470265398307,0,0,0
2.359778728329445,0.02307541277550911,26.99304542874566,0.2365697421599265,-33.47194500242276,-0.19871473732677886,0,0,0
2.367252025369325,0.01733882347199085,27.288154295049793,0.23662657031749462,-33.72586150327851,-0.1914168756247477,0,0,0
2.3737799519366973,0.011202058502910006,27.618226691689472,0.24454428694337196,-33.993069297003075,-0.1912311554448621,0,0,0
2.3794587449798428,0.005391068797047182,27.94746515613727,0.2620027946453433,-34.23959285988903,-0.20053871811867055,0,0,0
2.3823477110348534,0.0004112639604656465,28.24632398076463,0.29114242522026074,-34.4421086755668,-0.22210859492383578,0,0,0
2.37987818329718,-0.003516161945310614,28.509352059493978,0.3330807539078279,-34.60362218100241,-0.2576578591790707,0,0,0
2.3704747472319525,-0.006428513640942412,28.76499696420649,0.38649567446917105,-34.76038825812145,-0.306451462715691,0,0,0
2.3545469017609832,-0.008510782193884837,29.07104229980669,0.4469254318766417,-34.97511728661431,-0.36451408489178905,0,0,0
2.334460587244905,-0.009935238363229359,29.495313565670727,0.5069871447824112,-35.317056131406645,-0.4246930795007131,0,0,0
2.313667846641451,-0.010707593811856953,30.088260265774807,0.5573191257579907,-35.83550485715992,-0.4775056133751832,0,0,0
2.295493591920021,-0.010589296681926897,30.85800217343737,0.587941780391418,-36.53645962957967,-0.5125662158557021,0,0,0
2.2821442034304766,-0.00915489710518358,31.75740861381621,0.5898504337316041,-37.3710023521964,-0.5203893453463507,0,0,0
2.2744275683044037,-0.005988120821696441,32.688098139513585,0.5567748733805956,-38.240000092010206,-0.49437214176214467,0,0,0
2.2723828068612733,-0.0009398741855449089,33.52065641371718,0.48696533031774153,-39.01464899364086,-0.4326710884043791,0,0,0
2.2764547442155845,0.005677759411034345,34.12574178467881,0.3845956750868339,-39.56777083412382,-0.33950381862278506,0,0,0
2.288329212245344,0.01306570899230195,34.40785639681002,0.2601754260303267,-39.807515634465915,-0.22533473374267032,0,0,0
2.310593539014988,0.02010533291959149,34.332745698012445,0.12953316797804176,-39.7041096757429,-0.10565173929808509,0,0,0
2.345148159905534,0.02565622721932783,33.94069560298411,0.011446579374916156,-39.3018281706581,0.0014711454933035383,0,0,0
2.3912381813552486,0.02886543236764254,33.34127031653907,-0.0755176555470797,-38.712094317634495,0.07844293527041372,0,0,0
2.4443249365644704,0.029362370156103167,32.69001452607807,-0.1162184381480614,-38.08885219458662,0.11119127747578546,0,0,0
2.496546921115936,0.02726580937813594,32.15333385321779,-0.1015921868097962,-37.59297702256052,0.09163289592610795,0,0,0
2.538706475623755,0.02302954225558551,31.87187440756537,-0.030364394896002976,-37.356290897263364,0.019238967130195305,0,0,0
2.563081891980829,0.017244175188922385,31.932921584042788,0.0903429441182368,-37.45557073930607,-0.09848185011332192,0,0,0
2.566006508422305,0.010518114875276296,32.35847203223656,0.2455908545436813,-37.90273621888301,-0.24668453618567981,0,0,0
2.549112837996944,0.0034730541053150433,33.10981991658085,0.4144918620980519,-38.65144187486274,-0.40515426480839667,0,0,0
2.518624634801199,-0.0032116627937142537,34.10421244784999,0.5733547372151235,-39.61512596316396,-0.5514650974098145,0,0,0
2.483035290904212,-0.008803181313393794,35.23617513919481,0.6996767472204084,-40.68892817687612,-0.6648466052333447,0,0,0
2.450329308658297,-0.01262116792376986,36.39660414842092,0.7760465444910665,-41.768673532514896,-0.7298222505300714,0,0,0
2.425968722408399,-0.014222707471128615,37.486188937519586,0.7928552689008171,-42.76363696571846,-0.7385874571793665,0,0,0
2.412208308627328,-0.01357614025959748,38.42356189822931,0.7490937650313129,-43.60350316868477,-0.6915085200254169,0,0,0
2.408515107981998,-0.011115006919537507,39.15010132542187,0.6512407006048135,-44.241443074893965,-0.5958271145342053,0,0,0
2.4124947963860564,-0.007617775865878684,39.632339852476036,0.5109400438198805,-44.65451340256408,-0.463288596784264,0,0,0
2.420854817269543,-0.003959964468174348,39.86147427305096,0.3424949617123474,-44.84144531109973,-0.30767745771838406,0,0,0
2.43024510582633,-0.0008595379920038227,39.84940968254969,0.16099112731914716,-44.817821419137175,-0.14300173108261732,0,0,0
2.437962768801569,0.0012696668013404632,39.62222692262898,-0.01877308007776719,-44.609713020204794,0.017529598247097055,0,0,0
2.4424468761424123,0.0023157312559760612,39.21361288604879,-0.18297238932817947,-44.2480119310066,0.1621137483812305,0,0,0
2.4434356462224684,0.0023600692687864465,38.66112475631829,-0.31958796206482704,-43.76570275405996,0.2809923352726685,0,0,0
2.441733928738259,0.0015472823563030147,38.00651542161239,-0.4195114836684667,-43.19869084334107,0.36721606058448797,0,0,0
2.4386653904218036,8.835456488043291e-06,37.298458136741914,-0.4775428315187014,-42.58834098324749,0.4172458752991332,0,0,0
2.4353656211870884,-0.0021267090333978445,36.593838004947514,-0.4927802695905257,-41.98236568487246,0.43104376964748214,0,0,0
2.4321158006698624,-0.0046532089763474,35.9542217047736,-0.4682502996739203,-41.43151972216728,0.41161144644092645,0,0,0
2.4279676199490865,-0.007188689331997011,35.43722501579137,-0.4100949259478881,-40.9823527967192,0.36429050581130296,0,0,0
2.4209431718344234,-0.009128829155164908,35.086045957863945,-0.32677994207050176,-40.6689865581084,0.2961852708709728,0,0,0
2.4089780154923517,-0.00971443728088559,34.921606986644434,-0.22850953187817993,-40.507383722662354,0.21577663949234135,0,0,0
2.391430679038095,-0.00822871102797933,34.93972392588978,-0.12664489706513676,-40.49359855579553,0.1324791945559099,0,0,0
2.370559982822442,-0.004257459820713905,35.11266362656991,-0.03279539893587469,-40.60510687289357,0.055855445006551464,0,0,0
2.3521473546708194,0.002118529073385389,35.39332533561327,0.0425385041921146,-40.80385004535023,-0.005557703880984377,0,0,0
2.344589555929403,0.010308019090756204,35.72142010283059,0.09153165259213267,-41.040924448417655,-0.045549259725825665,0,0,0
2.3563782801420103,0.01937606172548243,36.032009166090546,0.11031556416753859,-41.26354903768839,-0.061234129473021426,0,0,0
2.3927910229799494,0.02829521121129517,36.26588401558877,0.09949825227791109,-41.42381123480695,-0.05338957718560096,0,0,0
2.4533010914037163,0.036156785625783526,36.37960674669475,0.06374599277265816,-41.487096760977124,-0.026027337873796342,0,0,0
2.5310478108566485,0.042269384381032185,36.3525415417127,0.010635193141104083,-41.437845393977454,0.01460100943696716,0,0,0
2.6147037890892477,0.04615239046810302,36.18920159953933,-0.05082754060970274,-41.281327852838615,0.061241590406257276,0,0,0
2.6919301276053034,0.04749404039819467,35.916589509423545,-0.11170006175893263,-41.04127949451836,0.10687839805049464,0,0,0
2.75299853529593,0.046156305735310356,35.57718385361636,-0.1644413502748847,-40.75387193453349,0.1458404767189677,0,0,0
2.793253826632764,0.04225950091003483,35.21901555798095,-0.20392875966006158,-40.4590967785239,0.17461597878233306,0,0,0
2.8136712593518496,0.03629477414161499,34.88504992951624,-0.22794843656043326,-40.19143414128766,0.19215887510752622,0,0,0
2.8195299599113497,0.02915825956582978,34.604419485241266,-0.23703753947549727,-39.97214046791271,0.19957454899383437,0,0,0
2.817941337495114,0.022026101909803232,34.3875956633417,-0.2337738933773835,-39.805144270498715,0.1993134345230601,0,0,0
2.8153860320802977,0.01607708585618326,34.22659641898815,-0.22177996710655065,-39.67765144698362,0.19419130343973165,0,0,0
2.8162488328198663,0.012154570491978234,34.100122381090415,-0.20472869084722448,-39.56550800990186,0.18655648717586928,0,0,0
2.8226304065149463,0.010493597727604253,33.982166146957724,-0.18556663655004968,-39.44209990403911,0.1777922550088448,0,0,0
2.83496480818728,0.010621603549436998,33.851462665765496,-0.16609562225698937,-39.288193507608014,0.16820714296805478,0,0,0
2.852700986167136,0.011490372086339563,33.69878983835804,-0.14698337526903912,-39.09936646012105,0.15728115739320286,0,0,0
2.8745442402157124,0.011816596616694142,33.52989694514412,-0.12816866460159418,-38.8883070627748,0.14417344259323386,0,0,0
2.8981898039088065,0.010512470502428073,33.363349192480456,-0.10949671261865035,-38.68117422843545,0.12833870853404789,0,0,0
2.9198872948462196,0.0070321302617784905,33.22409370694635,-0.09133175832494941,-38.50936271160711,0.11006633912970472,0,0,0
2.9344336807747453,0.0014970276517942693,33.134585732550875,-0.0748955616792557,-38.39932889398068,0.09076447456543804,0,0,0
2.9361073036620553,-0.005423185917443618,33.10590901732576,-0.062173402195531934,-38.36340984456638,0.07285901616023978,0,0,0
2.9205107371045784,-0.012781448171993759,33.13162929280165,-0.05538732414523508,-38.39426436164314,0.059272905743117124,0,0,0
2.886570135437651,-0.019632554997733108,33.18680479784092,-0.056227679759879835,-38.464844618604815,0.052611954505104565,0,0,0
2.837600683032889,-0.025211892494903056,33.23321053016517,-0.06518519463756149,-38.53445515838473,0.054362829015292394,0,0,0
2.780732949012844,-0.02898919574634391,33.229728643810176,-0.08131253961716141,-38.559603346005616,0.06446004948479356,0,0,0
2.7248865044471984,-0.030652695543408014,33.14491659690569,-0.10251172067112577,-38.506637402689876,0.08139810949694777,0,0,0
2.6782186902383813,-0.03010736574323829,32.96762014754532,-0.1261364734805369,-38.362187517723754,0.10275904734118627,0,0,0
2.646070878959776,-0.027529482486285416,32.71149724610484,-0.14956129212598626,-38.13754593828253,0.12583303192503195,0,0,0
2.6299953373827805,-0.023438745748177326,32.410968310774734,-0.17049029343843927,-37.864762216759175,0.14805586625627995,0,0,0
2.627906725340665,-0.018696057591974125,32.10946852583962,-0.18702234819620286,-37.5853477990112,0.16719359543232884,0,0,0
2.6350336462296724,-0.01436002612340843,31.84454428252039,-0.1976569037616258,-37.335819371154514,0.1813988197441631,0,0,0
2.6452159122417243,-0.011424601488499775,31.636016371541785,-0.20142048736015283,-37.13593404239282,0.18931858515354633,0,0,0
2.652182677955878,-0.010542166675659815,31.481901863456528,-0.19813982442786368,-36.984285956042015,0.19032560543246574,0,0,0
2.650640107113148,-0.01184834799823733,31.362987048203138,-0.1886911430082506,-36.86251920406144,0.18475846992759273,0,0,0
2.6371326877787595,-0.014952200123588,31.25315960619392,-0.17496485590165775,-36.745615148563985,0.17394609011445822,0,0,0
2.6106404895622006,-0.019085453285916286,31.13071172330416,-0.15939703345658246,-36.61345155115441,0.15986427985451712,0,0,0
2.572797023481783,-0.0233484826382238,30.98622190326668,-0.14418299838449117,-36.4589314633991,0.14448978579447386,0,0,0
2.5275873989774027,-0.026961010273365105,30.824585816022335,-0.1305259663056802,-36.2899612390066,0.129130395609522,0,0,0
2.4804733361469005,-0.029433157581023293,30.661319751758157,-0.11831004671653603,-36.12530131561459,0.11407273443049917,0,0,0
2.4370521924815023,-0.030613543924661712,30.515498191273792,-0.10637604166309984,-35.98670500046603,0.09874214789958558,0,0,0
2.4015488198474344,-0.030621234404328845,30.402714298675477,-0.09324777805157111,-35.890921513209776,0.08228669103451977,0,0,0
2.375605809508073,-0.02970551301853277,30.330756708484984,-0.07792808687759703,-35.8446300862976,0.06426512870578449,0,0,0
2.357851102145645,-0.02809497037264066,30.298801396291168,-0.060395935420328326,-35.84355861173702,0.04508931711299056,0,0,0
2.3445046678665307,-0.025893769763662533,30.29922663157214,-0.04163771842613358,-35.87509772506559,0.026033364125422054,0,0,0
2.330920343735471,-0.023056696261629383,30.320681825678207,-0.02327839803722327,-35.92274823821879,0.008843129192922562,0,0,0
2.313585359376873,-0.019435336713600294,30.35143085452819,-0.007029281550538257,-35.97080026409657,-0.00485427956378146,0,0,0
2.2918473197553766,-0.014860673155685334,30.382262549063398,0.005794238387852602,-36.00803829226919,-0.014073738499664045,0,0,0
2.2686497013407774,-0.009227782359135971,30.408208631761,0.014507521393079514,-36.02962759775238,-0.018706985410125297,0,0,0
2.2499063735306066,-0.0025620230219473685,30.428535771385924,0.019015118983131175,-36.03687002368537,-0.01939846992325158,0,0,0
2.2426988253454994,0.00494487255372178,30.44520537576841,0.019594299933518754,-36.035247796103846,-0.017168533267980023,0,0,0
2.252942088290581,0.012933610046954414,30.460656682554003,0.01664056107218812,-36.031658898206416,-0.012982557900576808,0,0,0
2.2833279859167135,0.02090633026614199,30.47583192241578,0.010464520283053957,-36.03169994039885,-0.007433039400342523,0,0,0
2.3322308719261713,0.028276869672525608,30.48895258612248,0.0011743938405913922,-36.03754331096954,-0.0006077977985029292,0,0,0
2.3939533934037485,0.03444003500557073,30.495169630907327,-0.01133725781045598,-36.04678305774539,0.00785841842505306,0,0,0
2.460256444205015,0.03886276876312138,30.48708743640009,-0.027278529476865286,-36.052573817224555,0.018585088951559213,0,0,0
2.522648662038293,0.0411893523807052,30.45607605735873,-0.04671118311422333,-36.04513065809999,0.032147808640144146,0,0,0
2.5746160164806327,0.04133578465990837,30.394006487469312,-0.0692310854393213,-36.01411627025422,0.04874287179961243,0,0,0
2.6130500513964847,0.039545001366177245,30.29483605365644,-0.09370440683850631,-35.95104341350185,0.06789693789691569,0,0,0
2.6385340611618204,0.036382338583518956,30.15575047661727,-0.1182024169116687,-35.851019134169775,0.0883205436398697,0,0,0
2.6545923491525514,0.03265601008238974,29.978093544626176,-0.14021790204444926,-35.713769709702404,0.10799998641781769,0,0,0
2.6662999348896648,0.029257829331034203,29.76834582816079,-0.15714420126770393,-35.54423018021029,0.12457009189587609,0,0,0
2.678777999578486,0.026952401835677618,29.538787854030716,-0.16689062473183752,-35.352730561429695,0.13589342482554514,0,0,0
2.696054257761361,0.026184402373883132,29.306928417005793,-0.16842890675700062,-35.15433787457084,0.14064119218820678,0,0,0
2.720513494227646,0.02697826893380295,29.092990610462834,-0.16206765806064993,-34.96678319356721,0.13863830940665595,0,0,0
2.7528347375153572,0.028956139616765596,28.91564542372305,-0.14936251341968898,-34.806872898265794,0.13084805313028483,0,0,0
2.792172680395069,0.03144210815999173,28.787169810040353,-0.13272428349732196,-34.68619640984454,0.1190455723333514,0,0,0
2.836460040219464,0.03360400548038598,28.709717419899306,-0.11487804239362447,-34.60770434837215,0.10533879853914527,0,0,0
2.8828327407345142,0.03460359809188986,28.67415947304994,-0.09831552530851013,-34.56466031943529,0.09169711717513848,0,0,0
2.9280954573294764,0.03374373468315213,28.66212534242038,-0.08483228537858452,-34.54253860286693,0.07958952984722316,0,0,0
2.9690134307524687,0.03059903615988162,28.650850709652957,-0.07521905862102188,-34.52331398636889,0.06977483678259375,0,0,0
3.0023399896935246,0.025106991909079567,28.619565404224545,-0.0691751654756331,-34.49084219481884,0.0622506222816952,0,0,0
3.0248139804973846,0.01759161042692341,28.555632600945614,-0.06547524006073217,-34.43575938967831,0.05635272817372936,0,0,0
3.033491604592882,0.008698326417447787,28.458605563219947,-0.06234144871922069,-34.35844257609861,0.05098556844413906,0,0,0
3.026503855826462,-0.0007548158864906895,28.340800024252616,-0.05790823070070701,-34.26903482574127,0.04493789122596183,0,0,0
3.003904656606153,-0.009962319702694344,28.223893768966718,-0.0506644398425351,-34.18436667544884,0.037210964293964824,0,0,0
2.968088784664303,-0.0182788554314115,28.13241740943303,-0.039803995798024516,-34.12266912810725,0.027289729820543583,0,0,0
2.923443304393942,-0.025276934420870135,28.0863029327071,-0.025454743025983363,-34.09784866393076,0.015318826778806739,0,0,0
2.8752845818696073,-0.030721316143831244,28.09507716604287,-0.008756366175958874,-34.11528140717567,0.00216536182761331,0,0,0
2.828472260302533,-0.034516282560700516,28.15548094399503,0.008253151556905891,-34.17042895992728,-0.010654135070251414,0,0,0
2.7862248764383537,-0.036684412070256654,28.252810751672712,0.022969472055314098,-34.250416688163455,-0.021204965062935344,0,0,0
2.749570645484823,-0.037393621070182806,28.36501797396471,0.032752959702008866,-34.33765392703077,-0.027517389633896983,0,0,0
2.717600819059072,-0.03699650988040446,28.468068939186026,0.03557288410177648,-34.41410577140218,-0.028066552533718436,0,0,0
2.688328778985877,-0.03602073002431609,28.541137078789006,0.030609966488620445,-34.464983926801125,-0.02224506641819062,0,0,0
2.6596597351238955,-0.03507086726371398,28.570494744805757,0.018628289754704496,-34.481084476370626,-0.010692334791619374,0,0,0
2.629968445904325,-0.03466009981761431,28.551423365986807,0.0019692401021728758,-34.45954057178781,0.004647226854012842,0,0,0
2.5981236858602585,-0.0350458811226602,28.488146250450797,-0.01586684674086598,-34.40333465344443,0.020805224907635988,0,0,0
2.563236004150781,-0.03615517086175259,28.392402597593303,-0.030960728719378494,-34.32029932811267,0.03438549175014316,0,0,0
2.5245759092324676,-0.03763591952974395,28.281360063589915,-0.03986558534119524,-34.222204755091866,0.04235710892575355,0,0,0
2.48187126212639,-0.03899485044101993,28.17517334501676,-0.04045073170460114,-34.12395669138715,0.04284996992292918,0,0,0
2.4357660652117517,-0.03973667399293106,28.094142284264052,-0.03250198757787359,-34.042364439087095,0.03572614187211798,0,0,0
2.3880189368672973,-0.039442564245507586,28.055410686770927,-0.017922219170370114,-33.99379900952934,0.022746898474164823,0,0,0
2.3412416237616327,-0.037792497244743116,28.069413085774073,-0.00046334611764677904,-33.99053468214464,0.007280912178060817,0,0,0
2.2983802745756776,-0.03458310791650092,28.136629761742995,0.014969148762870078,-34.03648422757183,-0.006362375945434451,0,0,0
2.262292995194585,-0.029778214342708508,28.24547486902702,0.02331043233371304,-34.123823057649446,-0.013811344453546325,0,0,0
2.235542803449249,-0.023573028846521994,28.372201174283106,0.020441730950122406,-34.232071587046164,-0.011546648193720444,0,0,0
2.2201987134128274,-0.016411842602664706,28.48351278927433,0.004172322281624475,-34.330525531663824,0.0023151163979974855,0,0,0
2.2174049249857717,-0.008911851502274715,28.542094085222004,-0.025155832655050857,-34.38392308756701,0.02752808593879763,0,0,0
2.2267937658053825,-0.0017057645063729865,28.514464386927045,-0.06463225313007684,-34.36031819962733,0.06164778454341615,0,0,0
2.24614097366117,0.004723954849431777,28.379590654517983,-0.10933794761331513,-34.239423173324354,0.10043676372373511,0,0,0
2.2716476391851046,0.010137178232027111,28.135865507080297,-0.15333357216768206,-34.01921327510712,0.13866145241288166,0,0,0
2.29890042184455,0.014522607612036609,27.803852360220418,-0.1907947781745861,-33.718518150141364,0.17107702110208436,0,0,0
2.324183978697903,0.018010574861376936,27.423090554473305,-0.21702385614585468,-33.37405683671048,0.193360478316481,0,0,0
2.3456198230699954,0.02077014164986224,27.043250285609844,-0.22914903419756455,-33.03211659033448,0.2027987410143794,0,0,0
2.363664777514856,0.022930441904969713,26.7121391473502,-0.22641920813511832,-32.73720853352063,0.19862353209253172,0,0,0
2.380768879569615,0.02453737473992277,26.464253392537245,-0.21010039609652154,-32.52130137602532,0.1819780161750401,0,0,0
2.4003044620265968,0.025545456529347633,26.313274227815782,-0.18307029721301546,-32.396920748499014,0.1555829670643135,0,0,0
2.425106341484394,0.02584634048854042,26.25060374324636,-0.14925228696703813,-32.35593567742322,0.12321496071610624,0,0,0
2.4560981848550796,0.025329258790954157,26.250272305575862,-0.11301320384356757,-32.37408287870201,0.08910490565568523,0,0,0
2.4915147210603976,0.023949670772259422,26.278586693552768,-0.07859793153607483,-32.41964301157395,0.05733906748192226,0,0,0
2.527102204478581,0.021768924909099496,26.305162534950142,-0.04962391687366789,-32.463383604463985,0.031321912145065765,0,0,0
2.5573638267299543,0.018941013040117128,26.311329490550037,-0.028631680761628787,-32.4863685429803,0.013338459280117832,0,0,0
2.5774765666074444,0.015660651488236966,26.29295851603763,-0.016701174405690723,-32.48300778015363,0.004236805939180499,0,0,0
2.5851165307925896,0.012116200599481885,26.257270970249095,-0.013203242300011197,-32.45872591551526,0.003264532991499891,0,0,0
2.581354026605851,0.008479611629681472,26.21589997861352,-0.015817681726804266,-32.42398941206997,0.008134992932045292,0,0,0
2.5701790099707864,0.004925463516326545,26.177936584920957,-0.020937004295771545,-32.38791678322414,0.015409611485404184,0,0,0
2.5569109769089664,0.0016425329822610025,26.146262483758875,-0.024452277454241767,-32.35455268910721,0.021199920735577395,0,0,0
2.546268347479213,-0.0011922360627579565,26.118571320246247,-0.02274386229524623,-32.32329034750822,0.02204821452889405,0,0,0
2.5408943011518943,-0.0034730479917357117,26.09209548830782,-0.01359109181931899,-32.29273294938156,0.015745394111007727,0,0,0
2.540769356223663,-0.005217355526666268,26.069216650595052,0.0032558660230023405,-32.26554689671991,0.001862554304560149,0,0,0
2.543527534301191,-0.0065638477161712675,26.060639760407724,0.025963503732805294,-32.25138439710821,-0.018117501085274056,0,0,0
2.5454414661023748,-0.00770614971976471,26.083890867597574,0.05094034724980645,-32.26588639769136,-0.04106067161703777,0,0,0
2.5427460866900873,-0.008803932445050577,26.15704759784444,0.07349707068579789,-32.32555383904355,-0.0627447217492346,0,0,0
2.532942975525927,-0.009926952759882113,26.28982963047912,0.08871456416945023,-32.44010037246966,-0.07860739606036304,0,0,0
2.5157155494441383,-0.011045892679757686,26.475535015941574,0.09238254538223885,-32.60516442292271,-0.08456726517035804,0,0,0
2.4931175127731393,-0.012036232329052154,26.68734005741902,0.0818389801756723,-32.79852349939452,-0.07779791015352658,0,0,0
2.4688716524584606,-0.01266499790821598,26.881233190616854,0.056509169132132796,-32.981999906599555,-0.05729533873365824,0,0,0
2.446998819880392,-0.012576078788929124,27.00571696194075,0.017994521284936126,-33.10936430811185,-0.02407907953551387,0,0,0
2.4304353743543174,-0.011320314626364337,27.015920942130208,-0.030266928201979227,-33.13840560108514,0.019007101950109018,0,0,0
2.4204070329331415,-0.008458219118308819,26.887606452351775,-0.08356455013494327,-33.04352599825518,0.06775234767288793,0,0,0
2.416877555219031,-0.0037121890858003324,26.625731451729052,-0.1364805894945647,-32.82433778444479,0.11710075260999134,0,0,0
2.4196806782130835,0.0028999763983378556,26.263836080446936,-0.18339587071582172,-32.5066771930465,0.16166307166666627,0,0,0
2.429542940426444,0.01102364156587612,25.854378315824647,-0.21905107315299405,-32.13548281954246,0.19628280100361054,0,0,0
2.4483607843428388,0.020045409302142048,25.454184129129686,-0.23930544189805972,-31.76257689574078,0.2167452101197199,0,0,0
2.478593658586135,0.02924646431442568,25.110729120995927,-0.2420906489464329,-31.4341568968228,0.22062385153940908,0,0,0
2.522117276756518,0.037942760740239126,24.853381350260804,-0.2283380085259495,-31.181892782727857,0.2081170970276503,0,0,0
2.579108068117222,0.0455445432191965,24.690722459086913,-0.20249168081031144,-31.01917189656345,0.1826035816025069,0,0,0
2.6474529129018123,0.051537301168939106,24.61266254296015,-0.1722215628120125,-30.94191220691465,0.15060832106220232,0,0,0
2.7229000174985742,0.055447656239211086,24.59501445266588,-0.14715998270749822,-30.93216708569105,0.12097300607044588,0,0,0
2.7998346403355328,0.05686511888497421,24.60422636709228,-0.13682135647387952,-30.962355027978674,0.10323916045178975,0,0,0
2.872322987410996,0.05554316036192262,24.600814643625938,-0.1481570127899971,-30.998301968419725,0.1054941905593978,0,0,0
2.9350536899024746,0.0515374936687536,24.54162045232681,-0.1833532812617989,-31.000593982424476,0.13214169898357966,0,0,0
2.9840195028185548,0.04530060984431117,24.382778488749665,-0.2385269129448318,-30.925752758838,0.18222821646750448,0,0,0
3.017011973192581,0.03766099459187302,24.08597056439089,-0.30390833165710945,-30.73018529122288,0.24901668124413448,0,0,0
3.034025262205361,0.029662865224953806,23.629158993095956,-0.36579174247011964,-30.37921499122882,0.3212552020553886,0,0,0
3.037492213444054,0.022304835840016322,23.019848537642815,-0.40987954285978107,-29.86047579289206,0.3859387143406252,0,0,0
3.0321141665603335,0.01626970749427272,22.305453329638596,-0.4249193090207001,-29.196889731888405,0.4315728338044096,0,0,0
3.0240628588205425,0.011753116884342774,21.573579226389057,-0.40527167074397424,-28.451745394473306,0.4506134469067263,0,0,0
3.0195286697481123,0.00845917624501027,20.937097027964683,-0.35157003133423076,-27.719615065137162,0.4402413499060572,0,0,0
3.022882998735696,0.005759865896371253,20.50543093849447,-0.26964773193091957,-27.102967884572422,0.40165271451599266,0,0,0
3.0350200623537233,0.0029541746037040186,20.351621553418937,-0.16871514442140664,-26.68257363037563,0.3388430169462964,0,0,0
3.0525848587459024,-0.0004694987819775065,20.488903744887068,-0.059801606174173114,-26.494459513357214,0.25782918141639755,0,0,0
3.0686112652686575,-0.004667997001043034,20.867078175407357,0.04524527591669596,-26.52333925977743,0.166457998350441,0,0,0
3.0746106321562934,-0.009438648398648298,21.389493245081695,0.13474718886007508,-26.713658146062954,0.07409482098400985,0,0,0
3.0635670082424014,-0.01436033481979706,21.94200754888189,0.19888354038392037,-26.990784821765857,-0.009638572561655678,0,0,0
3.032797225624279,-0.018989056418209315,22.421832475901084,0.23206832010355355,-27.282183978728085,-0.07711975229172481,0,0,0
2.985434196549903,-0.022996621560967868,22.757906088805555,0.2349890902907532,-27.532309748383994,-0.12496554514691809,0,0,0
2.9296763748340595,-0.026189301590565605,22.921051114989808,0.21491627684446826,-27.710797184633208,-0.1548684640467485,0,0,0
2.8759253215501417,-0.028427697460787726,22.925932431803886,0.18358586116215464,-27.81600079075372,-0.1723150799130025,0,0,0
2.832992434553603,-0.02954067069484694,22.826114139530006,0.153275809909573,-27.87416540748967,-0.18372138338337435,0,0,0
2.8050538467440447,-0.02933443300184422,22.70151245632647,0.13274110064811281,-27.93222908184481,-0.1934558887283373,0,0,0
2.7906918428402463,-0.027722290094332892,22.63806651333175,0.12475090172471255,-28.0431441538247,-0.20221316615527485,0,0,0
2.78433429066078,-0.024892580111001907,22.702936787028904,0.12606267190626,-28.246490058907455,-0.20731346117500776,0,0,0
2.779203925207824,-0.021388179955260968,22.922251344177425,0.12939412250797205,-28.550871979896698,-0.2043845839254402,0,0,0
2.770222678223959,-0.018029990653434424,23.269418555363018,0.12609470954394625,-28.92534370904923,-0.18923229869804742,0,0,0
2.75557432468095,-0.015717826295957592,23.66934149314821,0.10820951553568818,-29.304315640280834,-0.15884692767110664,0,0,0
2.736508395439884,-0.015202433706588182,24.018532807868155,0.06935773705542658,-29.605444360134072,-0.11125155492426017,0,0,0
2.71579457528145,-0.016917411820736562,24.21499234006953,0.004761528151522043,-29.75464302388761,-0.044735823305637724,0,0,0
2.6956254150157974,-0.02091010259965458,24.18687952724335,-0.08875013805904644,-29.708323777734194,0.04259974718901276,0,0,0
2.675814171594027,-0.026850299356758,23.908209294886888,-0.2121164999986263,-29.462634684200737,0.15232354013664065,0,0,0
2.653029509678163,-0.03406991171055864,23.395089826880735,-0.3627961458351535,-29.04474463108741,0.28419626399617925,0,0,0
2.6215177246328807,-0.04161924408087429,22.68568179484697,-0.5335784553633545,-28.490502386881076,0.43447046499454134,0,0,0
2.5752332646642344,-0.04837406370963606,21.81543540643844,-0.7124513494035739,-27.820492587017327,0.5950463935476705,0,0,0
2.510700931640244,-0.0532220465593312,20.801086344191162,-0.8841918626494788,-27.02763657853029,0.7542798143609929,0,0,0
2.4295235611183728,-0.05529249869287582,19.641457097011482,-1.0334506652771551,-26.083381069087437,0.8993686756702971,0,0,0
2.339381883872207,-0.054140714290295475,18.333556939514665,-1.1481610294701596,-24.95961099033542,1.0192932805283532,0,0,0
2.2527677583435235,-0.04981595915583199,16.894019313832416,-1.221796596180684,-23.654980424657367,1.1069311155426589,0,0,0
2.183574109688138,-0.04281127443789927,15.37307371357474,-1.2535942160210312,-22.21184488027768,1.159487616001607,0,0,0
2.142700428087039,-0.03395223045569935,13.852372874471797,-1.2469538776424058,-20.714637021031223,1.1773960159872758,0,0,0
2.134407028691072,-0.02429053368431653,12.426599000185291,-1.2071272392461452,-19.269701878917203,1.1626636040791596,0,0,0
2.154869918119843,-0.015028789019049782,11.177123865073895,-1.1395003320262305,-17.97543347566082,1.1177951590857105,0,0,0
2.193404980253888,-0.007443449480525999,10.14973963463666,-1.0492049804493575,-16.895626226865005,1.0458667320703483,0,0,0
2.235710960107241,-0.0027405980367689155,9.34589663001438,-0.9418459333265276,-16.04653242714457,0.9514455884394522,0,0,0
2.2677955947970787,-0.0018143849086357023,8.72981395172971,-0.8244039317277128,-15.401000537738696,0.841427917260188,0,0,0
2.279235670927875,-0.004966353885298247,8.246453776749178,-0.7053069750357934,-14.905429478230332,0.7248808143643032,0,0,0
2.264947389066947,-0.011711850010952674,7.841507135021089,-0.5932660821500235,-14.500943669631937,0.6115971617166253,0,0,0
2.2253617779758343,-0.020784433735751406,7.475559980567141,-0.4953313126699214,-14.140524540262845,0.5098886806540236,0,0,0
2.165430260601781,-0.030361511186197277,7.129034396297612,-0.4151692867818554,-13.797565707675801,0.42463287748110473,0,0,0
2.0930368892340567,-0.03844125582782283,6.799303124113862,-0.352464195578159,-13.46582887738819,0.35647199815392694,0,0,0
2.0172885285815454,-0.043255809055314384,6.493938178685056,-0.30371201191198904,-13.153730261750951,0.30245710172783336,0,0,0
1.947025580762329,-0.04361154290940874,6.223810738374681,-0.26394792948252643,-12.876546669120586,0.25773479912339214,0,0,0
1.8897898683919152,-0.03908312380394676,5.998046766818106,-0.2285668311755245,-12.649297452053958,0.21748117477932,0,0,0
1.8512984018290126,-0.030038065771312007,5.82125467423279,-0.19452526460926264,-12.4818124456053,0.17834338606753591,0,0,0
1.8352375042439348,-0.017514037450281704,5.6926938326098195,-0.16065113364489605,-12.376429520460363,0.1390080434038225,0,0,0
1.8431202418337875,-0.0029925548704852643,5.606974481923913,-0.1272023779753198,-12.32808148699641,0.0999152615094431,0,0,0
1.8741161510274793,0.011890002900885576,5.555838823265844,-0.09502412968123793,-12.326131921838737,0.062402713554928366,0,0,0
1.9249811202627143,0.02565445156692192,5.530307334474514,-0.06467467917712214,-12.357090679587486,0.02766282232572337,0,0,0
1.9902898860989637,0.0372540511277137,5.522523059848652,-0.03582332884859909,-12.407485273637576,-0.0041113952699873835,0,0,0
2.063111340529204,0.04623184509272136,5.5272793443606645,-0.0071268421033380495,-12.46667626229376,-0.034077415260006204,0,0,0
2.136188557590401,0.052700446638471024,5.543696881872677,0.02334502040133941,-12.529703126201667,-0.06441555212383321,0,0,0
2.203570096431548,0.057155786458069714,5.5770639466034595,0.057267072077436865,-12.599918445863352,-0.09740426482552493,0,0,0
2.262330379669052,0.060212368470232036,5.639813478332115,0.0951577263783406,-12.690411404753831,-0.13428713888476124,0,0,0
2.313616852756226,0.06237632884629818,5.74998625319941,0.13587414057530225,-12.822586598205362,-0.17447612178698363,0,0,0
2.362241970628645,0.06393683303907523,5.926144036623214,0.17677867072516165,-13.020585041698695,-0.21547722693474042,0,0,0
2.4146781064144847,0.06497992078332686,6.179645202698282,0.21447453368759567,-13.30212413525166,-0.25353762170026073,0,0,0
2.4762398357297997,0.06545724207308438,6.507416087049251,0.24571551508383038,-13.66900331068635,-0.2846698937218406,0,0,0
2.548744408725696,0.06522160356093565,6.889048740227537,0.26807445941779806,-14.101851897457323,-0.3055914178617968,0,0,0
2.629658216489716,0.06399565620505002,7.290309767100268,0.28015593682908957,-14.56225754298498,-0.3142241289468501,0,0,0
2.7129105483624727,0.061333278493744106,7.672024681236621,0.2814012623383036,-15.002052479296367,-0.3096617570606526,0,0,0
2.790760978321245,0.056675201729422045,8.00085203271098,0.27172260647670043,-15.376402063420073,-0.29180364080703497,0,0,0
2.8557861320409046,0.0495372612568616,8.25780854078144,0.251239748986697,-15.65583262448132,-0.26100420132328567,0,0,0
2.9022869417195523,0.0397545872640805,8.441372846623011,0.22028711278670698,-15.832652694222332,-0.21801126482194205,0,0,0
2.9269496376936672,0.027644369356737288,8.563998876582446,0.1796865066909959,-15.919204168811888,-0.16424184981047746,0,0,0
2.9289939879228655,0.01399164344405932,8.643370101390218,0.13112202126526712,-15.938621449769045,-0.10220779889889683,0,0,0
2.9100507189831006,-0.00013658421472513284,8.692042692565252,0.07736588803006157,-15.912166148484516,-0.03576052351833141,0,0,0
2.8737857083706047,-0.01365828994674132,8.71028721491632,0.0221371500484139,-15.84911595890577,0.030146595743488547,0,0,0
2.825188102293069,-0.02570628342089378,8.685913807137496,-0.030453546856824686,-15.744270395562097,0.09024622702083321,0,0,0
2.769574650930309,-0.035734098635266776,8.60152997975294,-0.07668652338882964,-15.584335531973949,0.14003349745022717,0,0,0
2.7115447062152214,-0.043480831408064094,8.445683561537237,-0.11392017488365128,-15.359657714479681,0.17667109070633275,0,0,0
2.654178078853832,-0.0488501462561004,8.22222353319512,-0.1409202173992213,-15.074936105985188,0.19934887378365146,0,0,0
2.5987232978319668,-0.0517922513789955,7.953273072213193,-0.15776662330372063,-14.753370354272988,0.20901772126914012,0,0,0
2.5449459553668845,-0.05225778954537219,7.674507612734715,-0.1654655437862374,-14.43231771972006,0.20771073013529814,0,0,0
2.4921413236130263,-0.05024314583368437,7.424797127745933,-0.16548975198188884,-14.15249326174856,0.19781077246449855,0,0,0
2.4404925253618615,-0.04589751407495015,7.234167927398005,-0.15947809436734417,-13.94513271193253,0.1816051916273665,0,0,0
2.3921282051931456,-0.039626018954372455,7.114376459528046,-0.1492544039782274,-13.821988935793115,0.16131232934258435,0,0,0
2.3512078129168827,-0.03211354287856807,7.0556317770539465,-0.13713933088634747,-13.772008657552789,0.1394847862062562,0,0,0
2.3227566439562253,-0.02423131695891243,7.031016287318607,-0.12626365147171725,-13.766162670917112,0.1194005976724469,0,0,0
2.3105995101808077,-0.016863889096632077,7.006749036079498,-0.12046295824890194,-13.768283615700284,0.10497693481108569,0,0,0
2.315284516671497,-0.010748338642110866,6.953139521754963,-0.12351919985534607,-13.746534421053838,0.09999866365720322,0,0,0
2.333042650068151,-0.0063967541642156785,6.850830224331645,-0.1379154681090057,-13.680088243922626,0.1068795390509564,0,0,0
2.3564101282428425,-0.004098194382999054,6.6906365574960205,-0.1636132775378769,-13.559364377548519,0.1254898635309587,0,0,0
2.3763070644005637,-0.003940792369515123,6.469878030245695,-0.19745827204672822,-13.382548371609204,0.1526463537118218,0,0,0
2.3846579371919177,-0.005801859632386197,6.189605129192472,-0.23362876931869891,-13.152506625176528,0.18265227561354608,0,0,0
2.3765249837197047,-0.009306841567328661,5.855013246307948,-0.265099726384517,-12.876337321422966,0.20882781752644064,0,0,0
2.351146261363155,-0.013810573830713224,5.478243684149277,-0.28557913385355677,-12.567090300483528,0.225451750064056,0,0,0
2.3117998892217315,-0.01846649293670737,5.081049056586664,-0.2911245975195243,-12.24554512043457,0.22929829169212895,0,0,0
2.2647380476323633,-0.022407031045214864,4.694728594131618,-0.28087502799164665,-11.939639914781651,0.2202109625788637,0,0,0
2.217531094507521,-0.024985057394403043,4.355751772234328,-0.2568300537726003,-11.680005440435878,0.20068448262116761,0,0,0
2.1771787783643646,-0.02597363522281171,4.097348183219395,-0.22297672029176852,-11.492016920413278,0.1748116361450059,0,0,0
2.1483777207010775,-0.02562822190925971,3.939584249136402,-0.18414892147990541,-11.387105327001336,0.14704100360722805,0,0,0
2.132339817790694,-0.024578099382108577,3.8818862775795537,-0.14495297925146816,-11.357254751759882,0.1211204163612308,0,0,0
2.1264564904565333,-0.02359668770962884,3.901577492519692,-0.10902075605228276,-11.375703545397528,0.09948700538314484,0,0,0
2.1249215849638006,-0.023356078071083176,3.959837926274787,-0.07871481051994067,-11.40439026372647,0.08318264637338188,0,0,0
2.1202427646271076,-0.024263171408944118,4.013524031508894,-0.05519254567125529,-11.405927285350685,0.07213528466606363,0,0,0
2.1053652675420693,-0.02641007591596036,4.028713891634595,-0.03857763826938765,-11.35588613687122,0.06550052169865808,0,0,0
2.075833012125443,-0.02960226080058561,3.9908414960638368,-0.028018629162392016,-11.250675066603122,0.06181784567690727,0,0,0
2.0311772669215316,-0.03340635234442857,3.9075804889322114,-0.021597568122984967,-11.107813451047832,0.05894164958445458,0,0,0
1.9748993804180799,-0.03719155887616665,3.803826315521775,-0.01625387385180659,-10.958652593775241,0.05392535246762122,0,0,0
1.913078019204761,-0.04018646477725696,3.711571800525519,-0.008004824105890406,-10.837011703426697,0.04317017331548527,0,0,0
1.8523551126952214,-0.041593288985615116,3.659397957512482,0.007308963537383306,-10.768926870232264,0.023105494786912574,0,0,0
1.7982762943464081,-0.04077628883876514,3.665910596349704,0.03278984425424767,-10.767838255915336,-0.008615081962011573,0,0,0
1.7545409016948668,-0.03748045326351388,3.7390387540016263,0.06916421410648468,-10.836450020721315,-0.05182240166147665,0,0,0
1.723056937191231,-0.031981079611341556,3.879789685215883,0.11398916040736537,-10.972688530571617,-0.10310122145747584,0,0,0
1.7043098747709564,-0.0250668123956288,4.086613666882727,0.161857128440343,-11.17487233748156,-0.15612671845936177,0,0,0
1.697602379154418,-0.0178341926610301,4.356612334177072,0.20564442318643045,-11.442036956491336,-0.2030983670574585,0,0,0
1.7010284794903043,-0.011372729583678165,4.6824836371286835,0.2383684903597981,-11.768899083217889,-0.23676728068496686,0,0,0
1.711366470808116,-0.006472574348202897,5.047472093005865,0.2549338320233943,-12.13882566562259,-0.25225266389005585,0,0,0
1.7242312564617919,-0.003460135025771649,5.422397599925205,0.2531243484455075,-12.519919778368859,-0.24796123836214293,0,0,0
1.73473609259446,-0.002194149941722401,5.7680160323898235,0.23362570170277194,-12.867995374001282,-0.22541901920422164,0,0,0
1.7386278168584397,-0.0021902522884460042,6.043082861110463,0.199375945346506,-13.136599677081932,-0.18839051201752283,0,0,0
1.7335505508643791,-0.00280760382098606,6.215248916583647,0.15479146487033119,-13.290364894815895,-0.14191728251291807,0,0,0
1.7199395514371503,-0.0034223638285439508,6.270282238456701,0.10524564818531416,-13.316062404342745,-0.09170918009592413,0,0,0
1.701115437774007,-0.0035302029337074712,6.216046702243602,0.056774290771170396,-13.226878722613833,-0.04386726079180505,0,0,0
1.6824073518864964,-0.0027635146341708607,6.080373120347787,0.015684873240138585,-13.058777457656788,-0.004574688612396472,0,0,0
1.6695263409445573,-0.0008588858951043221,5.904526982880384,-0.012230615149820778,-12.861209781620516,0.020598384951816227,0,0,0
1.6668048412048648,0.00236336433934099,5.734940118981825,-0.022867580556911092,-12.68599088417713,0.027801429720747707,0,0,0
1.6760644414710413,0.006961923101101775,5.615215000717569,-0.014969718093601614,-12.577498273540641,0.01604133544078934,0,0,0
1.6965961101200833,0.012786644707061612,5.579246332326591,0.009292470387219965,-12.565666664492824,-0.012227617165586934,0,0,0
1.7261472336434167,0.019405038217908555,5.645709880891616,0.044700878880325944,-12.66201152448312,-0.05147026551342151,0,0,0
1.7622614602518496,0.026125679016743675,5.814407055541352,0.08423911594507842,-12.858585379874455,-0.09434365686858825,0,0,0
1.803169781875397,0.032152626838144724,6.065551735647631,0.1207146466588199,-13.129951540408001,-0.13338607727220902,0,0,0
1.8478059985077664,0.036816271988806194,6.363206942328901,0.14817378687049257,-13.438338575998614,-0.16251304506938027,0,0,0
1.8951658199530925,0.03976578319436186,6.663055491046862,0.1627717328153068,-13.741581377748048,-0.1779471242547345,0,0,0
1.9436641420539331,0.041026700850909495,6.922764279798571,0.16308630949336306,-14.00221402634267,-0.1785457154401314,0,0,0
1.9910526093260046,0.04090789195043243,7.111673449468583,0.15004319317007173,-14.195070554342607,-0.16567104560129167,0,0,0
2.0349675610929268,0.03982407742944218,7.216677987686751,0.12660466581903335,-14.311121334870933,-0.14273743849052778,0,0,0
2.07372227341466,0.03813447303474504,7.242932328870637,0.09726780611186144,-14.356969516087986,-0.11450860956493898,0,0,0
2.106863118629178,0.03607199521636062,7.210109427260221,0.06735306118209508,-14.351123818894138,-0.08621132628474584,0,0,0
2.135226153147741,0.03377022425261487,7.146141812592333,0.042109626526286095,-14.318721980496036,-0.062590984848228,0,0,0
2.1605022345462714,0.03133329646552596,7.080453713731686,0.025787409549380413,-14.285959764779733,-0.047108095564743734,0,0,0
2.1845145122228473,0.028884194136969653,7.038229796766245,0.020909163164358802,-14.275037636057391,-0.04147929926579082,0,0,0
2.2085259506713726,0.026569132987529543,7.036737554149852,0.02791855513237067,-14.300451838846072,-0.0456436245178395,0,0,0
2.232868062479241,0.024537769093068106,7.084151756309723,0.04521423057939842,-14.367491226230328,-0.05804268358053548,0,0,0
2.2569971067091927,0.022920182906186425,7.180638375292375,0.06945598689978283,-14.473294981990108,-0.07599833790996798,0,0,0
2.279894550695701,0.02180061325549616,7.320765081112171,0.09604234485870222,-14.609863547000515,-0.0960466911176809,0,0,0
2.300658890968222,0.021183890646510405,7.4958635390104575,0.11975242231491165,-14.767557580049328,-0.1142692756477203,0,0,0
2.319099964345341,0.02096379985582928,7.695074634664621,0.13559537320076628,-14.93739635189334,-0.12678204500160745,0,0,0
2.3360649476910424,0.02090912693513758,7.904669296258049,0.13984671029075174,-15.111107197993817,-0.13048810743510159,0,0,0
2.3532322857027026,0.020680747457674897,8.106565261179355,0.1310886642645329,-15.279188891672845,-0.12399170373643927,0,0,0
2.3723411410113755,0.019890242295066685,8.277977936880802,0.11090227636033205,-15.428652521256936,-0.10833501231189473,0,0,0
2.39415251078114,0.018195698504933945,8.394183528773908,0.08382528166157215,-15.542858086073466,-0.08712718151467698,0,0,0
2.4176172200227484,0.01539878754669104,8.435204657057369,0.056400189346993555,-15.605332913197088,-0.06581044211577591,0,0,0
2.43967553705599,0.011491705229072124,8.395038398955052,0.03553042074395023,-15.60740826359472,-0.050204447172913544,0,0,0
2.4558995296598596,0.006631939515990837,8.289661138895696,0.02670662786559319,-15.556645105109055,-0.04485663802518047,0,0,0
2.4618515357450406,0.0010733820029756203,8.159017897727892,0.0327382596032237,-15.481135362147285,-0.05185315269355613,0,0,0
2.4546467664351326,-0.0048932387450349776,8.059865432480393,0.053377139586586964,-15.425662001207087,-0.07051939517627659,0,0,0
2.434017016636062,-0.010957173549789445,8.050378842104124,0.08578925611629415,-15.439440823622476,-0.09798274284763124,0,0,0
2.402384342850951,-0.016774633507534987,8.171735574913981,0.1254707667376181,-15.559673578245622,-0.1301572195583674,0,0,0
2.363966105732459,-0.021976451025142296,8.433947857211592,0.1671359896747333,-15.797720418608407,-0.16261213494590265,0,0,0
2.3234087535610257,-0.026240137327408774,8.811749332746672,0.20534640069934654,-16.1338464730197,-0.1910578785685658,0,0,0
2.2845807752832457,-0.029414092355700916,9.25207608993685,0.23497833510988642,-16.522685514549778,-0.21158071824521868,0,0,0
2.2498708849473985,-0.03161936772298475,9.68991232443355,0.2517685574136436,-16.906905108780762,-0.2209470554339788,0,0,0
2.219911026804567,-0.03324421610339527,10.066398295702385,0.2530372681180211,-17.233529613053747,-0.21714859461148706,0,0,0
2.193498156385772,-0.03480591288854953,10.34312514588916,0.23840640661150586,-17.467223890794713,-0.2000392121629062,0,0,0
2.1677106121880314,-0.03673935063567768,10.508801248826757,0.21014617253062226,-17.59694254459947,-0.1716972301326166,0,0,0
2.138453089205285,-0.03922069833859325,10.57755100661683,0.17285420004427862,-17.635132555546875,-0.13619814425526897,0,0,0
2.1015748556021094,-0.04211491608522806,10.580751523284334,0.13246112725986164,-17.610926769737347,-0.09876151216420226,0,0,0
2.0543252139654555,-0.045058579978665136,10.55579964102904,0.09485992322894958,-17.560065699874684,-0.06454297581466903,0,0,0
1.996572599375682,-0.04760652175009454,10.535409582517815,0.06459082351718734,-17.514692719934573,-0.03748195077515959,0,0,0
1.9312017701750932,-0.049349014871476984,10.540291333189458,0.043954841733824426,-17.49582791557239,-0.019541552351535076,0,0,0
1.863431614430965,-0.04996017589930659,10.576687362535466,0.03276340712371848,-17.5103006361918,-0.010492716409126501,0,0,0
1.7992850851607471,-0.0492070625843013,10.638511556723046,0.02874581492977484,-17.552334866927453,-0.00822998141967446,0,0,0
1.7438458093036218,-0.046966526553931943,10.712306530874258,0.02847807584993234,-17.608349120805343,-0.009517176536789407,0,0,0
1.700008007671002,-0.0432629973848833,10.782673563227405,0.028580155442173804,-17.662639414310064,-0.011008394294728418,0,0,0
1.6681088531949655,-0.038302934959523326,10.836435320063941,0.02684816692453751,-17.701869708690737,-0.010311469802792317,0,0,0
1.6463824633622721,-0.03247170777344337,10.865009155914578,0.022964223930804904,-17.71743236974362,-0.0067747630873356,0,0,0
1.63190959006279,-0.02627160017554786,10.865532281783658,0.01851593977238508,-17.70609853510524,-0.0016835363643252776,0,0,0
1.6216952401166225,-0.020205749388166792,10.841601195450778,0.016285234447883566,-17.67014964282197,0.002274587959922769,0,0,0
1.6135432497804487,-0.014645990475116832,10.80389125176319,0.01906129827537768,-17.617807417962496,0.0021146434471688734,0,0,0
1.6064846924406595,-0.009742690934911025,10.769933572497507,0.028446026012909444,-17.563575546445747,-0.004206146305509151,0,0,0
1.6007156126754865,-0.005418761993242071,10.761846760259317,0.04412043925436535,-17.527135999835053,-0.016926356109033237,0,0,0
1.5972275912790792,-0.001445030464537922,10.801363901201881,0.06381900694291005,-17.529588987328225,-0.034324388574188444,0,0,0
1.5973859045524534,0.0024452060436303213,10.902919513628035,0.08394720297636696,-17.587202686333654,-0.05326493685030868,0,0,0
1.6025810983218918,0.006451880900652895,11.0671338233565,0.10055210486488875,-17.704700877365156,-0.07016007121408734,0,0,0
1.6139212332625448,0.010644067411622871,11.277639712607595,0.11031198141756704,-17.87113326978107,-0.08196130159684571,0,0,0
1.631932158716893,0.01494456553259198,11.503199225343678,0.11131098627972165,-18.060676255485504,-0.08689473712298365,0,0,0
1.6563616504990932,0.019162445759286585,11.705004311547327,0.10348982050538211,-18.238747903608328,-0.08482413045384476,0,0,0
1.6862140491231514,0.02306712869826697,11.847122244099666,0.0887192715107176,-18.371750354962842,-0.0772404516867482,0,0,0
1.7199839238966774,0.026483623214618036,11.90701106593886,0.07043989906993602,-18.437420433930953,-0.06688965668474225,0,0,0
1.7559303477665793,0.029374735117991692,11.883043435294724,0.052843930854331235,-18.432522917675584,-0.05705001140755428,0,0,0
1.7923400702683523,0.03187723391471309,11.796744965313138,0.03971979540641542,-18.3753773043735,-0.050562434755821076,0,0,0
1.827898878261749,0.034272292751332145,11.688556616309057,0.033280860497558254,-18.301993504195707,-0.04887726387381406,0,0,0
1.8622221366986338,0.03688902902834599,11.607318504327395,0.03340446101445593,-18.256099253181077,-0.051471160491189494,0,0,0
1.8963284495018087,0.039968138930065324,11.595573131899812,0.037613125684674745,-18.2752009914407,-0.05591268563667882,0,0,0
1.9326935724096757,0.04354279809308821,11.674837666671749,0.041866924073607946,-18.37675761733928,-0.05863344265192438,0,0,0
1.9746550862302144,0.04739496398002672,11.83600783031926,0.04192075773778185,-18.549448894223644,-0.05618145566566,0,0,0
2.025251940782553,0.05110133936807983,12.039048921691887,0.03477356821065598,-18.753459508520223,-0.046515068528103144,0,0,0
2.0858954384238046,0.05412909836743722,12.223253500946413,0.019705097845559294,-18.93087721132963,-0.02986025504899601,0,0,0
2.1554119048275595,0.055929168504729884,12.32568030667494,-0.0014396538771137557,-19.023754860450197,-0.008825100732960323,0,0,0
2.2298799875668465,0.05600899084968489,12.302251012672542,-0.024802907084702498,-18.994337474332184,0.012271630521445332,0,0,0
2.3033534639491506,0.05400191475211642,12.144480647419698,-0.04574432416904415,-18.840527989654532,0.028669271932909624,0,0,0
2.369189861936121,0.049750615743813856,11.88560759476465,-0.06039867773949936,-18.600596054685667,0.03667729293699153,0,0,0
2.4215138217459327,0.04339089824689637,11.592921965556258,-0.06710674951870602,-18.34435026051068,0.0349947925612895,0,0,0
2.4564183579986576,0.03538943393970726,11.347544061052787,-0.06729854183337239,-18.152484686226245,0.025454026448846888,0,0,0
2.47271271993084,0.026486828809528618,11.217394424981308,-0.06558002852214032,-18.090064898010183,0.012988155707168403,0,0,0
2.472161243668353,0.017536332801957145,11.232021052924267,-0.06900425631470455,-18.18267596485373,0.004837420480453147,0,0,0
2.459160923251517,0.009286584944146626,11.367981426504826,-0.08568858039135704,-18.403511582907328,0.009146751003609666,0,0,0
2.4397897778208772,0.0021941835993743554,11.55026808261269,-0.12302877091769915,-18.67633694684116,0.03316382911696962,0,0,0
2.4202801929228457,-0.0036641269874991165,11.669880021453537,-0.1858078334337961,-18.893873303378513,0.0813037371092662,0,0,0
2.405243315586418,-0.008571004841401475,11.612208449525497,-0.2745844918318852,-18.945963269527653,0.15347552265842807,0,0,0
2.396219313390617,-0.013081934882394819,11.287594843506128,-0.3848608251116957,-18.749060479618436,0.24421269832412235,0,0,0
2.3911316979298647,-0.01791146640471908,10.655319885587659,-0.5075093398739853,-18.26895776351597,0.3431303585802624,0,0,0
2.3848725518709415,-0.023795153470111075,9.734843631218297,-0.6306258954855253,-17.531312889418018,0.4368923701739675,0,0,0
2.370708309584643,-0.03131671142038073,8.601699142733935,-0.7424114949095639,-16.617729459641964,0.5122666371550337,1,0,0
2.3418933711068917,-0.04072319117026524,7.3687861738643505,-0.8341081876746358,-15.64793791476896,0.5592208308491422,1,0,0
2.293046579621162,-0.05180184525109723,6.156927654184415,-0.9016661515914961,-14.751372379051105,0.5726393206430259,1,0,0
2.221209388550406,-0.06390980831970552,5.061722471649574,-0.9448760140689586,-14.034587881167653,0.5513311863890806,1,0,0
2.12662266361707,-0.07619953123845846,4.12615313351705,-0.963302143233949,-13.553670575290823,0.49368565114615137,1,0,0
2.0130482812201933,-0.08797545998093739,3.3287981447071786,-0.9495463308435973,-13.30166499488709,0.3906232338325907,1,0,0
1.8872248630754456,-0.09900228048978192,2.5955469336105352,-0.881912853189246,-13.219570063097393,0.2180991749102617,1,0,0
1.7571212301935617,-0.10954514735463476,1.8388347028165413,-0.7197624476595508,-13.23574861572763,-0.06736634572417302,1,0,0
1.62913638554528,-0.12001727926400178,1.022298453248169,-0.4048989805594886,-13.332101252054457,-0.5266875537934965,1,0,0
1.5051179520615676,-0.13031752157190796,0.23938032278232413,0.1291180745766553,-13.625080551092111,-1.2279211552177258,1,0,0
1.3806855046868236,-0.1391528811383836,-0.21742938915852505,0.9403332118771288,-14.436737710539347,-2.2285550829746628,1,0,0
1.246441897560544,-0.1437272611098379,0.17116169726884323,2.057788096623386,-16.32160137201069,-3.5541439610214525,1,0,0
1.0928737869811442,-0.14006311934969345,2.107937848589529,3.4628202815689777,-20.01824791698607,-5.179524310529635,1,0,0
0.9180341728313266,-0.12394304176394684,6.352903217416127,5.079594662538474,-26.31379943334491,-7.020042389003362,1,0,0
0.7350938522332342,-0.092154054544649,13.529485252288339,6.780833464866205,-35.83922140503745,-8.938491126618905,1,0,0
0.5757756701218142,-0.04356386063559512,23.90667911094104,8.409207065672968,-48.843104605101615,-10.767685862392906,1,0,0
0.4865936695785109,0.020350045415983686,37.22374974930031,9.807232671607474,-65.01481316839374,-12.341066765741047,1,0,0
0.5176908125540933,0.09562158201803328,52.634781328201285,10.84412834176768,-83.43617250576125,-13.51971483666758,1,0,0
0.7075958400987901,0.1763889046523346,68.83063310191022,11.43066874567948,-102.71701251824351,-14.207196937038532,1,0,0
1.0694793457056164,0.25565728632183776,84.331450979512,11.520834837995697,-121.30193917502118,-14.351530424944674,1,0,0
1.5841859588466605,0.32600652055683665,97.85489732691622,11.10628601515748,-137.84740536794982,-13.940531818108258,1,0,0
2.202657717740877,0.38019910581364796,108.61244511494564,10.211772661180479,-151.5187497386865,-12.998443551425519,1,0,0
2.85676283350449,0.4117908699395059,116.41462530538433,8.895619676184575,-162.0902172873714,-11.587405744825691,1,0,0
3.4746070360497043,0.4158540722596499,121.56125159737309,7.252286364047788,-169.82910368279164,-9.81022255402537,1,0,0
3.995159057801601,0.38978769145560366,124.59234540386313,5.409181940808753,-175.24453958612003,-7.806392931208092,1,0,0
4.377766728258294,0.3340067546561684,126.02440572274583,3.5117863883423013,-178.8275401193568,-5.735677663870234,1,0,0
4.60450236897357,0.2522115697872877,126.17994651114606,1.6988228189094456,-180.88887061665065,-3.7513847179325692,1,0,0
4.676231535150592,0.1510199140181669,125.15764496867916,0.07656462302795716,-181.53839804601495,-1.9728104629534755,1,0,0
4.605472754654826,0.03897204776975514,122.92245250999775,-1.297438165737273,-180.78094183032442,-0.46730270049274625,1,0,0
4.409546892267301,-0.07482273931453846,119.44931486293501,-2.4158844910395745,-178.65871581372352,0.7525788726403959,1,0,0
4.106301656719538,-0.18197526084827303,114.84312551601067,-3.3097042136366612,-175.3612525472755,1.717768517090525,1,0,0
3.712856857922546,-0.2756641099440301,109.37809134522522,-4.027792997416083,-171.24685436822125,2.482309528090542,1,0,0
3.2464833112020415,-0.35090168208844974,103.4402436480116,-4.614814051399833,-166.76324429229885,3.1001386760124774,1,0,0
2.7263796429043197,-0.40437577907331673,97.40240668697734,-5.092883078899433,-162.30331495638768,3.605101136744554,1,0,0
2.1754064493188707,-0.43419814249849653,91.49530326749652,-5.452114002341522,-158.06685441521478,3.999580823652593,1,0,0
1.6211256288179925,-0.4398321621811149,85.746475748585,-5.653364849752483,-154.00444483845138,4.255416688243264,1,0,0
1.0954855480890728,-0.42222992744989796,80.03180599714773,-5.643026234287916,-149.88748385652588,4.327081827890123,1,0,0
0.6324737444174247,-0.38397049817610734,74.22881417968483,-5.3747389503596334,-145.4873866785694,4.172036212053717,1,0,0
0.26349132966986133,-0.3291409125539374,68.40131248658253,-4.82914003152357,-140.7851335937985,3.7694602220077003,1,0,0
0.011225270456151293,-0.2628603589635958,62.915666365410175,-4.023272085388323,-136.10454893129088,3.12930284882554,1,0,0
-0.11599761777944195,-0.19056509745318947,58.41286317313151,-3.006827215849975,-132.09043426837428,2.2891895292782465,1,0,0
-0.12684812383852773,-0.11728353636840864,55.63070184162888,-1.8496735643234132,-129.52649224768408,1.303788072452403,1,0,0
-0.04492581433733278,-0.047093742586649515,55.1488433327759,-0.629024370115215,-129.06864207222185,0.23467331301313266,1,0,0
0.0977760532683618,0.01716808000205674,57.16968583309412,0.5775643556742154,-131.01028646813228,-0.8538644580981497,1,0,0
0.2697554747869759,0.07399573929315721,61.42703110899677,1.6934173433059527,-135.1749591224323,-1.893925479137596,1,0,0
0.448290265133906,0.12317525083741429,67.24974010535087,2.6435118413630674,-140.96656411392735,-2.8138190678179456,1,0,0
0.6245481222225777,0.16562495531777016,73.74156229599558,3.3604790284857047,-147.54075072639455,-3.5442474588096387,1,0,0
0.8041545444379921,0.20302874899350912,80.00445773642699,3.7969069662023456,-154.0260312595509,-4.031550806532772,1,0,0
1.0034487226014335,0.23720862405529602,85.33548591964205,3.939055412871633,-159.72438838517445,-4.252699390864416,1,0,0
1.2429777788302943,0.26935420476954164,89.35078477904085,3.814215273880353,-164.24273960947033,-4.224013312998272,1,0,0
1.5402519353982598,0.2993897783700376,92.01765345798856,3.4862165843227104,-167.53290885647067,-3.9980521126379758,1,0,0
1.9034393660965634,0.32575167715511527,93.59977150365233,3.039371860233905,-169.8420003130118,-3.6489372274923197,1,0,0
2.3271604262156274,0.3456687992322287,94.53939746149223,2.5565793133839465,-171.595635980866,-3.2516730516637153,1,0,0
2.791318100963778,0.35582544987075126,95.31183857189765,2.09937187823287,-173.250419598115,-2.862946552981805,1,0,0
3.263653258487352,0.35317097484573734,96.28919695222388,1.6960556759569159,-175.15548024881207,-2.5092828080778817,1,0,0
3.7058070366850586,0.3356564771720912,97.64345870768992,1.3404540159727845,-177.45593638885055,-2.1850713503702197,1,0,0
4.081236114544865,0.30277370408532533,99.30735542983504,1.0001394135436044,-180.0574812430317,-1.859667259158482,1,0,0
4.3624090431455045,0.2558662522310797,100.99817651875568,0.6306131728625928,-182.65549678936895,-1.4905139634270597,1,0,0
4.535158471058807,0.19821281790992346,102.29604267921121,0.19108220753435318,-184.81721646595327,-1.038343007033302,1,0,0
4.599542550551206,0.13483900555233247,102.7553249387687,-0.3419603287592622,-186.09345311317253,-0.48079013046341856,1,0,0
4.567988976251513,0.07197679859568637,102.0190475934246,-0.9659339945882437,-186.1295814480555,0.17833684754107254,1,0,0
4.462101888407361,0.01615627330381386,99.90590323227826,-1.649557815662152,-184.7471399472824,0.9059045056836453,1,0,0
4.309288605314862,-0.02692165825778261,96.45021953683576,-2.3368286375155236,-181.97906605119903,1.6431204011584157,1,0,0
4.139708156487103,-0.053440453974128846,91.89223528430503,-2.956878175858526,-178.0583209027492,2.315399623628463,0,0,0
3.983421244444216,-0.06215017256977973,86.62985700634144,-3.43768542178679,-173.37211177340134,2.846324281758558,0,0,0
3.8673697697231972,-0.054492957595259385,81.1478805510684,-3.7204988191542467,-168.3968913320141,3.172434863559812,0,0,0
3.8120195319670387,-0.03415937520014012,75.9390690546798,-3.771459918013389,-163.62627723144755,3.2552989822928167,0,0,0
3.828004503404216,-0.006238221573872238,71.42939476017042,-3.587694792910716,-159.50150055308433,3.08813696415267,0,0,0
3.91365674536101,0.023747145999824682,67.91918846134331,-3.1969104590952298,-156.35397364836768,2.6960397903819056,0,0,0
4.054612974598612,0.0506188589483358,65.55033674722623,-2.6515091810800895,-154.3691044775744,2.1307080598976427,0,0,0
4.226395224250112,0.07000125048998171,64.30444841329071,-2.0194245020679746,-153.57659162512732,1.4617421560799015,0,0,0
4.399719672668638,0.07853815988657545,64.0289553031711,-1.3739286260719807,-153.8657703057557,0.766547461419043,0,0,0
4.546760065313109,0.07408078423074045,64.48111494588346,-0.7840444968902887,-155.01866814737997,0.12039872701074614,0,0,0
4.645896745970461,0.055991623752184694,65.37714347350413,-0.3065838657008186,-156.75124030377276,-0.4122633901295217,0,0,0
4.683433749344033,0.025504917394441405,66.4356119856617,0.019539677669692425,-158.75469021260233,-0.7845108992766825,0,0,0
4.652751368588952,-0.014110449689816562,67.40859429034859,0.17636642920932105,-160.73141671782366,-0.9710719171387268,0,0,0
4.552827374274443,-0.05786833585900268,68.09862408577692,0.1673350853568934,-162.42228996134008,-0.9698341560141046,0,0,0
4.387920740926063,-0.09994926569729187,68.36355610316224,0.015464984989398545,-163.62413445437954,-0.8009352716818796,0,0,0
4.168705919305424,-0.13491766913649741,68.11458523804023,-0.24037252829857608,-164.1990826411345,-0.50362418560685,0,0,0
3.9135084777004465,-0.15882084876932367,67.31400103931944,-0.5509880784214687,-164.07982364896168,-0.13079203141707013,0,0,0
3.647711865660085,-0.16976901847972242,65.97779926685965,-0.8640712482961505,-163.27493318526837,0.2588321996473269,0,0,0
3.4002270156957195,-0.1678776797196903,64.18360515306509,-1.1322595672390037,-161.87512302257448,0.6099751810359351,0,0,0
3.1975833739481345,-0.1547648626331693,62.0773896628977,-1.3204459740602517,-160.05491000344847,0.879654195464542,0,0,0
3.0576882582772242,-0.13294145182778294,59.86726268928945,-1.4104406460759549,-158.05916061794346,1.0432144448276575,0,0,0
2.9857435645468087,-0.10535624317364096,57.79489950270019,-1.4017833358944614,-156.16636821612906,1.0959941797282169,0,0,0
2.9739745713920485,-0.07515340420165587,56.08599861795855,-1.3087791776578654,-154.6316649074643,1.0505648669090077,0,0,0
3.0051787479427503,-0.045524213328233996,54.8941643451744,-1.155080632162057,-153.62574800669466,0.9309874040162185,0,0,0
3.0585062226482336,-0.019492938622964574,54.25914964240269,-0.9677697067087564,-153.19199000610297,0.7662831016144651,0,0,0
3.1151434875690143,0.0004294496630436129,54.09675187909562,-0.772578710102988,-153.23914084385234,0.5849922995924374,0,0,0
3.161974435683888,0.012648188723734678,54.22620926274078,-0.5908882706080931,-153.5741749798716,0.41159842034559235,0,0,0
3.192469732377745,0.016786121924019425,54.42699294523908,-0.4382240910458421,-153.96505914510618,0.2645750080445339,0,0,0
3.2052976294660738,0.013746287886762331,54.505908085977524,-0.32367109711019565,-154.21229200642983,0.15546441981787212,0,0,0
3.2018778705785707,0.0054889654655241316,54.35160256186782,-0.24977530729221656,-154.2049870075241,0.08857082728329146,0,0,0
3.184170145514571,-0.005422649701773708,53.958379983208516,-0.21270402691492904,-153.94317641448754,0.06108935571066354,0,0,0
3.153604783787003,-0.016382855468950196,53.41265859224177,-0.20260038722435353,-153.52061813568372,0.0636448480637796,0,0,0
3.1114374502596718,-0.025257277400024238,52.849287646856595,-0.2043019133782849,-153.0770207092856,0.08136893730818998,0,0,0
3.0600684025979916,-0.03071491571480891,52.39641127225224,-0.19880308457979368,-152.74003973386175,0.09576440707579081,0,0,0
3.0042797256304965,-0.03230244454994704,52.1321093732534,-0.16581222410278257,-152.58109644899633,0.0875271234237573,0,0,0
2.9513149328795123,-0.030272612895828388,52.070748006852085,-0.0873957813153595,-152.60269236321454,0.040156332179293486,0,0,0
2.9094016616836456,-0.025267842402399765,52.18319012895793,0.047914492025239494,-152.7604856067897,-0.05632929948571928,0,0,0
2.885320575229656,-0.018015050489006514,52.43896209944114,0.24182054302277436,-153.00741507434827,-0.20272234299803243,0,0,0
2.8822731839666034,-0.0091727016231971,52.8477858449497,0.48523184172074424,-153.33702077219226,-0.390202110092946,0,0,0
2.8991517416202868,0.0006243965443104571,53.477644748714226,0.7602796069106177,-153.80342368573116,-0.6026343152386119,0,0,0
2.9314917214905734,0.010608656023592289,54.43752490346091,1.0446701995592265,-154.50646940934473,-0.8207629006744014,0,0,0
2.973454278896938,0.01977902191623997,55.83086402246951,1.316374224171554,-155.54784156566404,-1.0263896904065972,0,0,0
3.019710434027701,0.026989351286464115,57.70160606406404,1.5565387142821379,-156.97904181021505,-1.2046798105055587,0,0,0
3.066312368041096,0.031226470632269354,59.999207341358414,1.749771710705761,-158.76638288624787,-1.34397486591418,0,0,0
3.1103662858664194,0.03193983720704665,62.57881136884566,1.8827296159689468,-160.78872545574035,-1.4341207903452244,0,0,0
3.149105152041912,0.02923563556544906,65.23449024856762,1.9430366157649304,-162.86658926728052,-1.465250253473465,0,0,0
3.1792951745482867,0.023817651292191044,67.74857727177931,1.9202497920497024,-164.8072837118453,-1.4285996771426994,0,0,0
3.1975852815523496,0.01669750991139125,69.93667920649875,1.8090363044793492,-166.44716373349007,-1.319493193894624,0,0,0
3.20167155603707,0.008821652142050596,71.67508200463917,1.612968833348296,-167.6782286756445,-1.1409990688269147,0,0,0
3.1915080972747774,0.0007999509028721264,72.90801090636353,1.3465932882849188,-168.4559262204658,-0.9060479699002826,0,0,0
3.169668234412484,-0.007147058987226273,73.64002282395793,1.0342321343446628,-168.79246618077173,-0.6365214414259072,0,0,0
3.1404293780108503,-0.015034829208912016,73.921227067263,0.7057850060544155,-168.74277350461028,-0.35947895206232944,0,0,0
3.1079269554482067,-0.02287798007102282,73.831294397547,0.3912798282745598,-168.3890324984842,-0.1021008852675493,0,0,0
3.0743118770698175,-0.03051783547009137,73.4651402242076,0.11613993875733968,-167.8268625852507,0.11283214497744894,0,0,0
3.0388956959941567,-0.03759810835086199,72.92113271229229,-0.10178634131164585,-167.15393986999942,0.2699001470080418,0,0,0
2.998756859952792,-0.04367276593391552,72.29234030911178,-0.2534425575710884,-166.4613787879038,0.3623520027205814,0,0,0
2.9505153738380585,-0.048358327916766086,71.66137555452491,-0.33844938337454095,-165.82829256452078,0.3920414195816761,0,0,0
2.892406926851436,-0.05143398130037582,71.09807859407215,-0.36393940220312404,-165.31884228371558,0.36818867940833117,0,0,0
2.82569047252845,-0.052842225452639016,70.6572185915227,-0.3424873375259267,-164.9792272055641,0.30512777748252234,0,0,0
2.754780437935622,-0.05261248667723066,70.37358533065265,-0.28943123873173704,-164.83240619326,0.21941021252399082,0,0,0
2.686084955244823,-0.050773361343915725,70.25552899021253,-0.2201472514234098,-164.87205198495496,0.12690914948308887,0,0,0
2.626089565007092,-0.04731313422067842,70.28183304523176,-0.14796408308420156,-165.06088671052697,0.040664324573941715,0,0,0
2.5795047009218166,-0.04220735639630817,70.40642102228773,-0.08322689557879528,-165.33775472365897,-0.030004253721426722,0,0,0
2.548187010297511,-0.03548953957213428,70.57082783689023,-0.033500925476832324,-165.6327604600108,-0.07914230265990341,0,0,0
2.5311620825549994,-0.02732084620174362,70.7196601980582,-0.004273240210957851,-165.88484837516853,-0.1032529086377167,0,0,0
2.5256255177460076,-0.018022548521011574,70.81269947826976,0.000723229946854076,-166.0547355421644,-0.10075369161680783,0,0,0
2.528441809874977,-0.008061851278792175,70.82910659873696,-0.02000624409178329,-166.12833510173505,-0.07225221113799876,0,0,0
2.537511531130093,0.001993301577319073,70.76306933930383,-0.06476296536470158,-166.11026531031462,-0.021302326717807317,0,0,0
2.5524820105110138,0.011532141925654571,70.61448618941313,-0.12801441013451437,-166.01175629194125,0.04515392821529644,0,0,0
2.5745549527255065,0.01996878029113276,70.38081763012119,-0.20072059411884596,-165.83994310942808,0.11731083584358544,0,0,0
2.605466442456901,0.026823421139333448,70.05546654929469,-0.27177982747842294,-165.59457409633495,0.18411005535766095,0,0,0
2.646022580780283,0.03180706363603605,69.63420339158475,-0.3302191914212159,-165.27390997770505,0.23548974637197945,0,0,0
2.6948261201783623,0.03488347571112769,69.12627692094259,-0.36743509426050025,-164.886215441506,0.2645004578959288,0,0,0
2.7478748132088384,0.03628409625012097,68.56362189570177,-0.3788046647358783,-164.45965210157493,0.26859802511671094,0,0,0
2.799396293948334,0.036471228179020446,68.00186192327396,-0.3643126364548692,-164.04374782159192,0.24983604212652608,0,0,0
2.843696154106368,0.03606609689353206,67.5105075640576,-0.32825829143780255,-163.6998380784446,0.21413704541861306,0,0,0
2.8772765669862537,0.035764215147769104,67.15475565613195,-0.27836236372172324,-163.48333052277576,0.17005369072465443,0,0,0
2.9003524936313028,0.036246443833704234,66.97502269194504,-0.22457045002151688,-163.4242850591475,0.12737005650652122,0,0,0
2.917194292301218,0.03807400650706967,66.97135982486444,-0.1776559953286892,-163.513395870676,0.09567185579041962,0,0,0
2.935215921660827,0.04155476042385118,67.09823471574316,-0.14760530689313783,-163.69857265524195,0.08287268878355576,0,0,0
2.9631085939345922,0.04659977150390944,67.27184291207746,-0.1418813998392608,-163.8940371890884,0.09378254719478604,0,0,0
3.008487019117325,0.05263407813184813,67.38849889136958,-0.16390653543412553,-164.00020941263983,0.12903218883431578,0,0,0
3.075566185249059,0.058640068942709435,67.3497169676557,-0.2121904680076284,-163.92949688360181,0.18472067253001115,0,0,0
3.16342241744735,0.0633666960147636,67.0875688267704,-0.2803367762714686,-163.63092521373937,0.2529092368399006,0,0,0
3.2653940089874283,0.06564918855937663,66.58304792488136,-0.35787175709226915,-163.10592234964406,0.32277196982540773,0,0,0
3.3700369354248494,0.06471357588025199,65.87144220971635,-0.4317118660200919,-162.40951619010144,0.3821270858562002,0,0,0
3.463677256413348,0.06034872740143129,65.03285097605567,-0.4881224143951982,-161.63612379747565,0.41920460581453656,0,0,0
3.5340194537789387,0.052910400388728365,64.17165492923036,-0.5150168754468354,-160.8951926907485,0.42458734946384313,0,0,0
3.5736861778949844,0.043204546431149994,63.392642253941744,-0.5042831614656251,-160.28567617242192,0.39312278822260394,0,0,0
3.582351680463347,0.032320568487399726,62.78111605554224,-0.45361146643507483,-159.87730179667994,0.325357760577009,0,0,0
3.566595867948905,0.02145604581003795,62.39061876812548,-0.3672340782319992,-159.70199113094304,0.22793324704629186,0,0,0
3.537591023004609,0.011739460438563753,62.238330136901226,-0.2551849185560201,-159.7543359180014,0.11254881023246525,0,0,0
3.507611649560559,0.004051358149179407,62.306885352999444,-0.13113661372393323,-159.99826900137577,-0.006430227947623735,0,0,0
3.4866281023213475,-0.0011335621389520155,62.551454162419645,-0.009417175574685643,-160.37734760796928,-0.1150762835992225,0,0,0
3.4799544670878078,-0.0038352441221704225,62.910707142561364,0.09785454141840547,-160.82658987918114,-0.20271529791891113,0,0,0
3.487431539810487,-0.00453687930835116,63.31959302415615,0.1826959704518032,-161.2840280877768,-0.263596147061736,0,0,0
3.504190837905142,-0.004018564698193927,63.72148483881634,0.24193497193193708,-161.70042607695189,-0.29711831088199575,0,0,0
3.5226838323894185,-0.0031062428972262524,64.0774831734835,0.27681874736737483,-162.04595552674073,-0.3069085483595586,0,0,0
3.53533373667328,-0.0024337320146159414,64.3711876681258,0.2919498200662872,-162.31282915161103,-0.29929679244723956,0,0,0
3.5369828873798355,-0.0023040087508547913,64.60807576006027,0.29389672967402874,-162.5132632672973,-0.281677758100966,0,0,0
3.526410220966966,-0.002676159540737899,64.80996848744485,0.2897355053759469,-162.673174239763,-0.26106656766431796,0,0,0
3.5065285940323463,-0.0032476708476266935,65.00651761057497,0.28572003426698417,-162.823421401597,-0.24300280219213732,0,0,0
3.4832743294143995,-0.003583036072070911,65.22638355366232,0.2862390994898362,-162.99123692584817,-0.23086457190630655,0,0,0
3.4635880148127995,-0.003250346807831761,65.49042145915993,0.2932017724636268,-163.19412518897894,-0.22563203723556172,0,0,0
3.4531928716804288,-0.0019420073711771124,65.80806219632083,0.3059919236456949,-163.43725555582432,-0.22615162766514346,0,0,0
3.45495483133422,0.0004357232085283158,66.17679336682599,0.32205483342413854,-163.71405610969816,-0.22989215506735833,0,0,0
3.468360477184433,0.0037168840214064857,66.5838758337147,0.3379547529831797,-164.00907179601495,-0.23399121783683086,0,0,0
3.490180364311101,0.007490175955267376,67.00950089811977,0.3504872732404266,-164.30227589909634,-0.23618699384290948,0,0,0
3.515913662961509,0.011188481957346142,67.43110690458275,0.3573771912918062,-164.57434542826246,-0.23523725903293097,0,0,0
3.5413401194651186,0.014241104765322633,67.82862409430166,0.35733478593037943,-164.8121848179709,-0.23070897316090394,0,0,0
3.5635790611810307,0.016233610512038865,68.18951601727665,0.34962929494785155,-165.0130864181313,-0.2223941139578244,0,0,0
3.58143035358502,0.017005501625314424,68.51139034297924,0.3336144897943427,-165.18529134002608,-0.2098111045224357,0,0,0
3.595159148987861,0.016649110937267154,68.80015546658038,0.3086391589637145,-165.34360951617748,-0.19216328810355776,0,0,0
3.605999062466026,0.015424391206157396,69.06376931846373,0.27449456984392384,-165.50121492058798,-0.16881498530345312,0,0,0
3.6155289768008174,0.013639518291310538,69.30435514579935,0.23215276000523488,-165.66119669540257,-0.13999809608823738,0,0,0
3.625009847587364,0.011558391053381457,69.51293826476942,0.18428636562653367,-165.81216715492252,-0.10728406856856054,0,0,0
3.6348515865571045,0.00937935024848997,69.67026742335185,0.13512849405919383,-165.93070467705053,-0.07346734677734616,0,0,0
3.644424276372675,0.00728197408017337,69.754446596559,0.08960814538197041,-165.99042575213088,-0.04184849986634731,0,0,0
3.6523088458746145,0.005486556765079342,69.7526345046351,0.052137006673964946,-165.97432638914484,-0.015266728170468013,0,0,0
3.656924029998933,0.004259413935733392,69.671487750567,0.025643551785401543,-165.8850255036565,0.004601746451112376,0,0,0
3.6573725636659304,0.0038400032633205683,69.54080095786858,0.011323885161652924,-165.74775988590477,0.017283413908251076,0,0,0
3.6542500943867537,0.004323649025903364,69.40747179679894,0.009191314234647053,-165.60377633868956,0.022838574158726033,0,0,0
3.6500247166386544,0.005561389325616517,69.32152553332003,0.019087573226872222,-165.49627679788216,0.020828644692454646,0,0,0
3.6485932018233598,0.007130561643840849,69.32020483631774,0.04160310839544081,-165.45519745607686,0.009473981966789325,0,0,0
3.653929009434023,0.008400937820252353,69.41759399741588,0.07844688183966753,-165.48836255632006,-0.014538538826747072,0,0,0
3.668246337846398,0.008680832134011496,69.60485140711589,0.13213090564217964,-165.58378141333526,-0.05547699774151056,0,0,0
3.6904654798132697,0.007392838033212001,69.86114315562057,0.20517960199411506,-165.72241823012598,-0.11746453513072197,0,0,0
3.7157298928110833,0.0042234451932898764,70.17047768051341,0.29922339520602464,-165.89568593246298,-0.20328424039428228,0,0,0
3.736318224077138,-0.0007840751161580783,70.53710332303177,0.4142312522685245,-166.1197117774123,-0.3134181597507052,0,0,0
3.743732351339048,-0.007193739302519475,70.99279680698879,0.5479295499737702,-166.4397954810716,-0.4454155272519415,0,0,0
3.7313009439980505,-0.0141874496149768,71.59259697780973,0.6953671778447557,-166.922405237212,-0.5935466654325297,0,0,0
3.6964845463196525,-0.020623817952653667,72.39970574885919,0.8486942221780509,-167.63661874263238,-0.7487638113170533,0,0,0
3.6421839654770736,-0.025162592168139496,73.46383805600527,0.9973763001559149,-168.6304583953892,-0.8991364139627024,0,0,0
3.576655808798165,-0.026466953380015923,74.79950033605544,1.129062151556036,-169.90935272859628,-1.0309451340623639,0,0,0
3.512054513284255,-0.023462234616279432,76.37126577586344,1.231106662975725,-171.42382921064535,-1.1304267787646551,0,0,0
3.462008158319861,-0.015586740788388908,78.0917936288964,1.292461759246771,-173.0714195265058,-1.1858752298324589,0,0,0
3.4388395581318747,-0.0029518857670851164,79.83490615717972,1.3054768119620888,-174.713782369753,-1.1896123825425604,0,0,0
3.451060359010924,0.013648806061900132,81.46109919607377,1.2671969679752635,-176.20513727308662,-1.1393627847169796,0,0,0
3.5016958779143437,0.032891561008204916,82.84816995278902,1.1799558592489148,-177.42397956505886,-1.0387651571651417,0,0,0
3.587864943455159,0.05318701491254814,83.9174143994565,1.0512722162648487,-178.2985477793962,-0.897002294798375,0,0,0
3.7017820863271993,0.07296731461753155,84.64736509743062,0.8931360317369581,-178.8185290626376,-0.7276868774413401,0,0,0
3.832972606938654,0.09090712986730268,85.07167542861183,0.7207045447233071,-179.03024658980218,-0.5471558601211995,0,0,0
3.9710995755591227,0.10604211967740299,85.26339664849442,0.5503861822352889,-179.01810996704063,-0.3723035827316551,0,0,0
4.108525957923646,0.11780855953861646,85.31222249870393,0.39744087639707004,-178.87937567658003,-0.21817027770940173,0,0,0
4.2417276594595705,0.12604499384459444,85.30262609323302,0.27353003434764955,-178.70069798505875,-0.09569812980781194,0,0,0
4.371079456992888,0.13096795620203777,85.29883907612947,0.18487298236956917,-178.5429781277178,-0.010202387522542721,0,0,0
4.4992607549059045,0.1331011783366094,85.3387679795326,0.1315983147640452,-178.43681819706956,0.038984628892472985,0,0,0
4.629145954397089,0.13314008659403526,85.43550796004448,0.10851410226274254,-178.38684005018064,0.05756239642535092,0,0,0
4.762145816360288,0.13177341458268615,85.58347029626552,0.10702946169345182,-178.38096086313698,0.0542983845235824,0,0,0
4.897544505475537,0.1295297900333381,85.7661442231522,0.11755965865957876,-178.40057165462161,0.03869877975494092,0,0,0
5.032793869693293,0.1267236731568687,85.96334824507107,0.13163768998801686,-178.42868277371286,0.01904878685869562,0,0,0
5.1643734728790065,0.12352034022274978,86.15681645123925,0.14320880470200165,-178.45462262554867,0.0012965509873026804,0,0,0
5.288833721385984,0.12006000788156967,86.33369126542894,0.14902293478709794,-178.4751261218048,-0.011189769383304338,0,0,0
5.403823858257027,0.116544893217673,86.48781908529972,0.1483628692824112,-178.49238787903062,-0.01728390210085422,0,0,0
5.5089643910282575,0.11322945074380755,86.61900299311318,0.14241232068131068,-178.5102101164718,-0.017519660650316383,0,0,0
5.606282859220386,0.11032981785681387,86.73092712314948,0.13347176309854944,-178.53001261784476,-0.013463490491960783,0,0,0
5.699860833721601,0.10792625019418836,86.82899732740358,0.12413272407250986,-178.5487158909026,-0.007093237872345526,0,0,0
5.794594886573819,0.10593197829196725,86.91913665286859,0.11649723011764763,-178.55967907118918,-0.00019102564919535326,0,0,0
5.894440323798364,0.1041446309943069,87.00759350307862,0.1115575779874746,-178.55615746964014,0.006181764423689629,0,0,0
6.0008426840436755,0.10233094840872496,87.10086185413769,0.10887615567525585,-178.53520655954122,0.011981992836143717,0,0,0
6.112056371635177,0.100280187883628,87.20467548579617,0.10666748227254459,-178.49961515243632,0.01812723985688649,0,0,0
6.223693255798679,0.0978040945490946,87.32178875241573,0.10226631511723952,-178.45653288204062,0.026096402625051952,0,0,0
6.330280031329053,0.09471278151887078,87.44926704530369,0.09282983375985054,-178.4133084775679,0.03736144782855035,0,0,0
6.427133342344277,0.09080731643115456,87.57658064205228,0.07606445006851743,-178.37256795066918,0.052874666910992116,0,0,0
6.5117662698645375,0.08589963390109005,87.68567781583863,0.05081264038021231,-178.32893771790293,0.07275781222245428,0,0,0
6.584323804711332,0.07983686676367938,87.75359027432188,0.01741076174350269,-178.26904859159424,0.09621928689295486,0,0,0
6.646988648910309,0.07250480875273695,87.75729566500209,-0.022243069218808385,-178.1751014126171,0.12165774534244633,0,0,0
6.702668050885364,0.06381339809842501,87.67978115355376,-0.06497055865936545,-178.03093240207926,0.14690798747693634,0,0,0
6.753436662809264,0.05369592457234233,87.51571990688075,-0.10692629076642106,-177.8285793474156,0.16957924232463029,0,0,0
6.799211351680469,0.04215169542094373,87.27496947157272,-0.14434966014280803,-177.57301369061167,0.18738431626030091,0,0,0
6.837104459162546,0.02932386596626486,86.98224479360809,-0.17415263101079007,-177.28303769901186,0.19833641904292562,0,0,0
6.861827236782929,0.01556090857159802,86.67208316582207,-0.1941644316221442,-176.98745300727126,0.20079654944442496,0,0,0
6.867239277052477,0.0014046719571908285,86.38000413763947,-0.20313228236078942,-176.7175160543216,0.19352039124378848,0,0,0
6.848650296553714,-0.01250739719712186,86.1330840406242,-0.20073290963610474,-176.49872478806617,0.17588355460689514,0,0,0
6.805004929527186,-0.025576778475770823,85.94415150573073,-0.187738450925616,-176.34557352747368,0.14828750609037797,0,0,0
6.739932890427312,-0.037338916464713635,85.81194595810044,-0.1662256592768813,-176.26108309715,0.11251826735986015,0,0,0
6.661035368482217,-0.047474712635083446,85.7259728413942,-0.1395399809492858,-176.2398975001792,0.07174716313279532,0,0,0
6.577594078914146,-0.055759284867531275,85.67245205719271,-0.1117699749811095,-176.2720968560103,0.030002780739539502,0,0,0
6.497668878051556,-0.06201154196058241,85.63833539762459,-0.08676151080632052,-176.34570428651182,-0.008766517544819408,0,0,0
6.425822187033333,-0.06609800026878929,85.6127128788039,-0.06704729131285489,-176.44783101701307,-0.04165313125858461,0,0,0
6.362357332811712,-0.06799524605230686,85.58684498411523,-0.05321009022417513,-176.5655660676839,-0.06734145748005176,0,0,0
6.304234388107616,-0.06786456935808616,85.55438341601098,-0.04397564069174109,-176.68742519987586,-0.08606079771839177,0,0,0
6.2471238574466526,-0.06607350588920013,85.51238902957627,-0.03690498011300747,-176.8051812297698,-0.09910347401080344,0,0,0
6.187670293865821,-0.06312541386593154,85.46261112749565,-0.029276592720333384,-176.91525610065202,-0.10824536253368251,0,0,0
6.1250524690041175,-0.05951460853505637,85.41205060348898,-0.018795727902127624,-177.0189881022742,-0.11529974951926647,0,0,0
6.06128719684645,-0.05557548809138098,85.37218955118303,-0.004016466922979589,-177.1216910743339,-0.12181346546408349,0,0,0
6.000300309590216,-0.051403070834810195,85.35692304026412,0.015433101608880406,-177.23093224028725,-0.1287990176888286,0,0,0
5.9463399402548305,-0.04688059899320081,85.37968612998938,0.03871024107940855,-177.35455048134713,-0.13645712893523979,0,0,0
5.902522792700992,-0.04179019151416412,85.45037811860331,0.06370872676812382,-177.49870178170448,-0.14397862389039914,0,0,0
5.870067306119523,-0.03594792349176146,85.57254820957411,0.087219339455703,-177.6659656716539,-0.1495781540865039,0,0,0
5.84832662446361,-0.029307162389274312,85.74117600020404,0.10539824835228444,-177.8535562445722,-0.15084375228821045,0,0,0
5.835428398175608,-0.021998982924903033,85.94148582680506,0.11449905716914088,-178.05199648922826,-0.14533598967436206,0,0,0
5.829221942305011,-0.01431102707454528,86.14947629725751,0.1116663133978335,-178.2449674686738,-0.13124128877396402,0,0,0
5.828191058948207,-0.006632963979691908,86.33480452205268,0.09553318508022528,-178.41103764151705,-0.10785652576897746,0,0,0
5.831980845111374,0.0005978638411050952,86.46603308701182,0.0664553959753306,-178.5274256251563,-0.07577156072930506,0,0,0
5.84129736759742,0.006934946787340834,86.51718012287444,0.026380713619047924,-178.57505097107753,-0.03676047589731866,0,0,0
5.857190038844763,0.011952085905925003,86.47358617424246,-0.021525140583489134,-178.54334512802689,0.006513172021215041,0,0,0
5.880010300457911,0.015281039359206262,86.33501798079163,-0.07337300478659188,-178.4331157390369,0.05088602994937332,0,0,0
5.908501431112043,0.016672505978847597,86.11493207835662,-0.1251255742956289,-178.25641738899753,0.09317026877254193,0,0,0
5.9394167739929316,0.016082773732181012,85.83635534576459,-0.17328425085670177,-178.0335704306271,0.1307581803849871,0,0,0
5.96784748352286,0.013766079331043101,85.52592459436914,-0.21568761237839454,-177.78842452436004,0.16235391619345024,0,0,0
5.988238791767671,0.01033586038990535,85.20775577893914,-0.25226847190471346,-177.54313618973453,0.1886799554926256,0,0,0
5.995947002093487,0.006760680002551566,84.89822055430122,-0.285426477080523,-177.31326478094837,0.2128227002936967,0,0,0
5.989018796270017,0.004274449745594211,84.60196201348566,-0.3196269578557406,-177.10345583766718,0.23981848455787258,0,0,0
5.969641638421805,0.004195261788954951,84.30915696322788,-0.36008019242135847,-176.9038864632218,0.2752926474761807,0,0,0
5.9446559714964735,0.007671624779445096,83.9944954038273,-0.41082501248023673,-176.68825141615127,0.3234344295900087,0,0,0
5.924796838870279,0.01541012082198705,83.61932140343723,-0.47294956168951785,-176.41511812508992,0.385055129348558,0,0,0
5.9227547979138535,0.02745540768100767,83.13874840223423,-0.5437273647644787,-176.03493089345818,0.4565915453553032,0,0,0
5.950454049001593,0.04307204922384642,82.51413015414303,-0.6170523069524023,-175.50349091423573,0.5305368140302733,0,0,0
6.0161330217873825,0.060742490161187844,81.72810522096222,-0.6849389280906365,-174.799226134727,0.5970985072025485,0,0,0
6.12194869174273,0.07828002723753258,80.79642897747397,-0.7393870454848355,-173.93787323087446,0.6463219829904346,0,0,0
6.262792868577748,0.09305691984959594,79.77048213129436,-0.7738734898213607,-172.9772207361815,0.6698421929214191,0,0,0
6.4266674943319515,0.1023440789889932,78.7276974847772,-0.7841180668588379,-172.00789664064564,0.6618624136703601,0,0,0
6.596443697881895,0.10374194306560724,77.7525727325793,-0.7682770990764908,-171.1324707656417,0.61954850716441,0,0,0
6.752441910797131,0.09565175618666188,76.91528650837952,-0.7269800997092574,-170.44066663331745,0.543318509344482,0,0,0
6.875225169992433,0.07769305567826308,76.2557605056137,-0.663475199575285,-169.98982948693708,0.43729639842849793,0,0,0
6.948237628760211,0.0509375969326598,75.77814073484885,-0.5837445844885224,-169.79649398838632,0.3096831666627338,0,0,0
6.960174228569926,0.01784447423227107,75.45597741146932,-0.4961626501689011,-169.83944582181408,0.17242987160602752,0,0,0
6.9069716108682115,-0.01813373803766325,75.24432915705046,-0.41036934209613773,-170.0703058207909,0.039729876568719645,0,0,0
6.793063578570013,-0.05318418366389466,75.09335322520937,-0.3354617862157824,-170.42626215044203,-0.07455526982712968,0,0,0
6.631324661069328,-0.08382708312395551,74.95898313258874,-0.27805580398334373,-170.84104156424712,-0.15976346019577364,0,0,0
6.441237610900458,-0.10747432670662534,74.80885562960535,-0.24093145378336658,-171.25292202012122,-0.21055464002100166,0,0,0
6.245330113955319,-0.12272115849228697,74.62400406381582,-0.22275782878336373,-171.61059787495844,-0.22754547973523814,0,0,0
6.064601861242949,-0.12935082580221008,74.39795487042147,-0.21892933160422673,-171.878023463913,-0.2163690629364055,0,0,0
5.914171079557576,-0.12813667105281185,74.13472846854609,-0.22310252744660203,-172.03830123527518,-0.1856991408556155,0,0,0
5.80048190292618,-0.12056666879117302,73.84644596778003,-0.2288330497501903,-172.0953758871471,-0.14505373755333154,0,0,0
5.721026043837341,-0.10857883963365396,73.55056244701521,-0.23083336944994529,-172.0719487857387,-0.10304145439956187,0,0,0
5.666665970547825,-0.0943246056434461,73.26668409542705,-0.22565809599426814,-172.00313645117814,-0.0663202928083706,0,0,0
5.625604900340093,-0.07992876687746957,73.01330388258444,-0.21187378259112677,-171.92729722934706,-0.039176203249928675,0,0,0
5.587396890658283,-0.0672179417000848,72.80502272770747,-0.18988883725940867,-171.87679952597534,-0.023466289815848994,0,0,0
5.545536264732789,-0.05743614995592594,72.65064943808929,-0.16161366375061165,-171.87145610824274,-0.018724853506273575,0,0,0
5.497991554465997,-0.05102558805362918,72.55227466966267,-0.13004182883837814,-171.91612494820492,-0.022403212573885868,0,0,0
5.446042445180623,-0.04757818950695025,72.50526623790455,-0.09876439632045901,-172.00235990745773,-0.03035392306779272,0,0,0
5.392422444242101,-0.046022155168266465,72.49906649782739,-0.07142035692874345,-172.11268636207149,-0.03764900098058206,0,0,0
5.339809579998317,-0.04500468974341772,72.51859183103997,-0.051148748231412355,-172.22554977033792,-0.03963904871164914,0,0,0
5.290226022389888,-0.043331504348834926,72.54602767939625,-0.04016510757521985,-172.31940801288596,-0.03296544478550345,0,0,0
5.2452441487678385,-0.04029655004127477,72.56291848381062,-0.03955824231651661,-172.37548801641663,-0.016201889603604514,0,0,0
5.206444418865161,-0.035798420696434616,72.55248052613962,-0.04930405548452086,-172.37962646098396,0.010045379105997653,0,0,0
5.175558002905916,-0.030247081886045635,72.50181640027031,-0.06840409371380077,-172.32368771646355,0.04352165496923135,0,0,0
5.154081847169934,-0.024349176039817167,72.40337165195527,-0.09504233947103842,-172.20645397383038,0.0809690639522728,0,0,0
5.142570764320041,-0.018880214873317414,72.25506701492412,-0.12671538373348595,-172.03347500427878,0.1187794811755623,0,0,0
5.140007347501651,-0.014513086909389017,72.05923411481746,-0.16037835897624575,-171.81567115714495,0.1535000617860362,0,0,0
5.143571626320167,-0.011714917689657512,71.82122530076654,-0.19269552976565762,-171.56714335776542,0.18218516564268725,0,0,0
5.148930683843929,-0.010690232163433677,71.548643103117,-0.22044848686904572,-171.30299572254876,0.202676214501264,0,0,0
5.151007431265143,-0.011352543182772479,71.25143799370511,-0.24104892046046303,-171.0377549585823,0.21385821823164405,0,0,0
5.145095153295998,-0.013329810484849247,70.94224408963379,-0.2529942311991391,-170.7844073950256,0.215837852859039,0,0,0
5.128094971871263,-0.016019693401727864,70.63596318615404,-0.25607676385511413,-170.55363635998975,0.20992330316286142,0,0,0
5.099542097230824,-0.018695372689371936,70.34799565744916,-0.2512501017902878,-170.35286431597132,0.19832879772934006,0,0,0
5.062032571078191,-0.020637678726605203,70.09132719566568,-0.24022085538831278,-170.1851055341471,0.18365434758709967,0,0,0
5.020783742321441,-0.021258912714485233,69.87342933996388,-0.22495675619962582,-170.04807544524,0.16831081782330556,0,0,0
4.9823738303027625,-0.0201951739198293,69.69429937637298,-0.20729170213228088,-169.93424197265017,0.15407754566001586,0,0,0
4.953053620607932,-0.017361346982271188,69.54673309691458,-0.18869427752163404,-169.83238317985155,0.1418880930546152,0,0,0
4.937194839054115,-0.012969618250966163,69.41901674688341,-0.17016539101929878,-169.73059988189442,0.13183200105380594,0,0,0
4.936341556699077,-0.007510265083183754,69.29907554112074,-0.15221064164021242,-169.6198875443157,0.12331270966323586,0,0,0
4.94905569206685,-0.0016928708885828314,69.1785209723823,-0.1348536063305147,-169.49697950198214,0.11529080923174888,0,0,0
4.971481683473286,0.0036503718254806473,69.05530131441745,-0.11766911227117305,-169.36552646447944,0.10652874839133801,0,0,0
4.998398789361602,0.007692311517611472,68.93430927596106,-0.09983873896767648,-169.2353163494517,0.09577300666156816,0,0,0
5.024439446398986,0.009754066037172038,68.82588924104704,-0.08027225443082671,-169.11973721933896,0.08188608342927069,0,0,0
5.045103862192363,0.009436533610880815,68.74279113236054,-0.05784241641357255,-169.03219744182962,0.06399746463840757,0,0,0
5.057287460576248,0.006704766305853127,68.69673821725215,-0.03171676734045832,-168.9827879613266,0.04170640736606401,0,0,0
5.059296945478877,0.0018949518681594668,68.69591198669622,-0.0016952437880547676,-168.9765119060345,0.015284576396561533,0,0,0
5.050594280979652,-0.004365341249159371,68.74401055260631,0.03155932408454589,-169.01352234555884,-0.014213614695881916,0,0,0
5.031560175162923,-0.011302190684473601,68.84059258274769,0.06648100297163921,-169.09062523551034,-0.04500143127731917,0,0,0
5.003389219757608,-0.018155755609502933,68.98190786771616,0.10078581606475154,-169.20282347065506,-0.07479252815376754,0,0,0
4.968005210748444,-0.0242985055478556,69.16156853450175,0.13185984247887744,-169.34413373801652,-0.10118438084921308,0,0,0
4.927828270981692,-0.02927953709252762,69.37089455526291,0.15726350290657082,-169.50766261143826,-0.12210084796398064,0,0,0
4.885376882516866,-0.032810030521962116,69.59911930567745,0.1752215303418893,-169.68533066222489,-0.13616935955037093,0,0,0
4.842881890303957,-0.03473695436349829,69.83374740169455,0.18497426124610855,-169.86766250087663,-0.14293965545160744,0,0,0
4.802118806713807,-0.035044873428442716,70.06138955714931,0.18691232924375925,-170.04404125032175,-0.1429209882327541,0,0,0
4.764492089650972,-0.03388625339989062,70.26937324631785,0.18247181762663728,-170.2037964409664,-0.13745937379965198,0,0,0
4.731196640259256,-0.031599353055422344,70.44812729011511,0.17381254262072332,-170.3382055015382,-0.12847640239846783,0,0,0
4.703224737344669,-0.028664831525485112,70.5937531650674,0.16334440155523566,-170.44291890007491,-0.11809203047462233,0,0,0
4.681111440878496,-0.025590341547305683,70.70971587518528,0.15321346163615884,-170.51983511783789,-0.10819628113206932,0,0,0
4.664526685758702,-0.02276845283708582,70.80662604398253,0.14489099613165876,-170.57741720865158,-0.10008988542747943,0,0,0
4.652011680194221,-0.020381096447128755,70.89969396070899,0.13898640892223568,-170.6288977620012,-0.09431511026775183,0,0,0
4.641179955726841,-0.018401107253343697,71.00433857081526,0.1353153971073766,-170.6885829161845,-0.09071937947453534,0,0,0
4.629473467043809,-0.016684662433092967,71.13125392203904,0.13313832215135618,-170.76729347354558,-0.08867912334916354,0,0,0
4.615197361933099,-0.015096078758404019,71.28265736301114,0.13141822726895214,-170.86856135515143,-0.08734101885005999,0,0,0
4.598307842242519,-0.01359262375824244,71.45125364637167,0.1289877704483274,-170.98719235299927,-0.08576913710604117,0,0,0
4.580481017117535,-0.012229502334996312,71.62252721739162,0.1246344294206068,-171.11099023571177,-0.08299969446121054,0,0,0
4.564350015928326,-0.011099627335079276,71.77951051162867,0.1172168543611349,-171.22499673502983,-0.07811040821340498,0,0,0
4.552263949760629,-0.010259455684195017,71.90793543775692,0.10591811764673195,-171.31632908857551,-0.07041431335125026,0,0,0
4.545185203296072,-0.009688565391827808,71.99959357966856,0.09061396824720588,-171.3775264888983,-0.05977035739437042,0,0,0
4.542231662408739,-0.009298664348547448,72.0529703381886,0.07217583701781223,-171.4074141532637,-0.046851592176636814,0,0,0
4.541015406843428,-0.008975541776878515,72.07186250432034,0.05246506811072891,-171.41000184413525,-0.033150987054824554,0,0,0
4.538585398884891,-0.008622646543186363,72.06351974728258,0.03388411901147492,-171.392726049697,-0.02060234670495902,0,0,0
4.532587813125531,-0.008179430210958571,72.0373936045111,0.018597298121039784,-171.36499704748928,-0.010909765332036159,0,0,0
4.522210718447624,-0.007606367592724439,72.00441573318926,0.007762417555389334,-171.3370772769178,-0.004878838232792759,0,0,0
4.508552424473734,-0.0068517897427739175,71.97590432747896,0.001152299295770831,-171.31870222354752,-0.002083898925650374,0,0,0
4.494254551685671,-0.005827339697577827,71.96136840750637,-0.0026508358228085173,-171.31701370276136,-0.001046006557299961,0,0,0
4.482555713818741,-0.004410208144555838,71.96548349283907,-0.00561146797793981,-171.3340943883502,0.00017439971807107213,0,0,0
4.476200273833385,-0.002474448559168252,71.98555961331081,-0.00949700011800303,-171.36511747090344,0.0032815070716196715,0,0,0
4.476667305868332,5.2803527435685285e-05,72.01111657262626,-0.015392763559512445,-171.3983654781548,0.009273601981141156,0,0,0
4.48395826543296,0.00311952098360706,72.02646197996052,-0.02362726897015648,-171.4178742188367,0.01834299121083518,0,0,0
4.49691332539787,0.006489527986099119,72.01574782454094,-0.033982873550093017,-171.40825784695454,0.03005214942218686,0,0,0
4.513840913293208,0.009741802588976611,71.96854974610255,-0.04591453553953784,-171.3599109789808,0.04356199025961018,0,0,0
4.533115848399888,0.012358834952615893,71.88346596891597,-0.05856926151795392,-171.27226102767787,0.05773011573625695,0,0,0
4.553405928283695,0.013882379338367912,71.7681430434877,-0.07062777442271226,-171.15364736480944,0.0710607363204531,0,0,0
4.5734477043347255,0.014064882202660556,71.63607559197803,-0.08019851768213755,-171.01818072932565,0.08165776897407113,0,0,0
4.591672577575437,0.012937801258230764,71.50222305211099,-0.08501705237484884,-170.88139380016526,0.08738646321468764,0,0,0
4.6061440633449,0.010759910598680733,71.37979087765953,-0.08301497593004399,-170.75679323098763,0.08633346301646724,0,0,0
4.615024067217064,0.007876325525967332,71.27928186908369,-0.07305370716345579,-170.6545101076989,0.07743739721140627,0,0,0
4.617316127894938,0.00457416069897505,71.20913139580489,-0.05545754281118036,-170.5817877884141,0.06099290838188267,0,0,0
4.613336278015268,0.001020573162369942,71.17629145621203,-0.032036987946437986,-170.5440095866898,0.038732944752865706,0,0,0
4.604512431384677,-0.0026943589370802103,71.1855980652405,-0.00553972434125285,-170.54492321678987,0.013379587751654754,0,0,0
4.592604168552882,-0.0064631574187515636,71.238012674468,0.021231681560163907,-170.58553700686673,-0.012170710296612697,0,0,0
4.578857455389638,-0.01009667438048183,71.32889054080417,0.04621248942186753,-170.66233194385904,-0.03565225274438148,0,0,0
4.563611659907394,-0.013339689566277003,71.44777316402332,0.06841451761137592,-170.7663179172808,-0.055851682845803906,0,0,0
4.546504114963923,-0.015951818435129893,71.5806783485655,0.08772155255276459,-170.8843848518091,-0.07250194878371871,0,0,0
4.527041003387922,-0.017790156807363643,71.71453986771263,0.10435496515897569,-171.00310090313138,-0.08581029127408897,0,0,0
4.505177319540081,-0.01883676642940344,71.8419157718782,0.1183500734733542,-171.11331575843144,-0.09595557182447009,0,0,0
4.481627171554294,-0.01917224457728537,71.96342704519745,0.1292899407468866,-171.21302693615695,-0.10283380826367079,0,0,0
4.457797943543639,-0.018947955406127905,72.08634692133253,0.13634474601720115,-171.30680727625128,-0.10611388809240907,0,0,0
4.435434709941632,-0.018396951186898037,72.21984110780178,0.13850948604827806,-171.4021124994307,-0.10546104361561674,0,0,0
4.416144767090643,-0.017859323880952616,72.36909879997404,0.13490680605201533,-171.50447893503457,-0.10074479020038893,0,0,0
4.400881722780028,-0.01775389809962462,72.53091208193686,0.1251139356758216,-171.61387508950344,-0.09217674377933349,0,0,0
4.389377901328359,-0.01845345871680735,72.69233800097618,0.10956523797499643,-171.72347082478313,-0.08046324370047273,0,0,0
4.379642148038414,-0.020094106826805104,72.8328680245061,0.09002886419223444,-171.82092835343695,-0.06702406205772035,0,0,0
4.367910876154397,-0.022418006052899387,72.92974640908565,0.06993430286586318,-171.891832753813,-0.054095816845619996,0,0,0
4.349502022391675,-0.02477127713949869,72.96567922447085,0.054097658792875335,-171.92486834092472,-0.0442817599366947,0,0,0
4.320642732372008,-0.026335366693110984,72.93756815162817,0.04738432951060645,-171.91794819543617,-0.03907900878231203,0,0,0
4.280686103286243,-0.026573988565003502,72.8637156871198,0.05219148946083294,-171.88326755673415,-0.03626731916240829,0,0,0
4.233617883014645,-0.025776608925627897,72.78568994999117,0.06525147174895665,-171.84776544470748,-0.02672151091254591,0,0,0
4.187721938546645,-0.025520066694336662,72.76081769573054,0.07489721883121944,-171.84493009879765,0.008078688392629374,0,0,0
4.152791100159533,-0.02885992256410077,72.8429420950801,0.06028829874051382,-171.8952690228577,0.0961943208145442,0,0,0
4.135141837129993,-0.04008586165036974,73.05282697654519,-0.00602062073936338,-171.97654828112752,0.271579583857897,0,0,0
4.13161181207208,-0.06393730020506752,73.34485271846575,-0.15143074556907266,-171.9906859339086,0.5660057283587093,0,0,0
4.124441481095047,-0.10430779697785937,73.58184021281829,-0.3930457172276192,-171.74014146951066,0.9973320691847164,0,0,0
4.0793116505133895,-0.16267157026013024,73.53262939649079,-0.7260947290437798,-170.92988954566755,1.5568275926232957,0,0,0
3.948643405887978,-0.23667552678882658,72.90547301707721,-1.115333870198839,-169.20907250234575,2.2002292615369585,0,0,0
3.6812697303213326,-0.31943743739009844,71.42326069593744,-1.4948064498221612,-166.25789091184907,2.8480949409225786,0,0,0
3.237608133507649,-0.39996880248638433,68.9332585148436,-1.7798283024918617,-161.909946864887,3.3992058482365906,0,0,0
2.6069021804133428,-0.46479800766241086,65.52474265955337,-1.8900519679314698,-156.27948951847452,3.755524414901197,0,0,0
1.820966670658379,-0.500447557719059,61.60747899374215,-1.7754576509343594,-149.84263748342806,3.850124095454072,0,0,0
0.9584167262585481,-0.4961123493771865,57.89487759685849,-1.4326927638492606,-143.4143196136319,3.6651732467615603,1,0,0
0.1354538122661495,-0.44581950164107836,55.25454395162657,-0.902510076010816,-137.98448979876162,3.2305843132068217,1,0,0
-0.5163682645520282,-0.3495543943739278,54.44433303915105,-0.25023737095185083,-134.43544178489662,2.60532235253188,1,0,0
-0.8800340960955424,-0.21324052203935367,55.8272637034747,0.4576590935291307,-133.23890051496994,1.8545975986884629,1,0,0
-0.8818118432584754,-0.04785410836537381,59.205701757998185,1.1665007841246535,-134.27815707805195,1.0374622373297142,1,0,0
-0.5095516105228057,0.13191230921625988,63.88037225696905,1.831260297713976,-136.90322937027753,0.20925157005021333,1,0,0
0.1857257865820543,0.3092021378075117,68.92088698641894,2.4074205576133294,-140.20466738653028,-0.5695484583685981,1,0,0
1.1052029131141126,0.46679100548835917,73.50984945013491,2.84814527893748,-143.36397087800236,-1.2317380625921885,1,0,0
2.1283610967596047,0.5892227039874769,77.1897505007999,3.11533781613507,-145.90486714517738,-1.7168590689834446,1,0,0
3.1400897628209776,0.66516982721555,79.92008197088191,3.199801605954306,-147.75012178292593,-1.9945055277355892,1,0,0
4.050438104333665,0.6895407433780221,81.96908317299179,3.135823037549602,-149.10980419731789,-2.0819784833639003,1,0,0
4.803363867149741,0.6645725125068267,83.73599674100137,2.9962222041268887,-150.3018704246835,-2.041389992559613,1,0,0
5.37585877532274,0.5992271945176029,85.59771120050175,2.8659889276926007,-151.60403247473107,-1.9537357706681973,1,0,0
5.771664176059957,0.5067907429604546,87.82527976301776,2.807229145250787,-153.18395579232583,-1.8827221294792593,1,0,0
6.013595590521746,0.4014098012187617,90.5639321334942,2.8339534512043714,-155.09794191169095,-1.8475816131887028,1,0,0
6.136173514545462,0.2948268590911269,93.84259429823794,2.9087916834996235,-157.31712929587366,-1.8179160458891999,1,0,0
6.177997731758083,0.19440373398512206,97.58077626334494,2.961400337579144,-159.74202509321225,-1.7310047498784513,1,0,0
6.173110342718658,0.10281355207198573,101.58214090264278,2.918737011757622,-162.19119217279496,-1.5218286279148685,1,0,0
6.142459108947222,0.019044924110069417,105.52928501284362,2.7342443122741713,-164.3806832770644,-1.1524360037676273,1,0,0
6.0883583537322465,-0.05999117495477435,109.00799880587815,2.404937800713435,-165.92928224181793,-0.6291019408585896,1,0,0
5.994475444184886,-0.13787244407608767,111.58308654878323,1.9696755682923737,-166.4198516961024,-0.00023279118626078342,1,0,0
5.831499387869599,-0.21739845312622777,112.9233668585776,1.4872056338365638,-165.52015670383219,0.6663522278024061,1,0,0
5.566308016423434,-0.2996825640222724,112.94015432324346,0.9990266820907863,-163.12839251240734,1.321392178561132,1,0,0
5.171752426512214,-0.38357167761796945,111.87465777015211,0.48921909659076446,-159.47497520091173,1.97482055078288,1,0,0
4.634871149760869,-0.46544367288481114,110.26068781641794,-0.14110513478322276,-155.10026982355356,2.721147636365413,1,0,0
3.962188983283184,-0.5394996592010457,108.71465063660358,-1.066952765426447,-150.6536070178496,3.731882850373876,1,0,0
3.181172091535359,-0.5986233840968268,107.5710430842528,-2.490833863932707,-146.52810330760093,5.206043024627792,1,0,0
2.337393566538964,-0.6357412638109594,106.47433186855042,-4.559872125357901,-142.44298666496616,7.286781136260283,1,0,0
1.4880223800991104,-0.6454408439932067,104.11823366501139,-7.275864474226682,-137.16920691341028,9.971742732614285,1,0,0
0.6933617617217891,-0.6254381276333746,98.33847115161367,-10.43766161586515,-128.61045373807917,13.0565217407176,1,0,0
0.008241603216617932,-0.5773933928265962,86.67474790945616,-13.64916990467147,-114.35942144982448,16.14408972845736,1,0,0
-0.525913250239995,-0.5066781439010825,67.32464560499858,-16.399500994912547,-92.65234534122936,18.726062636168173,1,0,0
-0.8881004235086323,-0.4210621407323245,40.18150958097664,-18.186874642818054,-63.41096518626449,20.306867140182398,1,0,0
-1.082628849821532,-0.328793442647563,7.498041611500611,-18.63737837946909,-28.909757793735736,20.521796600638318,1,0,0
-1.1390627785050924,-0.2368773368896612,-26.231011230296744,-17.57744362811934,6.340627461020034,19.208165890538694,1,0,0
-1.1045924557276408,-0.15023902793824534,-55.280359312521895,-15.046929420437198,36.60701934383212,16.41700027365362,1,0,0
-1.0294493157878861,-0.07187817887057264,-74.29770334392775,-11.267646516001275,56.54056809422303,12.380491979986527,1,0,0
-0.950540859936666,-0.0034790515565489956,-79.8994519261405,-6.595371512027296,62.77497934141704,7.463384968519341,1,0,0
-0.8807509887975016,0.054243110989203557,-71.656202616182,-1.4781600830842963,54.91245199197667,2.120998505479284,1,0,0
-0.8090285176606642,0.10173783900899594,-52.130823052758316,3.5756157047911956,35.55954899845702,-3.132831814691079,1,0,0
-0.7105401854891085,0.14097606917180344,-26.001717250556595,8.036011188439826,9.445498350040793,-7.764488811363836,1,0,0
-0.560703765805485,0.1753006608160547,1.3709304847256192,11.415791513821592,-18.018495656035952,-11.284762987685019,1,0,0
-0.3456693136165967,0.2084346970204251,25.399908750133676,13.3586635270134,-42.20098013147165,-13.336920624316793,1,0,0
-0.06525045973157262,0.24297978668066095,43.254198659412566,13.724075251916819,-60.238075940646524,-13.781324679583665,1,0,0
0.2706979132129419,0.27920853916739075,54.12910065410151,12.631672102692807,-71.30426065261832,-12.739767090241983,1,0,0
0.6484141524329061,0.3148623214777331,58.87755582569403,10.440536138811883,-76.24061053301807,-10.57463514295151,1,0,0
1.054897654416365,0.346062618141562,59.28893192620626,7.6626767874475,-76.82863814894489,-7.802273884986903,1,0,0
1.4792570068699433,0.3687749918955078,57.34130059302768,4.835992967221088,-75.03826745441961,-4.965646795032899,1,0,0
1.911334402876406,0.3800257231145821,54.66051841074605,2.399198477942332,-72.48521891044317,-2.508779532465732,1,0,0
2.3395946971166666,0.37838846947304605,52.27453833536052,0.6102867417215038,-70.18680243105808,-0.6946841219814246,1,0,0
2.7500859959265114,0.36380117278046525,50.62505062391841,-0.47043959019535464,-68.57724049982824,0.41205568996318787,1,0,0
3.1270461531495926,0.3371162516398229,49.7308601569365,-0.9398037900206561,-67.67496360636494,0.9049795836215481,1,0,0
3.4545879175292242,0.2997729630731271,49.391893529556995,-0.9802320459055892,-67.28877545612897,0.9643081744939195,1,0,0
3.7186342349988877,0.2537383618487894,49.3570660766276,-0.7877197525785476,-67.18491716046077,0.7848660917200505,1,0,0
3.9087096410175945,0.20160781956281398,49.42470475214796,-0.5210208316077256,-67.18370375298645,0.5251629583680881,1,0,0
4.019576668831135,0.14663602463416509,49.47951792548747,-0.27987809280317605,-67.19081469680259,0.28549019136274295,1,0,0
4.052627285147636,0.09252451984412176,49.48661146715037,-0.10790956221676992,-67.1855564040057,0.11066118699824301,1,0,0
4.016640625357837,0.04296003108355251,49.464103067242206,-0.009364707825719165,-67.1896065372191,0.00659161259544021,1,0,0
3.927412598504546,0.0010539532948271812,49.450310094668794,0.031225255037364265,-67.23358932676229,-0.04028532068685422,1,0,0
3.8059549434583175,-0.03112143473669988,49.47575740732876,0.03374808263377531,-67.33190051743065,-0.04801970806855138,1,0,0
3.675331194367729,-0.052768625258944726,49.54595500175071,0.014134437291403401,-67.4706286298458,-0.031092166278818924,1,0,0
3.5566464639851176,-0.06434188946512336,49.63721307867931,-0.017987116786224534,-67.60904748041054,0.0016653928652146988,1,0,0
3.465127450477496,-0.06731618444122348,49.70414607993064,-0.057983629529388736,-67.69162866299752,0.045638185105610775,1,0,0
3.407419887631889,-0.06384586495272941,49.69454690296536,-0.10357179540056052,-67.66511424114628,0.09784502473436874,1,0,0
3.3810233884281473,-0.0564153208384397,49.566049125061994,-0.1524114473688428,-67.49462541577464,0.15476808475377765,0,0,0
3.3761577741799016,-0.04753456322865759,49.299646757625226,-0.20075108082405677,-67.17416076815044,0.21133756980703994,0,0,0
3.3794654407354017,-0.03946129727375194,48.90677517185648,-0.24333597492759793,-66.72917455294959,0.26118588520640174,0,0,0
3.378181975830543,-0.0339069712217821,48.4283851132366,-0.27435083683125755,-66.21115628987542,0.2978564933767984,0,0,0
3.363259390120149,-0.03174309367588677,47.926195620980366,-0.2888867439903066,-65.68590847922451,0.31639419407910907,0,0,0
3.3306093111717416,-0.0328143949674228,47.46824659908819,-0.284329793079209,-65.21852481936025,0.31468153924988657,0,0,0
3.2807182216302095,-0.03599298107166504,47.11259525247473,-0.2612020363132757,-64.85876977778179,0.29405996652770056,0,0,0
3.2175767517672966,-0.03952770912603114,46.893704710366734,-0.22327385412606873,-64.63048254664255,0.2591095737965162,0,0,0
3.1476965137186284,-0.04159945374041456,46.81527864002757,-0.17701823472762043,-64.52768672220643,0.21675814184671935,0,0,0
3.079275937957661,-0.040879478911283226,46.851248972173266,-0.1305611965332872,-64.51829884864742,0.17500453696798388,0,0,0
3.021093577711497,-0.03688205665448123,46.95402876192924,-0.09226765935969752,-64.55402575049763,0.14150679932262733,0,0,0
2.98088068291959,-0.030011982029375873,47.06690821636454,-0.06913571353386487,-64.58306503018528,0.1222208770245942,0,0,0
2.963470903331256,-0.021357824832988113,47.136592824580276,-0.06529334345477764,-64.5615931344824,0.12026711977387379,0,0,0
2.969387186717711,-0.01236652591416032,47.12277314790373,-0.08100792879853316,-64.46111092019558,0.1352581727373746,0,0,0
2.9944388235753365,-0.004511327473822746,47.00351902738339,-0.11260089054656816,-64.27084048599824,0.16336300848283541,0,0,0
3.030489490877983,0.0010070941154538104,46.77688946374954,-0.1534299699744679,-63.99631604911431,0.1982712117525466,0,0,0
3.0671399733003284,0.0035180172208725937,46.45966181792696,-0.19570540747842244,-63.65609858004305,0.23290985820084983,0,0,0
3.0939114926256934,0.003062371160520172,46.0836254223814,-0.23254462480028906,-63.27790081926881,0.2614067058460222,0,0,0
3.102583238980401,0.0004363856668149424,45.68926973456189,-0.25958506368796747,-62.89405663737807,0.28064271073448877,0,0,0
3.089346879112199,-0.0029495108375584777,45.31694927242859,-0.27572345648577257,-62.53558673112195,0.2909024347056487,0,0,0
3.056273749920223,-0.005388686336324611,44.99697468714501,-0.2829352436162765,-62.22492716848913,0.2954908102330478,0,0,0
3.011504394524792,-0.0053025471554562385,44.74146196836165,-0.2854071860129096,-61.96899797172506,0.29954126425243144,0,0,0
2.9678347599994055,-0.001659877157085532,44.5407421877006,-0.28830845600676014,-61.755166027137506,0.30845960341859496,0,0,0
2.939892078342126,0.005718003235726599,44.365538583046,-0.2964886625604464,-61.55208657313909,0.3264693197119385,0,0,0
2.9405519602120904,0.016037495808208745,44.174166591220626,-0.31331038600188776,-61.31593238366776,0.3555704884685781,0,0,0
2.9774640193234205,0.02762689295740728,43.922817603620445,-0.3397721733193805,-61.00090340659,0.3950229810061927,0,0,0
3.050541201729473,0.03824296725456833,43.576577257859356,-0.37408163843044234,-60.5715025458571,0.44134820661487595,0,0,0
3.1510915249829594,0.04555049037027174,43.11873879677694,-0.41182544617838346,-60.01320762214942,0.4888161739287142,0,0,0
3.2629581970624884,0.04767201724357193,42.55616587454301,-0.44675416167558807,-59.33835175269229,0.5303510187547744,0,0,0
3.3656158086862717,0.04365240710999387,41.91922753923478,-0.4719876841482886,-58.585356921060026,0.558710407286739,0,0,0
3.438703422465906,0.03369798061465303,41.25615830284059,-0.4813159988332387,-57.81144510234037,0.5677317635840978,0,0,0
3.4670092982275094,0.019138618767294703,40.62320750657781,-0.4703162321002736,-57.08083623243792,0.5534329106535978,0,0,0
3.444554932435125,0.002159362498558437,40.07320057094472,-0.43714381344942127,-56.45165583958976,0.5147822552439607,0,0,0
3.376416149442065,-0.014605955682807804,39.64566174156312,-0.38294454836693037,-55.9649825002717,0.45399794461797854,0,0,0
3.2775317663586208,-0.02853368423853624,39.36100660288824,-0.3118500118722551,-55.63861474782678,0.37631552898285464,0,0,0
3.1688502069963675,-0.03745547476950435,39.21965528261771,-0.23053169398385762,-55.46657430005402,0.2892756709389147,0,0,0
3.0721348267150574,-0.04002642917049286,39.20513912336514,-0.14734205304061448,-55.423679993417494,0.2016765962306124,0,0,0
3.0050319681548814,-0.03594877754930224,39.289293313107635,-0.07113698083269071,-55.47322817596964,0.12236411529613633,0,0,0
2.977621354677126,-0.025993548969915993,39.43766575582046,-0.009928513848194598,-55.575196462863744,0.05900727809147952,0,0,0
2.9910610609912283,-0.011798707899293959,39.613910599396206,0.030432780669616476,-55.69260021167088,0.016987136892558395,0,0,0
3.0384391307609775,0.004519858252548659,39.782737772434444,0.04729875289050085,-55.79467914003425,-0.0014502360716619478,0,0,0
3.107521522734487,0.02084706108226868,39.911837698250906,0.04172321524333711,-55.857195079476554,0.002422561035442072,0,0,0
3.184619442735965,0.0355052534856668,39.973915432462775,0.018206248147865266,-55.86158305867497,0.024091096003832035,0,0,0
3.258429070449125,0.047530342259879885,39.94998954825928,-0.016371493460863463,-55.79511113134612,0.056807171702109825,0,0,0
3.3227303488841073,0.056723732019835896,39.83399413179325,-0.05440986451168328,-55.6531171085434,0.09314785329260644,0,0,0
3.3773208178190544,0.06349042867977062,39.63688743505108,-0.08934506073811406,-55.4423486896996,0.1266793386956408,0,0,0
3.4271873615717254,0.0685425251291818,39.387201604843796,-0.11687246035827456,-55.182769033379174,0.15316001914939079,0,0,0
3.4803353907536803,0.07258099662718535,39.125578378499,-0.13517915787163587,-54.90515645894854,0.17085145648869968,0,0,0
3.544858674875485,0.0760477202855526,38.89356711070363,-0.144166641172302,-54.64371792993768,0.17987206450084728,0,0,0
3.6259653477889344,0.07898812731212956,38.720459992015066,-0.14413357396374238,-54.42580682471447,0.18096302789363108,0,0,0
3.7238643820527955,0.08102958456483833,38.6140131688517,-0.1346588264826039,-54.26307894854034,0.1743144981082679,0,0,0
3.8333314890063406,0.08147213578731254,38.56004611953455,-0.1143166517521621,-54.14868051458956,0.159069178195503,0,0,0
3.945096645591491,0.07948138363067728,38.532249020739755,-0.0814010978940786,-54.062862413666494,0.13377197703005947,0,0,0
4.048310343570421,0.07435329080405069,38.50865380862186,-0.03524664950815577,-53.98548085240981,0.09750406310414803,0,0,0
4.133026194532491,0.06579304235161203,38.48740586696721,0.022662054789955734,-53.90997212746072,0.051002767092964515,0,0,0
4.19204217569218,0.054123197288058124,38.49372091752946,0.08850080209245163,-53.85165690774457,-0.002952293773930137,0,0,0
4.222001197878498,0.04032738630917976,38.57319062590301,0.15695000142587787,-53.84504926307858,-0.060116412874793926,0,0,0
4.223868298794187,0.025877739509687102,38.77311188341744,0.22249174792167709,-53.93011582790706,-0.115879366682762,0,0,0
4.202789098391605,0.01239397255329493,39.120187658603186,0.2803224809037232,-54.133690259008034,-0.16612854411348793,0,0,0
4.167197320669516,0.0012745343979389645,39.60546801293958,0.32641916205294874,-54.45532976245377,-0.20739275365835114,0,0,0
4.127138245144593,-0.006561041061534922,40.18351318311048,0.3569887552201152,-54.86424307728828,-0.23639775080867195,0,0,0
4.092108884103212,-0.010774147239386878,40.78496359875132,0.36801906506687204,-55.30747418141718,-0.24964077744486132,0,0,0
4.06903637112444,-0.011601540000896193,41.33547382977699,0.35560150153029324,-55.72414785480137,-0.24360407836645664,0,0,0
4.0610556875498105,-0.009798067708823055,41.772845429151346,0.31713991856261997,-56.05940838899332,-0.2157625099364509,0,0,0
4.067415783917141,-0.006524359825570513,42.05729341916836,0.25286768182971286,-56.27394963554744,-0.1659138405786365,0,0,0
4.084300703298311,-0.0031413224223697965,42.17391156819818,0.16678445361523303,-56.34806468219318,-0.09705567181018467,0,0,0
4.105985797869536,-0.0009199970506529098,42.12920564120594,0.06643730704959694,-56.281090046743145,-0.015292960310776493,0,0,0
4.125887621705957,-0.0007561006877821796,41.94451106904364,-0.038380021239015606,-56.08774092727157,0.07117634779668833,0,0,0
4.1375455001359,-0.003001705213931416,41.648864476900314,-0.1374693700502462,-55.7928286647944,0.1535589323211326,0,0,0
4.135784096445818,-0.007467214852385951,41.27331254909191,-0.22201714429958203,-55.42588648055562,0.22398173069227312,0,0,0
4.117938274638064,-0.013558269042491133,40.84788625360645,-0.28593818395259235,-55.017172680396044,0.27673138603810515,0,0,0
4.08454787722539,-0.020453751157877776,40.40116338636116,-0.32660935468237257,-54.595710703450294,0.3090737454714997,0,0,0
4.039019318985126,-0.0272325078512722,39.960780129274525,-0.34497406199400016,-54.18855853159005,0.3215717478406816,0,0,0
3.986383539025951,-0.03292157420176665,39.552673986155526,-0.34507115133271216,-53.81959108207059,0.317845754487405,0,0,0
3.93183309349223,-0.036528628543740636,39.19791157964244,-0.3330998628622126,-53.50663577516639,0.30379532859394087,0,0,0
3.879763191719533,-0.03715480667473372,38.90781802137445,-0.31622302354249143,-53.257327227478186,0.28645205776001603,0,0,0
3.833660719356814,-0.03421295877260348,38.67946502126594,-0.3013826931985733,-53.06537256833633,0.27275946895433095,0,0,0
3.79667187968829,-0.027658981595766362,38.49379955571652,-0.2943488956575891,-52.90928338239752,0.2685409379266133,0,0,0
3.7722592146984937,-0.0180943786964022,38.31786584827819,-0.29904441190352316,-52.75487537885499,0.27773102698760965,0,0,0
3.7642360296984805,-0.006663002900114634,38.111082313667,-0.3170449837041076,-52.56136590295546,0.30179253718047505,0,0,0
3.775808686912029,0.0052161339138592664,37.834059321620714,-0.34719055609299404,-52.289577990852735,0.33927467158461583,0,0,0
3.807958061267726,0.01615604868426601,37.45767442978527,-0.3854254665187028,-51.91030132418416,0.3856448221560015,0,0,0
3.858075532021104,0.025026285002665814,36.97033601023929,-0.42512677783215624,-51.41124826171395,0.4336568006469633,0,0,0
3.9197535100248047,0.03104275185250884,36.38222414911445,-0.4581063622131694,-50.80166571026584,0.4744342073213801,0,0,0
3.9839944326308228,0.03375696639163408,35.726006018712496,-0.4761821932072081,-50.11388905932023,0.49914945583379333,0,0,0
4.041323678562193,0.03302375847353147,35.053563356187425,-0.4729009020484142,-49.40087900591817,0.5008549833517264,0,0,0
4.083923569383472,0.0290093490207596,34.42819724294438,-0.4448825244463109,-48.728804561866696,0.4759025414149164,0,0,0
4.1070993982133785,0.02224192843356576,33.91273593358483,-0.3924161379801376,-48.16494130918372,0.42455201720732133,0,0,0
4.1098288786148345,0.013644779287737663,33.55604391620611,-0.3192483115898739,-47.76338082051706,0.3507146069055807,0,0,0
4.094473614433795,0.00447105030331727,33.382073293182856,-0.23179082129285575,-47.552816069438194,0.2610899383515545,0,0,0
4.065902177119625,-0.0038969869742928155,33.385234077157605,-0.13807918434708882,-47.53055257670357,0.16406679347657588,0,0,0
4.030377345603384,-0.010238770845548117,33.533513049983895,-0.04670788231836696,-47.66478115211095,0.06863379309320408,0,0,0
3.9945233248984806,-0.013773361747659862,33.777852894340555,0.034215055375298675,-47.904102192658144,-0.0166577586878617,0,0,0
3.9644640130579774,-0.014327079503307517,34.06431593618589,0.09811495145432617,-48.19076632675029,-0.08472156198633059,0,0,0
3.9450245628878946,-0.012339549426505414,34.34521417524161,0.14090303519799363,-48.47322112455447,-0.13090610539647685,0,0,0
3.938935970106712,-0.008705506990436618,34.586484533003755,0.1615818596606175,-48.71454107498613,-0.15370244606523614,0,0,0
3.9461899519068737,-0.004497018814036835,34.770347796697365,0.16223535723915744,-48.89538214874531,-0.15491090818990189,0,0,0
3.9638286031803034,-0.0006581076869750291,34.89388544812809,0.14731047852938275,-49.01215692904702,-0.13907448727518953,0,0,0
3.9864333843497803,0.0022193381411369727,34.965074268186044,0.12236618768836252,-49.072441874481825,-0.1122301307815178,0,0,0
4.007418544529429,0.003968065646149909,34.99789188978903,0.0926783830345812,-49.089840530090555,-0.08032173887690135,0,0,0
4.020931988979257,0.0047661742757014736,35.00758764954918,0.062135438601504236,-49.07966165860259,-0.047791167713188545,0,0,0
4.0237962687336335,0.0049650140661398725,35.00661783527772,0.032721936629539525,-49.05552602486284,-0.016806511416945114,0,0,0
4.01671670630985,0.004911689355196813,35.00151477122418,0.0046450070732845464,-49.02640350047332,0.012668996987926562,0,0,0
4.0041446695194765,0.004843778769931362,34.991099766531704,-0.02307262725730084,-48.993983715519306,0.04209430581494189,0,0,0
3.9926863056449093,0.004882027779794384,34.96656856125665,-0.051828370388460596,-48.951132801686356,0.07324549798577777,0,0,0
3.988586110768111,0.005078760185246267,34.91370389929915,-0.08277586183658343,-48.88260618915558,0.10726020698880064,0,0,0
3.995306845458842,0.005449530547906534,34.81679786743021,-0.11641002711256192,-48.76869217886605,0.14415387044243175,0,0,0
4.012266390879617,0.005951517111063254,34.66315917555508,-0.15241138661632475,-48.591213870897604,0.18284274754105354,0,0,0
4.035253662147724,0.006439726040485994,34.44679056430144,-0.1896729852034639,-48.33998689462405,0.22146961240567578,0,0,0
4.058206146381892,0.006667010809296414,34.1701332714232,-0.22642173483023384,-48.01723846020255,0.25777152667931774,0,0,0
4.075427294458322,0.006367880776534207,33.84348737842356,-0.2603940464136315,-47.63812295417827,0.2893446859065619,0,0,0
4.083311439844266,0.00540501226933543,33.482503969114475,-0.28908315386203753,-47.22709854945231,0.3138313429534406,0,0,0
4.08111396671471,0.003905081409992306,33.10478491918954,-0.31008682959561895,-46.811707376416564,0.32915115913983184,0,0,0
4.070814777612441,0.0022988466284004972,32.726882418229366,-0.3215355682171065,-46.41626844872613,0.33386280603072294,0,0,0
4.056365113410251,0.0012221341556198696,32.362628097120336,-0.3225117951565153,-46.057685942620736,0.3276029225337197,0,0,0
4.042636233461465,0.0013109969127285126,32.022872360678775,-0.3133310573527012,-45.744292759621175,0.3114133121287864,0,0,0
4.034357659558765,0.002985120140547792,31.71592957147402,-0.29556915259509253,-45.47718058746773,0.2877425843927114,0,0,0
4.035254857163622,0.006314305270161924,31.447803493384015,-0.2717854251698412,-45.252585810590375,0.260027704176764,0,0,0
4.047475003703923,0.011010470586089127,31.221672612736285,-0.24500437314943896,-45.06395766928685,0.23195683096404593,0,0,0
4.071316115509177,0.01653048814964677,31.036822697896184,-0.21813241686479046,-44.903105338914685,0.20667302093008005,0,0,0
4.1052784958638,0.022243465400093497,30.887795852472635,-0.1935242223927105,-44.76069711025116,0.18621314694571253,0,0,0
4.146454492545885,0.02759956550059286,30.764649717416063,-0.17283089495299747,-44.62682150768467,0.17137113777999105,0,0,0
4.1912186725756015,0.03223358691977438,30.65474118769515,-0.15710717122001086,-44.492139066776105,0.16197776188241447,0,0,0
4.236119659108908,0.035967830935854296,30.54555824958146,-0.14701959679209436,-44.34953823942533,0.15739534456763807,0,0,0
4.278799767411186,0.03873976259116034,30.42738587319323,-0.14295559649522432,-44.19555447316361,0.15694013841462606,0,0,0
4.318631888467394,0.040521278489347876,30.2945634111488,-0.1449081098483788,-44.030581381821264,0.16001838334789795,0,0,0
4.356693528756509,0.04128492077989705,30.144857859273912,-0.15217169976717743,-43.857402968643584,0.16594978459385742,0,0,0
4.394933166522165,0.041026981959740284,29.97760752546307,-0.163048984814597,-43.678632364913994,0.17364423745991645,0,0,0
4.434872629615526,0.03981461710792047,29.79211664778404,-0.17481965766963867,-43.49455628514059,0.18138698615124724,0,0,0
4.476528900402656,0.03780351907134616,29.587741599412396,-0.18411069017354292,-43.302921505435705,0.18692685085927394,0,0,0
4.5181277036627705,0.035185909766561,29.36607885480086,-0.18758780635152733,-43.101199264312584,0.18788834265567972,0,0,0
4.556724312143288,0.0320812706280023,29.134159869270093,-0.18270798677568792,-42.8903791330855,0.18234354119967974,0,0,0
4.589364843654806,0.028444258325330908,28.906544610998765,-0.16824497688793372,-42.67826920526363,0.1692961722880682,0,0,0
4.61415484982237,0.024073477414644627,28.70445134784603,-0.14443189306207102,-42.48026973083259,0.14889580891861556,0,0,0
4.630658865076796,0.018736627435119148,28.551507809677958,-0.11275960834009595,-42.316671046606814,0.12235427272539141,0,0,0
4.639444594747417,0.012337689060495904,28.46748354339192,-0.07560069780275569,-42.20714596982447,0.09166492824134594,0,0,0
4.641136112009818,0.005019321847557023,28.462408090394575,-0.03582933852618453,-42.1644412457629,0.059258319475455325,0,0,0
4.635667940668611,-0.002860091215640637,28.53328859484236,0.003498911688672024,-42.18967427572784,0.027674288072668675,0,0,0
4.622238903966718,-0.010852791150851715,28.664520564383082,0.03946413935205726,-42.271013557886675,-0.0007466810225423614,0,0,0
4.599905791007615,-0.018567581064154126,28.83173462138484,0.06968394395765642,-42.386272223022246,-0.02418708061659345,0,0,0
4.568320922138341,-0.02574529151992664,29.007785469539016,0.09279768714399665,-42.50861606955803,-0.04169800261917942,0,0,0
4.528123399986882,-0.03222643834960195,29.169148986156813,0.10888810323950224,-42.613636252358816,-0.05350346641557735,0,0,0
4.480836932146289,-0.03785470772407109,29.301186004519337,0.11961959885096576,-42.685736015489056,-0.06113323083471869,0,0,0
4.428479039180829,-0.04241028867181029,29.401290787422596,0.12794163344899517,-42.72214053699852,-0.0672484255274867,0,0,0
4.37320594987753,-0.04563934270614993,29.479484681117924,0.137389015486778,-42.73365107279861,-0.07511320596260589,0,0,0
4.317180211251397,-0.04735931709516592,29.556364575786944,0.15118603579325623,-42.74218063398024,-0.08781209693974575,0,0,0
4.262589034769107,-0.04755470473646284,29.658604078904233,0.17141988120376084,-42.77577355411009,-0.10742743429275947,0,0,0
4.211565053950508,-0.046392245293235136,29.812704929332313,0.19848884708967204,-42.862158531002706,-0.13441049140022016,0,0,0
4.1658454769052184,-0.044156343491151516,30.038410719250862,0.23093021684929055,-43.022145617512734,-0.16731610780066716,0,0,0
4.1263126200559554,-0.041166354229616786,30.343594979317402,0.26564878622289995,-43.2643931924197,-0.20297378605530128,0,0,0
4.092773874773712,-0.03773894904075235,30.721984281576624,0.2984973246649304,-43.582890412485625,-0.23706357843451825,0,0,0
4.06420094705453,-0.03420466164014613,31.154037457053533,0.3250910326438657,-43.95774116636102,-0.264962474989494,0,0,0
4.039273497234774,-0.030925408531797417,31.610488173012243,0.3416779552816621,-44.35889709349573,-0.28265354314563923,0,0,0
4.016815496884661,-0.028245129566055027,32.057778649651596,0.34584937298800467,-44.751878397551536,-0.28747245351964634,0,0,0
3.9958164594700065,-0.0263596310481077,32.46445792776723,0.3368801181047303,-45.10428685714379,-0.2785058993165734,0,0,0
3.975133594849936,-0.025176342354997418,32.8072749022256,0.3155850789299592,-45.39180538387518,-0.25654690694938154,0,0,0
3.9533349494511327,-0.024274958274310164,33.075383631720854,0.28377625808192875,-45.60230898556648,-0.22365052362084725,0,0,0
3.929113758289958,-0.02302924360186722,33.27119865921236,0.24360039663474709,-45.73688306619917,-0.18248598574950278,0,0,0
3.9022491664241414,-0.020841103039896326,33.407211900298165,0.19707074658284682,-45.80720461067847,-0.1357585634443325,0,0,0
3.8745491965059813,-0.017358607642954382,33.499445768616994,0.14593721553827949,-45.82986226191352,-0.08589774921570381,0,0,0
3.8500242920306107,-0.012564737466242093,33.55974686239591,0.09180343783739602,-45.8193956486941,-0.035013996021535834,0,0,0
3.833908511035858,-0.006716038080297438,33.590041423401004,0.03627464469108475,-45.782601023856046,0.015039005617236968,0,0,0
3.8308624668358107,-0.00020308390490839657,33.58119563884071,-0.019029857863168333,-45.71648272793905,0.06266860199141036,0,0,0
3.843229420455117,0.0065659338341745865,33.51715080503439,-0.07261175632942525,-45.610855889708574,0.10665595069528137,0,0,0
3.8701690848075856,0.013198137653441222,33.38249230614119,-0.12325354786944728,-45.45442681735915,0.1462813043686765,0,0,0
3.9079732140469616,0.019279865239496985,33.17002134913645,-0.1700556858806806,-45.24141532770281,0.18132908662974784,0,0,0
3.9513041104020488,0.024343884585792352,32.88508505308917,-0.2123022952115406,-44.97562296565238,0.21191497411830085,0,0,0
3.994773096631704,0.027911779713890895,32.54508109591811,-0.2492503196081742,-44.670323559246356,0.2382010595125678,0,0,0
4.034230542958554,0.02961953745854231,32.17467642160369,-0.28000448863174654,-44.3443915669917,0.26015135116361704,0,0,0
4.067347848900951,0.0293566890129739,31.798888909810188,-0.303578783576998,-44.01657139561604,0.27746333242109245,0,0,0
4.093463137888534,0.02732573205416742,31.436723910280506,-0.31911946634632216,-43.70024590751109,0.28969662308768707,0,0,0
4.113026308174767,0.02397547498749759,31.097538227319262,-0.32617451848758494,-43.40059042873037,0.29649221306690665,0,0,0
4.127057841421234,0.019834464001634446,30.781150752523246,-0.32487489351792076,-43.11496921630288,0.2977323205485618,0,0,0
4.136796310584856,0.01531975063736155,30.48136296926441,-0.3159269298438119,-42.83622256549765,0.29354963714094423,0,0,0
4.14342640534926,0.010604342752655782,30.191297642677966,-0.3003879085045469,-42.55746058648228,0.28419396164097177,0,0,0
4.1477279639219375,0.00559742747337566,29.9082761642606,-0.27929068613869956,-42.276493197033744,0.26983731306467007,0,0,0
4.149648750418393,4.048774698759416e-05,29.636336117909963,-0.253256458892983,-41.99829976016676,0.25041705895586974,0,0,0
4.147970603005319,-0.006323151451758236,29.385811797479988,-0.22225366130238342,-41.73482718783691,0.22558708750036374,0,0,0
4.1402739704851115,-0.013565841586338934,29.170797336558223,-0.18562756404355413,-41.502451950581985,0.19480077066277204,0,0,0
4.123322123634708,-0.021434790429991323,29.005982048423192,-0.142444869315932,-41.31819826496934,0.15751879034946228,0,0,0
4.09386801535841,-0.029296430325037193,28.904159321350676,-0.0920725342397219,-41.19607531795239,0.11352190385967446,0,0,0
4.049794793657185,-0.03619783693330732,28.875001614295428,-0.034786541637319604,-41.14471955372673,0.06328663415529263,0,0,0
3.9913994255578444,-0.0410536476061381,28.924875112087705,0.02782862378022628,-41.16696150967516,0.008336181121745768,0,0,0
3.9224484062849427,-0.042925096648100694,29.05691427610509,0.09284075478095133,-41.26103466200303,-0.04856737966565561,0,0,0
3.850462102098888,-0.04130650786179615,29.270572300280747,0.1562954155874678,-41.422241547885534,-0.10353006798825674,0,0,0
3.7857495945888644,-0.03630388438804175,29.560410747887403,0.21379318599236968,-41.64362685548082,-0.15200781411997752,0,0,0
3.739112274357012,-0.02862059419623364,29.914622355712225,0.2611530704744979,-41.9149379489493,-0.18960051402652311,0,0,0
3.7187196365243125,-0.019361907461609464,30.3142193452895,0.2950129845427313,-42.22050098449347,-0.2129430706277276,0,0,0
3.72720889186715,-0.009771670583904778,30.7337514924329,0.3132919333373508,-42.53775263046455,-0.220414953907337,0,0,0
3.76028327975429,-0.0010373753022719257,31.14391390834689,0.3155164812106136,-42.838276406169115,-0.21247255031148599,0,0,0
3.8076620733960738,0.005776876084645721,31.515690026095655,0.3030314994661268,-43.09208045821762,-0.19158356574287722,0,0,0
3.85617571904109,0.0097240832349911,31.82513145972274,0.2790633753017005,-43.274150260004006,-0.16188638831652327,0,0,0
3.8936827197187966,0.010013900294386247,32.05779444546121,0.24854113862902522,-43.37111104874853,-0.12871857463394748,0,0,0
3.9120746532622235,0.006183048554868264,32.212079088211226,0.21758054960038464,-43.38576016511789,-0.0980757831822899,0,0,0
3.908230862945345,-0.001639128306513271,32.300887294942015,0.1926250688708052,-43.338077205314306,-0.07597373052322212,0,0,0
3.8829904269387754,-0.012534364142300091,32.35104450090441,0.1793729205388047,-43.26249073864605,-0.06767133036184703,0,0,0
3.8392512773008747,-0.024858217856474595,32.40003374200248,0.18172474377987272,-43.202123695288776,-0.07679042570368608,0,0,0
3.780550122072995,-0.03662281525303825,32.49002484129335,0.2010078527912839,-43.20125881631637,-0.1044967614201937,0,0,0
3.7108176088020173,-0.046054129858561055,32.66000218114095,0.23566233423063068,-43.297489935696774,-0.14899679608637087,0,0,0
3.6349396383312893,-0.052048629751490695,32.937643113734936,0.2814407564871601,-43.514989709787585,-0.20556482842328022,0,0,0
3.559079894831328,-0.05430635326055864,33.33293746389438,0.3320345248091797,-43.859984715254484,-0.2671458552768655,0,0,0
3.4899475665107076,-0.05312151380516639,33.83520998763558,0.3799639118222643,-44.31911787420594,-0.3253935022153286,0,0,0
3.433141421133186,-0.04902143734205851,34.41441778776752,0.41758945724422175,-44.86107900961224,-0.3719221365998749,0,0,0
3.3915883557473165,-0.04250767852350919,35.02648665308283,0.4381706121783111,-45.44140844935069,-0.3995836510095529,0,0,0
3.3651673303397587,-0.034032039652292664,35.62123254303381,0.43691188950792537,-46.00953575808296,-0.4036163423294397,0,0,0
3.3517752888871115,-0.024140973352707817,36.15068361912705,0.41186112927109664,-46.516425760799336,-0.38249375811344066,0,0,0
3.3490369038802896,-0.013600186402072723,36.575928314444695,0.36444078358828735,-46.921345061287525,-0.33828568443322526,0,0,0
3.3554733368379033,-0.003347469936738889,36.87173096307646,0.29940458331458897,-47.1970953264119,-0.27640341593595963,0,0,0
3.3704972122790906,0.005727695969028446,37.02912107622021,0.2241369714097118,-47.33365335899117,-0.20472796595068984,0,0,0
3.393529904804211,0.01303606519344953,37.0562544064459,0.14739786900696003,-47.33992729092199,-0.13227023879027228,0,0,0
3.4230780308106006,0.018403082941375715,36.977345299777255,0.0777903691129211,-47.242841559586736,-0.06764929543985546,0,0,0
3.4564728671433187,0.02198268395215024,36.82925582078147,0.022320129416706892,-47.08315203356554,-0.017737224371595063,0,0,0
3.4904183808234706,0.024057457941486858,36.65578750186464,-0.014633053785470907,-46.90835866911914,0.013256035460659631,0,0,0
3.521949007681812,0.024881770448602937,36.50046534315243,-0.03177903721947643,-46.76411083725341,0.024167995806035947,0,0,0
3.549198159753516,0.024661496742119482,36.399136234163024,-0.03084543290105444,-46.686028712481516,0.01680892893902808,0,0,0
3.571602128408614,0.02363586625777998,36.37388491329412,-0.016089177397293496,-46.69379800451529,-0.004465821908667067,0,0,0
3.5896114832951582,0.02214797131663886,36.429597776589986,0.006496536670132969,-46.78878470668093,-0.03347331954108483,0,0,0
3.6042910413239326,0.020614672494230036,36.553940590881695,0.03019353455480598,-46.95541536835154,-0.06316314728208283,0,0,0
3.6171121797002854,0.019396618599616035,36.72066674720966,0.048676991418420815,-47.16556406960089,-0.08672360519081224,0,0,0
3.629888567382011,0.018647608780823076,36.89536263247297,0.05706910734039354,-47.38458551000866,-0.09867385035845758,0,0,0
3.644557743976989,0.01823587300359577,37.042310666478585,0.05273475686717859,-47.577574754997585,-0.09576364221574352,0,0,0
3.662619592085619,0.0177790017977415,37.13119116632953,0.035679196387187063,-47.71478350638637,-0.0775327439653097,0,0,0
3.684384566819631,0.0167659393480335,37.142557416048845,0.008486555010605912,-47.77559472102726,-0.0464183350701262,0,0,0
3.7084250954900426,0.014704990672211694,37.07115641655636,-0.02420972979382725,-47.75084934083799,-0.007327750611341344,0,0,0
3.7315568897894735,0.011249848655042171,36.92648380283481,-0.05667667529677942,-47.64366513463895,0.033328256517390284,0,0,0
3.749392146386029,0.006287873268425415,36.73067687716599,-0.08329067825889638,-47.469125444168384,0.06897496508207154,0,0,0
3.757270876775493,-8.646566561765212e-06,36.514463326696045,-0.09971104354119972,-47.25296805738219,0.09422525957598396,0,0,0
3.7513409480460496,-0.007172412350917057,36.31184329294342,-0.10368022038667277,-47.02869287446495,0.10582072443581012,0,0,0
3.729610666250707,-0.014482703513554896,36.15389999424187,-0.09522736351263746,-46.83228150442699,0.10289900269403915,0,0,0
3.692767300066265,-0.02106359840028773,36.062455849884,-0.07628866896211832,-46.69483585918795,0.08663845225325133,0,0,0
3.6444712783113715,-0.026030030938423467,36.04520023106659,-0.05000775510302731,-46.635322159237745,0.059619784558995546,0,0,0
3.5908954685764485,-0.02865555620774245,36.0943889624628,-0.02009735154810528,-46.65657626202827,0.025320748524868007,0,0,0
3.539557531684082,-0.028520753757638316,36.19028378092247,0.00948446682121471,-46.74660469408687,-0.012055476260240994,0,0,0
3.4977891114871653,-0.0256031976955029,36.30826972693518,0.03461941322322559,-46.884464818305474,-0.04759968297644548,0,0,0
3.471256580405239,-0.020293155303582465,36.426406251804536,0.05123214114831569,-47.047467289048996,-0.07599264037947648,0,0,0
3.4628365843086044,-0.013342017842779797,36.52970336168494,0.05592863422716619,-47.215917958919704,-0.09237455060304853,0,0,0
3.47206333919911,-0.005752023508372872,36.60930799490819,0.047001915405178354,-47.3735228199846,-0.09362809746974107,0,0,0
3.4953089710910206,0.0013898402245899888,36.65803742517568,0.0252922183670762,-47.504689704229406,-0.07946986538308351,0,0,0
3.5266791132148825,0.007113244255874918,36.666221405725025,-0.0057335198683631464,-47.59220790822175,-0.052673674795741476,0,0,0
3.559347121638467,0.010745894134794298,36.621742192155665,-0.04095184554285254,-47.61858136521843,-0.018161359248625785,0,0,0
3.586951043227643,0.012011628984068068,36.51521938511837,-0.07523389092545188,-47.571603133935156,0.018661173472864334,0,0,0
3.6047938708223484,0.011020507931225155,36.34731114613356,-0.10496123209392749,-47.4512749158591,0.05351785857722291,0,0,0
3.610689974242831,0.008176819113860746,36.13294858223884,-0.12867872798455834,-47.273341442044284,0.08410937443657077,0,0,0
3.6052480528351083,0.004053206813976829,35.898751271506654,-0.14672231841333883,-47.06607841079173,0.10999543651473402,0,0,0
3.5913728702459196,-0.0007301942078768775,35.67406734255002,-0.16027271384466815,-46.86085555432035,0.1318641078517942,0,0,0
3.573041663620856,-0.0056042455167471415,35.48009104074566,-0.17049528779792525,-46.680739373147475,0.15073508698172305,0,0,0
3.5538315303377175,-0.010128237580028098,35.32252071506261,-0.17815052535904669,-46.53242907561889,0.16744461927114002,0,0,0
3.535841039230789,-0.014051835277693669,35.19081424104229,-0.18361139381816544,-46.404735339082066,0.1824334140934809,0,0,0
3.5193771711361137,-0.01735068084544622,35.063494267278344,-0.18696247441241381,-46.27356682970381,0.19566430932560763,0,0,0
3.5033046664709957,-0.020205803889594164,34.91678931417641,-0.18791113351145441,-46.1112304954012,0.2065077331247977,0,0,0
3.485668667427362,-0.02290817656939339,34.733714131527904,-0.18552121754327686,-45.897156941223756,0.21359710310752292,0,0,0
3.4642755180454117,-0.025714982537637356,34.51119720795191,-0.17805359304434204,-45.62694077492429,0.21483819781525995,0,0,0
3.437183165788369,-0.028725410307792743,34.2633238381147,-0.16322178772376789,-45.31669834878821,0.20777757877434055,0,0,0
3.4031900139391666,-0.031841216743274,34.01963993639211,-0.13890267997999217,-45.001001079543755,0.19033009248399252,0,0,0
3.3622911045519857,-0.034829185553542176,33.81885516711725,-0.1040144858862078,-44.72488452324512,0.161597815395001,0,0,0
3.3158918382444824,-0.03744325352659814,33.69955511030224,-0.059171838815407794,-44.532357394994875,0.12243080708630032,0,0,0
3.26657742725979,-0.03953318893578341,33.69030283782493,-0.006895137680700714,-44.45465328787549,0.07553630898388235,0,0,0
3.217428871798049,-0.041081962377936064,33.80178744124237,0.04862621669317946,-44.50143441424214,0.025143477689488235,0,0,0
3.171085315600692,-0.04216256438336785,34.023349408416266,0.10213574328365098,-44.6575886757538,-0.023694599183829722,0,0,0
3.1288721312050143,-0.042854360902840935,34.325070926022335,0.14821702988707558,-44.8869224245382,-0.06607418656525113,0,0,0
3.0903367780695277,-0.04317895706122812,34.6647627547209,0.1823992374608025,-45.14179385138493,-0.09832088530747854,0,0,0
3.053455894266051,-0.04309590769850615,34.997459374883704,0.20217633130355067,-45.37550599802941,-0.11884484038201606,0,0,0
3.0155575219546904,-0.04255271850374527,35.28468127095121,0.20749337753844657,-45.553644340626505,-0.12835438393856577,0,0,0
2.9746464049107573,-0.04154114853130295,35.501810235262866,0.20035664894571426,-45.661742945196266,-0.129190082490868,0,0,0
2.9305015339397045,-0.0401033289851469,35.642847541725274,0.18368289222877365,-45.70809337631991,-0.1240062375326886,0,0,0
2.884932761259421,-0.038267457208503684,35.72131842333775,0.16004080233845458,-45.720805798815036,-0.11450499018901325,0,0,0
2.8410502422223374,-0.03595402284903741,35.765236613209396,0.1310575097824369,-45.738197127261145,-0.10097424005125219,0,0,0
2.8020173864850193,-0.03293406448769076,35.80535393069951,0.09773412132429656,-45.79333523915082,-0.08281008084238692,0,0,0
2.770052025749223,-0.02889672880158258,35.860178330704,0.06114138940403109,-45.897651051080686,-0.05944176942029174,0,0,0
2.7461975591199774,-0.023598741415490565,35.92547894940688,0.02270461795127119,-46.03197232642833,-0.03085583497231994,0,0,0
2.7307965495791535,-0.016991785179837394,35.975337852545266,-0.01617399071429304,-46.151536251897454,0.0025325779511575774,0,0,0
2.7241152493891434,-0.009230388804901679,35.97480058812667,-0.05463680032491425,-46.20360680645328,0.040186435414111085,0,0,0
2.7265902339388646,-0.000555882130841212,35.89609516499152,-0.0923080509665823,-46.14806203482942,0.08129912621634787,0,0,0
2.7386589907558516,0.008845388011700095,35.72885641477558,-0.12842040100863983,-45.970301294919466,0.12404660801608429,0,0,0
2.7605836821413305,0.01888310261259818,35.481107634582344,-0.16062234141183468,-45.68276759680833,0.16471408450788944,0,0,0
2.792628873210404,0.029445802582408476,35.17495042008861,-0.1843566260892942,-45.318941444673925,0.19744970398557485,0,0,0
2.8354914209139253,0.040189706173494245,34.84215610354357,-0.19349754496742833,-44.925205865097666,0.2151481581243843,0,0,0
2.8904712666020203,0.05039039286991311,34.52114992061311,-0.18214701274999925,-44.55286915898998,0.21126075920628012,0,0,0
2.9588830518752047,0.05900216504546592,34.253954916585656,-0.1466014030408047,-44.25051020600179,0.1816030991164496,0,0,0
3.040655584944062,0.06494180217265182,34.08191268851394,-0.086321701814893,-44.05747528657258,0.12517040579603816,0,0,0
3.132693611314096,0.06745539712578505,34.04036240287098,-0.003561288497803616,-44.00005467065361,0.04377024307804902,0,0,0
3.2280191780882745,0.06636598904934346,34.15333046062668,0.09764701618967422,-44.09099921439048,-0.05881875908499694,0,0,0
3.3166118843935237,0.06208538756830535,34.430081134583475,0.21221269363283,-44.33203104366493,-0.17738369922147967,0,0,0
3.38807701248237,0.05542640430741983,34.86563939662665,0.3341293728720018,-44.718597236959084,-0.3054151814567433,0,0,0
3.435137653399181,0.04734864796147491,35.44549474960431,0.45640513777125025,-45.24506516602784,-0.4352763067013029,0,0,0
3.4562887637038386,0.038763564127614815,36.15142058198535,0.5712408476709498,-45.907129035523894,-0.5587097101397263,0,0,0
3.4563452965969788,0.030451113369322512,36.96428303987187,0.6706529899355275,-46.69904285731246,-0.6676192302039766,0,0,0
3.4447353096762185,0.023059357835963114,37.86244364933313,0.7474818774053062,-47.60702097355741,-0.7549212570835181,0,0,0
3.432369531489954,0.0171097749202076,38.81800629429816,0.7965019888078189,-48.60327327301482,-0.8152792131606447,0,0,0
3.4282912262202103,0.01294345093931355,39.79432116522344,0.8151649429318581,-49.644572387969845,-0.8455151284732295,0,0,0
3.437204745007321,0.010614345035450867,40.74689230222626,0.8035943258021859,-50.67624697269338,-0.844560396527936,0,0,0
3.4586127564479057,0.0098085719392202,41.62814923467974,0.7638948499832907,-51.64021178522566,-0.8130820484743623,0,0,0
3.4877096335955997,0.009874928694064523,42.39510102266166,0.6992695036820663,-52.48482317527137,-0.7531435235665583,0,0,0
3.5175115218755053,0.009988504148202538,43.01728882594523,0.6134545507874776,-53.17374852169138,-0.6681391461520206,0,0,0
3.5412811037536898,0.00939381588233914,43.48143800762617,0.5106419490991613,-53.6906691313072,-0.5629171031498231,0,0,0
3.5543744830960406,0.007633072230909477,43.790369081818255,0.39573518213865666,-54.03794952026752,-0.44384250733663466,0,0,0
3.555094583537624,0.00466683426705714,43.956978076692536,0.27466432303729393,-54.230478092978046,-0.3186283347088164,0,0,0
3.544620351158244,0.0008362610792048031,43.996989157207906,0.15446848380244377,-54.28841243507762,-0.19585520483001062,0,0,0
3.5263076903133452,-0.0033098413355659773,43.92442578528977,0.04288571719368406,-54.23244430451305,-0.08412644329277441,0,0,0
3.504621948529305,-0.007230369396491199,43.751672986610004,-0.05261688624644023,-54.08299746133619,0.009078304300155082,0,0,0
3.4838730876778925,-0.010541058904028944,43.493535532599196,-0.12609439105795844,-53.86253031978154,0.07854059955237176,0,0,0
3.4669753672399537,-0.013040175455456904,43.17283407270418,-0.1741268787189881,-53.598763833525766,0.12196861591786501,0,0,0
3.45461122023994,-0.014635172681843755,42.823958194598504,-0.19611057506376994,-53.32608760819912,0.1398624204012208,0,0,0
3.4452078279105933,-0.01525177033540075,42.49111996348083,-0.19373000877718027,-53.08296547868983,0.13462324696168365,0,0,0
3.4358705147134003,-0.014804302172767337,42.22049409704658,-0.16993578208662824,-52.905263135783485,0.10934865134582025,0,0,0
3.4239727285414716,-0.013247859301841913,42.049100294628374,-0.12801837297808163,-52.81826336108887,0.06694986280103024,0,0,0
3.4087428567191864,-0.010661166640123555,41.99587232605484,-0.07129632999172486,-52.83185388896584,0.010061860991493176,0,0,0
3.3921026478042364,-0.007279759983177314,42.059689069436104,-0.003515474747635494,-52.94217996546078,-0.05827755735256801,0,0,0
3.378264668585672,-0.0034354149028899884,42.22506796442349,0.07047192603011468,-53.13895779105485,-0.13373075675990834,0,0,0
3.372143355510886,0.0005703366106416752,42.47148925682919,0.14441359121190372,-53.41349883332589,-0.21026302043450756,0,0,0
3.377261421276657,0.004579094291877084,42.78057223268195,0.21115285516051757,-53.76191170986661,-0.2806275874687515,0,0,0
3.3941777674081806,0.00860064407406611,43.13767932522782,0.2637709273224914,-54.181539407051446,-0.33753648356912436,0,0,0
3.42025707121104,0.012732556421991604,43.52867745489965,0.2968329311731452,-54.6633951757982,-0.3749274207570579,0,0,0
3.45091119401701,0.017022383701673506,43.935255875599864,0.3072121917920413,-55.185595683034904,-0.3887921925162289,0,0,0
3.481661457632171,0.0213499454344273,44.33202264865176,0.2943192738613135,-55.711539010471,-0.3774422965850164,0,0,0
3.5099791692821327,0.025387871084073765,44.68680956785329,0.2599161360211525,-56.19362819678011,-0.3414724511552407,0,0,0
3.5360684209391025,0.02865446198249515,44.96420163778629,0.20777906418680914,-56.58112809653642,-0.2837141474680408,0,0,0
3.5623264848209715,0.03063704033398551,45.131810987356516,0.143306120619647,-56.83010189062307,-0.2091900629624348,0,0,0
3.591764122929945,0.030948085307088036,45.16826070303662,0.07298826882251035,-56.91338075690501,-0.12482586965535347,0,0,0
3.6260220663516236,0.029469080185971563,45.07065061704071,0.0036879087731989555,-56.828223344878296,-0.038729932164469,0,0,0
3.6638060411016085,0.026428467145235855,44.85836287455004,-0.058129639323917105,-56.59905318454702,0.04083244216450908,0,0,0
3.7005481707480357,0.022361355771003844,44.57074053142429,-0.10693760484009544,-56.273440036675794,0.10639539800102682,0,0,0
3.7297379242819204,0.017933922671170423,44.258560143124754,-0.13834596074388514,-55.911653872351735,0.15190392151877746,0,0,0
3.7456019958767257,0.0136897678919496,43.972134963331854,-0.14917114242473417,-55.572895004679594,0.17306058681959655,0,0,0
3.7459461290845297,0.009844524736224968,43.75072625541259,-0.13773768934181305,-55.30321458882591,0.16772023579906375,0,0,0
3.733592726992171,0.006252377717800073,43.617433519452334,-0.10453356928206858,-55.12967421676984,0.13649452899820175,0,0,0
3.7154076476508067,0.0025750771327679445,43.58074203034744,-0.052905254527263426,-55.06208888134864,0.08332669834919386,0,0,0
3.6992241637404675,-0.0014445481297514107,43.640099563109175,0.010774510414276506,-55.099496022427104,0.015521777050079778,0,0,0
3.6902093702921945,-0.005778120716900048,43.79088380961849,0.07787600331079432,-55.236178398914376,-0.05716452459568586,0,0,0
3.6885458435296243,-0.010110763753047536,44.02531492422003,0.1391429176066225,-55.46327805489628,-0.12431221101744824,0,0,0
3.689556812429288,-0.014038500958710643,44.329310329277405,0.1866012992615822,-55.76578620105508,-0.17692031028523444,0,0,0
3.6861026894505216,-0.01731527359557248,44.67848563556706,0.2149733702870634,-56.118222266174996,-0.20899175102209142,0,0,0
3.67195671711292,-0.019968396240996354,45.0373201762327,0.22209860169589035,-56.483299118308594,-0.218078530491249,0,0,0
3.6444943583462504,-0.02220961443110241,45.36356413939808,0.20844090998770354,-56.81601711485408,-0.2048267583223975,0,0,0
3.6055611194974233,-0.02422540831514084,45.61673924802841,0.17624545775717876,-57.072417691678254,-0.17207303666653787,0,0,0
3.5604399910364464,-0.02600982591636125,45.76716722232297,0.12897557079973865,-57.21959172699076,-0.1241358417685916,0,0,0
3.515723685240843,-0.02736403880730478,45.80172804730634,0.0712985497346125,-57.24287418626113,-0.06659370643816373,0,0,0
3.4771280194294434,-0.028077242115155342,45.72450866298621,0.009392200888950698,-57.14776360565108,-0.006353462628285911,0,0,0
3.447955287140786,-0.02819212265836768,45.55333838719028,-0.048951768597609656,-56.956908765579755,0.04846385882580932,0,0,0
3.428447584366012,-0.02819618991523214,45.31507063221741,-0.09491722346282642,-56.704636472582195,0.08924150859491249,0,0,0
3.41591642435624,-0.028999610819072076,45.04229582662353,-0.12013925577957138,-56.431723265436716,0.10833047885359122,0,0,0
3.405330268298968,-0.03165907364841303,44.772407644456564,-0.11881473552160741,-56.181756892457855,0.10100360921842935,0,0,0
3.390035490529243,-0.036939448671071774,44.5478024902566,-0.08974854112249772,-55.9986605300505,0.06725432990635624,0,0,0
3.362532459193929,-0.04490384287742444,44.414391904769815,-0.03742591943595528,-55.92360202890495,0.012611254857452537,0,0,0
3.3155650113067026,-0.05473612448461722,44.415346690232695,0.028538545524310167,-55.98911290314234,-0.05261641121547598,0,0,0
3.243849254552316,-0.06490782623430676,44.579019867106894,0.09553353189703842,-56.20955563480646,-0.1155991979359868,0,0,0
3.1463291985301254,-0.07363182662320752,44.904242636081364,0.1508866498718305,-56.57033088719757,-0.1639836115322936,0,0,0
3.028089590655199,-0.07938997540927346,45.35024946862666,0.18448976174071277,-57.021651057076554,-0.18851402097882328,0,0,0
2.900594042294614,-0.08128882833423319,45.83872384243338,0.190259029627407,-57.483072877734514,-0.18440779849823913,0,0,0
2.7793693220229443,-0.07911579613696915,46.2704059511878,0.16627980692840083,-57.86062845194206,-0.15131762186709352,0,0,0
2.679598158124165,-0.07315486506220026,46.551162325341835,0.11419767868490567,-58.07155938075965,-0.092455136004898,0,0,0
2.6114305142062335,-0.06394930849231031,46.61730526186369,0.03862536754315613,-58.06689710224609,-0.013692257541424623,0,0,0
2.5771472071869113,-0.052185846769572206,46.45039278653067,-0.05309860834186679,-57.84273851503289,0.07695718721054448,0,0,0
2.5713744978242374,-0.03873550134037913,46.07718997405382,-0.15112738417057586,-57.43677824757589,0.1697324852930649,0,0,0
2.5840163606847,-0.024728233642490237,45.55732347708175,-0.24392814420469905,-56.91366426319132,0.25397164957202845,0,0,0
2.604356169629213,-0.011488224823061444,44.965273542538455,-0.32002459996564314,-56.34647821022071,0.3197073877565316,0,0,0
2.6244707308344033,-0.00026094315410034595,44.373256552662696,-0.37029896989314465,-55.800759015092126,0.359683361444317,0,0,0
2.6407345772514077,0.008157872003368993,43.8389756269209,-0.389960689857557,-55.324326204145905,0.3709576602998169,0,0,0
2.6533117058697115,0.01367531971164766,43.39944240038639,-0.37929276208394924,-54.94335638201423,0.35528233790668085,0,0,0
2.66448707379233,0.01687581820430637,43.070159951531366,-0.3428664968123741,-54.66355457437675,0.3180446578117085,0,0,0
2.6769887265831613,0.0187230173135589,42.84817262641039,-0.28770012420458213,-54.47472576631648,0.26632717265607087,0,0,0
2.6930092342399234,0.020143468428723565,42.71769836328812,-0.22128262512180755,-54.35732049924792,0.20701999699036833,0,0,0
2.713900404303388,0.021688328657953095,42.65746516569118,-0.15023662325484963,-54.28991513596608,0.14568687238061387,0,0,0
2.740132679867301,0.02340833293232265,42.64852500593008,-0.07986234478822211,-54.2563316694588,0.08632939670875146,0,0,0
2.771246533820289,0.024962843711662686,42.68032223503593,-0.014280255937902098,-54.25039253663061,0.0317151072444517,0,0,0
2.8057908539164487,0.025870225638696807,42.75244729132038,0.043344280604947015,-54.276278240317026,-0.01624096371362782,0,0,0
2.8413540174139342,0.02575068233890221,42.8708903201142,0.09086573787120926,-54.34389029128599,-0.0563894232975116,0,0,0
2.874817906574634,0.024449146709702062,43.04035217903868,0.12749086023173106,-54.46103223705839,-0.08853584243180138,0,0,0
2.9029401429863384,0.022022366420645766,43.25663984100737,0.15402307989000122,-54.62620530956971,-0.11359161140619278,0,0,0
2.923189330179298,0.018651424836762943,43.503602757580836,0.17265348383689344,-54.825964211513025,-0.1333741522511474,0,0,0
2.9344955499721834,0.014556000965954751,43.75683000512248,0.1862399223226845,-55.0386199992916,-0.15001785752364755,0,0,0
2.937500701336944,0.009958987877077163,43.99260696560543,0.19736998295880143,-55.24267892356593,-0.16525016980777424,0,0,0
2.9341240685098455,0.005107791840833898,44.19769596459119,0.20762806268674866,-55.42583125002801,-0.17987071256333992,0,0,0
2.9266469282349306,0.000317581666838862,44.37505984429902,0.21732214808558298,-55.590073191970276,-0.19361805608990892,0,0,0
2.9168065434798365,-0.00401446824152174,44.542721458262776,0.22563034134782356,-55.75057111186709,-0.20536271981911797,0,0,0
2.9053807326872203,-0.007450114241828487,44.726147120908394,0.23092748169132166,-55.92877993839477,-0.21341213660245728,0,0,0
2.892431935822273,-0.009586399316430062,44.947170946981686,0.23107794640162638,-56.142597416919386,-0.21575406745426165,0,0,0
2.877993723243023,-0.01012058666262874,45.21357365989451,0.22366677796433976,-56.39721279795748,-0.21023530895442946,0,0,0
2.862795460571121,-0.008869072639988929,45.512943254485606,0.20629399336648077,-56.67983250776089,-0.19480107367699873,0,0,0
2.848688187761013,-0.005742511558904084,45.81287757449405,0.17704524588848472,-56.9600855775376,-0.1678980875941619,0,0,0
2.838631556807883,-0.0007098511944150232,46.067609469138745,0.13510986010950887,-57.196160673834214,-0.12901120004528083,0,0,0
2.8362948347106567,0.0062126189985946215,46.22927474524883,0.08136852006803111,-57.34503201311023,-0.07917261391218347,0,0,0
2.8454333421099562,0.014934265932120638,46.260635898256,0.01871743318448864,-57.373841986798,-0.021236600937953654,0,0,0
2.8692218126458897,0.02524168776198934,46.145512303183864,-0.04803886805949844,-57.269054067911895,0.04023263484840811,0,0,0
2.9097080315356862,0.03675724702270742,45.893820059357864,-0.11275386475691676,-57.0406831123199,0.09949452735511954,0,0,0
2.9675069226731665,0.04892308802549934,45.539832321588705,-0.16886378902597698,-56.7205060775166,0.15050654954228831,0,0,0
3.0417745951434796,0.06101379093469035,45.13434527882657,-0.21050714701448214,-56.35496342629892,0.1879867443815982,0,0,0
3.1304106008629162,0.07217531091146298,44.73318497929952,-0.2336445560026874,-55.9948864494734,0.20845970343150383,0,0,0
3.230367930798195,0.08149273689121657,44.38540460691644,-0.2369248639961256,-55.6848872342097,0.21101779235167442,0,0,0
3.3379190680160065,0.08809149273191537,44.12423968423428,-0.22200047516785446,-55.455020082114714,0.1975127287549725,0,0,0
3.4487694661547863,0.09126339360928597,43.96253799899392,-0.19309646191339597,-55.31629323001823,0.17202947836851196,0,0,0
3.5580479438252866,0.0905854873414654,43.892829185221956,-0.15590310826366363,-55.26043497879519,0.1397710631329801,0,0,0
3.660360711022122,0.08598693858324538,43.89138725829474,-0.11613994298559191,-55.263664063281254,0.10573211908062774,0,0,0
3.7501367399650434,0.07773527431433677,43.92550755150532,-0.07826741261482653,-55.29392678036217,0.0736072580983688,0,0,0
3.822341967628546,0.06635424955617139,43.962855440223905,-0.044747099516854405,-55.32038832863478,0.04525373621082451,0,0,0
3.8733617960878206,0.05252315453317635,43.98080123895207,-0.01601772383205855,-55.3227954461868,0.020790735416355233,0,0,0
3.9016439809759333,0.03700965011538386,43.97294584897065,0.008938393290250701,-55.297642235492646,-0.0008297629936521389,0,0,0
3.907763344006284,0.020649144375400396,43.95051085315126,0.03177934006025396,-55.25881386848971,-0.0210995070338555,0,0,0
3.893910426359909,0.00433420104787956,43.937933611747894,0.05409591489759578,-55.23234987210145,-0.041372220047497875,0,0,0
3.86315061334777,-0.011036427727556485,43.9640624459137,0.07698785421764284,-55.24711272795116,-0.06253718525383363,0,0,0
3.818865967308625,-0.024661355011971864,44.05192193189643,0.10087668914198673,-55.32459085995475,-0.084878275388985,0,0,0
3.7645393875792905,-0.03594995913503709,44.210622585824495,0.12542124541993757,-55.471430049133744,-0.10800250018676252,0,0,0
3.7037027215009175,-0.044583239843920805,44.4323464072707,0.14947727268423705,-55.67738626375623,-0.1308037875419501,0,0,0
3.6397724626894785,-0.05049230552872217,44.69538609368175,0.17116049152902235,-55.91929863290051,-0.15152258627262255,0,0,0
3.5757284175088273,-0.0537805649714727,44.97162233164377,0.18810875807201058,-56.16917108252463,-0.16798269610454497,0,0,0
3.5138622047374497,-0.054649663801627925,45.235013693151444,0.19796887749245967,-56.40282044805443,-0.1780263560882446,0,0,0
3.4558115825367253,-0.05337523090716445,45.467718575813024,0.19901603855652467,-56.60568011091215,-0.1800697735697952,0,0,0
3.4028402887190623,-0.05032691198442052,45.66211576844148,0.1907184583950084,-56.774039731215936,-0.17361392498139877,0,0,0
3.356104776645182,-0.045979181541171955,45.819021192468,0.17403116864217621,-56.9121768331469,-0.15951125936988717,0,0,0
3.3166539753314908,-0.040860611130150916,45.943751220838294,0.15127192050771326,-57.02737628883361,-0.13984397059755338,0,0,0
3.2851136582369804,-0.03544528714042485,46.04208231746168,0.12559342251174996,-57.125288595652705,-0.11741786275511856,0,0,0
3.2612702677350853,-0.030050274783685892,46.11780716977458,0.1002362266015723,-57.20756929894773,-0.09504730627157301,0,0,0
3.243910906089198,-0.024810700852182777,46.17265809369246,0.07781437133363056,-57.272498857455105,-0.07488919973121426,0,0,0
3.2311663513879694,-0.01975303796536565,46.20810529875888,0.05982537093532869,-57.31773833887604,-0.0580297709958046,0,0,0
3.221275546104579,-0.014917206079915956,46.22755655676127,0.046468373303636665,-57.34334971007581,-0.04440457194381224,0,0,0
3.2133594569005908,-0.010439227907805559,46.23737595916717,0.036781068006845885,-57.35329351077016,-0.03303376602405024,0,0,0
3.2077045740148975,-0.006531169730916986,46.24586228914933,0.029058011995803667,-57.35457210822429,-0.022492619115419644,0,0,0
3.205309909065406,-0.0033719662081651337,46.26036947779477,0.02143924914230979,-57.35433744117398,-0.011470096938327855,0,0,0
3.2069327158460226,-0.0009915037871678577,46.28370492550437,0.01247528576091952,-57.356222552585024,0.0007828752198037137,0,0,0
3.212261696253435,0.0007653219678800838,46.31156190090675,0.0014690700253282784,-57.35771394907411,0.014276446648494812,0,0,0
3.2198019609278106,0.0021663198547756226,46.332662437419714,-0.011487792226802185,-57.3502147868069,0.028398568099848375,0,0,0
3.227550605653434,0.0034548454024672993,46.33219966119768,-0.025699846365276356,-57.32227026833101,0.04219473309151169,0,0,0
3.2339958682175194,0.00472885188978438,46.29741095130166,-0.04009610306687535,-57.26467010525707,0.054619082582175335,0,0,0
3.23881957106677,0.005904468214488645,46.22279599901216,-0.05336333867236931,-57.17497387239109,0.06463200375544602,0,0,0
3.242938744652335,0.006779859043771807,46.11267863449325,-0.0639707389097282,-57.05936402907733,0.07116152833428088,0,0,0
3.2479079109252638,0.007153654823413546,45.980377495514404,-0.07019753016255378,-56.93134617985504,0.07306891648684086,0,0,0
3.2549930929127413,0.0069218145406111375,45.844901258480576,-0.070323096347866,-56.808381282402536,0.06927966461192056,0,0,0
3.2643545912102923,0.006099839161663567,45.726736091071075,-0.06306275771310936,-56.70801740361952,0.059138046717791326,0,0,0
3.2747313062837407,0.004777447422956982,45.643997536407085,-0.04816358497047872,-56.644607269242215,0.042882593602971045,0,0,0
3.2837982444875706,0.0030641628485213344,45.609586599281215,-0.026928916576258642,-56.6270247842057,0.02203192139909902,0,0,0
3.289020106333922,0.0010845230208502699,45.629431473941054,-0.002424121068119689,-56.657418140687696,-0.0005164882619197897,0,0,0
3.2885489972700697,-0.0009713093753148883,45.701572084066584,0.02077365831071063,-56.7308898011531,-0.02076047548422082,0,0,0
3.281770342447089,-0.002794789160708433,45.81577510159687,0.037274937904334136,-56.83584416922736,-0.034201814444398335,0,0,0
3.2694611995519836,-0.003967596697557951,45.95350683324958,0.04190472391271385,-56.9546546584001,-0.03667074866765176,0,0,0
3.2537839748608377,-0.004050223364467342,46.08843742381205,0.030837813715214678,-57.06452891169653,-0.02519725459493429,0,0,0
3.238194817172115,-0.0027132629182645474,46.18811407862151,0.002538425869556704,-57.13895093469725,0.001288041992165745,0,0,0
3.227045201305657,0.00014915741725189945,46.21765063752392,-0.04181609739401608,-57.15039942684652,0.041655175108149936,0,0,0
3.2246786242347127,0.004366598247166564,46.14578333019821,-0.09861993317715304,-57.07472489029604,0.09282261908129782,0,0,0
3.2342290726390672,0.009502473053576922,45.95237567355923,-0.1627511836874163,-56.89657981519156,0.15048585614539434,0,0,0
3.256665615304925,0.014895861708015445,45.63497085797678,-0.22874488772010865,-56.614144364284044,0.21003326770875788,0,0,0
3.290511680506441,0.019704916049738584,45.21127050000089,-0.2917563160301967,-56.2408663896062,0.2672771130236157,0,0,0
3.3322149797417353,0.022958882883165187,44.71537275229505,-0.3480098953205328,-55.80266361034012,0.31876484965548,0,0,0
3.3767950729828584,0.023660383740164548,44.18826326472271,-0.3947554776862859,-55.330985607773414,0.3617042547526836,0,0,0
3.418419816632138,0.020965656916158083,43.66605795604849,-0.4300405978439613,-54.85432198131252,0.3937838269621722,0,0,0
3.4508331353582236,0.014405251472265946,43.170874263510086,-0.45268994676262936,-54.39175778146037,0.4132542755381422,0,0,0
3.4677836460037668,0.004045628119293099,42.70801512541618,-0.46269121555459947,-53.95130243814245,0.4194635373029797,0,0,0
3.4636490387073025,-0.009501992103652412,42.27009586066106,-0.4618070494541797,-53.53335687931968,0.4136592464013063,0,0,0
3.4343351933962936,-0.025236789688987925,41.8453773517586,-0.45393463726272215,-53.13688662067432,0.39954586926686486,0,0,0
3.3782815873617267,-0.04200373454479234,41.42547620593294,-0.4447782981531475,-52.764037059810136,0.3830928247121079,0,0,0
3.297121896497856,-0.0586950674918441,41.00805870243079,-0.4407573801210646,-52.41950899125425,0.3714474994165869,0,0,0
3.195491759469917,-0.07435254722558966,40.593200005459096,-0.4474525030874787,-52.104273925593134,0.37124145972067596,0,0,0
3.079847082851856,-0.08817869161829464,40.17602637966783,-0.468078271726057,-51.80720491767147,0.3868379862983261,0,0,0
2.956757727534935,-0.09950666643187134,39.74048028319123,-0.5024547069265963,-51.500057360652335,0.4190936415935994,0,0,0
2.831469141713697,-0.1077777240271331,39.258484154837845,-0.546795868905096,-51.139846987146655,0.46502778224750896,0,0,0
2.707307663102327,-0.11255297380589582,38.6963492326353,-0.5943967459474407,-50.67934318425361,0.5184832621233312,0,0,0
2.5859967298208204,-0.11355954380993297,38.02723240815561,-0.6370688994760627,-50.08292257515919,0.5715643697237169,0,0,0
2.468582374388589,-0.1107509228837145,37.245548791395095,-0.6670274073385514,-49.34242046338369,0.6164818932393359,0,0,0
2.3565579531249625,-0.10436222484435972,36.37741866270764,-0.6788410934574415,-48.48660879819923,0.6474001562159458,0,0,0
2.2527518493027685,-0.09495845217039686,35.48150874645853,-0.6709706427510185,-47.579204438576824,0.6618664422311582,0,0,0
2.1615264583985265,-0.08347116891141297,34.63736970767016,-0.646385128267724,-46.70386529401708,0.6614042878761808,0,0,0
2.0879825306327717,-0.07118331705855355,33.92292593207358,-0.6118763055525449,-45.939454993199774,0.6509605655679536,0,0,0
2.0362248344082587,-0.0596033747694122,33.38761544509342,-0.5760097254987671,-45.33320335551201,0.6371563578779103,0,0,0
2.0071732058309664,-0.050218751522406534,33.03077385568105,-0.5461194155447799,-44.88139293834075,0.6256784590787163,0,0,0
1.9967574525995673,-0.0442035983060407,32.794632872160605,-0.5252771410714075,-44.52580410838485,0.6185978296596716,0,0,0
1.9954744925167915,-0.04219329961041325,32.57758617710985,-0.5104660922705506,-44.169737528574075,0.6126876619590348,0,0,0
1.9899629821266984,-0.04419053311777503,32.26713515316794,-0.49286856683494307,-43.711358996380085,0.5995818861673768,0,0,0
1.9663948591645237,-0.04958841714884841,31.784354635947295,-0.4602317137153875,-43.08563587259653,0.5678162489246347,0,0,0
1.9145219700645555,-0.057257450806997665,31.124647251993565,-0.4003151026402378,-42.30063050160251,0.5059386128173969,0,0,0
1.830818853198636,-0.06566407779778131,30.376847823753025,-0.3041278290027776,-41.452327818986475,0.4055713527207672,0,0,0
1.7196211272207762,-0.07303793186407007,29.70868403932073,-0.16811596582082872,-40.70804643234331,0.26364950141035026,0,0,0
1.5920983591442877,-0.07763239145241556,29.320608794919707,0.0048123076143753,-40.26129250395343,0.0836353421584306,0,0,0
1.463650326338282,-0.07808761063221396,29.38446441869104,0.20506690153358137,-40.27381722733804,-0.12411978201984084,0,0,0
1.3505324278531532,-0.07381209424712694,29.98949556565327,0.4166427309633519,-40.82567941113308,-0.34271446101955405,0,0,0
1.2663781339588667,-0.0652214267324382,31.113473213952318,0.6180019939095132,-41.889309094281344,-0.5498896888132208,0,0,0
1.219150577992636,-0.053694410893302805,32.6257092532536,0.7841225820412376,-43.33338410698977,-0.7204726928762029,0,0,0
1.2090868758045588,-0.041230893732783616,34.317804168503756,0.8901288895776901,-44.95255681657849,-0.8302494948606665,0,0,0
1.2282739166932544,-0.029936047974067036,35.950781945580815,0.9161193999371307,-46.51278048279207,-0.8607064350462735,0,0,0
1.2623077027401735,-0.021517756097598807,37.3046671910887,0.8518961398097247,-47.79952738973472,-0.8033405929839063,0,0,0
1.293874744265608,-0.01693948223127677,38.2180736441654,0.7000139098519866,-48.657054747748504,-0.6621191803487989,0,0,0
1.30731218989294,-0.01627181908023374,38.60997293509763,0.4760859481939434,-49.010541380949974,-0.45326301935761537,0,0,0
1.2927378794036173,-0.018712397341073484,38.48180279429101,0.2061891368083053,-48.86835685441616,-0.2023934026808007,0,0,0
1.248472765362294,-0.02273905449924598,37.903425816788285,-0.07798350074498614,-48.307223157177106,0.060240475021601014,0,0,0
1.1811376055403855,-0.0263939571949507,36.98963466417314,-0.3450484052914561,-47.44687121462107,0.3053475172931087,0,0,0
1.1036599431565293,-0.027694596317108734,35.87433269589175,-0.5694763805242331,-46.4219392878575,0.5096808745933373,0,0,0
1.032026604581901,-0.025105889688802563,34.68760062133666,-0.7353136468008244,-45.357318133797776,0.6593192903420373,0,0,0
0.981696330812099,-0.017942462294095664,33.537969161053894,-0.8371281505901293,-44.35015206636248,0.7502726728730181,0,0,0
0.9643343447437474,-0.006566944876294656,32.500297892666254,-0.8781727080115133,-43.45930530986098,0.7864248770394425,1,0,0
0.9853617395690861,0.007686826085185316,31.609903385846366,-0.8667350466856192,-42.70271864380135,0.7757784725111065,1,0,0
1.0428158473775824,0.02284642272042845,30.864937176157156,-0.8121472116520551,-42.06386184432813,0.7264741554411784,1,0,0
1.1278875669519834,0.03678974554423462,30.238691429196336,-0.7217658752484368,-41.50781465221979,0.6439118254988386,1,0,0
1.2270684306406707,0.04774516845145911,29.70007571417588,-0.5996298739559137,-41.00410808402174,0.5296972875009033,1,0,0
1.3253410262141472,0.05466086812888875,29.236075349932094,-0.44682498421841216,-40.54943843206604,0.38243936768332676,1,0,0
1.40960183274467,0.057348636933488704,28.868162547652588,-0.2630958993781206,-40.182129660209284,0.19988456880185765,1,0,0
1.4715573985988755,0.056374704710282234,28.656673943407384,-0.049003244654801395,-39.98282103286911,-0.01842570791062883,1,0,0
1.5094782890964922,0.052736242323091174,28.69130188177752,0.19213664886288484,-40.06034525878874,-0.26889952319043003,1,0,0
1.5283050121009865,0.04742558770959846,29.069719318869772,0.45326359972943353,-40.525758389529216,-0.542941433877067,1,0,0
1.5378207140786344,0.04103721932681168,29.869338898885047,0.7241644803201268,-41.4604596218424,-0.8280250585479223,1,0,0
1.5491087866719084,0.03357870925591726,31.11987093929835,0.9939606718439506,-42.886975722907636,-1.1110540951988583,1,0,0
1.5701782706084941,0.024570193173545363,32.786303664786004,1.255197054869703,-44.75285707623243,-1.3834796528592306,1,0,0
1.602143444047968,0.0133761243162283,34.77132742649067,1.5084662612135673,-46.93722899099046,-1.6467433433976566,1,0,0
1.6374406239087875,-0.0004047333431913103,36.94172051737715,1.7659317266060781,-49.28435866950096,-1.91606406482056,1,0,0
1.6611281187733198,-0.016670748438762928,39.1756820683716,2.0520537629063256,-51.65997938405462,-2.2207170824444686,1,0,0
1.6553037644801236,-0.03474328429001901,41.420133096349616,2.40034866002573,-54.01692618880159,-2.59975369295953,1,0,0
1.6053186417611585,-0.05343416696152303,43.74133655554306,2.8460357247307826,-56.45025446684568,-3.093335285993797,1,0,0
1.505430955664579,-0.07115143243311195,46.3506191478383,3.4158222601613857,-59.22098590699434,-3.7312770949427034,1,0,0
1.3615975277133572,-0.08598575023695076,49.59025694793303,4.117531017362452,-62.732929213973904,-4.52174364448085,1,0,0
1.1903878711784444,-0.09581264264890735,53.87282549914235,4.9330929440599105,-67.4579965514377,-5.44374096980674,1,0,0
1.014767117056678,-0.09850527798559057,59.58022818660618,5.817782721432749,-73.8203285828456,-6.446364757686086,1,0,0
0.8586639462773746,-0.09231562115142111,66.94452626639986,6.706252254558706,-82.06562802565946,-7.4554405771192735,1,0,0
0.7422859416784604,-0.0763546684676939,75.9466376001152,7.522929535412561,-92.15466543579896,-8.385138663736953,1,0,0
0.6793141974197141,-0.05097833207573359,86.27264995797626,8.192652531214383,-103.72176836756836,-9.150262245382246,1,0,0
0.6760753389174141,-0.017876292839856943,97.3535092826991,8.648435923937177,-116.12362696091549,-9.675714147158667,1,0,0
0.7321475529659125,0.020205471712134226,108.48265564193667,8.836315973408395,-128.57133195999432,-9.902607850325666,1,0,0
0.8417719570842195,0.059992536675112264,118.97063190966867,8.719680869654564,-140.3016411042152,-9.793107476038108,1,0,0
0.9956476349072432,0.09824246574401344,128.27714445998214,8.285237777078635,-150.7236083608168,-9.336143633475126,1,0,0
1.1828345993147877,0.132164973707971,136.0746161873048,7.550058976222379,-159.49007068556057,-8.553710513383123,1,0,0
1.3924425882997866,0.1596606191829423,142.2359852332263,6.56619122706883,-166.48407505469436,-7.504545641581484,1,0,0
1.6146924838078007,0.179435567123393,146.77703688315182,5.418388916556282,-171.75140334322668,-6.280935804295092,1,0,0
1.841088603717509,0.1910503842632963,149.7969040371862,4.212587210585258,-175.42706436041072,-4.996288090431397,1,0,0
2.0639356787581704,0.194899317286351,151.447227362339,3.0569393338297575,-177.6917705696302,-3.7652747623938922,1,0,0
2.275920389249137,0.19207582120078684,151.93456222866456,2.0413010036438095,-178.7672247833832,-2.682522363672973,1,0,0
2.4704310101513443,0.18410684456925708,151.5373984482619,1.2223259155426944,-178.9329850038664,-1.8072200268036511,1,0,0
2.6426513955988753,0.17261466066587303,150.60852774778925,0.6188414421771199,-178.5342128643083,-1.1585165836312172,1,0,0
2.7907651299477294,0.15903129442676942,149.54002524796624,0.21757100494142492,-177.95438872815413,-0.7217933028046275,1,0,0
2.9164058469151115,0.14448510998562938,148.69015449642023,-0.014628493605914627,-177.54883199754653,-0.46177991385799827,1,0,0
3.0239030450073585,0.1298867240015639,148.29787534273174,-0.11742117222349294,-177.56227095359708,-0.33679910539930236,1,0,0
3.118589194958517,0.11611992723179014,148.4243996549975,-0.1271954721051543,-178.06924089100653,-0.309215566381431,1,0,0
3.205005428075495,0.10418289300355923,148.95274693256607,-0.07303458471221233,-178.96933637127296,-0.3497192580701835,1,0,0
3.2859397035738027,0.09516824393583363,149.65061910112706,0.022464518290928482,-180.0448634989907,-0.4363339227851327,1,0,0
3.3628029187738093,0.09007708380088104,150.27301564010406,0.140668230451638,-181.05976162362322,-0.5513919883371443,1,0,0
3.4371196615670385,0.08955382616631198,150.66260750761302,0.2656951337478404,-181.8593804471975,-0.6796970267235395,1,0,0
3.5122599401869365,0.09365859856721954,150.8070526011398,0.38531645474973286,-182.43017758456824,-0.8089218611091781,1,0,0
3.5943338349572116,0.10176743970794888,150.83317293069854,0.4924775274837259,-182.89755209215963,-0.9309408712787217,0,0,0
3.69153596795654,0.11264019373762864,150.94670755248262,0.5853735047689043,-183.46830861152557,-1.0420823381831155,0,0,0
3.8119441085782313,0.12464538215045877,151.34710583389864,0.6652263701026584,-184.34580226478192,-1.1413456801952464,0,0,0
3.960489030679554,0.13608227118571675,152.15103989022907,0.7327214744921946,-185.65148956468886,-1.2273395024540832,0,0,0
4.136263592038006,0.14550383325663746,153.34917492983476,0.7851832455974204,-187.37864960379375,-1.2958301421788576,0,0,0
4.331407365451781,0.1519506159157487,154.8064819802551,0.8163154735575346,-189.39015975310411,-1.3396457474865031,0,0,0
4.53239352507839,0.15505687213041314,156.30288280215365,0.8188755026554759,-191.45832030094317,-1.3513404189899803,0,0,0
4.723625630630977,0.15504422479165497,157.600230385026,0.7889391181157009,-193.33315664816405,-1.3273523034774428,0,0,0
4.892157994133413,0.1588926785883176,158.51443996358722,0.8321103221934436,-194.81768186898609,-1.377336597946453,0,0,0
5.0317660993444235,0.16018614814919196,158.97020733671513,0.8356323554263199,-195.82663505943327,-1.3862927602013926,0,0,0
5.144902556261343,0.15795923197644055,159.0219279572533,0.7838462576864101,-196.41095628205943,-1.3375974346437505,0,0,0
5.24197821587309,0.15176180840355138,158.83609873363963,0.6716027922307527,-196.7418316463,-1.2252786488659808,0,0,0
