Pitch_Normalized,Delta_Pitch_Smoothed,Roll_Normalized,Delta_Roll_Smoothed,Yaw_Normalized,Delta_Yaw_Smoothed,Label1_Move,Label2_Bend,Label4_Speed
0.1747586353306474,-0.027448596956091365,-3.2777592509920623,0.8577423241174472,1.082518500088483,-0.5050148879458248,0,0,0
0.12031515669657722,-0.02684890854749966,-1.3314643087978197,0.6278101454012889,-0.4956351321245336,-0.23576459854657372,0,0,0
0.07946292203352812,-0.029392349971191476,0.16978427222758796,0.44618174067466043,-1.59357793948152,-0.02144039352823159,0,0,0
0.05444415033507255,-0.03405893384174341,0.9705737275817796,0.3654715510224591,-1.932257623858277,0.08347562081366178,0,0,0
0.03751565055019057,-0.03777308879106695,1.0109523695951736,0.4048035202881313,-1.4425559396406413,0.05936859093536542,0,0,0
0.013665184045649426,-0.03610205206623931,0.4891016214156707,0.538957229744247,-0.3320690911909594,-0.0668536304376488,0,0,0
-0.030987814467692942,-0.026979946438920877,-0.1544870662694393,0.7651758562628004,0.9324357453908618,-0.2408558295586559,0,0,0
-0.09771283540329989,0.0054629610077697064,-0.35398684281238957,0.724016759923171,1.7503234665977772,-0.1808845624647617,1,0,1
-0.16519916378895516,0.058691799879959206,0.36547243160111975,0.4702861710199528,1.6168358185067717,0.09963209112461158,1,0,1
-0.1862618853317457,0.13217691274753635,2.1118130464504077,-0.17272911899131885,0.4139821957119949,0.7835162538679767,1,0,1
-0.09504082905856137,0.22088067693088648,4.3739993116359415,-1.355690343060283,-1.326039795498076,2.026347105842781,1,0,1
0.17494476677427429,0.31597705108773794,5.908703290433891,-3.145018333809335,-2.3044807567721506,3.8956461542546235,1,0,1
0.6663809208331202,0.40676188064440594,4.872645982427116,-5.484059459886957,-0.5972570282354042,6.330028675568904,1,0,1
1.376213277810436,0.48289781529251313,-0.7567174623314088,-8.193711364805354,5.902904914821491,9.139396711091127,1,0,1
2.2463224198590552,0.5358946120003723,-12.545951061007656,-11.014029392301055,18.82091511878717,12.048156478522406,1,0,1
3.173435694923029,0.5593231249169193,-30.961081716677683,-13.66611826200392,38.62439245135528,14.760389963707734,1,0,1
4.0366309919763665,0.548370723429359,-54.99508166513901,-15.904613437089267,64.2327225010799,17.016176503726644,1,0,1
4.7312653175218315,0.4999898369596451,-82.29110049086593,-17.542337219787672,93.14429057750904,18.619330069937348,1,0,1
5.193746956214767,0.4143753325903276,-109.77482149140943,-18.449921049506433,122.09840060373084,19.43847315200309,1,0,1
5.406969363837447,0.2971965303952956,-134.5493695735888,-18.54732774796907,148.01788183278933,19.398361292708763,1,0,1
5.388666405235028,0.16099057795976535,-154.67213505925673,-17.802281758440078,168.83572524176833,18.477167148192876,1,0,1
5.1748431363707255,0.02418256701222816,-169.51466890744283,-16.236237093317158,183.88881994260134,16.711177943098157,1,0,1
4.810134246736396,-0.09269688127394601,-179.6265645126372,-13.924837232525798,193.7874744917955,14.194179638645869,1,0,1
4.348178581763392,-0.1725007637169142,-186.22999494202213,-10.981239943873621,199.8865178419091,11.059550435611094,1,0,1
3.8562281994567087,-0.2064769926502393,-190.56876864540843,-7.529119312730652,203.59258660071595,7.45128036286814,1,0,1
3.4152613650453105,-0.19666263052606467,-193.32345264984926,-3.690063046246453,205.73617188233683,3.5084388226394507,1,0,1
3.1096621792369064,-0.15471884241652561,-194.24345399039697,0.39513313977897724,206.1745188875386,-0.6168658314652987,1,0,1
3.0062576803526895,-0.0978583104226601,-192.10349992960215,4.522106346610258,203.73979493361998,-4.717780528554312,1,0,1
3.128977029712374,-0.04363410337210212,-185.06601461871594,8.39595031813083,196.61120423241223,-8.506618991198195,1,0,1
3.4403430585768007,-0.00559061718421674,-171.45000003605332,11.659809274266374,183.10227005918384,-11.64205174730323,1,0,1
3.8414779810697723,0.008879345539502027,-150.72080366146696,13.97856164304718,162.66706692711534,-13.809425753623762,1,0,1
4.196260032144124,-0.0016185583795390811,-124.29360544134025,15.133913261788033,136.71101465705823,-14.811627290019786,1,0,1
4.373793213015375,-0.03387425724807969,-95.66706133132891,15.07936633718847,108.72128457981356,-14.620358271448492,1,0,1
4.292272409921225,-0.08139720196476219,-69.6319021993584,13.936795297208812,83.4660003688768,-13.37068332677479,1,0,1
3.945021654851729,-0.13506772903837289,-50.78315221493662,11.95664557347732,65.49832906447833,-11.321273444392327,1,0,1
3.3990757812499197,-0.1834848655927189,-41.984320031968934,9.475738991925798,57.61989898213898,-8.81388597956879,1,0,1
2.7709196067561095,-0.21389096613778805,-43.449790618512296,6.8867676140441345,59.97093617305367,-6.245051275547473,1,0,1
2.1922856607050676,-0.21432854221148148,-52.73554695751403,4.60470048167586,70.03296166587208,-4.033899181230214,1,0,1
1.778299739328645,-0.17682363344803634,-65.49955888394274,3.0041138900659163,83.39846978848897,-2.559312130427435,1,0,1
1.6054944026496116,-0.10038961927067333,-76.69261011679535,2.32148979658331,94.96341026349594,-2.0605389735975543,1,0,1
1.702568319691892,0.007681758672705996,-81.85312752102561,2.5569295752408863,100.21655417164061,-2.5366336258449422,1,0,1
2.0529746100293096,0.13302743054981078,-78.24660062458165,3.4356098549520455,96.37202284475609,-3.706235472343576,1,0,1
2.605556878535012,0.25747563998512535,-65.62592243066975,4.470309990585129,83.12816327553921,-5.069862985014636,1,0,1
3.2883762172144912,0.3631487317795248,-46.41700423352529,5.111903461333265,62.86061063290126,-6.061742478176764,1,0,1
4.021839241578789,0.4361190102924269,-25.213856462527758,4.927273556164212,40.131992806028904,-6.230048018259564,1,0,1
4.729350086748028,0.4686428113740121,-7.628221482448481,3.7345504502448135,20.557544258703217,-5.374514435781355,1,0,1
5.345676006607363,0.4595178983312209,1.2533092873389933,1.6501803367410204,9.272306322907312,-3.5952242330898843,1,0,1
5.823772978500315,0.4127976861639809,-1.6165123441813876,-0.9592016769767355,9.41553688410444,-1.2454715634065578,1,0,1
6.139489842252914,0.33570270334107166,-16.226823322300618,-3.5922359385180087,21.097989605893332,1.1829327724174548,1,0,1
6.291922516389732,0.23675574276300893,-39.347105614347214,-5.7487450861109135,41.2182659056824,3.1944456504770606,1,0,1
6.297747303004101,0.12482435962917862,-65.35132415361541,-7.041584500415344,64.26431184074177,4.4000903306503005,1,0,1
6.180951471669118,0.009076215441977809,-87.838617394349,-7.25947327111462,83.91730721069051,4.5789750116908605,1,0,1
5.962583911945728,-0.10076126021117489,-101.54828181584983,-6.381611201667529,94.95749099971376,3.6929701585025,1,0,1
5.6559336448445805,-0.19458566788594284,-103.90445509463443,-4.562826837760072,94.80506713767187,1.8741433005514865,1,0,1
5.270082837870575,-0.26289456168941283,-95.6297014666812,-2.105509503291489,84.13289611253191,-0.5990100714642764,1,0,1
4.820112241167806,-0.29833970473514454,-80.22295419359469,0.585287948277589,66.34729437561182,-3.341618406558588,1,0,1
4.338063404495614,-0.29734152591304336,-62.5628027293363,3.079975435495193,46.20200790793231,-5.937134921579816,1,0,1
3.877916299640887,-0.2612099025630442,-47.24478072178211,5.036184252250135,28.156969889619305,-8.048310164298325,1,0,1
3.5105442253587853,-0.1963426239230756,-37.28191835521551,6.3094257418923805,15.107888891250568,-9.529374307103224,1,0,1
3.308525469038287,-0.11335359048702003,-33.494226131571324,7.006734497078419,7.80208184009652,-10.481933624865297,1,0,1
3.3243320438736674,-0.025345920051341862,-34.55156979866348,7.442555520924854,4.892962624943607,-11.21219858136545,1,0,1
3.568852446038676,0.054209489742045494,-37.47677487184765,8.002091548183191,3.4342055677072665,-12.094221597272702,1,0,1
3.999157672714972,0.1134868129237347,-38.45402439692603,8.968836975727838,-0.33625207131848356,-13.39671704071003,1,0,1
4.52239773997438,0.14379471840102412,-33.83711012385024,10.398248930446572,-10.014269110981104,-15.156875530731009,1,0,1
5.016623637357156,0.14032039257747897,-21.204146257432654,12.096362139140547,-27.989089701122595,-17.16085787739766,1,0,1
5.362207138588261,0.10220734413888692,-0.202038711762782,13.70121359963485,-54.59492159711519,-19.028421079849966,1,0,1
5.472931533732961,0.032301035067925456,27.125567027942083,14.81050142641202,-87.76516249916799,-20.343685646603312,1,0,1
5.315863483651128,-0.06310084679703606,56.73770858268361,15.090602423384643,-123.41178541769077,-20.765751032668952,1,0,1
4.913748151133575,-0.17440755745816433,83.68170303618996,14.336770463068245,-156.50068988272605,-20.08846529022664,1,0,1
4.330598910427156,-0.2890544592961959,103.51790986477718,12.494340815320307,-182.48212895840314,-18.259764382425374,1,0,1
3.647342394552922,-0.39244956825970406,113.55344446545675,9.664570840372097,-198.54389384108956,-15.385404460269365,1,0,1
2.937843978068315,-0.4698906684774002,113.42924936199879,6.10540372528096,-204.22330475898227,-11.728385107249142,1,0,1
2.255082098133329,-0.509267749727114,104.91368023375642,2.216918888235213,-201.2209049735849,-7.694110994287518,1,0,1
1.6318531470124213,-0.5037507531980878,91.10629802935281,-1.5068594350655502,-192.61191293523487,-3.7825344140347794,1,0,1
1.092127954760116,-0.4534438186720166,75.4415621462883,-4.56654899601038,-181.84313430381624,-0.49987324048079246,1,0,1
0.6633004538142586,-0.36533774985795875,60.85199854104681,-6.568882292059868,-171.8787726696066,1.7529386311873225,1,0,1
0.380254036461821,-0.25159070546732065,49.294755910294214,-7.323279197456813,-164.70627244204317,2.7771897332982123,1,0,1
0.2783559516702496,-0.12685296552404565,41.66911423202811,-6.88527158427151,-161.23712955803856,2.6201749222459454,1,0,1
0.3793099644134088,-0.005667634583589631,38.01621307608616,-5.530149332129608,-161.49942228753397,1.5490137101578683,1,0,1
0.6772214118475688,0.09929819522923253,37.8290869441785,-3.6694208020503227,-164.9527426465299,-0.032835319551639944,1,0,1
1.1314353398797152,0.1781262382795788,40.32065249088862,-1.741687899602232,-170.77199650810743,-1.694537206137045,1,0,1
1.6693143228278586,0.22410818449802292,44.576533519283686,-0.1124279701966742,-178.0215555365228,-3.077668369178565,1,0,1
2.1984057522974325,0.23428410899557123,49.612186912460345,0.9913070552786877,-185.73076787200623,-3.9609138191079296,1,0,1
2.6248350993047467,0.21010872018517546,54.41209000884959,1.4997003690868809,-192.94026613075127,-4.278408926522337,1,0,1
2.873390337555904,0.15783477963729808,58.024683150265986,1.4770815740676908,-198.7885063651867,-4.096568556293414,1,0,1
2.904382298794488,0.08806706319412712,59.72771883908007,1.0738143129401068,-202.65545636139225,-3.566213772402011,1,0,1
2.723095126417533,0.014208508034138844,59.20782646308109,0.47368740334408416,-204.31541063312247,-2.87016302269962,1,0,1
2.379443153522004,-0.050005910065266335,56.666117922896916,-0.14791387623357366,-204.02121882326193,-2.181205223630877,1,0,1
1.9576577607863896,-0.09331459300160957,52.78702881676307,-0.6498044161139347,-202.46510785046812,-1.635680142561847,1,0,1
1.55789204378884,-0.10935999682146758,48.567230073579566,-0.9381705431883972,-200.61488037055003,-1.3196639161707595,1,0,1
1.2735204202211037,-0.09807957648607868,45.05752652432946,-0.9730050140977312,-199.47362673510364,-1.2624894686918027,1,0,1
1.1692552221751953,-0.06561014373184407,43.09739475694795,-0.7699847020798899,-199.83360777283158,-1.4358679137200112,1,0,1
1.2652598222813367,-0.02267119882223767,43.114142751321,-0.3951555680224487,-202.0875692976247,-1.7612093653207808,1,0,1
1.531235131090071,0.01812297899544717,45.030384576965616,0.05063630170328963,-206.13690529245886,-2.1276500475120486,1,0,1
1.892594572695117,0.045266742836741966,48.294633009288674,0.4561075656736023,-211.41340105210472,-2.4185091331474835,1,0,1
2.248280861476047,0.050910458919506144,52.02787181828117,0.7259782299593752,-217.01413549859237,-2.5387687350168675,1,0,1
2.4963831381951564,0.03235965219283088,55.2562707828566,0.8010637041773692,-221.92750428633028,-2.434886279484141,1,0,1
2.560672943476476,-0.0077780203222616254,57.17248093992981,0.6665413140396822,-225.29771929838242,-2.1016820767355453,1,0,1
2.4103251891538093,-0.062706613611104,57.34810447349909,0.3484955303813848,-226.65019918194295,-1.5769337048052194,1,0,1
2.0669966329839013,-0.12332377042486087,55.82701237317332,-0.09667441581918865,-226.0025677207187,-0.9288324583652241,1,0,1
1.5971169421494125,-0.18020738058434915,53.06816356610315,-0.5949183814376653,-223.82248952994505,-0.24179071342724684,1,0,1
1.091475018952579,-0.22522413889103632,49.76280789734477,-1.067102233767605,-220.85042854018704,0.3970321529348098,1,0,1
0.6381936861702968,-0.2526332970845118,46.599098055134846,-1.4419212231203118,-217.8569063456769,0.910949052666598,1,0,1
0.29799742684146224,-0.25978114744032155,44.06364041877373,-1.6691158976784322,-215.4252298761111,1.2468604600361743,1,0,1
0.09052076685162547,-0.24744099610963843,42.34544919491202,-1.7302495484248113,-213.83130818637719,1.3858029248886339,1,0,1
-0.0039605274343159635,-0.21969805829128147,41.35684948060512,-1.6425878471126054,-213.04381396924427,1.3466946657151027,1,0,1
-0.02994983264996165,-0.1832204604192725,40.837058551653485,-1.4530081842058222,-212.8180137596643,1.180236756946573,1,0,1
-0.03713853092673958,-0.14587265598053847,40.48132196314549,-1.2228968138279868,-212.82911469802067,0.9537228524595719,1,0,1
-0.064084771942575,-0.11488228770047897,40.04560898925098,-1.0093565301573222,-212.7921699330566,0.7317533478140661,1,0,1
-0.1299839499289135,-0.0950690931882491,39.40113390204726,-0.8500566477600671,-212.53562106356767,0.5599801138546354,1,0,1
-0.23508766204331266,-0.08778834472740585,38.53808172404493,-0.7572459562088142,-212.02012196047932,0.4575439764270982,1,0,1
-0.36725154085280565,-0.09102504336790532,37.533839759064904,-0.7217747274782653,-211.31320001559132,0.4195674304664351,1,0,1
-0.5106291908344929,-0.1005425962474817,36.505532753561624,-0.7233263509999972,-210.53937286753623,0.4265593910093514,1,0,1
-0.6526935050410287,-0.111505374019454,35.56307394117306,-0.7411164334773218,-209.82542873756475,0.4554175990799706,1,0,1
-0.787362680422433,-0.11989758845095651,34.77298963282388,-0.7606587454841331,-209.2558684221062,0.4875607161873404,1,0,1
-0.9142109611133691,-0.1233205845534144,34.13910220582247,-0.7753194810330513,-208.84813966457992,0.512356795549266,1,0,1
-1.0353757951247786,-0.1210912682193694,33.60379504165351,-0.7841573970868779,-208.55241984957078,0.5265815161348485,1,0,1
-1.1521922711212795,-0.11380518579398995,33.07015762837227,-0.7886443197123783,-208.27493870722097,0.5319006062367805,1,0,1
-1.26306065645214,-0.10265473994288925,32.43902153440965,-0.7902360375881272,-207.9165627711832,0.5321616872804839,1,0,1
-1.3631897954630574,-0.08881763089585774,31.64793909171675,-0.7893368842940447,-207.412053108075,0.5312891471310479,1,0,1
-1.4460003442370066,-0.07313829299005477,30.69650775317615,-0.7851068773559036,-206.75430679913083,0.5317479039033003,1,0,1
-1.5053033987927051,-0.05614522549067687,29.64739656194112,-0.7754131790408877,-205.99419395322352,0.5334179383801029,1,0,1
-1.5371765902633854,-0.038280029174562455,28.60317237768035,-0.7568132143950919,-205.2177559947314,0.5331115342746955,1,0,1
-1.5408698139996062,-0.020150767347213615,27.669705098232612,-0.725025172011712,-204.51253726625427,0.5252243951231378,1,0,1
-1.5187456103229806,-0.0026658506640586666,26.921920859264844,-0.6762719664693009,-203.9383893830732,0.5036738088482651,1,0,1
-1.4756632160201377,0.01300641866994141,26.38497041541359,-0.6092016918984114,-203.5139602807789,0.4644898386217733,1,0,1
-1.4181760868704032,0.02562529736575243,26.035662897702593,-0.5264124297011051,-203.22130450682383,0.407831747538529,1,0,1
-1.3536999445934157,0.03413081155048729,25.81990590825515,-0.43458569240200406,-203.0226947559896,0.33836790362370833,1,0,1
-1.2897191630927267,0.03786812745500186,25.67630186971664,-0.3429465683343949,-202.87982468270056,0.2638409666487632,1,0,1
-1.2331256087636433,0.036715203901103166,25.555922172732636,-0.2606981143229916,-202.76715472185728,0.19260900842380124,1,0,1
-1.1897473705794823,0.031088774863556524,25.4323834561651,-0.19457366560879735,-202.67598932374554,0.13134753310511654,0,0,0
-1.1639952832878322,0.021840224165205768,25.30153963792108,-0.14745674978043724,-202.61051491698643,0.0837684967114285,0,0,0
-1.1584953157133668,0.010081196835231765,25.173706694336403,-0.11839000055591953,-202.57934632824376,0.050543986412407094,0,0,0
-1.1737177749885745,-0.003001890921359518,25.062723955002696,-0.10368967878004583,-202.58644718201626,0.03009990438233103,0,0,0
-1.2078578616874154,-0.016287302164985817,24.97618420317687,-0.098576138657711,-202.62491405202204,0.019767410738427315,0,0,0
-1.25726097436808,-0.028783603500424703,24.91040291760922,-0.09871737454199377,-202.6762753136646,0.01685073106781374,0,0,0
-1.3173641185180855,-0.03963551020350735,24.851762892143398,-0.10123567939158704,-202.71586464269976,0.01931965394164763,0,0,0
-1.3837188538070109,-0.048112339863628506,24.783009120454693,-0.10495063073658457,-202.72169571216628,0.025979679233523713,0,0,0
-1.452592184742585,-0.053620179223513274,24.69054048313953,-0.10988772629182506,-202.68215057531629,0.03612873013023545,0,0,0
-1.5209616437678903,-0.055751545481260226,24.5687484273127,-0.11634141911653728,-202.59864741117914,0.048905031759568375,0,0,0
-1.5861024726145558,-0.054352488607739245,24.420026662249228,-0.12396993723176593,-202.48279278432906,0.06270824400113498,0,0,0
-1.6451186819241173,-0.04957281282157879,24.252033330555236,-0.13139721586755115,-202.3507181246512,0.07509210444330847,0,0,0
-1.6946971079484996,-0.04188044046036197,24.074829431418152,-0.13652692347160666,-202.2180590269414,0.08328112982566722,0,0,0
-1.7312332298011768,-0.03204364770397916,23.899309763837323,-0.13734177854921087,-202.09739686442057,0.0850588336228725,0,0,0
-1.7513827477648078,-0.021086289778557442,23.73648483085921,-0.13266282889848924,-201.99783161201069,0.07950484955483147,0,0,0
-1.752989102583868,-0.010203322693989492,23.596430758933707,-0.12241460418533734,-201.92535426923152,0.06715139019210029,0,0,0
-1.7361685231217052,-0.0006169329137776458,23.48649365742733,-0.10731606414144608,-201.88305334444308,0.049512803814570815,0,0,0
-1.7041553308468025,0.006619309237993321,23.409591334962585,-0.08828618782807211,-201.87110737593756,0.028311196781663737,0,0,0
-1.6634550825281593,0.010812280422366882,23.363912194154636,-0.06596388772414344,-201.88710207976797,0.004826418481042083,0,0,0
-1.6229948707077853,0.011734776542317605,23.344602385459325,-0.04059195094833967,-201.92713350925814,-0.020357760366880483,0,0,0
-1.5922718017523323,0.009592882727079654,23.346866020834767,-0.01227803786510151,-201.98766474618336,-0.04717631588418954,0,0,0
-1.578925589544184,0.0048782733382793705,23.369171452274514,0.018521468225137026,-202.06760615683456,-0.07560761178679627,0,0,0
-1.5865743037248308,-0.001808235669834346,23.415190554176718,0.05050816997904235,-202.16979484213098,-0.1051095878541048,0,0,0
-1.6138854643780007,-0.009871408077023603,23.493390254353926,0.08125134220873349,-202.30097446808938,-0.1342065415405557,0,0,0
-1.6554539204940113,-0.018736105972601537,23.613704452208196,0.10730114609991119,-202.46959477085258,-0.16047393884375652,0,0,0
-1.7042063692010743,-0.027790835578205986,23.781645441185077,0.12486453921270027,-202.68143038709948,-0.181115729960419,0,0,0
-1.7542508798200487,-0.03633102034274316,23.991575357217755,0.1310635723159379,-202.93414922298413,-0.19414447244840288,0,0,0
-1.8028694116170385,-0.04356415865293286,24.22210475704992,0.1255367612412158,-203.2131727913431,-0.19986696164642695,0,0,0
-1.8508161422541747,-0.04868845222215299,24.43692365515375,0.11184240430253282,-203.49184146820554,-0.20207081292488738,0,0,0
-1.900903226489845,-0.051002402367632274,24.593247777586328,0.0979110062151051,-203.73829080886233,-0.20815936432910007,0,0,0
-1.9555820051797639,-0.04998228488504566,24.657501743994146,0.09481365126305263,-203.92910947066738,-0.22761046268611268,0,0,0
-2.0145671760735127,-0.04528159546829045,24.624539064686672,0.11349457741792719,-204.06627577329883,-0.26860601337550066,0,0,0
-2.0734588259463607,-0.036638775827461244,24.533614597202046,0.159926061147101,-204.19050297137986,-0.3334921868474282,0,0,0
-2.1239094880543234,-0.023707025731928864,24.472500316504977,0.23026641235504428,-204.38256811138038,-0.41473173854645895,0,0,0
-2.155276769344468,-0.005839861482300535,24.561840964838723,0.30862781400300604,-204.7456993977137,-0.4938183402438085,1,0,1
-2.1570223238839787,0.01811330139749572,24.91659121536435,0.3703292354953419,-205.3674905208545,-0.5456802398913965,1,0,1
-2.120638638094661,0.04990788302357459,25.590835968688765,0.3923864143000884,-206.26907109145841,-0.5498925984525045,1,0,1
-2.039939668936327,0.09174031096279407,26.524768880600362,0.3702852183515574,-207.3604901768077,-0.5074033904818634,1,0,1
-1.90921475707718,0.1456169094098442,27.52320179518381,0.33640224305721633,-208.43002487064362,-0.458021965840976,1,0,1
-1.719770212514888,0.21216466543631468,28.296540132539747,0.37225365068028965,-209.1950932077763,-0.49102158375105776,1,0,1
-1.456503174944018,0.28914591992926403,28.58136588699503,0.6060130788600901,-209.42803545519243,-0.7407281027050828,1,0,1
-1.097164066445572,0.3704008818082215,28.327391248202247,1.1898808759092077,-209.14030967811746,-1.3622462397087134,1,0,1
-0.6172897318479187,0.4461351855256794,27.89763702777421,2.258635499442266,-208.77072262978962,-2.489153497917721,1,0,1
-0.0022628336911765246,0.5050386896915086,28.195036823307873,3.8785744202767916,-209.29278394889096,-4.182596612108284,1,0,1
0.7361824299481725,0.5377360132790429,30.621971753439624,6.001451152891721,-212.15298042476454,-6.386262548699958,1,0,1
1.5469864941982365,0.5401284036688025,36.815399974456426,8.43828254405877,-218.98995291794162,-8.901673082110388,1,0,1
2.3407132171621328,0.514982091960077,48.17719096311143,10.862902816147317,-231.16060607063562,-11.393183541997805,1,0,1
3.0104472279787586,0.4708685624742074,65.31051308336828,12.847526534120949,-249.18645629789054,-13.424641191177884,1,0,1
3.4681453757132488,0.41888759839294776,87.53771332410102,13.926099371003085,-272.2926503576432,-14.523467055029162,1,0,1
3.6815138241731376,0.36879081180716755,112.67936557312746,13.677182045704384,-298.2118240288802,-14.264033557154434,1,0,1
3.6933177446567527,0.3264558833540292,137.2103940484682,11.813890592717973,-323.3598708751705,-12.357906053799914,1,0,1
3.611521558296502,0.29381332753654305,156.80265658941173,8.261926964486372,-343.3867215898963,-8.73190077412294,1,0,1
3.571586252081559,0.27073214068508944,167.15863073780505,3.202796441621126,-354.0053931800812,-3.5709917804843,1,0,1
3.6856452843804988,0.2571199128666265,164.96685728035172,-2.932862765164194,-351.9331195204353,2.6889250270641467,1,0,1
4.0007412634884645,0.2535253441704654,148.76087768061936,-9.516787293071186,-335.7320409627637,9.413154984451145,1,0,1
4.485119769563667,0.2597752283707237,119.43466961932015,-15.797442185039497,-306.308960659171,15.84303684569979,1,0,1
5.048034624013027,0.2726533780925905,80.20515537932269,-20.979312759039015,-266.8705238754786,21.17555148454711,1,0,1
5.581646356645024,0.28437265847422566,35.98188543172634,-24.311672732574316,-222.29720602724908,24.652402417715496,1,0,1
6.003398817417903,0.283276645213833,-7.630159606610846,-25.205369899828845,-178.16110051313174,25.67729317912516,1,0,1
6.279266107880375,0.2570701423341788,-45.29505627726752,-23.376747495394643,-139.78145557188228,23.960495786726465,1,0,1
6.419851525582658,0.19747775613085566,-72.58273354192197,-18.97284134759827,-111.60435602969937,19.644536447101054,1,0,1
6.455248143038759,0.10426458860100496,-86.31407073633146,-12.602509530426644,-96.86269741274134,13.335266332192557,1,0,1
6.404352704219889,-0.01341536583344265,-84.89506826048338,-5.222884750238785,-97.23246138882962,5.987637367273928,1,0,1
6.256346707722287,-0.139236338201016,-68.80061767359472,2.094469487649474,-112.32816165317064,-1.3289399662126073,1,0,1
5.975518824797021,-0.25463294333505077,-40.96753579536333,8.420685469036949,-139.28667649175313,-7.687773361447858,1,0,1
5.527765655573717,-0.3442123783733081,-6.590425684946297,13.140647732383929,-172.95629733724545,-12.474626677482487,1,0,1
4.913880965678601,-0.39925377708078286,27.97630787693484,15.986138943220599,-206.99415020273935,-15.418427111585128,1,0,1
4.189282974634864,-0.41811786690585817,56.92658030822108,16.961511451901796,-235.58660568937515,-16.514548948891,1,0,1
3.4570693840673954,-0.4041851608448283,76.57669508375864,16.24106339928199,-255.03883412761033,-15.921298279680059,1,0,1
2.837142324147294,-0.36309520367036613,86.11142104657176,14.104623265731622,-264.52772234670715,-13.89691863286267,1,0,1
2.427313754774829,-0.30090558459191075,87.278655890284,10.92216775809138,-265.78862714555066,-10.78761896485317,1,0,1
2.274069473980177,-0.22368722209737085,83.30104378268652,7.1476959862028,-262.00818690165136,-7.025613889114885,1,0,1
2.3625010957716057,-0.13793563057937916,77.51556573233651,3.2771051743857385,-256.4454441856302,-3.0905408105737306,1,0,1
2.6253946710186256,-0.05074871087535939,72.24561498372151,-0.23638679497845488,-251.29734798179734,0.573007275897919,1,0,1
2.9664629788779138,0.030823972785243826,68.25414178555047,-3.072801409628511,-247.16286614028482,3.645371413128288,1,0,1
3.290893434600008,0.10099270803657986,64.8865341770817,-5.096694991537618,-243.2124362283943,5.983399469323499,1,0,1
3.5345246598848092,0.1562329564602493,60.747359620792224,-6.348634474407032,-237.89955830847666,7.612646730215661,1,0,1
3.68179586588127,0.19552260004759034,54.56271235843653,-6.986184209091806,-229.85653293039596,8.669350265810559,1,0,1
3.7653091119198336,0.2197638670551882,45.84868098747353,-7.199793420363261,-218.58511999632745,9.31767926250835,1,0,1
3.8470694045130926,0.2306309042318347,35.14447113119559,-7.13311584508678,-204.69372765347217,9.67193666709353,1,0,1
3.989643319377322,0.22915378922691332,23.792311146213677,-6.83573245167617,-189.66215984339405,9.751652647689316,1,0,1
4.22929547445608,0.21451108913754952,13.43920169176846,-6.266857854378339,-175.31468424354577,9.488027128424722,1,0,1
4.560139766323488,0.1836810317260543,5.517631528703902,-5.3478893789500885,-163.26865156054672,8.779537918678079,1,0,1
4.931703713336972,0.13241660665790106,0.9144565328537055,-4.036921032787094,-154.57798131086204,7.569758624924947,1,0,1
5.258000871147047,0.05740340837776188,-0.10318273121123411,-2.3856433874600014,-149.64633966339167,5.907328719210028,1,0,1
5.436004325975503,-0.0412057582157459,2.217955633298317,-0.5482949579134697,-148.33216494414708,3.9567396891265276,1,0,1
5.371334977145352,-0.15799808638903698,7.268465831291337,1.262048149857759,-150.10417912169586,1.9541149384200935,1,0,1
5.005961932460281,-0.28211248988282733,14.193502030565583,2.8477872788518765,-154.1589466811465,0.12952178047747226,1,0,1
4.339343195697452,-0.3987861989410419,21.992247112873514,4.095020777862283,-159.51183280422717,-1.3669198099391509,1,0,1
3.4350118223556336,-0.4919954627152919,29.66152155206089,5.002374788781827,-165.1263307622069,-2.5002175072396824,1,0,1
2.409662455486952,-0.5472384579669367,36.41279264479127,5.656931028656652,-170.12101045919312,-3.331395506608544,1,0,1
1.408170575627807,-0.5537796281100157,41.917074480287226,6.170110417987959,-174.01946643877105,-3.955433934141644,1,0,1
0.5722777769130687,-0.506197615866796,46.46783930732673,6.6046677950057555,-176.93784965993822,-4.427290811430765,1,0,1
0.011749086184053681,-0.40541532509770806,50.93820442067198,6.924935941462846,-179.58015638325887,-4.709487734804782,1,0,1
-0.2143837085223197,-0.25933882036007105,56.466127555355285,6.989395050250721,-182.9602947294771,-4.662293108219944,1,0,1
-0.10179195512465355,-0.08290077457872798,63.91905981317791,6.587671831315942,-187.88650428556352,-4.079952414106384,1,0,1
0.3093588184773921,0.10299991100929873,73.3151437813489,5.509973951201107,-194.37708723600352,-2.760936786703968,1,0,1
0.9518086814832003,0.274128198151287,83.44286144519404,3.6268628679834536,-201.2538240291943,-0.5888829791640205,1,0,1
1.7459549920967419,0.40706633657965197,91.88619761538072,0.9517887955310271,-206.1347638864266,2.4048103957684477,1,0,1
2.606004076568354,0.48403763677027173,95.5382398652203,-2.3380636883553962,-205.92585490327073,6.0218083393520745,1,0,1
3.4396615655799394,0.4968588103361583,91.51253215680234,-5.931492268072878,-197.7303783262328,9.92934575406851,1,0,1
4.149452557140677,0.44842721076527,78.18570316012176,-9.44903675894685,-179.90829623041125,13.72856377441752,1,0,1
4.642941142709589,0.3510457266756816,55.985727262637,-12.514066780705505,-152.88974570225375,17.02692465621896,1,0,1
4.852125453886771,0.22236935765844948,27.557567537118018,-14.80264873975317,-119.36207298973812,19.488102056955988,1,0,1
4.754204394839263,0.08084433181407036,-2.848795125373499,-16.066841465778776,-83.66683718879202,20.854782109945987,1,0,1
4.382480152528046,-0.0575566823412899,-30.57130777629058,-16.146392556182356,-50.600866541388314,20.960234967850447,1,0,1
3.8198160852342085,-0.1805769737330806,-51.82552402570616,-14.987507669545085,-24.10784067381391,19.747655352999065,1,0,1
3.175502258067695,-0.2794242878826253,-64.58362595233764,-12.672838012661234,-6.37280345963444,17.30107820944087,1,0,1
2.5543983102374455,-0.3481827991834933,-68.78221704240705,-9.445449538960464,2.4130572130332553,13.870018651874455,1,0,1
2.030437253155455,-0.383785802767845,-65.92568569660325,-5.69814994000487,3.676494775233749,9.858788666067678,1,0,1
1.6338918282491335,-0.38663099606828694,-58.36254453864852,-1.910407074830448,-0.2538247962421565,5.762671874449677,1,0,1
1.3552096783144236,-0.3611794750924261,-48.54267696649059,1.4554148953400499,-6.897514136002542,2.0628387802610235,1,0,1
1.1611131508746553,-0.3157032789903084,-38.468768126967646,4.059551971294406,-14.189559183509203,-0.8809485531650921,1,0,1
1.0142674262083204,-0.26078109536021543,-29.423931862930687,5.7495341601216,-20.774186329061337,-2.897314158981166,1,0,1
0.8878944341563937,-0.20682993351907725,-21.95286587367798,6.563345092689015,-26.040118444295246,-4.009062354881581,1,0,1
0.7706854016037852,-0.16147583783460534,-16.01715882289008,6.679837821414877,-29.97247873877808,-4.386033398896885,1,0,1
0.6627832953311241,-0.12770660151842037,-11.230004312762105,6.343777523699766,-32.91732620546483,-4.271519711293038,1,0,1
0.5676913044655407,-0.10352547670969443,-7.088284351121644,5.794488062484585,-35.3459450494461,-3.9105200929483885,1,0,1
0.4860989750466729,-0.08331089137852246,-3.1487661155169064,5.216900632319694,-37.67756633578256,-3.4986125919425293,1,0,1
0.4156788748094016,-0.06042113335307704,0.8726925175455165,4.7205743002821325,-40.1838392137351,-3.157733918920286,1,0,1
0.3568258130649298,-0.030048938131615445,5.075230698349145,4.342509525297214,-42.96902190917254,-2.935710324153851,1,0,1
0.3199549112174793,0.00876770772717208,9.402203658355262,4.0652557837922245,-46.00271506548643,-2.8218560288998105,1,0,1
0.3280042370894307,0.05267294623911738,13.700238196229293,3.841408453478718,-49.175685102934494,-2.7701043849743856,1,0,1
0.41005609267755005,0.09507691770431706,17.781811139890635,3.6170934238441363,-52.3515255182642,-2.7222684649399467,1,0,1
0.5874050528402393,0.12818348872958155,21.472229379294163,3.3494341151797187,-55.397221685833756,-2.626251295611479,1,0,1
0.858362478875506,0.14504590609170975,24.635399015032164,3.015716994220398,-58.191039027776185,-2.446735069528825,1,0,1
1.189512757722298,0.1409164610757216,27.184080222025074,2.6144665722164575,-60.618370055208686,-2.1684009331944223,1,0,1
1.5184604815087113,0.1137114895164899,29.082649887319718,2.160595183327814,-62.56862969884557,-1.793615503102825,1,0,1
1.7679338623424883,0.06393801318946543,30.34557503628028,1.6779953888742312,-63.94007929189735,-1.3375231344535963,1,0,1
1.866137935726499,-0.005454290188605171,31.029862459749495,1.192925794250175,-64.65118990902334,-0.8232999958651789,1,0,1
1.7659904238221458,-0.08910595670975141,31.21989642051372,0.7300185973489789,-64.65303124111676,-0.27889779940854,1,0,1
1.4570698063823784,-0.17931333216536133,31.008155491633403,0.3105142143393607,-63.93887009651468,0.26523896226948124,1,0,1
0.9673843689840851,-0.26643954761392763,30.480192084971605,-0.0489478045020519,-62.550916447470456,0.7788478224657922,1,0,1
0.35551319079149835,-0.3399478578324405,29.711069082392385,-0.33809414273441973,-60.584525476915985,1.2355220697799212,1,0,1
-0.30365451425727485,-0.3901003457606379,28.772415352783952,-0.5548763844034227,-58.186199679919156,1.6165124774911193,1,0,1
-0.9347708427781072,-0.4099750166554685,27.74054115842577,-0.7059439409181749,-55.53864940508137,1.9130137474401636,1,0,1
-1.4748827184169784,-0.3971333334822319,26.694602177004555,-0.8046177177522906,-52.829891830550764,2.1258226754817344,1,0,1
-1.8810180968156942,-0.35427989654659625,25.70170845997552,-0.8666369417571615,-50.21340900104636,2.2625926374549463,1,0,1
-2.1330695952638905,-0.2886138357528395,24.796811192246054,-0.9053774650064839,-47.774954516986156,2.3341211144786485,1,0,1
-2.233612230828186,-0.2100644676105759,23.970423050567746,-0.9287475614591585,-45.52105243462171,2.3514461871857577,1,0,1
-2.205342911000173,-0.12900785355986813,23.173719242990813,-0.9390954660142967,-43.39480448629942,2.324756661947603,1,0,1
-2.0857291590835842,-0.054227409510244226,22.341786074061787,-0.9356614957768528,-41.31294372196521,2.2637325753008612,1,0,1
-1.9187539885443101,0.008281470726591068,21.426417434906767,-0.9176507725282818,-39.20970530268397,2.177993763985609,1,0,1
-1.7451314853142605,0.05550192772726063,20.4235934678008,-0.8859929684690172,-37.07006360505841,2.0766117494932614,1,0,1
-1.593733049855956,0.08686524495224432,19.381460692640985,-0.8431589637295758,-34.938633060443124,1.966785732831181,1,0,1
-1.4770449378805495,0.10345359783530342,18.383926200657243,-0.7918411380781805,-32.90132365207276,1.8526973585434603,1,0,1
-1.3920680111510677,0.10727236504411194,17.518094451721737,-0.7338661015349004,-31.049954190694677,1.7355545769509235,1,0,1
-1.3259988195430878,0.10072861230398758,16.84177877528535,-0.6702754169341943,-29.447291506113743,1.6151082735456554,1,0,1
-1.2644171457414473,0.08632727560703443,16.365221554950296,-0.6025432191622627,-28.107097188674345,1.4920243105481035,1,0,1
-1.1990762524751517,0.06655096687765934,16.05201166978594,-0.5339891921409816,-26.994078849187105,1.36985985925877,1,0,1
-1.1326192605590535,0.04386805383260821,15.83505822764181,-0.47015635815020573,-26.039258716790187,1.2553919359180896,1,0,1
-1.0784430360437085,0.02079070038841877,15.639031904719843,-0.41752916537882073,-25.161860986508657,1.1568479894684913,1,0,1
-1.0554812324739657,-0.00010454084458899615,15.40098524328414,-0.38109424152507926,-24.289462197202937,1.0808069883171385,1,0,1
-1.0796218165376672,-0.016255723547283198,15.083701546390984,-0.3620545708600787,-23.371465012470708,1.0293465154277157,1,0,1
-1.155052511529874,-0.025309506248962065,14.679897111138928,-0.35692123652149804,-22.38471370126223,0.9988446230732734,1,0,1
-1.2691379339963618,-0.025410518388157756,14.208634546869035,-0.3583931123044636,-21.33284375738785,0.980905159402252,1,0,1
-1.3931134195969577,-0.015549834195213918,13.707152036470944,-0.35754536338791354,-20.241884307523293,0.9648597400686185,1,0,1
-1.4885560550159198,0.004086470597272296,13.221233066684562,-0.3463904055748145,-19.153826351836585,0.9407598475555261,1,0,1
-1.517512208231068,0.03186603327931294,12.796009189735315,-0.31991312307947906,-18.11865095794161,0.9018011197867309,1,0,1
-1.4531814363567293,0.06467690308073344,12.468080546741305,-0.277027896953436,-17.185027255164584,0.8455284742884885,1,0,1
-1.2881176025111927,0.09820605307587585,12.259604593762674,-0.22037685851282732,-16.390661316104,0.7737290997984957,1,0,1
-1.0375783300709855,0.12754481485863778,12.175127848971698,-0.15531083066630913,-15.754262510953396,0.691397659501348,0,0,0
-0.7368208996808363,0.1480337927265623,12.201854012489349,-0.08855687186728574,-15.271450999335627,0.6053268335695862,0,0,0
-0.4328527857303328,0.15617562288869635,12.313422576856624,-0.02691485110949543,-14.916180269585823,0.5227033833162096,0,0,0
-0.17299198077111555,0.15041624130456768,12.476128526010655,0.0239309878066706,-14.647422703277272,0.4498301802452147,0,0,0
0.006310214590016017,0.13162073959201023,12.655526240205944,0.06045370606043434,-14.418867162374369,0.3910287669418807,0,0,0
0.0872245076686653,0.10310622573017554,12.821583317798087,0.08198218290742147,-14.188615971827431,0.3479056687546205,0,0,0
0.07320017387104372,0.07013293409953433,12.952084555589607,0.090729931325356,-13.926792518674489,0.3192645779446792,0,0,0
-0.013349795185391145,0.03885220500358457,13.035319067802021,0.09095151506426191,-13.620349155489464,0.30183367576455,0,0,0
-0.13697404043662686,0.01490189551749097,13.072617607345649,0.08740387342090798,-13.274739585745778,0.2916431125914613,0,0,0
-0.2570553452094373,0.0020492437641266292,13.079426422836889,0.0837282704774907,-12.911604628557797,0.28548865623842234,0,0,0
-0.33624898907564216,0.0013509160100639405,13.082427162225258,0.0815373708879406,-12.561616731506604,0.28175158627700514,0,0,0
-0.3482988496449906,0.011133345635828107,13.111369163131968,0.08062641557300196,-12.253114241690128,0.2801757877119314,0,0,0
-0.2838338305554231,0.02775877316850881,13.187461311065704,0.07997154816051193,-11.99974914367121,0.280909822635104,0,0,0
-0.15249954312984926,0.046821118816482966,13.313411230785562,0.07864267232984049,-11.792536140893048,0.283634370971842,0,0,0
0.019819374690655422,0.0642907123869648,13.47089994908535,0.07596301267564058,-11.601351299604318,0.2874250277926308,0,0,0
0.19855796402694637,0.07725268398539811,13.627847473528107,0.0710210197150758,-11.386858094708117,0.2912957840309559,0,0,0
0.3507879055561318,0.08415338665954408,13.751800037194727,0.06227445699865086,-11.11769429232345,0.2947666871728245,0,0,0
0.4548613929794385,0.08469682200780682,13.821745791100426,0.04794605825372571,-10.784005445771044,0.2977957260068621,0,0,0
0.5059330834330211,0.0796026530875423,13.832247734102054,0.027235748569572137,-10.40048930781947,0.3000037705233183,0,0,0
0.5154714946445438,0.07036863635054118,13.789636619987647,0.0015486904990268612,-9.998646788248237,0.2998753378057131,0,0,0
0.5052848775197987,0.059064369696784524,13.705171732211767,-0.02540034952339454,-9.613949859778359,0.29492296273496377,0,0,0
0.4986693704330776,0.04809825009027975,13.590829745669225,-0.049153855275270074,-9.275156981621507,0.2832276320204727,0,0,0
0.51219270032,0.03988550519419363,13.459818796761425,-0.0670107753126132,-8.999711438438027,0.26556396075761485,0,0,0
0.5511868203755625,0.0364053641846354,13.32889813577583,-0.0797429254366449,-8.793782762835917,0.24646956074869308,0,0,0
0.6104630716585007,0.03873158011447373,13.216896453851405,-0.09109653823076655,-8.65212167225468,0.23300113919653712,0,0,0
0.6795404649297438,0.0466906033583129,13.136308920775406,-0.10509124792959312,-8.55458177450339,0.23138272808534738,0,0,0
0.7496429574980681,0.05880451868477081,13.081692284068595,-0.1226524602830608,-8.4620546847473,0.24322752206431347,0,0,0
0.8189150348257925,0.07260617508662222,13.024316536733977,-0.139642578509239,-8.319309838284113,0.26347565680774493,0,0,0
0.8932488845777584,0.08528127951062317,12.921282351794389,-0.14758494665852026,-8.070477915854099,0.28135225534994956,0,0,0
0.9823775282276728,0.09443240398813799,12.738724140691716,-0.1368076668275023,-7.684819507394764,0.28403059464069996,0,0,0
1.0933300643675068,0.09866612187633735,12.478647129381159,-0.1003538597489552,-7.181674639135224,0.261272718016096,0,0,0
1.2247311212992997,0.0977720622170409,12.194403960576835,-0.036710587421254104,-6.640400413544057,0.20899174298366746,0,0,0
1.3650054954262316,0.09247386149371266,11.983969330176222,0.04965620310952943,-6.186188884938531,0.1305475060502374,0,0,0
1.4955108602569425,0.08394531383138001,11.960821467500807,0.14961911166843436,-5.953476816428918,0.03586972291392669,0,0,0
1.597124290421874,0.07335933216510568,12.213357856361853,0.25148023476140224,-6.03939449209372,-0.06074047763592603,0,0,0
1.657261087100153,0.06164592375816227,12.769203046562865,0.3429450536368023,-6.464664344666716,-0.1433013571639748,0,0,0
1.6743815724351947,0.049465266376341785,13.578254315163889,0.4126943317008028,-7.156579624244927,-0.19686042236612877,0,0,0
1.6583681731395927,0.03727361098908801,14.52050765341832,0.4516709434142541,-7.960612609144846,-0.20996355907580835,0,0,0
1.6268422062288153,0.02534893694024447,15.436084699408411,0.4541989850466024,-8.677882692213359,-0.17661151428089852,0,0,0
1.5988367658092955,0.013741222159178789,16.16817467705974,0.4188352463515258,-9.117833079034511,-0.09737983505648629,0,0,0
1.5879827281309247,0.0022311869800390126,16.605590446389186,0.34870130590985865,-9.150278862796512,0.020543353962088416,0,0,0
1.5974672311901799,-0.009582440106333934,16.711113394719376,0.25112587547274356,-8.74003600430214,0.16441160490752652,0,0,0
1.6184948648286763,-0.022023683511760338,16.525959180642246,0.1366826628720048,-7.952304027747516,0.317794931189745,0,0,0
1.6329230818487304,-0.03498117042457949,16.149173931016065,0.017903427560284513,-6.92727516699378,0.4628514245647494,0,0,0
1.6194361602222642,-0.04758529997580183,15.70037091546044,-0.09206761555537071,-5.833960952472836,0.5826088024202818,0,0,0
1.5614366860368136,-0.05804470975741225,15.2804618012903,-0.18069102290978378,-4.8205482955914505,0.6629298648357193,0,0,0
1.4541447373175913,-0.0637374520591976,14.945080943883937,-0.2368869565008623,-3.9786303123474767,0.693768487227959,0,0,0
1.3085564688937978,-0.061627412259524304,14.699541929021166,-0.2512769477036443,-3.3320983634973516,0.6693309464246766,0,0,0
1.150989206470797,-0.0490108874330943,14.515408543854704,-0.2159302398556747,-2.851794668010541,0.5872210037376717,0,0,0
1.018389668235173,-0.024459786883802792,14.3612644479619,-0.12441415976524013,-2.488534430677319,0.44748005312837336,0,0,0
0.9506082075389486,0.011334094068118361,14.236720881380563,0.026740835614035063,-2.212593990516922,0.2528809808046802,0,0,0
0.9811931085949368,0.055193468965389056,14.198343917682934,0.23477254125489821,-2.0467265400553742,0.011148913362178802,0,0,0
1.1283859904977334,0.10186854701899364,14.3666567820855,0.4868868588815218,-2.0800939903707985,-0.2619616310405476,1,0,0
1.3883252130107024,0.14525772182267502,14.905032333363664,0.7588972552217058,-2.452474635710047,-0.5416432559966523,1,0,0
1.7327771009034478,0.1800787488520413,15.96777927160079,1.0198087983299557,-3.305151144426034,-0.7986254785374939,1,0,0
2.113371375690704,0.20332692544475464,17.628187213839283,1.2442558600736873,-4.7090591619696625,-1.0113774049316546,1,0,0
2.4728302075075277,0.21485400372623645,19.813949532699155,1.4308510285393652,-6.598246622752953,-1.1840192785154868,1,0,0
2.761133687120548,0.2167807649006889,22.288514481238224,1.619757804318209,-8.748530923463875,-1.3632141025238866,1,0,0
2.95177669499121,0.2120532492967527,24.713496527154263,1.8998104773210713,-10.83804945338548,-1.6443243790595106,1,0,0
3.0516589226827193,0.20293764719268523,26.803823048698774,2.3966807121007774,-12.602308479993866,-2.1584385076979826,1,0,0
3.099148244801313,0.19031553262316123,28.545231166774215,3.2394743193487954,-14.052786775671791,-3.0379532298726204,1,0,0
3.1490007576018257,0.17418528381137294,30.395921960865024,4.5119329052457315,-15.67886756529424,-4.367263359149376,1,0,0
3.2489184834652605,0.15499939205390803,33.36476155529621,6.202539608629522,-18.523337780965903,-6.133066474364054,1,0,0
3.4177016849375548,0.1348372519764581,38.87183945437144,8.17132659876979,-24.036859712689875,-8.191940392990332,1,0,0
3.63593242713506,0.11738400374630657,48.362522465088745,10.14782436943816,-33.68468344315224,-10.26918444721134,1,0,0
3.8552242138044335,0.10635098155843536,62.7475162662966,11.7655333169742,-48.381692753463426,-11.993806026681956,1,0,0
4.022824128046608,0.10298076727174674,81.83934561899437,12.627618507624035,-67.92891136639349,-12.964116817864944,1,0,0
4.109506206885129,0.10406364880809633,104.00178046893612,12.390378634629684,-90.6679348533672,-12.83067545600412,1,0,0
4.125616732454276,0.10194754801352275,126.19174022153587,10.846526981395158,-113.52989392549887,-11.379122404613947,1,0,0
4.115168738267073,0.08713141031039413,144.45915621844077,7.9879132075885995,-132.5403687468134,-8.593060013182498,1,0,0
4.12895591751878,0.05250328733500851,154.82141624301457,4.027482460735658,-143.69395495432124,-4.676991349247222,1,0,0
4.189637245682789,-0.0029677075650354824,154.29970830716186,-0.631860437454057,-143.98562212533542,-0.026776311245967577,1,0,0
4.268393963600488,-0.07322024585609341,141.8300313692478,-5.475012091903784,-132.31456182710536,4.846395451757553,1,0,0
4.289015788041496,-0.14733816404206976,118.75097153025743,-9.971661825740805,-109.96745984451485,9.411564679459401,1,0,0
4.160965300485145,-0.2136097964592679,88.63734707244532,-13.65908116528793,-80.45459693562447,13.199929810005454,1,0,0
3.8255471381540787,-0.26307757883201077,56.42891189175603,-16.192266103917504,-48.6494558659231,15.854815339431303,1,0,0
3.290621669485674,-0.2909716984866989,27.08922469995653,-17.365607226601565,-19.464956848817963,17.1538948404598,1,0,0
2.6361245664644315,-0.296003937453429,4.285162211528075,-17.12225538537006,3.447711941226814,17.01980773041847,1,0,0
1.9895187678615969,-0.27876229247454776,-10.39907143134343,-15.562148009353118,18.469404174555663,15.530059409352578,1,0,0
1.4843929499469652,-0.24068856203951725,-17.463504820734272,-12.943654313522055,26.00778464749962,12.921079871709429,1,0,0
1.2192389326517912,-0.18431055518208125,-18.834656023001088,-9.660199046366822,27.84499345027676,9.567678936154131,1,0,0
1.2295978711484992,-0.11415016941066795,-16.922845546538724,-6.1755574326864435,26.212455178849297,5.921325475942564,1,0,0
1.4807710388550106,-0.037052239791192675,-13.791448724283384,-2.9234733071389227,22.98603226642041,2.4124447724955913,1,0,0
1.8821301676463236,0.03879709098811048,-10.685571604963116,-0.2046420712316376,19.24333887257943,-0.6507965170074754,1,0,0
2.3178597486643326,0.1056786222040472,-7.964643391222893,1.8760565586568732,15.222192425916845,-3.1448877497214185,1,0,0
2.684045444047399,0.1577957774073795,-5.326662435108403,3.4061218707811802,10.563798893502536,-5.129001796342896,1,0,0
2.920099271573747,0.19162529472261697,-2.1455083714326975,4.600543557829226,4.659490876137951,-6.783473627890284,1,0,0
3.0240954763455363,0.20541371581317378,2.2387414992116987,5.704955115715762,-3.060253228847941,-8.317787156960161,1,0,0
3.046304989902069,0.19869665107184886,8.361494155225301,6.904633251324526,-12.97947332265852,-9.884953833696159,1,0,0
3.06235072402076,0.17249492360210184,16.597713887077532,8.268780842662483,-25.282233315929346,-11.530602680512718,1,0,0
3.1354918798779607,0.13003307472507117,27.170779555291176,9.7405124481945,-39.98974282862608,-13.186234946730405,1,0,0
3.283735029280237,0.0771540583966555,40.1267056106189,11.163633774580173,-56.965416390752324,-14.69711093356337,1,0,0
3.4677375495734992,0.021655503156775068,55.25488378896188,12.32728722305599,-75.86350607054118,-15.86562801779217,1,0,0
3.607079403667342,-0.028501724623433235,72.00223682166171,13.01123834509697,-96.06268793254776,-16.49324880322079,1,0,0
3.6181904959150444,-0.0673447834914569,89.4404810907221,13.023199468481266,-116.64015704138723,-16.41318380286066,1,0,0
3.455586028013954,-0.09230425344860009,106.30967531069334,12.228325022393951,-136.40731044213115,-15.51508184975945,1,0,0
3.1366543031414977,-0.10416465404569805,121.1273638591272,10.574551893275546,-153.99678930178376,-13.766440510974126,1,0,0
2.739078230111204,-0.10566404297117771,132.3511249501814,8.11365043792281,-167.99274126105584,-11.23126668305846,1,0,0
2.3728571549875,-0.09964955336323697,138.59348884003796,5.010216922899062,-177.11131135126513,-8.078445543744518,1,0,0
2.139308189534759,-0.08789235625561816,138.88096411101705,1.527902071022578,-180.43305181352386,-4.56897913273311,1,0,0
2.09384533942098,-0.07114326465683547,132.91629848804664,-2.010294753124961,-177.65414793836734,-1.0185324314906326,1,0,0
2.22709459956846,-0.05020618850602574,121.26320998984701,-5.277432825929876,-169.2780832213369,2.2550238738082697,1,0,0
2.4712420159411295,-0.02725410637699923,105.3570530179525,-7.9953997904203336,-156.64796150798637,4.981334561327733,1,0,0
2.7281558411111604,-0.006484098359760537,87.28125753188749,-9.969741435087084,-141.75247925987887,6.969841667763561,1,0,0
2.9067578493466897,0.006547497787640566,69.33753355947249,-11.10127470777179,-126.82548135629355,8.119898332385315,1,0,0
2.9535241429536967,0.0069651047785299625,53.53534705139458,-11.378461401303108,-113.85707170404845,8.413074877585569,1,0,0
2.8641132393715054,-0.0067910180356548725,41.17336595492387,-10.858618550429995,-104.18344368850643,7.89579694504732,1,0,0
2.6742372465135986,-0.031146226160473134,32.65371059931056,-9.645292577638184,-98.29432458342023,6.659313486396959,1,0,0
2.4383321328639056,-0.05771314364557867,27.58074176232006,-7.866560255345002,-95.91232802741197,4.821105029863432,1,0,0
2.208959237320059,-0.07611249033061966,25.096350097985976,-5.657604881059018,-96.30230303766817,2.5102829592542095,1,0,0
2.0259351590644314,-0.07823111980535061,24.330112983746687,-3.151016921751969,-98.69617848789414,-0.14028804951262258,1,0,0
1.9156323379637286,-0.06181674050262274,24.810284213465167,-0.47738069753468154,-102.68494835736732,-2.9930068527222007,1,0,0
1.8941105794853428,-0.03143044270027673,26.69145046450248,2.22539495308921,-108.43691120935205,-5.89723539771106,1,0,0
1.9670309378049637,0.003808007897109178,30.70520872129731,4.801154648892594,-116.64964966733677,-8.680433642962319,1,0,0
2.1244466512931837,0.03434742728488658,37.8273643419528,7.072439117078699,-128.22836185141978,-11.147577505793572,1,0,0
2.3353567379274693,0.053797907925040536,48.761540076047766,8.850965832460028,-143.78714023127046,-13.093992875476307,1,0,0
2.549808812368738,0.0601300996592002,63.42731548581597,9.96002037036952,-163.15579766561703,-14.329688022682925,1,0,0
2.7123173254846904,0.054365244697613946,80.6652570882365,10.261819823602645,-185.09866101304343,-14.708171833919144,1,0,0
2.7818064057127714,0.03828930731322657,98.30513293310705,9.682650219942918,-207.3881030853477,-14.152505000542774,1,0,0
2.746938316570464,0.01315042487351974,113.60600842258626,8.231391457115237,-227.24223179243123,-12.673995634448811,1,0,0
2.6272361556564334,-0.01970912772216309,123.93031668744189,6.0088576316802005,-241.9930587147234,-10.38067439670182,1,0,0
2.459284784939868,-0.05700801887698077,127.42848244949161,3.204975733956542,-249.76666669655876,-7.472464666821429,1,0,0
2.2770036526176085,-0.09229629941413861,123.51795266393165,0.0807182736759529,-249.9619612147798,-4.220304101359278,1,0,0
2.098535186540161,-0.11684486955509214,113.01912329244968,-3.065572016178751,-243.3896060118249,-0.9296504650165787,1,0,0
1.9273553740715528,-0.1225986015310454,97.9159406587548,-5.942762375609538,-232.03510581843798,2.1059635235888776,1,0,0
1.7652765491576616,-0.10554245552382753,80.81129741561318,-8.31293881385858,-218.51178689948475,4.651134686396984,1,0,0
1.626845818227352,-0.06743248198534246,64.2344982225755,-10.027363517032748,-205.3588386792098,6.562929773098148,1,0,0
1.543868629933769,-0.01489162061335918,50.00953692644899,-11.042922381784255,-194.3951656632092,7.8044311599686065,1,0,0
1.5558203904023173,0.04347504851013184,38.87750917701166,-11.415178661660182,-186.32846784945892,8.434631403593892,1,0,0
1.691513761332189,0.10018729882327335,30.47662028400046,-11.270898813081208,-180.7308849284614,8.578659746192875,1,0,0
1.9529113358030088,0.15056194117237567,23.656681517114407,-10.768096160261337,-176.3637609837419,8.387097343002187,1,0,0
2.310368578806276,0.1924055392811553,16.99925863164907,-10.054210565657277,-171.7223550968727,7.9949954307656075,1,0,0
2.711754137718927,0.224468202036077,9.366166047329841,-9.233292901847161,-165.61564717884087,7.490842467086028,1,0,0
3.1004081747728947,0.24499585932748147,0.31013516163758936,-8.350673669952304,-157.60300854989615,6.90318072660188,1,0,0
3.4329747857953095,0.2513666590893848,-9.76502094385856,-7.398069061238388,-148.1641323884161,6.20739689014641,1,0,0
3.6893319419692148,0.24092134236386328,-19.73080824095959,-6.335070171574996,-138.56183259182868,5.34872473713352,1,0,0
3.871527838588122,0.2123439128597127,-28.09843079589612,-5.118050766746566,-130.45041400834953,4.272832265348467,1,0,0
3.9938272232085836,0.16671291990536757,-33.497199773074044,-3.7269848489311443,-125.36335839719041,2.954590286960138,1,0,0
4.069486981296166,0.10763449479193099,-35.10318143537222,-2.1835404189116163,-124.25449894799482,1.4179675062074864,1,0,0
4.100727184970822,0.04042110818997173,-32.8740814317495,-0.5573874996112608,-127.24363755712619,-0.25684882065681336,1,0,0
4.076350464400136,-0.02924571613584277,-27.523826150351255,1.0399863970909735,-133.63543833025724,-1.9405994449829223,1,0,0
3.977497777859952,-0.09655306508389572,-20.270589857662372,2.47331716888867,-142.1764522272713,-3.4759243177318924,1,0,0
3.788099085638237,-0.15820681068082934,-12.46923814178632,3.610884765835172,-151.435972116766,-4.708944945549424,1,0,0
3.504619256672612,-0.2123189065813776,-5.263739834475018,4.355188607838312,-160.17149675646428,-5.524295506220762,1,0,0
3.1405176244368818,-0.25772824179099274,0.6348430270511756,4.667964293723185,-167.57012683824533,-5.873280944793871,1,0,0
2.7238012911302576,-0.2932537896829743,5.0023634479271095,4.58066495369812,-173.3210757691476,-5.7854210763203096,1,0,0
2.2894597317798286,-0.317429842454051,8.0104168624556,4.1860164077682755,-177.53986346384377,-5.358861366521154,1,0,0
1.8706381573948079,-0.32895619662864706,10.054686305309076,3.6131231840435363,-180.60631345939802,-4.732735075805022,1,0,0
1.4922045633862382,-0.3275754334983475,11.576461501859626,2.994548521824689,-182.98730839593352,-4.050957389097073,1,0,0
1.168189288141079,-0.3147614981515304,12.932568105231695,2.436236822656113,-185.0978483203293,-3.4293631330110146,1,0,0
0.9020520398596261,-0.29372540595007307,14.336337927331499,1.9991836252829018,-187.22405199546878,-2.935708399704828,1,0,0
0.6879358115734817,-0.2686831283668994,15.86064198277299,1.6965391959733296,-189.50380298532153,-2.5862640753271307,1,0,0
0.512344750654762,-0.24374216947482524,17.476247076460567,1.5040357708727783,-191.94554600773674,-2.356526011311911,1,0,0
0.35700427515730837,-0.22191308545489363,19.098628392086113,1.3777595098196684,-194.46512808657442,-2.1996250698345934,1,0,0
0.20326356493615094,-0.20462057399211203,20.626679279880193,1.272320004389968,-196.9272108352936,-2.06526781317404,1,0,0
0.036970007461263776,-0.19178550268057962,21.967755407660405,1.1539867211254289,-199.1837165224189,-1.9138322077669272,1,0,0
-0.14796196296842368,-0.1822559216579222,23.050774571183382,1.0063520975572913,-201.10512357696288,-1.7233031444826565,1,0,0
-0.34849269715412845,-0.17427786990675004,23.83228140350576,0.8292507798093652,-202.60256415774396,-1.4896794324097755,1,0,0
-0.5540011765348822,-0.16585432961027777,24.299661545759307,0.6336706933075021,-203.63998652767393,-1.2231691575308843,1,0,0
-0.7496657386647172,-0.1550414411270225,24.472435316485985,0.4356345197535944,-204.23617039799856,-0.9426126352038124,1,0,0
-0.920507176719596,-0.14026209751539936,24.399858902904413,0.2510703995669871,-204.45708344029535,-0.6698282821573173,1,0,0
-1.0548428874940186,-0.12060568745441316,24.15314978086664,0.09249245615796724,-204.40059730941928,-0.42481577303018414,1,0,0
-1.1461985454480157,-0.09600673655430966,23.812954009535588,-0.03259509190806398,-204.17723758304558,-0.2222508939197553,1,0,0
-1.1934101361129166,-0.06723404447955801,23.454973589622057,-0.12211990418047378,-203.89125443861255,-0.06939913964717448,1,0,0
-1.1993574102178428,-0.03570803350979475,23.137383275550064,-0.17921121819881308,-203.62549365686678,0.03456491218452129,1,0,0
-1.1690868670828678,-0.003216551409799706,22.892679969240078,-0.21148375113922385,-203.43187425272075,0.09786535729514298,0,0,0
-1.1080293285115204,0.02838822967492689,22.724823652102742,-0.22971636558153535,-203.32763251616043,0.13415337543562486,0,0,0
-1.0208331419497085,0.05743067158082482,22.611082361701023,-0.2458705708537451,-203.2965555542157,0.15955993624731377,0,0,0
-0.9110815116328297,0.0825279278091486,22.507549363771176,-0.270728345363284,-203.2943374058287,0.18936036816492674,0,0,0
-0.7818312527627143,0.10256712269124506,22.357597805093747,-0.311741392313985,-203.25751682504713,0.235015952838819,0,0,0
-0.6366248799703271,0.1165827182627666,22.10269524708906,-0.37174164083169503,-203.1155496859391,0.30229541631829304,0,0,0
-0.48053617168577034,0.12360605125094679,21.69444407232919,-0.4489125160103072,-202.80499794694614,0.39087694901202213,0,0,0
-0.32091926735652976,0.12257815269077525,21.105670555902748,-0.5379883918759504,-202.2836339013963,0.4954199582437525,0,0,0
-0.16773890920046597,0.11242368806715888,20.337559666482207,-0.6322559081726041,-201.54109491022436,0.6077357213060566,0,0,0
-0.033530227590176764,0.09234422498794856,19.419966867233114,-0.7257267234084225,-200.60253949368385,0.7194467883074595,0,0,0
0.06697364542660011,0.062289174537595214,18.403554809137006,-0.814828540727197,-199.52310476260052,0.8243964228815912,0,0,0
0.11775219839623219,0.023448103292028576,17.34493973334324,-0.8990611096848227,-198.3734329337229,0.9200798996591232,0,0,0
0.10340373872188025,-0.02145545731158336,16.28852327997498,-0.9803149419840651,-197.21919834115513,1.0076050925597428,0,0,0
0.012360738246655956,-0.06826028888664552,15.250282129686951,-1.0609900440604547,-196.09986952275412,1.090163707223752,0,0,0
-0.1589395073867621,-0.11192344078555436,14.209312397821776,-1.1415488202746276,-195.01355259623122,1.1705464566429384,0,0,0
-0.40214384705004136,-0.14743172938517263,13.112084150240833,-1.2184308139517612,-193.91475068934787,1.2486072768754013,0,0,0
-0.6950907448016039,-0.17081431113257536,11.89129465248854,-1.2831809063442363,-192.72894702134872,1.3195945789948496,0,0,0
-1.003522156222985,-0.17994660537030427,10.4957701152982,-1.3232330886475467,-191.3819968291588,1.373933804018219,0,0,0
-1.2869733170560096,-0.17490397402604999,8.922071463735932,-1.3242339931734932,-189.83563034379497,1.3985603150189831,0,0,0
-1.507847521441903,-0.15778151248149327,7.235658727715503,-1.273342903993529,-188.11646672492984,1.3795247544385518,0,0,0
-1.6411694658991536,-0.13206733698263234,5.571745745694642,-1.162801420550346,-186.32715897265203,1.3054415068167315,0,0,0
-1.6817138553068105,-0.10176925033353115,4.112608846867772,-0.9931590957463555,-184.63409489354072,1.1712789706164812,0,0,0
-1.6456360015386196,-0.07052040815992626,3.0461833482400493,-0.7755796327478066,-183.2335951909653,0.9817598675479985,0,0,0
-1.5654543865682768,-0.04084711074416134,2.516853089751663,-0.5324649002485955,-182.3046219783686,0.7532448475005935,0,0,0
-1.4796128772130857,-0.013714476146662945,2.5812981923183145,-0.29542667183372373,-181.9591375280639,0.5127459805372212,0,0,0
-1.4198363503853528,0.01158737683315394,3.180493192777277,-0.09985047378595482,-182.20196098318306,0.2930971242363739,0,0,0
-1.4002948264008666,0.03717911481325444,4.135498325010474,0.023762689214157716,-182.91134834586873,0.12448334700902138,0,0,0
-1.4119932636645984,0.06593136829838783,5.171121112812244,0.05996657990698111,-183.84954835415286,0.02420053310990511,0,0,0
-1.424118078522639,0.10045089198999477,5.967804745398695,0.01690474273435143,-184.70817053842276,-0.012081129356744214,0,0,0
-1.3919737531103635,0.14189058215243194,6.237153989855955,-0.07037224991250639,-185.1854954825661,-0.013988474865874423,0,0,0
-1.2693783177666091,0.18891315344991993,5.809372637836219,-0.14425180121168638,-185.08232550256182,-0.03270936833750966,0,0,0
-1.0224001723229321,0.2371969368358819,4.712274645937583,-0.1365442140102573,-184.39208956244167,-0.12987340451589943,0,0,0
-0.6411270816386718,0.279758408839389,3.2152307755835636,0.014725372274850202,-183.35440648453275,-0.3616811256701908,1,0,0
-0.14654856504395752,0.30811394570829265,1.8131305906265993,0.34851929327920744,-182.44450672702735,-0.7627752717110411,1,0,0
0.4095186572861138,0.3140309634509407,1.1387801802014508,0.8690533330438257,-182.286231211439,-1.334722723112327,1,0,0
0.9521330179734662,0.29143441167907014,1.8150510526747041,1.5425352955835592,-183.50069502834205,-2.042559736051851,1,0,0
1.3972892619930235,0.23798763568394604,4.282752047758976,2.302790942719932,-186.52815960257064,-2.8200457606426936,1,0,0
1.669146193418328,0.1559641476029185,8.656314045604319,3.0632557764205615,-191.47730107126327,-3.5813334184066887,1,0,0
1.716191555986768,0.05223924638007134,14.658338075836951,3.731467757568555,-198.05539776954603,-4.235274580619335,1,0,0
1.5223703636803378,-0.06253333321459706,21.662506945691547,4.222992775591123,-205.6110928430846,-4.699250069623798,1,0,0
1.1104980390728514,-0.17534525369090942,28.837282065035538,4.47366069727849,-213.28278310898875,-4.911349607409335,1,0,0
0.5372413037062529,-0.27260544065144926,35.3448324101432,4.45032750849748,-220.20542374650856,-4.841140519255515,1,0,0
-0.11873461783795847,-0.34201318525219904,40.529908351269114,4.159972196986925,-225.7071522907261,-4.49887684335896,1,0,0
-0.7718818971899282,-0.3742891301348976,44.04305834653783,3.6550591529802774,-229.43700742326533,-3.94100759890527,1,0,0
-1.3439338796229805,-0.36453584698616764,45.87538715298635,3.0312691346040395,-231.39972728553235,-3.2678418027581357,1,0,0
-1.7739213885410265,-0.3130269292978397,46.31832613764951,2.4138470861935475,-231.9121002208972,-2.6093265434872253,1,0,0
-2.022842590528967,-0.22524573798768585,45.882474017628226,1.9319907904620606,-231.51692803616024,-2.0982756719198163,1,0,0
-2.073745107930648,-0.11105667612078633,45.20690557540709,1.6860180802883207,-230.88737706031597,-1.8360883131398906,1,0,0
-1.9291669138749086,0.016925293906020045,44.97102942187735,1.716796496648675,-230.7338157971274,-1.8610712165271195,1,0,0
-1.6078989292980594,0.14542877922096978,45.80097780762702,1.9882292644394568,-231.70435827795686,-2.13080746335001,1,0,0
-1.1419593408040072,0.262561681877186,48.157189969656145,2.3902977342920027,-234.26553982818692,-2.526354159601064,1,0,0
-0.5733254575016105,0.3593128605631293,52.205013213026405,2.7633849109565203,-238.56630687790746,-2.878705504366562,1,0,0
0.05051832122224198,0.43028251927527633,57.697873317755864,2.9370997829498777,-244.3178644559973,-3.0100056358074454,1,0,0
0.6824058950197696,0.47368319593961844,63.9253509909324,2.7717829936146527,-250.74508205676543,-2.776880200335589,1,0,0
1.2816829391488795,0.4908317019073337,69.77836449590637,2.190470017109919,-256.663268881543,-2.1031508884548886,1,0,0
1.8192072170902662,0.48536817976536356,73.95217524721471,1.1932757483501348,-260.6991552645628,-0.9938587769561537,1,0,0
2.2799826022237966,0.46235295239140867,75.253471847127,-0.14728514028779216,-261.6169843942347,0.4705282006957304,1,0,0
2.663086851465536,0.42733924259151906,72.92473551155362,-1.705752734560764,-258.65617906367186,2.154919416508926,1,0,0
2.9791501051984284,0.3855496295896401,66.87572959297654,-3.3309341653222733,-251.76532468167628,3.89802002692702,1,0,0
3.245782868355576,0.3413101931450072,57.73373529112837,-4.874314261675406,-241.6429460475184,5.541734751288265,1,0,0
3.4815701831100796,0.29784125573011694,46.68433856677822,-6.215041867243761,-229.5602578212296,6.957103277693326,1,0,0
3.70006696841358,0.25739633412923696,35.147485867418766,-7.278340536486999,-217.0171127128182,8.063744436684695,1,0,0
3.906014617118643,0.2216287546030685,24.388531664533133,-8.044298087275052,-205.3376641867271,8.839620657726963,1,0,0
4.0955078264698415,0.19196434312295593,15.182208374178344,-8.543272220629168,-195.32773454388277,9.316986978985923,1,0,0
4.260095496450049,0.1697382332787626,7.627945823468764,-8.834751618274433,-187.09223610460973,9.561019346383564,1,0,0
4.393170558382636,0.15599602351888678,1.1687698823447192,-8.971140336536646,-180.06171089771587,9.632517281928177,1,0,0
4.496270148254482,0.15107373986404582,-5.189509025623522,-8.956663010236237,-173.22077781696507,9.545159438675165,1,0,0
4.5827302826950955,0.15414984095239959,-12.507986694738065,-8.71971777858101,-165.48630927381262,9.23617619712839,1,0,0
4.6765324379860544,0.16288595205515294,-21.471786589767788,-8.117726353648903,-156.15513121784065,8.570037136888166,1,0,0
4.805743103544444,0.1732403257393372,-31.977668074238082,-6.982970268327951,-145.31777322823663,7.383920588916257,1,0,0
4.992307581750538,0.17962005329172256,-42.882291535584145,-5.1979138247894365,-134.10866343447796,5.563351182873717,1,0,0
5.241565377937576,0.17553765130208063,-52.04969191839133,-2.7677856761685633,-124.6553507415343,3.115402162943968,1,0,0
5.5348741376701724,0.1547113088349789,-56.7887318719559,0.14840750926231577,-119.63729281784543,0.20025036910714106,1,0,0
5.8279110838632135,0.1122694500130379,-54.64749430910116,3.2680893641834645,-121.4885286547202,-2.8987970240192795,1,0,0
6.0562960293672745,0.04568352047546824,-44.351192424425605,6.2595378750497925,-131.45872427587256,-5.849804947424934,1,0,0
6.148547071403442,-0.04470143552661909,-26.509086879340913,8.818238063647685,-148.9076892682762,-8.348738722005521,1,0,0
6.043383236604271,-0.15541433782099007,-3.7054339330003643,10.71060719205412,-171.21827412589366,-10.163147851272134,1,0,0
5.7054247828254745,-0.2797574068721886,20.17290694709658,11.781602021615528,-194.47427951400542,-11.13938397039666,1,0,0
5.133367642740737,-0.40794331892291497,41.12359216073014,11.948733342370003,-214.65318069209,-11.196116438179686,1,0,0
4.358728748278253,-0.5277423442645898,56.20471256223877,11.207861047960769,-228.80516044829184,-10.329951620403907,1,0,0
3.4381642035406372,-0.6258822009456523,64.22378038495705,9.657574066010088,-235.7401419471993,-8.640180248885097,1,0,0
2.44399130921569,-0.6901540432332667,65.76632829776395,7.523188502266995,-236.0491904455009,-6.353456969844137,1,0,0
1.455440948441023,-0.7117361094606836,62.69860155174413,5.147833359579335,-231.5984571996423,-3.815351856175829,1,0,0
0.5504876412173161,-0.6869369166521408,57.43111617050653,2.9312579602917963,-224.78804485875926,-1.4289654038865762,1,0,0
-0.2025259800892485,-0.6177013011173245,52.224548235675286,1.2309374843582106,-217.86052676472352,0.4448321568351787,1,0,0
-0.7529933609292243,-0.5108121559509484,48.722798143329044,0.26765479649460816,-212.44225896671756,1.5828690848707425,1,0,0
-1.0739778580025643,-0.37630809509537355,47.77289966279298,0.07639698146589638,-209.37179268765195,1.9492944674011654,1,0,0
-1.1639443836959344,-0.22575750398228395,49.48548655001454,0.5176680957173658,-208.76393355287118,1.6838283837852543,1,0,0
-1.0436453684325073,-0.07071860519326094,53.432967004312246,1.3360990342727121,-210.2048591237382,1.0419782265501283,1,0,0
-0.7493928112312318,0.07858521139641397,58.88126052718485,2.2377534120060942,-212.97646959958442,0.316541754789273,1,0,0
-0.3249167474130985,0.21433305269019484,64.98775019961602,2.9565048302188672,-216.24719727318765,-0.22927413085163267,1,0,0
0.1864162693928506,0.3316619088440632,70.9430092549376,3.2896524942135956,-219.21090660764835,-0.3970212108921203,1,0,0
0.7482548965084135,0.42836626450053217,76.05959189447125,3.0993260932219413,-221.17867493414101,-0.05323494299038316,1,0,0
1.3363397551814558,0.5036471354996067,79.80865029056747,2.2931291412091186,-221.62262731086653,0.8913545342649798,1,0,0
1.9408045468127,0.5563207780684692,81.78959653786396,0.807158032585923,-220.15326807323984,2.4999785099561906,1,0,0
2.5636257275114076,0.5833355333321677,81.619323085465,-1.3885184003483944,-216.41247107563876,4.804854713380649,1,0,0
3.2096847870027574,0.5794880793828667,78.7661605950124,-4.257242127317229,-209.90414211755578,7.774167860531833,1,0,0
3.8725269713001325,0.5387812112692998,72.41677796210573,-7.652215401303147,-199.85038821022138,11.267234839027335,1,0,0
4.519562412252185,0.45709900317387453,61.50454733017148,-11.29320397176248,-185.2050740241763,15.009380162369245,1,0,0
5.083962522090445,0.33513143682204005,44.99607652370091,-14.791827007206347,-164.92792246577793,18.61544728481574,1,0,0
5.469964046415569,0.1801716053155488,22.41532892644372,-17.728806663603386,-138.50551866786932,21.665958339545433,1,0,0
5.574228382085849,0.005843131745986341,-5.579144758093861,-19.752683762496773,-106.538558217375,23.80579810729339,1,0,0
5.3192449282471586,-0.17014555601285936,-36.87244782315355,-20.653212011000882,-71.08487331044856,24.818488663789488,1,0,0
4.687654123401856,-0.32915509041395835,-68.10961978149601,-20.379544059688087,-35.46815446270912,24.64557263373565,1,0,0
3.742520599968188,-0.45439767681175597,-95.49847009816989,-19.009952862852593,-3.4936846777855237,23.35720830225098,1,0,0
2.622057044971271,-0.5326682127234577,-115.90751453950273,-16.706495011355877,21.64550999729515,21.107148350650448,1,0,0
1.508229226874164,-0.5552033120778447,-127.76595951499641,-13.686690852366286,38.280744520339084,18.104483384174845,1,0,0
0.5809760671605488,-0.5183295459235268,-131.37866263477514,-10.219960809045997,46.60533812713513,14.61046149051339,1,0,0
-0.02441435586537466,-0.4243654643471643,-128.59498129835447,-6.6286861353679525,48.36700899833352,10.940616930609089,1,0,0
-0.24271960514413138,-0.28252310422372917,-122.06887358985784,-3.263274789301242,46.14356104072657,7.4414006936465595,1,0,0
-0.08206907436287736,-0.10888537279555521,-114.45157959721914,-0.43782254527300496,42.53931517387912,4.427181516868342,1,0,0
0.3909329228505811,0.07542756573525367,-107.77875284855384,1.652803043548846,39.5660566877589,2.09762597562093,1,0,0
1.0755902847755152,0.24790681212160592,-103.15930917683308,2.990334178382146,38.32129599564233,0.4792765700849756,1,0,0
1.8624230811645646,0.3890179567658123,-100.74236767450843,3.729597328008617,38.945852473756474,-0.5728130466703021,1,0,0
2.6536668720126357,0.48570105319177087,-99.87669555089994,4.132928290001807,40.778130490897894,-1.3111355437974168,1,0,0
3.3763327023238077,0.5328788042868211,-99.37948410401427,4.47413649104889,42.62176975350445,-2.0002578291410145,1,0,0
3.987297348090223,0.5328140546135203,-97.86261773117495,4.954181087614403,43.07351022118884,-2.8318775091548205,1,0,0
4.471155634818672,0.4929939912589688,-94.08268935468897,5.657484791647612,40.877207660432106,-3.8799639062134235,1,0,0
4.832596176052334,0.42352436074477423,-87.2656983983364,6.5538684008058965,35.25565356035935,-5.1018589636799945,1,0,0
5.08606843772408,0.33482366635196287,-77.32750867936895,7.5317119171497335,26.14098274931642,-6.371569808618543,1,0,0
5.246071471772325,0.23601366350869313,-64.90976872107511,8.4413138013279,14.220540082330913,-7.5243246978269465,1,0,0
5.3208728354402695,0.13407737298425246,-51.20390493207772,9.132647954203213,0.7664176256246691,-8.396242922973636,1,0,0
5.310833892223258,0.03367984229574574,-37.62062516877411,9.482223822510313,-12.697293641157614,-8.8532965408607,1,0,0
5.210659744684193,-0.06251548737621704,-25.42524850301109,9.411587309685562,-24.769845612428952,-8.811643329874107,1,0,0
5.013803507099567,-0.15320624569103386,-15.463557537620943,8.900513970137437,-34.465116487371574,-8.252069833312063,1,0,0
4.717106432166332,-0.23766789745714476,-8.053004561982135,7.993246338261829,-41.340659476231906,-7.2266582355664,1,0,0
4.324095771047681,-0.3150414979614681,-3.0403795060718153,6.7927905225145695,-45.45945518741817,-5.852478785561336,1,0,0
3.8460007610565015,-0.3838811144523618,0.033183742166642105,5.440672970940396,-47.239225638308966,-4.28963467206827,1,0,0
3.3005337191419954,-0.44201949214295555,1.739441303037978,4.086030305504762,-47.265044772761286,-2.707807360066809,1,0,0
2.7093894631526325,-0.4866792312296468,2.604954703249348,2.8534185071031146,-46.12559960634758,-1.2513519437722436,1,0,0
2.0956564921576444,-0.5147405190766164,3.0181365040705828,1.8197550619091545,-44.30424777328244,-0.014108375096955682,1,0,0
1.4820616909166517,-0.5231313648515709,3.202824777326242,1.0071506779619994,-42.12992909505803,0.9689139218243724,1,0,0
0.8906389707937024,-0.5093304367934621,3.239677886273512,0.3920680791136391,-39.775367241825705,1.712666265598952,1,0,0
0.3438674323877251,-0.47197048176414713,3.108936568020056,-0.0745720492141487,-37.28336505015139,2.261795335969185,1,0,0
-0.13360168366659764,-0.41152752291818046,2.733993081470601,-0.44434260137406056,-34.60620023834113,2.6672942740691807,1,0,0
-0.5142072163493765,-0.33100741251807336,2.0185022176378595,-0.7525798531563396,-31.65152025798818,2.9673637920605556,1,0,0
-0.7692085968869407,-0.23637060441765811,0.8803012850645757,-1.0087906171113445,-28.33279253142865,3.1771764186771434,1,0,0
-0.8737040565849696,-0.136323741678909,-0.712536749974845,-1.197977768701054,-24.621272278617113,3.289270307484449,1,0,0
-0.8147415100398092,-0.04123523559978395,-2.7039847107026276,-1.2913010432325591,-20.592102032069477,3.2831432757449166,1,0,0
-0.600684662028101,0.03869829589339986,-4.920843828314048,-1.2614706416683306,-16.45196168574202,3.139734386406232,1,0,0
-0.26804955201893677,0.09548101010765749,-7.069769667042863,-1.096742273284164,-12.532483586511006,2.8548547962481137,1,0,0
0.11882427412756158,0.12477843337524348,-8.776952909684297,-0.8082135189631515,-9.23722602021354,2.4461934800544443,0,0,0
0.4782866147958629,0.12627859123842172,-9.67333254605208,-0.42830725550765864,-6.943934484376541,1.9515360840552318,0,0,0
0.7308503913217237,0.10302823760769683,-9.505769848663249,-0.0024945570551864193,-5.886021186089067,1.4201172570707938,0,0,0
0.8212084174099772,0.060345807368125295,-8.23342965137104,0.42094948067853866,-6.0576522758599936,0.9020532781543864,0,0,0
0.7335771174030583,0.0049223003445192145,-6.0636329719936555,0.7987114794452111,-7.189585457443741,0.44058084056652547,0,0,0
0.49357731549727646,-0.05572613198445424,-3.4027712700120105,1.0960903694465316,-8.817431690876333,0.06881802954764282,0,0,0
0.15657831949199874,-0.11373206390258161,-0.7374823205267091,1.2879224202692001,-10.420099707909174,-0.19058897567090866,0,0,0
-0.2112834363585563,-0.1616468712987924,1.5055100960827588,1.359484231508759,-11.571569250525613,-0.3259695188538615,0,0,0
-0.5514616585829089,-0.19361111987931992,3.066270966138063,1.3090416326742484,-12.046153280076766,-0.3390076212079947,0,0,0
-0.8253108718634792,-0.20659886757471213,3.891134027422453,1.1510931458111713,-11.844303291034578,-0.2477392326331426,0,0,0
-1.0184963648982546,-0.20111314110402817,4.102271293007703,0.9172193890012466,-11.143115776922627,-0.08671387622631244,0,0,0
-1.1381820981920612,-0.18083883932772124,3.9215097690355094,0.6518652956599766,-10.203629672915156,0.09835583294972139,0,0,0
-1.2052608074714755,-0.15129856326605876,3.584646478079236,0.4032932491372179,-9.276097398169014,0.2607188725434611,0,0,0
-1.2447802583371441,-0.11808977964175682,3.2775018067406734,0.21296219264023364,-8.53504460219142,0.3635196614712157,0,0,0
-1.2775542936372233,-0.08539117691202876,3.10856091801881,0.10739631685912343,-8.056724219706865,0.38708045459855783,0,0,0
-1.314811077779936,-0.0551311813711294,3.1158816865877554,0.09501451104315492,-7.833873361379119,0.3303213800819407,0,0,0
-1.3564073131685888,-0.026865344167246973,3.29545017084547,0.1678531223249678,-7.812910982474563,0.20717129094758774,0,0,0
-1.3921812327761245,0.0017480516019219294,3.635132022485095,0.3061448072516214,-7.936372635813456,0.040801153017662274,0,0,0
-1.4053734277031964,0.03400297399001175,4.1402341347292975,0.4831546402960214,-8.175348734091187,-0.14139598492807864,0,0,0
-1.3766226855747732,0.0728897689241208,4.841279137854002,0.6686023510663063,-8.541089490215171,-0.3106406029145262,0,0,0
-1.2871498065707243,0.11979406620134511,5.780802516257381,0.8307031088090497,-9.07140286744675,-0.43797012390196244,0,0,0
-1.1207015821728419,0.17355399010809833,6.982957841551723,0.9382501121712039,-9.795618142738533,-0.49569171388713756,0,0,0
-0.8652310675713579,0.2303196673194563,8.41619288103945,0.9645480469617581,-10.6900572474498,-0.4610905163551422,0,0,0
-0.5158825690959361,0.28446394923985563,9.963525317403736,0.8943170522051389,-11.641450631336681,-0.3234328079374961,0,0,0
-0.07961363162377211,0.3303534290101183,11.415592006109307,0.7331211923500718,-12.43642545872649,-0.09357316090085135,0,0,0
0.4207288233010473,0.36430535580804957,12.498382808299795,0.5167566026348623,-12.790790500250495,0.1866386371622923,0,0,0
0.9467893600259742,0.3858370516526094,12.940930640463051,0.316031813927259,-12.423816146025985,0.4398202812347691,0,0,0
1.452458259622432,0.39756465760257387,12.578302544536484,0.2315645685595115,-11.170700715188417,0.558718529929294,0,0,0
1.8981608623979866,0.40376137001236856,11.471446058230015,0.37475873010607474,-9.111080343099701,0.42580812598679074,0,0,0
2.2664308725057225,0.40828107009699577,10.008845164202626,0.8355921986724525,-6.674703118592248,-0.0538497714450898,0,0,0
2.5712207099553694,0.4128496928855469,8.941120655529971,1.6443776074881895,-4.673200055099059,-0.9136342426846682,1,0,1
2.8549449938528966,0.41644891555877306,9.298603527146838,2.7405415581032173,-4.208432843445593,-2.093327735940136,1,0,1
3.1723826325523277,0.4158886444817071,12.163780182100197,3.963171269575054,-6.431975987581893,-3.42889520040647,1,0,1
3.566928131874022,0.4070961435100216,18.31944730412826,5.0731264670345215,-12.17994834578758,-4.674141702651286,1,0,1
4.048883297231697,0.3864429206164175,27.859368080991203,5.804941494892338,-21.57276788557317,-5.552759452494908,1,0,1
4.585217978888778,0.35163643368584585,39.90379838933197,5.932370289469676,-33.72406785965185,-5.8247719171808345,1,0,1
5.105675804843045,0.3021203085071704,52.57264333621359,5.32244797168986,-46.71276815009068,-5.342193131446338,1,0,1
5.523419694722648,0.23922354098886273,63.309567214881696,3.957776075513462,-57.91211774170128,-4.073374615195627,1,0,1
5.762590068562162,0.166275703909551,69.5208610071534,1.924993638142888,-64.63867486804878,-2.093680966245569,1,0,1
5.782795209364181,0.08867493020810854,69.33254805889939,-0.6136540241045225,-64.92242229040059,0.44093230384433185,1,0,1
5.592423795027074,0.013709297905120366,62.16560037242857,-3.4439186944803764,-58.09513136956244,3.316059929569383,1,0,1
5.247180403741524,-0.05012896725003202,48.87636428228146,-6.308574601354482,-44.94217899540186,6.267321332747606,1,0,1
4.835139671647838,-0.094552184458054,31.41371656352908,-8.909798287151554,-27.36878565003758,8.983368535162745,1,0,1
4.453677433955107,-0.1135573955189372,12.182907063083036,-10.92274160088804,-7.770625307344261,11.121243369825427,1,0,1
4.185976276282901,-0.1055959705897294,-6.579818863812562,-12.034314609629906,11.587831410120657,12.347712682030027,1,0,1
4.083928306388458,-0.07482783517255456,-23.181947624212853,-12.006074542107516,28.94914546782421,12.404885197679041,1,0,1
4.160153960262505,-0.030621788165517215,-36.52533953530195,-10.741804308663102,43.12091720153677,11.18016212241358,1,0,1
4.387845739533276,0.01479101433677812,-45.9178487939987,-8.329864448787188,53.30031595655299,8.750307549966934,1,0,1
4.706630362664868,0.04974809777787357,-50.822285089145666,-5.03568219567097,58.83845195225149,5.374955992509671,1,0,1
5.034516857638636,0.0663752226228695,-50.72819736217576,-1.2397101142879392,59.12642968638982,1.4349906532073065,1,0,1
5.2862059133719015,0.06232565146324163,-45.25244271420246,2.658647715708807,53.70648985457338,-2.6636254329585425,1,0,1
5.395090547109305,0.04047710209779041,-34.42228020559041,6.33299001863991,42.560896504267475,-6.582447214290347,1,0,1
5.332620649426573,0.007132181475962796,-18.943105393180616,9.579662263545066,26.380774275059125,-10.1015558839862,1,0,1
5.117429660183802,-0.03003713032944688,-0.21419407979635707,12.306417286521741,6.579281224728803,-13.11004219947221,1,0,1
4.809232790915317,-0.0633837588461276,20.006658293275507,14.470352056956717,-15.04842291946477,-15.546080689932191,1,0,1
4.488699327366362,-0.08603806546780249,40.14795256218625,16.00098576909293,-36.875326675079265,-17.32214638827334,1,0,1
4.231475775022133,-0.09262620865597881,59.27128310014871,16.754023576237653,-57.894641638325226,-18.28063351753322,1,0,1
4.087474436238807,-0.08038243472268362,77.14632407121871,16.52795128046224,-77.8001060381691,-18.211798774382633,1,0,1
4.072792774203592,-0.05046869618356879,93.88123548042151,15.142428203576776,-96.62235494707042,-16.932895632760427,1,0,1
4.174136202960611,-0.008762698629861631,109.28166032875359,12.541861527621126,-114.09503419634356,-14.391962294344069,1,0,1
4.359943826812113,0.03474499276694587,122.28779304817411,8.871126974866721,-129.09984532075882,-10.743408039370303,1,0,1
4.591266199882469,0.06825947923191507,130.85723259903202,4.482315324227779,-139.55709123955884,-6.354355404608273,1,0,1
4.827933687590885,0.0814979126454034,132.48117664258714,-0.13593027314939832,-142.94818205254515,-1.7331570799427083,1,0,1
5.029802673885186,0.0686115858976251,125.20442119641493,-4.477071847848572,-137.34034171871187,2.5907670580506816,1,0,1
5.156682718584776,0.029566789420780993,108.71792804194271,-8.128837065784136,-122.4825033131678,6.181423299633289,1,0,1
5.171294119685513,-0.030229044638750223,84.97110580446403,-10.828858359095637,-100.418880721162,8.754844459171537,1,0,1
5.046454901476167,-0.10150372425380425,57.911980368654724,-12.449760564239622,-75.22621243775231,10.167190365693765,1,0,1
4.773590295215058,-0.173147179404954,32.375605592732995,-12.944214329711636,-51.89243545766229,10.362122079817073,1,0,1
4.368460668411402,-0.23410458039433876,12.59286482258014,-12.301429835655787,-34.80812195073753,9.32839209076521,1,0,1
3.8718457565731086,-0.27485591041751006,0.9930767377972245,-10.550321179628929,-26.546589604628196,7.102855607398683,1,0,1
3.344906584274071,-0.2885266393532788,-2.2098125942221145,-7.804933786624659,-27.427941663821173,3.8149525168639458,1,0,1
2.859794405832929,-0.2718254963751221,1.415089301915657,-4.312864902970924,-35.93587044138812,-0.2660190137841312,1,0,1
2.4868878836474977,-0.22584520594220833,9.46687828602927,-0.46103584582329804,-49.66426114489306,-4.726191168748161,1,0,1
2.2812435697100852,-0.156456213541513,19.701209400125634,3.2804054239865224,-66.31178564472503,-9.064438610223169,1,0,1
2.2714163250519874,-0.0739002153535182,30.668590175696124,6.455801308879813,-84.33297814452834,-12.792067873439313,1,0,1
2.4530391559342917,0.008614402499597417,41.842456774754794,8.719944354606621,-103.07907085900331,-15.53197617716717,1,0,1
2.788002842054084,0.07713146569417262,53.301621910421744,9.895530994036184,-122.48812412523392,-17.080301902095542,1,0,1
3.209028159799928,0.119462855030541,65.17965983259822,9.979798230620773,-142.53682155989398,-17.417125348265415,1,0,1
3.6294585148762195,0.12740266958216467,77.15087791137827,9.109980019828166,-162.72880068513066,-16.67429159902945,1,0,1
3.9579897815690828,0.09823152329731641,88.19252028386344,7.507223640805134,-181.8663513762999,-15.078932557670791,1,0,1
4.116221241215797,0.03533468039814238,96.74549734613973,5.4188903882279105,-198.2309606847766,-12.8927677451255,1,0,1
4.054422956138339,-0.05215293054267391,101.21307160812339,3.0745601871534434,-210.10712392404227,-10.363810197950325,1,0,1
3.7609145794691443,-0.15070777201003552,100.56667848431093,0.6643563374958404,-216.40717713518754,-7.70076402680659,1,0,1
3.2635588026832494,-0.24465497711730394,94.77344580817697,-1.6596896039897957,-217.10111122143294,-5.071935612622883,1,0,1
2.6247631290334112,-0.3189542329688123,84.85749405797523,-3.7672088840155027,-213.26065559578333,-2.6207582813634644,1,0,1
1.9315098505075525,-0.36206174339061337,72.58805864628923,-5.533079432919882,-206.71717283850657,-0.48217326608893246,1,0,1
1.2809251219537288,-0.36824746928749474,59.94518528538015,-6.83640398034307,-199.49576439329982,1.2162120893023485,1,0,1
0.7624783886268887,-0.33866502206317933,48.58276379270026,-7.58058173856349,-193.2561776861228,2.3739989688575007,1,0,1
0.43991618518809616,-0.2807541171513151,39.47878907122325,-7.725308045749455,-188.9363834987653,2.94929370570195,1,0,1
0.3373723476629493,-0.2062485853683967,32.86172595466462,-7.311857960677321,-186.6880840371892,2.98238340093157,1,0,1
0.43374654834084936,-0.12865469128576165,28.38145754270903,-6.465426317096703,-186.0688397917531,2.595784270671828,1,0,1
0.6677727355065457,-0.061026012791320736,25.40725422248849,-5.369770721914364,-186.36713423546726,1.9667548089907485,1,0,1
0.9533734079559935,-0.014314648549135712,23.31359802681638,-4.222408845473803,-186.91424007816804,1.2814664489410688,1,0,1
1.2010729489992826,0.003891585130568842,21.654866201403763,-3.1870584906016943,-187.27727721211724,0.6880034164935637,1,0,1
1.3382162161757947,-0.009531258710504175,20.203230887008203,-2.3607039212351366,-187.30281288906505,0.2654509754294452,1,0,1
1.3212497225943451,-0.052404929933588563,18.89035142714559,-1.7655927761449335,-187.0496247485991,0.018864042870575304,1,0,1
1.1377786364623717,-0.11714661934017556,17.721096830642125,-1.3652860584977333,-186.68109990388913,-0.10142133934476191,1,0,1
0.8013942399325771,-0.191952594231266,16.71217888668332,-1.094345650958914,-186.37614352118717,-0.16728432163242246,1,0,1
0.3446035980830544,-0.2633407561141851,15.87174985887188,-0.887746963988971,-186.28187374447086,-0.24178547994710015,1,0,1
-0.1866769516729363,-0.319302728369648,15.205798193215287,-0.6994289911701344,-186.49944360848346,-0.36072465611950405,1,0,1
-0.7377196450609063,-0.35182363861238314,14.728596957731696,-0.5067923401290073,-187.08305318520073,-0.5300152851323162,1,0,1
-1.2517532068061143,-0.35785613721288173,14.46379771289935,-0.30498486078685405,-188.0399774517915,-0.7345081401271841,1,0,1
-1.6800341531858578,-0.33872518175902966,14.436128386926669,-0.09791699406911505,-189.33209487763904,-0.9504571603567626,1,0,1
-1.9919543346971977,-0.2986801118241914,14.66057628970242,0.1085265997572975,-190.88452377331228,-1.1553103234110438,1,0,1
-2.180020169948037,-0.24346183582539,15.13530748571813,0.3093733177367454,-192.6029657403882,-1.3325804058746145,1,0,1
-2.257311649534472,-0.17938525359337518,15.840502819277049,0.5007687721990124,-194.39470614987093,-1.472905027854671,1,0,1
-2.249473181127925,-0.11288293187660656,16.741926889950975,0.6793361510891571,-196.18567150745676,-1.573309901396317,1,0,1
-2.1854068783093368,-0.05010699048081761,17.797444884256294,0.8415888161718044,-197.9292467552976,-1.6357696298544737,1,0,1
-2.0900147601708454,0.0037083560823802488,18.965483036239334,0.9833997872801603,-199.607677803217,-1.6651438057898589,1,0,1
-1.9805294876066881,0.04502255418528449,20.21348591520541,1.0994195767148,-201.22849388703017,-1.6665103439754092,1,0,1
-1.8665489638269719,0.07255971361278313,21.521958468623268,1.1827473074514614,-202.8161521991639,-1.6426358302673747,1,0,1
-1.7528231116142905,0.08745129446133859,22.879685874617394,1.2256195793819729,-204.39767375033622,-1.593020689602929,1,0,1
-1.6429505923620553,0.09296917382257135,24.270126259728272,1.2219939382107667,-205.98353293553762,-1.515913482171328,1,0,1
-1.5417287928443528,0.09394685889442655,25.65477205685042,1.1723138374208246,-207.54962721306637,-1.4136007001713722,1,0,1
-1.4544230338202055,0.09592469368079719,26.962780560232744,1.0895151891397206,-209.02932404306196,-1.2995522501295453,1,0,1
-1.3827987049210861,0.10405200438923146,28.096698613096777,1.0041611119401892,-210.32491304590022,-1.2046038778561978,1,0,1
-1.3197814429022117,0.12191553709223371,28.961866272058643,0.9661572683056932,-211.34480632917004,-1.1790423729589634,1,0,1
-1.2459382893650712,0.15064144416642478,29.52058325846454,1.0409446682864256,-212.06525375701133,-1.2882941993649297,1,0,1
-1.1307678233628735,0.18867703119356777,29.86063492763654,1.2992355984391935,-212.60320030451246,-1.6015701890245508,1,0,1
-0.9400094437143736,0.23246788354386183,30.255097034607303,1.8010482051460202,-213.27453266559215,-2.1748445005886596,1,0,1
-0.6473935929046348,0.2778077436761862,31.1835311516802,2.576508650173204,-214.60657592875353,-3.0312775597639643,1,0,1
-0.24640866995004274,0.3211955688118053,33.28913255748165,3.606988961752765,-217.28061574398552,-4.142994856589377,1,0,1
0.24381971957362225,0.36045939902528235,37.26248224412021,4.810663974248709,-221.99923482578313,-5.418182771817581,1,0,1
0.7829500425942655,0.39434086526821943,43.66525410831062,6.037185275863109,-229.29807221895297,-6.697652079748352,1,0,1
1.3236544029416564,0.4213924735731183,52.72786706196479,7.076860657904438,-239.3420996407016,-7.765534852679346,1,0,1
1.8291569831969667,0.43897987150309775,64.16658823062443,7.6889424473541395,-251.75486161179398,-8.37817767452626,1,0,1
2.2848125473506116,0.4431759315165024,77.06850601454573,7.649231420028988,-265.52663404734585,-8.311347838639298,1,0,1
2.697470363317123,0.4299095408838681,89.89243601709563,6.808574837392811,-279.04177455449485,-7.41771381874095,1,0,1
3.0831569123683096,0.3970426749401256,100.62924150668093,5.144272367012798,-290.2585488313059,-5.677242584385098,1,0,1
3.449789271316604,0.3463883261232425,107.1445215081487,2.7832609888262767,-297.05630941085474,-3.2198998524018037,1,0,1
3.7843657222603895,0.28447849557684746,107.67584535197008,-0.014744129808252637,-297.7200543151465,-0.3089214936587325,1,0,1
4.052686738888639,0.22141705605415468,101.37488093140976,-2.9074482765741267,-291.457753931395,2.7090297319620276,1,0,1
4.214246468974878,0.1681507255614207,88.70520591424818,-5.532140411984821,-278.7716606696341,5.466044888340079,1,0,1
4.2468333038266906,0.13327619596384607,71.49786399657339,-7.559323015313922,-261.497070742971,7.627345158361569,1,0,1
4.168439358710131,0.12057658575996441,52.58042576388226,-8.731584634730757,-242.43131457728893,8.931423745139174,1,0,1
4.043327543738513,0.127967851050866,35.09210546488316,-8.894688703694495,-224.6645642921737,9.222200867066814,1,0,1
3.9663198029648186,0.14791159403129797,21.747101894697522,-8.027530330844147,-210.86618516394506,8.479019407037608,1,0,1
4.030232322955584,0.16895004612511855,14.299205863956416,-6.264677160023311,-202.76832297087915,6.837853302223081,1,0,1
4.288922769967954,0.17791029398916153,13.313395159373357,-3.8927319113808636,-200.94431137991418,4.5854624317843244,1,0,1
4.729467781825264,0.1624331703499493,18.19763447120374,-1.3042174312231765,-204.8343007401866,2.111371033252712,1,0,1
5.263481662573369,0.11361809751813183,27.400542043528617,1.0869403150722803,-212.92986024477042,-0.1770464084565333,1,0,1
5.742187200139824,0.02848957050184566,38.728109331176654,2.939706347769641,-223.0792209091642,-1.947239905089475,1,0,1
5.993349408866493,-0.08833300108345696,49.777886800439546,4.0528753082222035,-232.91703635179087,-3.005319049030504,1,0,1
5.871165007326184,-0.22454612273295424,58.45568968434162,4.382939315169009,-240.38336041044388,-3.3106266382401657,1,0,1
5.3046203338914495,-0.36203081329303755,63.449828914605064,4.018118575515317,-244.20177866185426,-2.947629466646089,1,0,1
4.32822324875697,-0.48025442165028664,64.48916894257957,3.1317793229038644,-244.13696334306846,-2.0790806025618167,1,0,1
3.082989792130249,-0.5602565167628526,62.27585497691956,1.93736473925712,-240.9193756542501,-0.9024829272940508,1,0,1
1.7847710956260414,-0.5883520614711812,58.1285990156465,0.6532306600241384,-235.8745893532808,0.3824180965997982,1,0,1
0.6686146370375781,-0.5589874731037355,53.49458091452652,-0.5260065597512181,-230.42060604637507,1.599324004196609,1,0,1
-0.07307643467760272,-0.4762605306562534,49.515427700242384,-1.4554416012189477,-225.62510676580476,2.618744874802485,1,0,1
-0.3390835050551573,-0.3535682821873891,46.77418943609982,-2.059227369773436,-221.95468951771093,3.3754247994759625,1,0,1
-0.14133341457198867,-0.211062620213454,45.26041593141804,-2.3344681725919143,-219.25503994316622,3.8710299138979622,1,0,1
0.4034746778291378,-0.07121328543950796,44.517821202927365,-2.3357813901330218,-216.92379630982478,4.158125480164534,1,0,1
1.1085597007636494,0.046413308199750244,43.90127367215214,-2.147185477262164,-214.19591166241904,4.312075714678156,1,0,1
1.7689375120175583,0.12949224270726206,42.85755521687071,-1.8541735095904073,-210.44753066709464,4.403805339679735,1,0,1
2.21759704662243,0.1748743263908011,41.14448721666042,-1.5259269958023396,-205.42666420408884,4.483446927612289,1,0,1
2.3708569377351694,0.18759321415095087,38.91804107558934,-1.2094520595750538,-199.33812085260476,4.576585656305804,1,0,1
2.248904177623544,0.17777965086529549,36.65674424302486,-0.9309632171654556,-192.75383220649925,4.688124614720101,1,0,1
1.9635370641101986,0.15707826487544452,34.95284581862245,-0.6988518291912129,-186.38255264957772,4.8075659883105235,1,0,1
1.6756668292304084,0.13580866347505208,34.25615774221899,-0.5057001465517346,-180.79063748968187,4.912589452901159,1,0,1
1.5368486364543514,0.12117818041557342,34.67966884034928,-0.33020298709578244,-176.1888329546529,4.971545242412299,1,0,1
1.6364630940809661,0.11627556342911446,35.95078375976348,-0.14118811251991303,-172.3737937959652,4.947334970067641,1,0,1
1.974257326583583,0.11967049503168425,37.529302911015236,0.0947468570065297,-168.84813642671955,4.8047530197564585,1,0,1
2.46664633551417,0.12582380363620443,38.8442722066348,0.40259078780422897,-165.07001713340745,4.521025954957935,1,0,1
2.9807193161732926,0.12665220127495616,39.55552534591288,0.78871729485154,-160.73207824297165,4.095979952406486,1,0,1
3.3803526809135747,0.11423804097664743,39.73260609146129,1.2359924521165169,-155.95331450341243,3.5565332810958123,1,0,1
3.567561888052012,0.08398573702766043,39.86550964565464,1.7072259310405429,-151.29059065504018,2.9521544273402753,1,0,1
3.5071422139855883,0.03698360141837753,40.68265212106715,2.155930404440457,-147.5435726569199,2.3424810643049967,1,0,1
3.23005907685976,-0.01959923577015843,42.84001876713785,2.539446774136297,-145.42275312551286,1.782686649309244,1,0,1
2.8180472389968827,-0.07448510407433702,46.61608226338416,2.827414417580627,-145.22530467872375,1.3142805599857923,1,0,1
2.376706006730956,-0.11595146864856787,51.75192815075471,3.0003026617628707,-146.66728868125014,0.9667441518460294,1,0,1
2.0062991082647414,-0.13568500713463863,57.51008780416805,3.039486412707524,-148.94898315291525,0.7679568072253347,1,0,1
1.7782649688819987,-0.13120171035428854,62.92377065237821,2.917953925220587,-151.0212699336271,0.7535235723219046,1,0,1
1.7217952947708,-0.1058908951506183,67.11841638244107,2.601075675299401,-151.92721153354952,0.9651709916551396,1,0,1
1.8212046296876139,-0.06689969622900804,69.55855196354159,2.057869919342713,-151.06463672451136,1.4380818525374708,1,0,1
2.0235026095671884,-0.02206018794474147,70.12747021853653,1.2734250226444146,-148.27374643115908,2.187315110054726,1,0,1
2.2555447845091265,0.022656909990898554,69.04504889786051,0.25249071576841686,-143.75535493182113,3.204032868626567,1,0,1
2.4482332624794054,0.06415247746418515,66.69340887406116,-0.9869737935352958,-137.8918627403685,4.462869515854902,1,0,1
2.5610621145696797,0.10156238413710383,63.418717960564976,-2.421501149933556,-131.04193460013815,5.931062355202158,1,0,1
2.597445359549468,0.13472143428404593,59.350332489828304,-4.019315945142935,-123.35215357817648,7.5667547282209515,1,0,1
2.6032751066399413,0.16283975258670297,54.276835308438876,-5.7226759289687665,-114.62695999498447,9.301700169825201,1,0,1
2.647823882906593,0.18415352463484283,47.64034986881509,-7.425125992836985,-104.32028799436623,11.018476773295069,1,0,1
2.793888810253037,0.19650745564234312,38.70875915304265,-8.963583038435369,-91.71064638160553,12.542897296904297,1,0,1
3.0690096376112592,0.19819536837761262,26.925256931011717,-10.14030266138399,-76.25966425134001,13.66715203018632,1,0,1
3.4496021555546434,0.18841000929925542,12.331792673853926,-10.770403915267664,-58.04763502625934,14.19908259342671,1,0,1
3.8650378559156167,0.16722369438717238,-4.123789709833318,-10.731660223860613,-38.08897869820839,14.01342221146361,1,0,1
4.220619340932558,0.1355413419821815,-20.59078148649317,-9.991027047978193,-18.326381962778157,13.078661450149974,1,0,1
4.430186946255532,0.09543578474368815,-34.709617739778736,-8.598806610218714,-1.2203424385052841,11.45027128818224,1,0,1
4.445162207562234,0.05074855989333429,-44.28532119211167,-6.662695017803264,10.948891334128945,9.24310177518297,1,0,1
4.269682303421192,0.0073265601932575915,-47.96626974877783,-4.323901236910149,16.782068536459605,6.606073555814254,1,0,1
3.9586885264617564,-0.027766895888315445,-45.63343517134305,-1.7500674132638268,16.159654506515267,3.7145977762217286,1,0,1
3.6021817303434744,-0.048213138573488835,-38.347716233372054,0.8583355884790365,10.182424887456179,0.777486703548729,1,0,1
3.30137440918638,-0.050966903922468984,-27.918191024989994,3.266503628623633,0.7203713702241714,-1.9605286646382978,1,0,1
3.142275239543835,-0.038218824438159514,-16.31375543808977,5.227479421400136,-10.198928693197473,-4.240246151420225,1,0,1
3.171933196671489,-0.017711880803989288,-5.168881458784341,6.531039514719424,-20.901657264042058,-5.837070905059662,1,0,1
3.3829064701807283,-0.0010177280012882762,4.459566174957047,7.061235139959057,-30.314111662721103,-6.619941211273431,1,0,1
3.710950301707868,-0.00034025932025656403,12.074254799743159,6.83393285219355,-37.931668609161136,-6.591248311561128,1,0,1
4.0479987018739365,-0.025069381333767637,17.565176474222625,5.993490463410661,-43.62280395270753,-5.886208192493096,1,0,1
4.268043399522341,-0.07926611258260294,21.025073955082576,4.768289580544897,-47.42181771646767,-4.730411730337687,1,0,1
4.259505023408309,-0.1606632221486791,22.646081650812732,3.404773764886298,-49.4173435762747,-3.374327365488392,1,0,1
3.9552859332591908,-0.26113416012462665,22.705893350592447,2.1074907010374773,-49.752828609096014,-2.0320460384311216,1,0,1
3.351487917005798,-0.3682666147884078,21.58718840073456,1.0055834852985441,-48.67965703747478,-0.8453983532441469,1,0,1
2.5087132833603505,-0.46761609404085647,19.76470478045897,0.150392275884721,-46.5837459331527,0.12069828016607005,1,0,1
1.5356430180570442,-0.5452320531371384,17.733982210773206,-0.46553808532772223,-43.942202348081395,0.8604545326800462,1,0,1
0.5605915954252225,-0.5900931894557019,15.906025551590432,-0.8833578234464483,-41.222117648353276,1.402291784742212,1,0,1
-0.2997596777033493,-0.5961345101770235,14.515401027942488,-1.1582383250091426,-38.76809519516257,1.789152072157347,1,0,1
-0.9652106387006967,-0.5635263447279414,13.578177558590369,-1.3483152660888749,-36.724685807500435,2.068200398409604,1,0,1
-1.404321829497448,-0.4988185217328464,12.909795620945403,-1.508736463694214,-35.018258625907066,2.2866836517251725,1,0,1
-1.6328884950346776,-0.4136913108726944,12.191495720618093,-1.6858683409525668,-33.39889986904555,2.4882738114176988,1,0,1
-1.7018400783619256,-0.3224514167367147,11.063698400721307,-1.9099660764625468,-31.525822854701232,2.7069298144511036,1,0,1
-1.6799775140202229,-0.2388910486980592,9.222740689703699,-2.1887077851899788,-29.07082462499997,2.959720426276829,1,0,1
-1.6366973003226661,-0.1734097821417052,6.4998237637924206,-2.5052697501731074,-25.812820520223056,3.242261721312468,1,0,1
-1.6281998253665932,-0.1312262711218338,2.9060213709333027,-2.822621094458481,-21.70100781897571,3.5293760252083373,1,0,1
-1.6888711493101027,-0.1120938433129595,-1.3656785538522627,-3.0927541987398284,-16.872904203570357,3.7810655985042216,1,0,1
-1.8283188915553694,-0.11136996689346575,-5.981052300309358,-3.267885342602932,-11.624913385584989,3.9519773634067805,1,0,1
-2.0338574991204013,-0.12186799745803398,-10.537296473788587,-3.3107036580023617,-6.345477982037892,4.0018489892520535,1,0,1
-2.2774733499190347,-0.13582452871061435,-14.648033385994438,-3.2017141493640224,-1.430925555417062,3.9045976735315264,1,0,1
-2.525260262627043,-0.14649996908885043,-18.017746366452883,-2.9427696726472106,2.792397359135151,3.6542916879165617,1,0,1
-2.746588163969335,-0.1492116382735773,-20.487357705411227,-2.556632529850975,6.120873765022253,3.2669674972251785,1,0,1
-2.9205200529422655,-0.14180700272841307,-22.04333817930231,-2.08286799670349,8.492667037819302,2.778006986746152,1,0,1
-3.0382228011263663,-0.12464930476768074,-22.794400803936526,-1.570793299204027,9.975152110315292,2.2356137212124834,1,0,1
-3.1016969912111705,-0.1001691636480416,-22.927872962679686,-1.0707752178206165,10.73009635894256,1.6918467109354254,1,0,1
-3.1203162081023663,-0.07205274691595065,-22.66030392757645,-0.6257365038653774,10.968667153276073,1.1934009361626465,1,0,1
-3.1069411765942334,-0.04423045830124721,-22.194358520887164,-0.2648454529914119,10.907165663891163,0.7743875909124739,1,0,1
-3.074811939232177,-0.01992411277064434,-21.688985292349628,-0.0007270434293218386,10.731223826539846,0.452602811543828,1,0,1
-3.0355491356008173,-0.001015934975418986,-21.24504865199475,0.16961726139342376,10.572989127316362,0.22957965963535543,1,0,1
-2.998000819078541,0.012098876579877071,-20.90539842464821,0.2610635785436813,10.503083806209403,0.09369593181362319,1,0,1
-2.967564845639515,0.020495883987063875,-20.666200896367002,0.30490088268666365,10.53627326825989,0.020223896612107082,1,0,1
-2.9458292916757784,0.025385271596846337,-20.494628139704446,0.30956736363459214,10.646901880460533,-0.0070694656030685366,0,0,0
-2.9306794026964553,0.027101020180948256,-20.347165565368073,0.28722764319820726,10.788463634172857,0.0007065377943372855,0,0,0
-2.9172340353275956,0.026262983984096877,-20.183765018499713,0.25087004564165244,10.912111428451524,0.030147933651946346,0,0,0
