Pitch_Normalized,Delta_Pitch_Smoothed,Roll_Normalized,Delta_Roll_Smoothed,Yaw_Normalized,Delta_Yaw_Smoothed,Label1_Move,Label2_Bend,Label4_Speed
-0.1240770824551305,0.025031095093959267,-2.0815057999477062,0.37095395651824675,1.3701408050045387,-0.22472647917477673,0,0,0
-0.0954333466932411,0.025933411360270497,-1.6119463081776928,0.3848865723133817,1.103630648412306,-0.2409803947234129,0,0,0
-0.06493041265191835,0.025667614383353663,-1.1455594127101278,0.3950904687437417,0.831424880157897,-0.25619863201511145,0,0,0
-0.032184236124692234,0.024394456960632027,-0.6837871742451398,0.4034489294039112,0.5473975782626326,-0.27097768290708046,0,0,0
0.001078393014665835,0.022464284936698203,-0.22673601735647253,0.4105394876196537,0.24650840913065508,-0.28509487155016366,0,0,0
0.03152338570649249,0.020332410822554436,0.22781363393258403,0.41596641732811007,-0.07574156333593862,-0.2976858246336235,0,0,0
0.05559621822834515,0.02028817395822955,0.6841274812584857,0.46062940131267,-0.4232496191012416,-0.33826384673968446,0,0,0
0.07107857322992572,0.01769779454671294,1.1460856352835833,0.45445050061420317,-0.797680658252105,-0.3493567391993707,0,0,0
0.07810148197515332,0.015639968809608717,1.6133495886291769,0.4427267363954172,-1.1957130389469341,-0.35476879209321055,0,0,0
0.07924702577041387,0.014313977744191676,2.0781583733333946,0.42440531049725794,-1.6067174413316963,-0.35230428029382066,0,0,0
0.078804657127165,0.013946275423857912,2.5247882131789936,0.39963333607129525,-2.012497662392306,-0.3411694817302859,0,0,0
0.08154459877388831,0.01478208884433343,2.932558697964339,0.36986412774734845,-2.3899367435814014,-0.3222380229599821,0,0,0
0.09146927544416883,0.017021573912435882,3.2817079512440444,0.33759328384419407,-2.7162630407742085,-0.2979039548664275,0,0,0
0.11095554131722452,0.020727547869610417,3.5602659307274394,0.30580622154752746,-2.9756452246755742,-0.27155398787228646,0,0,0
0.14054114725324496,0.025747522862124582,3.7695973433564802,0.2772769206101742,-3.165186408172204,-0.24678430409541646,0,0,0
0.1793442741498268,0.031695175156745845,3.9264549114060685,0.2539309842225748,-3.29812179293576,-0.2266002609478818,0,0,0
0.22581195735270398,0.03801983661310402,4.060060319700426,0.23649749584777738,-3.4022891677655167,-0.21286373518038887,0,0,0
0.2783540519260299,0.04415264970875512,4.204147850758858,0.22454577344870472,-3.51322053697497,-0.20611999998532723,0,0,0
0.33557671059639915,0.04967029365292319,4.386118794730919,0.21680424774895357,-3.663556079901099,-0.20573518069318625,0,0,0
0.39619877733787234,0.05439743807837658,4.617468215559143,0.21154651828822751,-3.872720050810514,-0.21016245230523084,0,0,0
0.4590030232582052,0.05840051121699332,4.889763171656767,0.20688341863626647,-4.141135014196195,-0.2171946242562754,0,0,0
0.5230710958614395,0.061891490691579065,5.178016432451386,0.2009593621573174,-4.451136743434674,-0.22419903494773905,0,0,0
0.5881722119734007,0.06511569866300278,5.44975042873358,0.1921791030523849,-4.773614847706071,-0.22844787964795188,0,0,0
0.6549299221009903,0.06830080025461313,5.675731113609714,0.1795709448380279,-5.0772697477278825,-0.22763608857213172,0,0,0
0.7245462594231782,0.07168910300841418,5.838431529719145,0.1632189667920727,-5.337132650734958,-0.22050515471726156,0,0,0
0.7982591810656174,0.07560003817392272,5.9360485329792425,0.1445135836377176,-5.54011214241315,-0.20730849895430908,0,0,0
0.8769689439827317,0.08043349807032314,5.981851350224275,0.1259677221672007,-5.6867679642450355,-0.18984836188141968,0,0,0
0.9613620544721613,0.08656153408466025,5.999857299139137,0.11056448189905269,-5.789581422696287,-0.1710110306790213,0,0,0
1.052467740680541,0.09414135824084582,6.018308462651646,0.1008677252910843,-5.868607627073715,-0.15396356040603507,0,0,0
1.1521991590770995,0.10294893842617085,6.062604051936319,0.0982341539367809,-5.945805040353605,-0.14128964824352436,0,0,0
1.2633380039614366,0.11232724915209928,6.149440393328774,0.10237678827028844,-6.039618633010392,-0.13431690606574448,0,0,0
1.388686436708042,0.12127534122743384,6.283661251441913,0.11136393610166806,-6.161247050224887,-0.13279659607660504,0,0,0
1.529585794381859,0.1286317090076011,6.458427681644423,0.12201110539951684,-6.313250451766422,-0.13499760655007975,0,0,0
1.6844193063626989,0.13327816653094687,6.658072652977523,0.13055735575424593,-6.490166230163126,-0.13818018894197054,0,0,0
1.847818750944171,0.13430900638054907,6.862199412422029,0.13347747134165502,-6.680301711392403,-0.13931875029616664,0,0,0
2.011012593339956,0.1311409433721195,7.049687893995923,0.12824892363014442,-6.868078103179201,-0.13586402970708492,0,0,0
2.1632860340587428,0.12356102827698975,7.201962404219444,0.11388900069404428,-7.036744029745833,-0.12631836108640754,0,0,0
2.29414371978163,0.11172542026166496,7.305430856681596,0.09113399858567277,-7.171383312115992,-0.1104804980737768,0,0,0
2.3955578044860317,0.09613147674776741,7.353083176068196,0.06224337982912118,-7.261795130035381,-0.08936734337234213,0,0,0
2.4636085927982947,0.07757845812308659,7.345093288237763,0.03052196332380106,-7.304445337424454,-0.06493777517842432,0,0,0
2.498948286731334,0.05711292473526299,7.288330400269217,-0.000293151031488037,-7.302802243874467,-0.03975115699471417,0,0,0
2.5059406393246917,0.035945176582355035,7.195001237298641,-0.026641395972072247,-7.266052030962655,-0.016615869145566363,0,0,0
2.490900561859533,0.01532862432493971,7.080861479935635,-0.04563868794298855,-7.206923885489843,0.0017859253053089219,0,0,0
2.460203887593565,-0.0035980215922805313,6.963292286215534,-0.05540371528799994,-7.139543981947369,0.013306570039034682,0,0,0
2.418947998296801,-0.019992775869344826,6.859267902107149,-0.0551900200252561,-7.0778132813395445,0.016716326944246872,0,0,0
2.370464359163506,-0.033471562820052723,6.783273934275201,-0.0453503414132598,-7.0342367946348645,0.011944917337947914,0,0,0
2.31657227730814,-0.04417227860210175,6.745575524789558,-0.027193684806997,-7.018884776692744,8.389129125561113e-05,0,0,0
2.2581635038588246,-0.052662176129547336,6.751393703801597,-0.002798982061145239,-7.038317611725645,-0.01684780801337382,0,0,0
2.1956300457925835,-0.0596999081684487,6.801182975815635,0.025182525806388866,-7.094631860592912,-0.03627244967300811,0,0,0
2.1288929645977674,-0.0659348073024347,6.891589874105165,0.05375054125773602,-7.184996164044975,-0.0554325195226852,0,0,0
2.0572255007103166,-0.07165088493382257,7.016393552199247,0.07983624259303497,-7.301963330961911,-0.07170937312382505,0,0,0
1.9793188780292184,-0.07664688631828084,7.167011416687188,0.10063459068109637,-7.434530111096393,-0.08287127580449578,0,0,0
1.893901480175046,-0.08030340072738369,7.3326867379995235,0.11392687106412894,-7.569648382219924,-0.08726662511151204,0,0,0
1.8008558145692177,-0.08181935050995008,7.500797698792894,0.11831953223880873,-7.693869177174221,-0.08397580498091343,0,0,0
1.7024391489585753,-0.08052058273716653,7.657630328037499,0.11337140501141789,-7.794907012577795,-0.0729210600742789,0,0,0
1.6039954959806977,-0.07611317779013546,7.789619841086164,0.09963748926979292,-7.862949552679822,-0.05491857451286393,0,0,0
1.513538270034303,-0.06880489258450809,7.8848442354308474,0.07866779516615736,-7.891551027807864,-0.03165041942311149,0,0,0
1.4399699987593237,-0.05929894456109821,7.934589026189684,0.05295706332297527,-7.87807566153478,-0.0055384086812935605,0,0,0
1.3904242184209181,-0.04870488743342065,7.934897025929814,0.0257904301577895,-7.823842461335701,0.02049197739469406,0,0,0
1.3677611866964128,-0.03840281067824094,7.887964766803094,0.0009246557007685397,-7.734181909173614,0.043360795694452746,0,0,0
1.3691765748652358,-0.02987477280571795,7.803071503860821,-0.01789938780499938,-7.618467525193026,0.06026699913199281,0,0,0
1.3863294324182363,-0.024501551557216318,7.696582049916941,-0.027534901706658843,-7.489914197909329,0.06912011670926148,0,0,0
1.4068526058408395,-0.023318765788677354,7.5905910395774185,-0.02597131519101197,-7.3647286082729835,0.06885295469429167,0,0,0
1.4168277077868083,-0.026750656986003207,7.5100442558005795,-0.0127282271194332,-7.260261220229694,0.05954021942055334,0,0,0
1.4036914209013958,-0.034394211853829404,7.478636449987505,0.01096219214961991,-7.192237021257867,0.042338400154835656,0,0,0
1.3589799804085345,-0.04496515242029915,7.514270824019576,0.042211084004384246,-7.1717483855872075,0.019322278277634553,0,0,0
1.2803506121475294,-0.056486996274742296,7.625131083520728,0.07678130688543376,-7.2030214808649475,-0.006724318863228973,0,0,0
1.1724634288992917,-0.06670680548140524,7.807306754995352,0.10965128655068099,-7.282673467329246,-0.032574230456692985,0,0,0
1.046482099882624,-0.07361299370350878,8.044518947426013,0.13580047541171042,-7.400458459787345,-0.05493796262392152,0,0,0
0.9181096624934213,-0.07587471610876122,8.310075606846937,0.15111246408715714,-7.540959126397269,-0.07099164817922912,0,0,0
0.8043066121178128,-0.07305351023244384,8.570884572715158,0.1532082285396598,-7.685710713825316,-0.07897837705454407,0,0,0
0.7192613776041838,-0.06554835729674835,8.793094915423751,0.14196785499398173,-7.8156565024762585,-0.07868107304854846,0,0,0
0.6707226688057517,-0.05436732499851047,8.948595793694523,0.1195199019399098,-7.914108234512199,-0.07150682357046065,0,0,0
0.6580805466991961,-0.040885986391045036,9.021168896672151,0.08959434089631771,-7.970177702021985,-0.06000574854605532,0,0,0
0.6731563185769573,-0.026709228281630713,9.010718735384103,0.05632842082231378,-7.982020791803308,-0.046859318278501406,0,0,0
0.703496407441051,-0.013640492967665807,8.933949373959393,0.022833457628630073,-7.958559116072692,-0.03362479015873845,0,0,0
0.7366773621624247,-0.003667739067770981,8.820330102919826,-0.009990352351309184,-7.918089716569554,-0.01971535772537436,0,0,0
0.7636035649888413,0.00114174784344101,8.70325016395853,-0.04383524595692734,-7.8827309527897995,-0.002156951633011772,0,0,0
0.7793898170663169,-0.0011205809491585228,8.607803155649151,-0.08212449448583356,-7.869051642572359,0.023465307132516953,0,0,0
0.7817047328167632,-0.011897449413135064,8.538410183133237,-0.12782695148424353,-7.877207027984653,0.06081138058803361,0,0,0
0.767629221440103,-0.03192126451034625,8.470981049202067,-0.18043708180612442,-7.882864291079059,0.10982382472112277,0,0,0
0.730678856038594,-0.061133485019273334,8.354742455854478,-0.2332332146248774,-7.837226018806376,0.16406142659953246,0,0,0
0.6595168593141665,-0.09876341195342775,8.127350848836187,-0.27232143062778674,-7.679455163187029,0.20976246183604275,0,0,0
0.5391060525678455,-0.1434800344403115,7.742899381829716,-0.2788266860974119,-7.362063896141649,0.2279494487027307,0,0,0
0.35394367347349487,-0.19354337373827946,7.206347917322859,-0.2347069986323163,-6.88378254459208,0.2000676878091852,0,0,0
0.09216155724831765,-0.24695613134457658,6.601617227710619,-0.13111536068105636,-6.317944850077367,0.11616803461671595,0,0,0
-0.25095675737185275,-0.301668817362058,6.097115796641958,0.023536406710644543,-5.820465098209127,-0.017094192674149154,0,0,0
-0.6711967794142737,-0.3558808779656516,5.91498330298441,0.1998944741333048,-5.6032364657624925,-0.17263729640143452,0,0,0
-1.1560439203164776,-0.40841561774408036,6.260733169325988,0.3523383949139884,-5.868374764480507,-0.3072820168325279,0,0,0
-1.6878565806290027,-0.4590499995651626,7.227256576322674,0.4340293175169393,-6.715526681817494,-0.3763457500085792,0,0,0
-2.2490589521804765,-0.5085961626396284,8.706345116308512,0.42060327572196743,-8.05380621782055,-0.3569354034961023,0,0,0
-2.8281299236179223,-0.5585360095858747,10.353687197187526,0.33613485255525577,-9.563598982820722,-0.2736956423422313,0,0,0
-3.424639318126637,-0.6101493113307654,11.650734797976071,0.2711112725875807,-10.752275331512308,-0.21678010194405034,0,0,0
-4.051393943083781,-0.6633037762272564,12.083192556999109,0.3811603423423321,-11.125521396227441,-0.3407121104751326,0,0,0
-4.732017952922789,-0.7152871095652443,11.412380674542533,0.8590199172309354,-10.453136579553103,-0.8365143018944423,0,0,0
-5.493198538610429,-0.7601606140596899,9.962965753263177,1.8812549485154704,-9.05490127349968,-1.8785616250054447,0,0,0
-6.352449870679507,-0.7890327202889992,8.808228522517766,3.543590522478459,-7.98826611764963,-3.5600676981683264,0,0,0
-7.304234541686839,-0.7913526166526921,9.726586726407731,5.809228499251444,-9.010357570513818,-5.841660949887753,0,0,0
-8.308915015968921,-0.7568774629854517,14.850932341635342,8.495452353729004,-14.23351778342493,-8.538394540468323,0,0,0
-9.289462721225902,-0.6776094148449403,26.03980606147738,11.309625530259723,-25.50114293187194,-11.356215206370164,0,0,0
-10.139386155070468,-0.549021776895114,44.1422503410931,13.920680715497394,-43.654483199503815,-13.96380777057578,0,0,0
-10.741656090144843,-0.37036176349344885,68.44597218970196,16.032762640455154,-67.98020848169826,-16.066301627243043,0,0,0
-10.993413947981153,-0.14441453013239425,96.60525833526611,17.43002390626169,-96.13622073619554,-17.44978858800236,0,1,0
-10.827488091533183,0.12264662365302285,125.17944785959634,17.984627241334874,-124.68767345992909,-17.988829330194335,0,1,0
-10.222235721873929,0.42104329610413627,150.61918782951648,17.64492906929992,-150.0912142853109,-17.634148940725442,0,1,0
-9.196816173544917,0.7371932262488855,170.29059215781473,16.428709664719733,-169.7179175459301,-16.405567921942882,0,1,0
-7.79659517200345,1.054328405510948,183.1084675851347,14.433388576573313,-182.48615199767323,-14.40213413996608,0,1,0
-6.07776830515661,1.3544557966161945,189.57285913975647,11.85270199644992,-188.89865087245715,-11.818816820207415,0,1,0
-4.098482054927558,1.6213234454804806,191.30022303463454,8.974599792960793,-190.57500719067934,-8.944375771272956,0,1,0
-1.9175304587370476,1.8432359620746568,190.3269027086747,6.140773254377206,-189.55682215130076,-6.120754965590301,0,1,0
0.4038979000390128,2.014471578897475,188.47613610682623,3.6725156474565894,-187.67582459916463,-3.6687561949860026,0,1,0
2.8029018760171027,2.1348192128250916,186.97299215420117,1.7927298773986138,-186.1683766837724,-1.8099337589288553,0,1,0
5.219820506823652,2.207825426381725,186.35125626487405,0.579612126211407,-185.5799784489251,-0.6203585554299138,0,1,0
7.6048715292133835,2.238943164689341,186.5871804033684,-0.029936525357413757,-185.8952231158321,-0.03433789926990016,0,1,0
9.922480067100821,2.2345249104304985,187.34434430408237,-0.19485673044781038,-186.77877623517094,0.10967400757332371,0,1,0
12.151375954705998,2.201770592251657,188.21789093180087,-0.10661504327575244,-187.81725513521866,0.005301619048827888,0,1,0
14.2816590918138,2.1489889301264986,188.90458884724876,0.0667083432843583,-188.68973755197237,-0.17798861606578384,0,1,0
16.311663341736804,2.0853919598679185,189.27349388618234,0.21330957234107473,-189.24202986515616,-0.3278991824773755,0,1,0
18.246767049377425,2.0201227569240467,189.35165573015644,0.28440023210782783,-189.4782671149461,-0.3959603746889172,0,1,0
20.10017546377952,1.960849757819998,189.26075227591718,0.2811787793232895,-189.50380596081249,-0.3842721489221844,0,1,0
21.893787201304,1.9125593176465407,189.14321953966981,0.23259093346355258,-189.45571075982247,-0.3229686284410036,0,1,0
23.656821474696287,1.8770236433514724,189.1060878776119,0.1737242384293154,-189.44736850854616,-0.24834874643000832,0,1,0
25.421048076064118,1.8530411892224279,189.19525858595233,0.1310517903588675,-189.53958219581426,-0.18796948210161304,0,1,0
27.213369107413364,1.8372307521379745,189.3989681966013,0.11641799529594436,-189.73794460505394,-0.15461537111653456,0,1,0
29.04807324356623,1.825056940337771,189.6702536387179,0.12828385823363533,-190.00846251958097,-0.14760324014444565,0,1,0
30.921612388220723,1.811835472417473,189.95513331609402,0.1570524894730113,-190.30074259951874,-0.15814192507345978,0,1,0
32.81207098403808,1.7935711666980403,190.21510675083744,0.1912063778051106,-190.5694323729885,-0.17540827865868208,0,1,0
34.68397086311655,1.7675330182872684,190.43767383914178,0.2219386351219498,-190.7881835763215,-0.1910369061836093,0,1,0
36.497336452755135,1.7325032637954236,190.6344943124928,0.24524979724325818,-190.95429951639056,-0.2010974332833939,0,1,0
38.21853018795425,1.688707504603616,190.8312771706473,0.261594218177936,-191.08522521154708,-0.2057767851559845,0,1,0
39.829498868284404,1.6375218583334195,191.05528331772092,0.27388855798660644,-191.2097935464093,-0.20764794197269226,0,1,0
41.33215165756897,1.5810963830843712,191.3254742288314,0.28502552835491884,-191.35773757038226,-0.20958889284540874,0,1,0
42.746080714018355,1.522005966536775,191.6477565583849,0.29598029894085587,-191.5505565286482,-0.2132146857034627,0,1,0
44.10044415344952,1.4629750287872347,192.01491037838065,0.30518229673471636,-191.79571245661378,-0.21825105443670054,0,1,0
45.423291826900424,1.4066694542004128,192.40913921858396,0.3092021776351658,-192.0849419393079,-0.2228148579500953,0,1,0
46.732576219064434,1.3555275700508773,192.8053885996432,0.30424523659694386,-192.39663152797283,-0.22426110872946198,0,1,0
48.03213064940583,1.3115977965044892,193.174909740246,0.2876858182444778,-192.70157923002313,-0.22017082795896953,0,1,0
49.3137211509889,1.2763397165175732,193.48949680648894,0.25899210558538355,-192.9706941206885,-0.20913216530719864,0,1,0
50.564030994759264,1.2503339778087976,193.72651608884445,0.2197744508096605,-193.18244809589152,-0.1911260978034477,0,1,0
51.77380588846302,1.2328882515116013,193.87372953661674,0.17313340096446267,-193.3278362988417,-0.16750019512475092,0,1,0
52.945476833329295,1.221656525712887,193.9321415001657,0.12276110055262848,-193.41150182599898,-0.14063664918958238,0,1,0
54.0955488227447,1.2125306636296607,193.91539528468525,0.07223522525411,-193.44905922345424,-0.11345548498249514,0,1,0
55.24942049210633,1.200054155447782,193.84550106648152,0.024689755123040412,-193.46181750668268,-0.08886452011795995,0,1,0
56.42932666856554,1.1783683473083357,193.74624438802527,-0.017248969980937546,-193.4707144078613,-0.06923509863729578,0,1,0
57.639857084029295,1.1423670285572078,193.63675022411024,-0.05150899796565227,-193.49130843120372,-0.05597381654851574,0,1,0
58.85788285536104,1.0885781568221808,193.5277408521843,-0.07676925969152534,-193.53118637779778,-0.04925577025002781,0,1,0
60.03267220388365,1.0154735725695219,193.4218072914764,-0.09277033073195753,-193.59022443120273,-0.047971265404805764,0,1,0
61.097404624072254,0.9233080984409341,193.31700710667957,-0.10053208496610751,-193.66304510706146,-0.0499267921457033,0,1,0
61.98770128033134,0.8138861016153683,193.21142610918793,-0.102239466190656,-193.74218626137667,-0.05232429258281286,0,1,0
62.65958745668483,0.69059507104799,193.10603693970148,-0.1006929821907363,-193.82039400134198,-0.05248053381372415,0,1,0
63.10021255902451,0.5586725526124887,193.00443819284612,-0.09845840878475656,-193.89121448004704,-0.04862966825945705,0,1,0
63.328629807154044,0.4252908516912285,192.91007443502417,-0.09705754949180231,-193.94832714491127,-0.04053943527673596,0,3,0
63.388281508260015,0.2989781986575039,192.82310640457496,-0.09658183767409696,-193.9850604325108,-0.029659491195303644,0,3,0
63.335277379045436,0.18823071155219254,192.7393145661179,-0.09592949599732492,-193.99551974599854,-0.01865960161758835,0,3,0
63.22658261015418,0.09968696583408913,192.65216613626268,-0.09354632841199759,-193.9776051137983,-0.010479297865282433,0,3,0
63.110791372273326,0.03658053759203881,192.55716535726629,-0.08827607980177277,-193.93658073056514,-0.00728718350520694,0,3,0
63.02245419045869,-0.0018798480750973567,192.45598891473543,-0.07987809849067276,-193.88681934315576,-0.00984662763098072,0,3,0
62.97971173959418,-0.019981352492494154,192.35771214670632,-0.06899016825976786,-193.84964112323735,-0.017560859992391896,0,3,0
62.984570938672235,-0.024111553063350756,192.27596282506795,-0.05666119542266301,-193.8469792400295,-0.029036291241038726,0,3,0
63.02539283260522,-0.021059771876777943,192.22327614168375,-0.0438212131214641,-193.89326583639405,-0.042704079005420684,0,3,0
63.08141407827354,-0.016555385654834963,192.2056572079394,-0.03104128085583966,-193.98968075635685,-0.05711388995568427,0,3,0
63.1288162822291,-0.01437948033700991,192.2201727524265,-0.01868795986445093,-194.1239357448352,-0.07084962321563922,0,3,0
63.14716597762651,-0.016141348611654394,192.25649445034833,-0.007274433768981225,-194.2754233449212,-0.08231746428824635,0,3,0
63.12467966027766,-0.021594827263953675,192.30110243490327,0.002332138896440483,-194.42256053605274,-0.08972825209963275,0,3,0
63.06102875360583,-0.029242229252114525,192.34175332770428,0.009065424877229588,-194.54874401335513,-0.09143036691723978,0,3,0
62.96699656890323,-0.036987823206028024,192.37028575862178,0.012104963050188645,-194.64507696272153,-0.086463196056377,0,3,0
62.861040704342145,-0.04271486430669782,192.38324457704562,0.011313405356656859,-194.70999398603823,-0.0749936309415773,0,3,0
62.76376346695464,-0.04475069377113385,192.38103353567072,0.007375979679449074,-194.74692364423368,-0.05834605881424295,0,3,0
62.69214864615109,-0.04219593345257309,192.36661707384025,0.001562617704519198,-194.7612829092019,-0.03860825971500503,0,3,0
62.65551460054494,-0.035078575115981184,192.34432577218564,-0.004729698462574561,-194.75789779695782,-0.01804474618546692,0,3,0
62.65426543520656,-0.02431096839498039,192.31879126150596,-0.01039415868596052,-194.73961706577262,0.0014165114315346727,0,3,0
62.681309344517764,-0.011465364201455941,192.29393254922098,-0.014807819943996492,-194.70739633297762,0.018485176079548183,0,3,0
62.725206643100776,0.0015897648727118963,192.27212062739352,-0.017794202934055647,-194.66150594207124,0.032582045334675055,0,3,0
62.773893909117845,0.013125163123029183,192.25380545027753,-0.019479771933822575,-194.6030079979074,0.04372098715920743,0,3,0
62.81791906965603,0.021954371570596008,192.23781174084468,-0.020172774627172884,-194.5345788990398,0.0522570302348754,0,3,0
62.85234292688867,0.02768799939052826,192.2222075591818,-0.020301642227263984,-194.46022520192605,0.05859109315887849,0,3,0
62.876938353069264,0.03076376054326744,192.20530254770506,-0.020366841546041313,-194.38417353269148,0.06294719638521543,0,3,0
62.895015098184935,0.03225433568538207,192.1862358163325,-0.020852061951001134,-194.3097137726416,0.06531293586587594,0,3,0
62.91169236185705,0.03351800692093008,192.16488932756852,-0.02209203332769789,-194.23871260685314,0.06555081150063416,0,3,0
62.93239459445022,0.035787300770368805,192.141309349913,-0.02414536881610161,-194.17198686536904,0.06359323186715074,0,3,0
62.961903040639235,0.03980129081377015,192.11512284604555,-0.026732350591947805,-194.11014510192047,0.05959249614937221,0,3,0
63.003852701371585,0.0455850193492239,192.08541192971097,-0.0292707631437338,-194.05426697431886,0.05393787319397347,0,3,0
63.06038671231008,0.05244931060742815,192.05120029411654,-0.031001532831390934,-194.0059978270649,0.04714530875405103,0,3,0
63.13176691682153,0.05921553910559041,192.0123517621165,-0.031166094318325576,-193.9670756792359,0.039706334800740706,0,3,0
63.21593197779373,0.06458828410819492,191.9704882349252,-0.02918934361807146,-193.93865393754606,0.031998430987312074,0,3,0
63.308193120380906,0.06754641362241003,191.92949992774447,-0.024824931950979588,-193.92084646998632,0.02430500485421021,0,3,0
63.401431459143545,0.06762053271349586,191.89528721939115,-0.018223076220795064,-193.91272044515097,0.01691310155690644,0,3,0
63.48717048924084,0.06496858182859526,191.87457487314924,-0.009894642353464178,-193.9126504246342,0.01020625307240266,0,3,0
63.557575202939,0.06023761098556975,191.8729958913878,-0.0005828135084470886,-193.91872829698002,0.004676636803344536,0,3,0
63.60785873067432,0.054282928982287613,191.8930600304032,0.008898591362623165,-193.92893681682693,0.0008344660014188321,0,3,0
63.638108367774194,0.04786828599091564,191.9328920838376,0.017784299017182547,-193.9410140863514,-0.0009421207201000925,0,3,0
63.65353851965754,0.041460883539424745,191.98646550617633,0.025396762336390565,-193.95220444359484,-0.000535513652556574,0,3,0
63.662762822165774,0.03516913939634847,192.04537215903207,0.03113272652818182,-193.95923145903146,0.001874936729802812,0,3,0
63.67459620664441,0.02879754141711217,192.10133767574274,0.03446392736229882,-193.95873101922172,0.005890576399633573,0,3,0
63.694614837702886,0.021958945076862336,192.14833122509702,0.0350094528141085,-193.94807514474707,0.0110512348421139,0,3,0
63.722801955775154,0.014197669597221107,192.18346755110838,0.032685189553285456,-193.92620160651188,0.01699495147640846,0,3,0
63.75312285310703,0.005108466527326527,192.20661448467297,0.027858798478212064,-193.89397107785294,0.02352467740440147,0,3,0
63.77514590341196,-0.00554691801339473,192.21921414677223,0.02138547534968893,-193.85374466063786,0.03052685319191255,0,3,0
63.77716465370762,-0.017732571695656674,192.2230904195289,0.014433386376271073,-193.80821594855888,0.037784511125141765,0,3,0
63.749835426646534,-0.031063832901767795,192.21991192593606,0.008129356281631316,-193.75898730206285,0.044812378760360615,0,3,0
63.68919303304746,-0.04479254631206046,192.21148006861972,0.0031811599228035448,-193.7057673123074,0.05083106557631254,0,3,0
63.59806933952359,-0.05787204942024147,192.20032025967322,-0.0003296922337710839,-193.6469359116757,0.05489845122940551,0,3,0
63.48543710520921,-0.06911070348863788,192.18970602279478,-0.002865726083143727,-193.58138634778004,0.05611599691536071,0,3,0
63.36395787762673,-0.07739957405664981,192.18263123855905,-0.005087305118649965,-193.5106072316181,0.05379674893979427,0,3,0
63.24668937458228,-0.08195788798219397,192.18014282432506,-0.007408827553325637,-193.43976448898394,0.047526917612032094,0,3,0
63.14408146157274,-0.08250980907880674,192.18017062877067,-0.009683023435889027,-193.37721709421783,0.03713948181804767,0,3,0
63.06201581822065,-0.07932873018766032,192.17795722384153,-0.011171788748612244,-193.33281110869933,0.02268967856601307,0,3,0
63.00115016284546,-0.0731479279147301,192.16834109558573,-0.010806905645915776,-193.31577717123992,0.004516729561498778,0,3,0
62.95758577388568,-0.06498410147795539,192.14900214399563,-0.007607061835892636,-193.33294677243856,-0.016615199214538735,0,3,0
62.92473733585847,-0.05592657501152019,192.12308169157717,-0.0010755256049606032,-193.38759248388237,-0.03940271333802912,0,3,0
62.895905731170856,-0.046929182377298415,192.0997621811336,0.008556609841008367,-193.47887052664726,-0.06203587307288103,0,3,0
62.86659006037629,-0.03862754085387934,192.09225120321406,0.020308988387938598,-193.60176861606072,-0.08242090210408151,0,3,0
62.835596090429654,-0.03119640336150269,192.11363540443585,0.0326527634472825,-193.74753833992543,-0.09853763952960434,0,3,0
62.80469212751153,-0.024258960579483357,192.17187598250945,0.043866906236428346,-193.9046343649984,-0.10882397586509,0,3,0
62.7773975508093,-0.016862625971351262,192.26570892273514,0.05242833718377824,-194.06012321971275,-0.1124865737677112,0,3,0
62.757806053033946,-0.00754209524044569,192.38326051265005,0.0573001829769737,-194.20142611525864,-0.10967072788408246,0,3,0
62.750051784605624,0.0054981987376137905,192.50448485831436,0.05802627107410672,-194.31818750399538,-0.10144648856513641,0,3,0
62.75856055705063,0.024038377546025204,192.60701015795001,0.05463506702860741,-194.40401692989082,-0.08958799432055002,0,3,0
62.78895951417217,0.049317020470194,192.6732855158334,0.04746434462809361,-194.45781251011567,-0.07617095870062371,0,3,0
62.84931638345401,0.08141720711363973,192.6960835213469,0.0370610056012481,-194.4842997627232,-0.0630932679330158,0,3,0
62.950887718546994,0.11881222608739606,192.68002489187467,0.024229531492676416,-194.49333541229862,-0.051686041872864054,0,3,0
63.10697383583654,0.15837803509648013,192.63860187350014,0.010145863307513991,-194.49764855926622,-0.04256264776604439,0,3,0
63.328766295131594,0.19601381269820378,192.5882788507168,-0.0036432666050586703,-194.50924792693166,-0.035735649865858934,0,3,0
63.61886419864793,0.227664818078631,192.54248603852193,-0.01546085423640875,-194.53556704432856,-0.030880776192515214,0,3,0
63.96551981168326,0.2502630098349535,192.5080042376619,-0.023939349883494287,-194.5769836384414,-0.02755109640921205,0,3,0
64.34158640399875,0.2621451185233724,192.4847191457252,-0.028465181555048957,-194.62705259291909,-0.02521530695388492,0,3,0
64.71018991158766,0.2628738137817422,192.46805219226377,-0.029392957880043015,-194.67554400265396,-0.023170570680639456,0,3,0
65.03520873783694,0.2527912896807095,192.45240161558593,-0.02789212597549522,-194.71282469181597,-0.02051502340850675,0,3,0
65.2915896125217,0.23275415315280057,192.43389201699847,-0.02547471965120849,-194.7333234742078,-0.016328790135685268,0,3,0
65.47076756868773,0.204248639325688,192.41143170579642,-0.023420626991719474,-194.73645283226205,-0.01002928673342467,0,2,0
65.57962585636442,0.16968106326304663,192.38609531307424,-0.02236597809499017,-194.72504111910501,-0.0016956263715201202,0,2,0
65.63488673264364,0.13241366852739417,192.35968061374518,-0.02222510127974715,-194.7027987933513,0.007859430304472425,0,2,0
65.6563078266596,0.09625869829229003,192.3335316542047,-0.022436631854776578,-194.67253582828852,0.017343566230431408,0,2,0
65.6613505919048,0.06454609414063128,192.30827976860473,-0.022363204383134418,-194.6358599116628,0.025437650305775605,0,2,0
65.66233044431372,0.03921639083067134,192.284344456712,-0.021621195647281866,-194.5939399021566,0.03120599793660972,0,2,0
65.66572308927269,0.020392017111036866,192.26246813292772,-0.02019257599563389,-194.54845828987436,0.03427138313500109,0,2,0
65.67277689451056,0.006575434677640146,192.243685873716,-0.018314798281062396,-194.50210834034965,0.0347288305488803,0,2,0
65.68066967924325,-0.004720682121326547,192.22876957175458,-0.016265711892395986,-194.4584481887582,0.03292299573163291,0,2,0
65.68375352082842,-0.01625087075922522,192.21768006052565,-0.01419624920652609,-194.4212634948417,0.02924127664678622,0,2,0
65.6746877397981,-0.03047942807906594,192.20950594584008,-0.012104140789165285,-194.39373900091203,0.0239977823550646,0,2,0
65.64538020314082,-0.04926677013697258,192.2029473302636,-0.00993077241137712,-194.3777528136162,0.017402953990847438,0,2,0
65.58767991143037,-0.07373862572531067,192.19702349482122,-0.007681807055115541,-194.37356883603496,0.009587251656563467,0,2,0
65.49379911906735,-0.10422666116207183,192.19156916213944,-0.0054804657323529685,-194.38012306182065,0.0006539206908314554,0,2,0
65.35655631111415,-0.14019268460065745,192.18723836071308,-0.003536520066830917,-194.39588208811216,-0.009256731183342026,0,2,0
65.169662742944,-0.18012049088155493,192.18503673259823,-0.0020757988020591255,-194.41991036224812,-0.019905410902561017,0,2,0
64.92833683201958,-0.22144968256133168,192.18565006237657,-0.0012829086938722866,-194.45258577330873,-0.030905868782457446,0,2,0
64.63051028288984,-0.26068403551983155,192.18888121639247,-0.00128122192244291,-194.49556913344134,-0.04170452447286266,0,2,0
64.27874283323668,-0.29379007340640156,192.19340437108627,-0.00213993843773892,-194.55101550059163,-0.05160444193310241,0,2,0
63.88254861201287,-0.3169115373826202,192.19692207250506,-0.0038822665085035623,-194.6203176038673,-0.059844134347611086,0,2,0
63.460190914184786,-0.32729025830856384,192.19667685890136,-0.0064829506927594595,-194.7027976887366,-0.06572089269628804,0,2,0
63.0385398479425,-0.324130343726366,192.19013511103918,-0.009866520328597517,-194.79479805834484,-0.06872214875825193,0,2,0
62.649779177366355,-0.3090384154196393,192.17562411044383,-0.013913981402714626,-194.889613255366,-0.06861701932008372,0,2,0
62.324683745241146,-0.2857497913537614,192.1527464970544,-0.018460967693147267,-194.97856440529677,-0.06547846152094508,0,2,0
62.08365372802851,-0.2591722537918891,192.1224088537855,-0.023270896319013447,-195.05309101507504,-0.05964567577050843,0,2,0
61.92835930568034,-0.2341682916278202,192.08637152931226,-0.028005049830244388,-195.10713184983064,-0.05166671863841543,0,2,0
61.83795267782319,-0.21462788840645572,192.04651024834942,-0.03223971793423743,-195.13875596650956,-0.04225822734664462,0,2,0
61.77301236935223,-0.20312802076212294,192.004271539461,-0.03555888611315368,-195.1503537486508,-0.03228523743611049,0,2,0
61.68702029531779,-0.20105682413072118,191.96069540789614,-0.03769618199532374,-195.14747225829672,-0.02272477802213757,0,2,0
61.54086569573467,-0.20883356121270608,191.91687157420262,-0.03865098209674898,-195.13698479025146,-0.014565165692346227,0,2,0
61.31391203012023,-0.2259237791508042,191.87427967955898,-0.03869327813009704,-195.12537996220306,-0.008631010988676736,0,2,0
61.00725964032127,-0.2506436381497018,191.83454624990765,-0.03822602661211931,-195.11765043270594,-0.005394685721694259,0,2,0
60.63921093605914,-0.28005211859745816,191.7986622904906,-0.03757540782743263,-195.11686103558736,-0.004875960185285066,0,2,0
60.236348133114085,-0.3103047483079074,191.76623667608692,-0.036846162677608166,-195.12421606222023,-0.006693511847436185,0,2,0
59.82441593652047,-0.33757340797012103,191.73547607248452,-0.0359395897032357,-195.1394011249618,-0.010241438172340623,0,2,0
59.42192292418332,-0.35919491243050033,191.70411126319107,-0.03471375272719115,-195.16107870704758,-0.01489680332995249,0,2,0
59.03743149184861,-0.3744720027796696,191.6707561700751,-0.03316708556374124,-195.18751556836241,-0.020164836105237782,0,2,0
58.669964886273156,-0.3847279549901607,191.63580991268492,-0.031518699706936104,-195.21728886712515,-0.025720082053078387,0,2,0
58.311286215616576,-0.3926383342016194,191.60129951086378,-0.03013811713594805,-195.24988664002012,-0.03136317838776677,0,2,0
57.94891657142966,-0.4011910715194297,191.5697340469307,-0.029384794683465998,-195.28595282355099,-0.03694952100332216,0,2,0
57.56919200232353,-0.4126951882613099,191.54260882392157,-0.0294764667739571,-195.32702832325543,-0.04234145011330952,0,2,0
57.159980090419666,-0.428139170198385,191.51935925283829,-0.03046970517182217,-195.37485125323673,-0.04740173843726438,0,2,0
56.71282759404295,-0.4470235827128903,191.49728111913112,-0.032338698495345854,-195.43049281946503,-0.052014396555529176,0,2,0
56.22443741791979,-0.467630886142323,191.47238872925226,-0.03506684306315151,-195.49371127225345,-0.056107657777420175,0,2,0
55.69746405390737,-0.4875783148623398,191.44071140474495,-0.03867454647893851,-195.5628156260949,-0.05965939743074387,0,2,0
55.14053122219947,-0.5044509974708433,191.39941421147284,-0.043169457899017515,-195.63509609142022,-0.06267962293323422,0,2,0
54.567195664719705,-0.516336527537596,191.34736918512164,-0.04846111372352766,-195.7076595339177,-0.06518490239301969,0,2,0
53.993656024849926,-0.5221567299451764,191.2851414820534,-0.05429807446318478,-195.77836544489935,-0.06719476711804759,0,2,0
53.43550306699318,-0.5217882692355978,191.2145540460744,-0.06026839446050758,-195.84648061432756,-0.06877171201410874,0,2,0
52.90440659672123,-0.516045792630841,191.13803946794053,-0.06587185899688848,-195.91274905288333,-0.07009224296989487,0,2,0
52.40582672694757,-0.506622553571404,191.0579976866863,-0.07063747292910989,-195.97887734718563,-0.07150224659105789,0,2,0
51.9384127909679,-0.49602294791289336,190.97637850820644,-0.0742352533601263,-196.0467989244172,-0.07350601683993432,0,2,0
51.49494490168697,-0.48743118592072393,190.89459717452604,-0.07653293048140881,-196.11820993960612,-0.07667241638493465,0,2,0
51.06397949161138,-0.48443146991644,190.81367013928337,-0.077577801817921,-196.1946337019524,-0.08149376865804356,0,2,0
50.63123851819333,-0.49055875315612596,190.73433667545385,-0.07752224027595958,-196.27783809200548,-0.08826387785070437,0,2,0
50.18030174307054,-0.5087558436750783,190.65706167787158,-0.07653523746655537,-196.37015625981957,-0.09702193264103016,0,2,0
49.692883805512466,-0.5408687941256268,190.58203988030755,-0.07474589433887786,-196.47438369776705,-0.10755516707387755,0,2,0
49.149341325685526,-0.5873082042548567,190.5093634638742,-0.07225106924956322,-196.5933031314798,-0.11941492241136871,0,2,0
48.52991553543192,-0.6469568286329078,190.4393316433148,-0.0691865474738563,-196.7291193928346,-0.1319093871212999,0,2,0
47.81684815997045,-0.7173355554715612,190.37268709327498,-0.06581941861391556,-196.88296837929363,-0.14407864236316642,0,2,0
46.997138785691305,-0.7949792770398993,190.3105387432975,-0.06260339715885835,-197.0544290179244,-0.15469613451202804,0,2,0
46.065330748419335,-0.8759499416393766,190.2538678157108,-0.060169570265549054,-197.2409481485309,-0.1623435046009604,0,2,0
45.02537661535789,-0.9564183755330703,190.20273169978748,-0.059273352964436296,-197.43730381081912,-0.16556830186103752,0,2,0
43.890623936895764,-1.0332385835615057,190.15547595314422,-0.0607302579929808,-197.63542012558406,-0.16308817666652545,0,2,0
42.681445747794335,-1.1044038654285806,190.10830270386526,-0.06533104656304545,-197.82479943712576,-0.15399529465842648,0,2,0
41.42080232667677,-1.1692544212800704,190.0553659752161,-0.07367931907688216,-197.99359130582917,-0.13794774211151548,0,2,0
40.12870005018176,-1.2283490277714975,189.98930635066318,-0.08591165122973052,-198.13006671637743,-0.1153631650679415,0,2,0
38.81695549007047,-1.283014553748096,189.9020608839444,-0.10135578199100906,-198.22418489814504,-0.08760478557372267,0,2,0
37.48587688114611,-1.3346960599412214,189.78602117768435,-0.11829063596393326,-198.26907233941887,-0.05708097786505277,0,2,0
36.12430394716974,-1.3842977777300107,189.63589390250615,-0.13400174728821526,-198.26244580040878,-0.027131079124819733,0,2,0
34.71364850797633,-1.4317096457404688,189.4514222310002,-0.14523253951506945,-198.20806066860382,-0.0016029763231813377,0,2,0
33.235185210938376,-1.475658329690423,189.24030999580071,-0.14895433703253502,-198.11699600426812,0.01585316026900614,0,2,0
31.67841601594568,-1.5139250675277225,189.01982534014815,-0.14321375625269753,-198.00811358946964,0.02260454741019089,0,2,0
30.047646159595658,-1.5438604184290887,188.81545848026207,-0.12775767157260134,-197.90673091683226,0.017706093813848155,0,2,0
28.364349290389647,-1.563025995301453,188.65597730871457,-0.10421210429555003,-197.84082920035758,0.002172420510220263,0,2,0
26.66421902977254,-1.5697479686270135,188.56582260489074,-0.07575707440165616,-197.8350597031391,-0.021272323054887465,0,2,0
24.989449374904538,-1.5634191941201827,188.5571687881362,-0.046416094927809584,-197.90402124227552,-0.048893793429897414,0,2,0
23.37835130577958,-1.544522132778262,188.62448416821837,-0.020200953061635118,-198.04712396000656,-0.07683744868562599,0,2,0
21.85561692813158,-1.514474278958798,188.74390013472885,-0.00038097329322113184,-198.24734813431667,-0.1018792746285044,0,2,0
20.426824260899608,-1.4754305722438161,188.8783231584896,0.010928303583330034,-198.47516903095766,-0.1217990784649885,0,2,0
19.079456566774503,-1.4301031273824159,188.9872612817221,0.01280574852951304,-198.6969986029028,-0.13533769398685536,0,2,0
17.789963883155757,-1.3815500408514025,189.03830046518436,0.005286611753848547,-198.88537049112438,-0.14188610071174707,0,2,0
16.5336732263577,-1.332835911355471,189.01601560721593,-0.010983132867215773,-199.0269063357547,-0.14113298137029914,0,2,0
15.293340437157497,-1.2865322008303046,188.92474151609537,-0.035038119474887705,-199.12472170148214,-0.13284771626758812,0,2,0
14.06331801656549,-1.2441785017580487,188.7840347940097,-0.06574842394783217,-199.19420614022613,-0.11684692064653746,0,2,0
12.848718621258513,-1.2059477977999422,188.61868872242923,-0.1018533619246739,-199.25392071025658,-0.09307533595398354,0,2,0
11.661090261349827,-1.1707231237473714,188.44733745946405,-0.141934805150521,-199.3153510559785,-0.06170975451644267,0,2,0
10.513029297476535,-1.1365944405919712,188.2741029734695,-0.18435827582326852,-199.37560112268244,-0.023269616469013953,0,2,0
9.413831910551096,-1.1015599620859482,188.08641589525052,-0.22716573679627458,-199.41581734078204,0.02120952821219362,0,2,0
8.367346282900186,-1.0641193708099792,187.85978953924285,-0.2679336935109518,-199.4059223904975,0.06992040516816474,0,2,0
7.3722253293007896,-1.0235227311714226,187.5679132302169,-0.30370794495254927,-199.31409614806722,0.12006451955649027,0,2,0
6.424019477236044,-0.9796228701071286,187.19471770695168,-0.33118711363377995,-199.11806665581452,0.1678919495925129,0,2,0
5.518073605498216,-0.9324716353649208,186.7443582392532,-0.34725189469526185,-198.81481105363275,0.20916622189775466,0,2,0
4.652146729057705,-0.8819208774023736,186.24540458098585,-0.3497351439131421,-198.4255176498005,0.24000244639757967,0,2,0
3.828090704851263,-0.827489575276789,185.7469553444842,-0.3381245905450214,-197.99356094466123,0.2577818595652559,0,2,0
3.0524899201872273,-0.7686385205697931,185.30681758609143,-0.31383628420358034,-197.57500121433145,0.2617369055930908,0,2,0
2.3363739077006187,-0.7053931236101263,184.97481851251143,-0.27985939893674755,-197.22368883700096,0.2529213825404099,0,2,0
1.6938205234527999,-0.6390365077704402,184.77675153433808,-0.23987742457272815,-196.97557665870664,0.2335887216084643,0,2,0
1.1389361577832062,-0.5724632463044443,184.7051699898003,-0.19724688877497557,-196.83799874512948,0.20632708278593553,0,2,0
0.6809610772022552,-0.5098770271102439,184.72142669720705,-0.15432701525163567,-196.7885533345666,0.17345811136689804,0,2,0
0.3182940931995262,-0.45587097211119953,184.76931924084943,-0.11257535615447409,-196.78488232266312,0.1371289615908779,0,2,0
0.03365439953164184,-0.4143313189444228,184.7959434612244,-0.07356644099990035,-196.78217943972987,0.1002459337997891,0,2,0
-0.20655885754622716,-0.38770629977569654,184.77188935150343,-0.04065086514290783,-196.7515402257734,0.0679532813862977,0,2,0
-0.4466235420447333,-0.37687984777439426,184.7021344284695,-0.02044208348581833,-196.69093653613152,0.048847626005289156,0,2,0
-0.7306190162607322,-0.3814654630129525,184.62120178293947,-0.022954343594733473,-196.62227132875245,0.05477885164216332,0,2,0
-1.090823269257001,-0.40013639811533463,184.57115317609242,-0.05930405718304428,-196.57254187633356,0.0982079734110016,0,2,0
-1.5406890900563468,-0.4307231101465973,184.56830986108235,-0.13658408967288552,-196.544156023138,0.18681846382827416,0,2,0
-2.0749779542911426,-0.47009923448814844,184.5723306994799,-0.25083081485667547,-196.48710039865375,0.31638430650856436,0,2,0
-2.6757184723463183,-0.5141435533448216,184.47562655385298,-0.380710179474795,-196.29021022870785,0.4645529742576514,0,2,0
-3.3204029039510914,-0.558113287184041,184.1283861253766,-0.48600847254062957,-195.80647360045657,0.5895903135840228,0,2,0
-3.988937008266447,-0.5975011754747726,183.40347834412057,-0.5151851125225904,-194.91669768438038,0.6382610928901216,0,2,0
-4.667337945349843,-0.6290440728192962,182.28763531265764,-0.4241931757860584,-193.61833637464423,0.5649642703616508,0,2,0
-5.347994390994444,-0.6513537048090839,180.96478755675548,-0.20431899872105533,-192.10601048319688,0.35980901589487074,0,2,0
-6.027756413885143,-0.6648144391966568,179.8420497030632,0.08909219844102836,-190.7950334002913,0.07745717235258667,0,2,0
-6.705630771008458,-0.6707543470488432,179.46935065771356,0.3202056369356455,-190.23966039985123,-0.14646786558606664,0,0,0
-7.381263997449963,-0.6701914328137704,180.32922141823184,0.2826517519453716,-190.92289917271705,-0.10548443616723943,0,0,0
-8.054226138147186,-0.6626214860647721,182.5251198738718,-0.2562901978901436,-192.94606586418928,0.43334246595179593,0,0,0
-8.72312234625771,-0.6453664160405609,185.46325268389018,-1.4831795266625476,-195.71252867512788,1.6566812302983238,0,0,0
-9.38326194283475,-0.6138825368882493,187.67768292320943,-3.4604129538703376,-197.75488888456852,3.6268240085096806,0,0,0
-10.022317232088795,-0.5630777684243796,186.95490364483032,-6.076801697309969,-196.86131796212896,6.232295858932497,0,0,0
-10.615151868914168,-0.48920990796146524,180.84057636521914,-9.055729327969937,-190.58327302486242,9.196161229119106,0,0,0
-11.121002105755451,-0.3915943322821335,167.45584004603216,-12.02415681490857,-177.051524071661,12.145221259763254,0,0,0
-11.486819759876937,-0.2733737940206439,146.3606580180521,-14.611351093927343,-155.83777039810008,14.708907877403522,0,0,0
-11.65853409812894,-0.14103494233484354,119.0740327299635,-16.529081270973546,-128.47207481096632,16.599596842638817,0,0,0
-11.59772985062311,-0.002979021170293095,88.9120573780142,-17.60154597953362,-98.27804810866017,17.642618735780786,0,0,0
-11.297207320271298,0.1321184169548218,60.08765326914613,-17.750576313566434,-69.47068657508451,17.761506092893473,0,0,0
-10.787964078353625,0.25648354289659353,36.41160893459838,-16.969245570103343,-45.85698709015408,16.95154958149751,0,0,0
-10.133471769606146,0.363755907694042,20.172439974154713,-15.315645258582709,-29.716560248739697,15.27335435624995,0,0,0
-9.41305215453768,0.44913046165504655,11.662223127873261,-12.93282599896896,-21.32870152676064,12.872387482269351,0,0,0
-8.701133062540578,0.509563214638139,9.449140509166,-10.070974243381949,-19.246257033194226,10.000675008039345,0,0,0
-8.050316439948233,0.5442024963911735,11.148120664185711,-7.076075035297029,-21.067777209887296,7.005057222352027,0,0,0
-7.4834430288150315,0.5547980905612164,14.299387460205082,-4.327006638550958,-24.317980509161472,4.264102544687023,0,0,0
-6.995515143326472,0.5456427242649624,17.032398028362508,-2.139700253430547,-27.113895575406545,2.0923774198482166,0,0,0
-6.562901951747548,0.5227783484365688,18.36429029614402,-0.683767634610868,-28.465324730572874,0.6574104309876873,0,0,0
-6.155704886711376,0.49262779209698093,18.151307025043906,0.048262637837126476,-28.227475885139896,-0.050654309411586954,0,0,0
-5.749226414659134,0.4605786923656467,16.81758688363655,0.2098155559104896,-26.829661128214283,-0.18756315297211473,0,0,0
-5.331536835704,0.430093698293993,15.014606400292905,0.028839931660519368,-24.933212891671914,0.016723003969377714,0,0,0
-4.905688285240458,0.402639607786152,13.334763628046034,-0.26989163858165455,-23.142455938862824,0.33584896110639023,0,0,0
-4.486774233567871,0.378326280583633,12.144849506244526,-0.5211457213032361,-21.83524462087651,0.6034408720855111,0,0,0
-4.095346138884111,0.3568544880589499,11.547296068270896,-0.6421853665519819,-21.121888562915373,0.7359978404487919,0,0,0
-3.7493794570083026,0.33830173505761535,11.436519980790905,-0.6251976679484159,-20.90054717019352,0.7252144668253919,0,0,0
-3.4570469509535116,0.32341446311210686,11.600471074388537,-0.5110379266067241,-20.95949089809757,0.6116320187541561,0,0,0
-3.212252337490142,0.3133411965613931,11.820940815330147,-0.3581586410707388,-21.079486854551433,0.45354026584487317,0,0,0
-2.994357071158049,0.3090147895786302,11.9424366306242,-0.21751369194787173,-21.105346326084955,0.30194634028796374,0,0,0
-2.772687536135223,0.3105426486433501,11.899330345559747,-0.11885982375598872,-20.975331216885976,0.187001608199688,0,0,0
-2.515081783538065,0.3169071765501087,11.70720761756931,-0.06865005150194747,-20.713340940672722,0.11600514639511061,0,0,0
-2.1981248700900693,0.32604985772567685,11.433019989585517,-0.05612631029590318,-20.397810233223183,0.07952483853666763,0,0,0
-1.8155403894541564,0.3351770755473865,11.159626708567316,-0.0628278627164974,-20.122992535983187,0.06083980208395303,0,0,0
-1.3813477471343703,0.3410660418273125,10.956251268684639,-0.07130803786806723,-19.96522853887963,0.0445276478662322,0,0,0
-0.9262743733830234,0.34029716732388093,10.860795553251421,-0.07059578633338219,-19.961837098964267,0.021767693902154404,0,0,0
-0.4888808797515338,0.32953763561176713,10.875256877831873,-0.05785939860780047,-20.105298784826843,-0.008162883625226413,0,0,0
-0.10527619547964662,0.3060508418555429,10.972192447223563,-0.03709726057551847,-20.35109287725804,-0.03936230269688394,0,0,0
0.19840808078298267,0.2684448307641262,11.107860436649474,-0.016249969163251877,-20.63421037588911,-0.062343810867091065,0,0,0
0.4086146020807604,0.21741581337060154,11.236478767290379,-0.004038107664158019,-20.88766938706341,-0.06733901365482212,0,0,0
0.5226888199824486,0.156088516703403,11.320736359481742,-0.007388853528820505,-21.05696005313824,-0.04700630604347111,0,0,0
0.545426635017364,0.08964722052416504,11.336235011814125,-0.029838944123957843,-21.106963967641562,0.001851677804921792,0,0,0
0.48632343755119223,0.024277089835067045,11.270520297952999,-0.07098179651527517,-21.021248341894093,0.07765369615657391,0,0,0
0.358617744251859,-0.034196775691680156,11.119245631925736,-0.12685280751915115,-20.796382672531408,0.17441742157421344,0,0,0
0.17953741989965977,-0.08143122462362413,10.882362733396434,-0.19100682278657644,-20.43529159931434,0.2829489437804,0,0,0
-0.02980216814137293,-0.11507583622372834,10.562406112011843,-0.2559121361158049,-19.94332032091505,0.3925099261331241,0,0,0
-0.24610998140086338,-0.13465554630933668,10.165438912679122,-0.31426194435565835,-19.328761823261104,0.49254674687695965,0,0,0
-0.4472439523964482,-0.14109643284977977,9.703664372032051,-0.35993595224701946,-18.606918661515905,0.5741012140664793,0,0,0
-0.6159041654532587,-0.1362328370664727,9.19779220878371,-0.38854031815282325,-17.80472093808511,0.630667630247632,0,0,0
-0.7421437601565231,-0.1224994757715379,8.67735740613233,-0.39759045690693995,-16.96257012573217,0.658456158312265,0,0,0
-0.8238666431109181,-0.10279999714905301,8.178116915925159,-0.3864439343317315,-16.131492584368644,0.6561980192046164,0,0,0
-0.8655376934804337,-0.08038851844387125,7.73687548934393,-0.35607540208381466,-15.365951826976769,0.6247241452917336,0,0,0
-0.8760049331135349,-0.058593210166219475,7.385117116424766,-0.3087526360089214,-14.714572039417774,0.566533738445527,0,0,0
-0.86637701346352,-0.04034840952157026,7.1433410628563365,-0.24765206410684187,-14.211821089408758,0.4854643193023648,0,0,0
-0.8484625515908704,-0.02767854876836111,7.017923390079119,-0.1764593762800672,-13.873311407268176,0.386450738879401,0,0,0
-0.8336873525800854,-0.02136057572041352,7.001652091173696,-0.09901918966179153,-13.696078867997713,0.275289842922119,0,0,0
-0.8320420830630582,-0.020925178947082658,7.077912552589908,-0.019091131584610822,-13.663424438805833,0.1583335601448809,0,0,0
-0.8507280476121508,-0.024992920490319648,7.227143730963633,0.05977654169616642,-13.752275468492257,0.04208202878319014,0,0,0
-0.8926896531368698,-0.031786426563951406,7.433198445983038,0.13430776607444841,-13.940213549291101,-0.06730608461531062,0,0,0
-0.9557495173606583,-0.03960393077843065,7.687165509514415,0.2015797871966413,-14.20967169651098,-0.16453581644344695,0,0,0
-1.0331184325817446,-0.04710767661613317,7.987205600079051,0.2591771845830806,-14.548156982919835,-0.24564571379901706,0,0,0
-1.1154668983836302,-0.053416039389327354,8.334640906305594,0.3053847454149349,-14.945131539144867,-0.308316391771433,0,0,0
-1.193869198753049,-0.05808867936190154,8.72819477716925,0.33931634923501974,-15.38763288557088,-0.3519309673912218,0,0,0
-1.2624163212478265,-0.061095234934136045,9.15913893482275,0.36089144328848305,-15.857179253843228,-0.3773727673710752,0,0,0
-1.3195393177522021,-0.06278283773892782,9.609695235909925,0.37066127220915346,-16.329768545258347,-0.3866296599879234,0,0,0
-1.367847746473359,-0.06378878286402738,10.055499545323045,0.36958257003977335,-16.779242785712043,-0.3823288197862567,0,0,0
-1.4129288766820736,-0.06485219635043223,10.471076044940105,0.35886604267721794,-17.18273411271805,-0.36733355648874094,0,0,0
-1.4616803969535113,-0.06655568012551072,10.836058163848463,0.33997030635255215,-17.52600314220301,-0.34449329028391273,0,0,0
-1.5205180305261479,-0.069096657273478,11.139811168074573,0.31470403834092336,-17.806510149170336,-0.3165580712909559,0,0,0
-1.593637346000932,-0.0721819189972237,11.382991209912149,0.2853057669800251,-18.032959894373548,-0.28618213110072477,0,0,0
-1.6816403960860669,-0.07506919139017185,11.57586602685123,0.25435221125089524,-18.221492547807244,-0.2558948782418753,0,0,0
-1.7810236996387374,-0.07671272741057322,11.734343969831116,0.22442059774731718,-18.390064441983995,-0.22794181437504052,0,0,0
-1.884835771487829,-0.07595295807016811,11.875235160578484,0.19756142736092386,-18.55321359848044,-0.20397982901709782,0,0,0
-1.9842355112200636,-0.07171514610427324,12.012196604623,0.17475776030914575,-18.719000564850475,-0.18471122666513223,0,0,0
-2.0702312316539206,-0.0632132198715368,12.153217348418877,0.1555936664090325,-18.8887173276771,-0.16961422877908205,0,0,0
-2.134975020579091,-0.050160996990915405,12.299705522796216,0.1383024324954391,-19.058660929462448,-0.15693704306501105,0,0,0
-2.1724584573837546,-0.03295929574570948,12.446690318549344,0.12023399014338451,-19.22253240288903,-0.1440484336210602,0,0,0
-2.1788318579962436,-0.012779603264927174,12.58363576693992,0.09862120048092607,-19.373115408854332,-0.12809716677319613,0,0,0
-2.152650229241516,0.008537763774462803,12.695747832164898,0.0714014904210984,-19.502652436961156,-0.10678971388532546,0,0,0
-2.095247315910086,0.02878847694302351,12.76601553486654,0.0378297029411101,-19.602330325023658,-0.07903441547831846,0,0,0
-2.0112333535431617,0.04584700995294071,12.778205928285075,-0.0012797325605873767,-19.661976884017847,-0.04525946424258791,0,0,0
-1.9088197322880092,0.058136890223933334,12.720555974640376,-0.043686972850423444,-19.671036109715956,-0.00734349647461272,0,0,0
-1.799458133743201,0.06500781740730162,12.589250064789468,-0.08614311836765864,-19.621110737333694,0.03178655924135683,0,0,0
-1.6963507417898285,0.06690232362063711,12.390493634034101,-0.12498703214303361,-19.50934471963366,0.06877557243112734,0,0,0
-1.6117611321245136,0.06522674526972594,12.140420022813004,-0.15683358242590656,-19.34131197010298,0.10053157330740987,0,0,0
-1.5536061183397578,0.061932449389667,11.862835794291982,-0.17922846513765195,-19.132095894208575,0.1248142822299684,0,0,0
-1.5223802833107385,0.058937972741001945,11.585259134872757,-0.19109832426626666,-18.90466681047546,0.1405587651627826,0,0,0
-1.5098086217898725,0.057601874289179025,11.333765445509584,-0.19285576187325545,-18.68535968454306,0.147866024400588,0,0,0
-1.5003827765442566,0.05843358069728168,11.127412007905832,-0.18614219171468277,-18.497336703887058,0.14773512192768692,0,0,0
-1.4759228220134162,0.061116286280652334,10.97373088349002,-0.17333495993912323,-18.354187502723974,0.1417102456976096,0,0,0
-1.4218536261331423,0.06477360729426067,10.867222685622409,-0.15702259027295895,-18.25638923239002,0.1316064448364358,0,0,0
-1.332800989396219,0.06831907747901482,10.791998355907822,-0.13961938918247938,-18.192375865710076,0.11937427800899628,0,0,0
-1.2151223267703841,0.07073620950998674,10.72782814764264,-0.12317079358742263,-18.143759518056825,0.10704070665979373,0,0,0
-1.0851878789833052,0.07122950817726234,10.657144034642869,-0.10928001761064081,-18.092242262657564,0.09660545385571026,0,0,0
-0.9640250591819068,0.06928891342502937,10.570194120083414,-0.09905611615333783,-18.02524752173862,0.08982260139120513,0,0,0
-0.8704153435496096,0.06474857437728332,10.466641902467188,-0.09305626644441815,-17.938353114118613,0.0879202390553047,0,0,0
-0.8150181882108711,0.05787449068359649,10.353551198998531,-0.09128462451555493,-17.834259743877524,0.09140117860314376,0,0,0
-0.7975135400172491,0.04942672504623431,10.240965269403176,-0.09331727679152095,-17.719305145985956,0.10003957273983702,0,0,0
-0.8074936422939629,0.040589290843267636,10.136850846372454,-0.09853851223744811,-17.599110689975006,0.11306313858048896,0,0,0
-0.828437078240583,0.03270385615840752,10.043168219045839,-0.10637731466615889,-17.474985112170927,0.12939657081062136,0,0,0
-0.8431087192971773,0.026865060239543936,9.95437644046686,-0.1164088342008796,-17.342377446358583,0.14782837337425575,0,0,0
-0.8385337389338758,0.02354002055003406,9.858825587992612,-0.12825669054134609,-17.191980138311706,0.16704501622396323,0,0,0
-0.8092294183377078,0.02237445423249227,9.742443025268159,-0.1413478726728954,-17.013128132251936,0.18557242543100755,0,0,0
-0.75814931739923,0.022253578985058198,9.59337088798128,-0.15465568910565536,-16.79827655455135,0.20171059517361556,0,0,0
-0.6953744567864675,0.021582094591606447,9.406105778074618,-0.16658279523728936,-16.546963787996063,0.21354966132792158,0,0,0
-0.635015138049269,0.018687979534158218,9.184074997053727,-0.17509773356388508,-16.26790295187898,0.21914749233341696,0,0,0
-0.5912736458859484,0.012232336275431521,8.940072472269577,-0.17815274441805684,-15.978535489567449,0.21691440558696087,0,0,0
-0.5749777501666671,0.0015114075696800455,8.694408378346623,-0.17427630724954782,-15.7021991942498,0.20614782713852123,0,0,0
-0.5916726963778984,-0.013425388647466719,8.47102289399956,-0.16309315426370005,-15.46361407669579,0.18750976799080377,0,0,0
-0.6415572828990008,-0.03185674549387159,8.292190883406988,-0.145474636011582,-15.283510188836757,0.16314791506728737,0,0,0
-0.7207853565428621,-0.052630598210558335,8.172848996286291,-0.12313137711407193,-15.173233390488974,0.13622438084109803,0,0,0
-0.8234196632370754,-0.07448582735178207,8.116062515497134,-0.0976893306390764,-15.130501866926494,0.10983577118500279,0,0,0
-0.943483304812375,-0.09634651394051161,8.111511482631158,-0.06953047379238626,-15.138030452343898,0.08559579366353773,0,0,0
-1.0767167723379458,-0.11748518587727971,8.13862452786546,-0.03683215529542281,-15.166797403878476,0.062382858161203106,0,0,0
-1.2216804388920508,-0.13751782907728227,8.174792006933899,0.004758671787615754,-15.184719979585083,0.03580844931673255,0,0,0
-1.3798734115670896,-0.15629273871906832,8.207181690662964,0.061549206463161,-15.169545240028953,-0.001226369298333907,0,0,0
-1.5547387852910646,-0.1737885537694197,8.244767734345714,0.14034845655122014,-15.122577552932071,-0.05689273403460362,0,0,0
-1.7498296089394643,-0.19010508085871863,8.326086825392395,0.24648007053318963,-15.07837061263777,-0.13812495577781903,0,0,0
-1.9668509871507212,-0.20555392830822966,8.518609611875718,0.3818464407231005,-15.105529583528465,-0.2483406258040503,0,0,0
-2.204484670089684,-0.2207930314955604,8.907682948038598,0.543760711341298,-15.295773881820097,-0.38600463766136955,0,0,0
-2.458670894237059,-0.23692319008295754,9.576333561798492,0.7252570977186167,-15.74216073083501,-0.5447978419106064,0,0,0
-2.7244704718242616,-0.2554725113636877,10.58086322082903,0.91738919047894,-16.511751424704684,-0.7159100885293,0,0,0
-2.9990225878946717,-0.27822336714081786,11.929975889862163,1.1135514409975058,-17.6214367103844,-0.8924859528402038,0,0,0
-3.28464708729355,-0.3068712963831345,13.57623164127844,1.3151214698514964,-19.02684378049217,-1.0755059899189021,0,0,0
-3.5909123397216263,-0.3425458572995055,15.427362984120066,1.5369178992278194,-20.632698398691147,-1.2795612961671465,0,0,0
-3.934598525203967,-0.38527858006995075,17.381073595452364,1.8104371933832055,-22.328646125321953,-1.536403792133396,0,0,0
-4.336972456699243,-0.4335516563197103,19.380282144320773,2.1828543104943834,-24.04743708133411,-1.8941363650340803,0,0,0
-4.818542572770809,-0.48405556717821413,21.477301523907357,2.710420050428567,-25.83343051182679,-2.4105687672453313,0,0,0
-5.392309560145776,-0.5317238293975166,23.88778860415391,3.4461266586612,-27.90114254519993,-3.1405920265227705,0,0,0
-6.057270470789192,-0.5700630973145422,27.012054881870654,4.4233454171266,-30.659811803154057,-4.119377516569562,0,0,0
-6.7941874574341625,-0.591792340351688,31.404876666742325,5.63937429535037,-34.683524381175815,-5.345512278908325,0,0,0
-7.565026143606403,-0.5897886355466483,37.6850637251147,7.044561916869091,-40.617439097158,-6.769873824608354,0,0,0
-8.316260881869837,-0.5582436637107506,46.39124247647416,8.542318643734793,-49.02735697561211,-8.295577583290376,0,0,0
-8.985278060438972,-0.49380053668330104,57.809685812544444,10.001907479864602,-60.2206189461878,-9.79081763694706,0,0,0
-9.508835743238507,-0.3963711387159222,71.82110593762377,11.280624513985362,-74.0878211877744,-11.111136474490236,0,0,0
-9.83248488067045,-0.2693871338654773,87.82669276414327,12.248025333285057,-90.02738437140549,-12.123777994807002,0,0,0
-9.919409093806749,-0.11938893035573983,104.80346858166871,12.804931282873905,-107.00321291423786,-12.726917357482442,0,0,0
-9.75654793960382,0.04495005573645159,121.49637632255337,12.89381999361738,-123.74160688129739,-12.860412907522056,0,0,0
-9.356020947304998,0.21409936350417097,136.69403374400753,12.501887718274961,-139.0125072901023,-12.509311297510454,0,0,0
-8.751141809443965,0.3789212767223532,149.49230821472122,11.660337892659157,-151.89759175122407,-11.703503110857783,0,1,0
-7.988076760991561,0.5316543677384502,159.4541894954814,10.442169416653098,-161.95269795600024,-10.515627244463765,0,1,0
-7.115525586241887,0.6665680821699767,166.6232636612885,8.95746791207614,-169.22156817237857,-9.056145551520451,0,1,0
-6.1752672468281276,0.7803562589270825,171.41011965922377,7.343037800983245,-174.12046995071665,-7.462498622034159,0,1,0
-5.19606529321544,0.8723287984449328,174.41306473913602,5.74452073610658,-177.25565005476562,-5.880687728314866,0,1,0
-4.192292065854005,0.9443624088788951,176.24280010415475,4.293467444612543,-179.24409363241205,-4.441982959298281,0,1,0
-3.1668040589706834,1.0005104255632489,177.40137188490468,3.0859054935511496,-180.58883988661,-3.2414619776700477,0,1,0
-2.1158465045359236,1.046211774210613,178.23384659150116,2.1694705652395783,-181.62819913457946,-2.3254645642050376,0,1,0
-1.0332599551544916,1.0871541228493697,178.94158368361917,1.5427388105104511,-182.54848416444605,-1.691462262976529,0,1,0
0.0876031414839531,1.1280005916315858,179.62870819013295,1.1655225001207328,-183.4323368830851,-1.2988749988123913,0,1,0
1.253962446188524,1.1713498659008779,180.35136315023271,0.9754312156634114,-184.31221152792455,-1.0859289073401215,0,1,0
2.4740409811145696,1.217359515256959,181.14889514787717,0.9050981429776073,-185.2073435980506,-0.9868741315220518,0,1,0
3.7560156422518105,1.264271121427457,182.050651766393,0.8956154623201883,-186.13619080214386,-0.9451808487528126,0,1,0
5.10473866948773,1.3096350047261267,183.0653446604311,0.9038791814677267,-187.10921993884057,-0.9205645682778879,0,1,0
6.517433365793337,1.3516083029360175,184.16737689577013,0.9038250980183363,-188.11493912816684,-0.8899224931921992,0,1,0
7.9813030867155845,1.3896293882426094,185.29378153393083,0.8832700183548183,-189.11283494763256,-0.8438903251288365,0,1,0
9.475907155303886,1.4241423149423382,186.35752650810656,0.8388503907609788,-190.04064837413813,-0.7814695030806036,0,1,0
10.980503542725344,1.4556230150533715,187.27263840617843,0.7713671959741589,-190.83384481735834,-0.7050481805903814,0,1,0
12.482823074205683,1.4835880610320864,187.97983466380254,0.6829945880780087,-191.44770909636804,-0.6173530368645231,0,1,0
13.983897023910046,1.5062829848562203,188.46140837368114,0.5766537104110057,-191.87124013437347,-0.5207167958741821,0,1,0
15.495385595611907,1.5213045900885263,188.7398670578425,0.45677150909803005,-192.12690655873058,-0.4179257584534867,0,1,0
17.030271131648284,1.526764263567769,188.86256710761876,0.3300734777715775,-192.25782540395443,-0.3132938726911846,0,1,0
18.591896252572674,1.5222147696782629,188.8805976471731,0.20531242593629032,-192.3097211707891,-0.2128023148644104,0,1,0
20.167568518049933,1.5087580573313772,188.83188176454115,0.09174949372786614,-192.3163878975824,-0.12300065071444806,0,1,0
21.7304792666786,1.4883600631844423,188.73509198675043,-0.002881352515674962,-192.2941967127017,-0.04929250014707805,0,1,0
23.248945722393273,1.4629157846338003,188.5945163116466,-0.07390038068426179,-192.2457736745444,0.005395995042397317,0,1,0
24.698054852086514,1.4336767478258274,188.41065076746946,-0.1200717536971581,-192.16867152278223,0.040905707236589706,0,1,0
26.068084116039117,1.4013208498018273,188.1901333434571,-0.1429111636302025,-192.06385132450282,0.059128062080645805,0,1,0
27.366423706050107,1.366502762014101,187.95102113864579,-0.14549019286201884,-191.94063409783882,0.06285496237641156,0,1,0
28.61305487024805,1.3304463932413966,187.72240456683852,-0.13142128771648345,-191.8172801839495,0.05485547824035279,0,1,0
29.83215307387018,1.2951605630507608,187.53914952087092,-0.10438706282938597,-191.71784948636468,0.03753085432281864,0,1,0
31.043479629666557,1.2631215615163462,187.43345547131673,-0.06809954370085052,-191.66654478314797,0.013069246759476983,0,1,0
32.256923872713685,1.236573747630787,187.4256957185529,-0.026324395611015915,-191.68117154702497,-0.01623819384197418,0,1,0
33.4720324504639,1.2167719525656415,187.51766888737632,0.017264218076468295,-191.76783311517886,-0.04782572076770748,0,1,0
34.68208489718621,1.2034895662512077,187.69122135845657,0.05934765389202425,-191.91888816947352,-0.07891910237268007,0,1,0
35.880161337556736,1.1949964330014438,187.9135208746381,0.09717942057888536,-192.11508120694964,-0.10676471561465632,0,1,0
37.063792328394385,1.1885274533638324,188.1474068113593,0.12870137150574124,-192.33105346120198,-0.12893779031841177,0,1,0
38.23580364169553,1.1810757177131648,188.36277552422177,0.15264581131714294,-192.5421085321799,-0.1437068192149468,0,1,0
39.401319368562184,1.1702216240921495,188.54449767756603,0.16868870223439672,-192.72982512156563,-0.15041446375183795,0,1,0
40.56301920026249,1.1547001627900464,188.69419877262737,0.1775565256373625,-192.88492734009606,-0.14973139515150818,0,1,0
41.717427607508505,1.1345273396794462,188.82616323592833,0.1808716589905373,-193.0072273895488,-0.14358439529746078,0,1,0
42.854236806798205,1.110726788572125,188.95991358448816,0.18061786277456235,-193.10361297529744,-0.1346646873776251,0,1,0
43.95914011363518,1.0849126950865517,189.11258274089687,0.17838353756187075,-193.18531618454335,-0.12564132927900004,0,1,0
45.01903407836436,1.0590277674858022,189.29323414374994,0.17475850824918665,-193.26514706669394,-0.11838322285538538,0,1,0
46.02735829398067,1.0353388044338416,189.49993794836195,0.16921488017205205,-193.35473212244813,-0.11351120294339694,0,1,0
46.987429223277985,1.016514646319635,189.71969950238372,0.16052390532261143,-193.4617280807259,-0.11045062000214897,0,1,0
47.9129192792599,1.0054831192832239,189.931242186978,0.1474612733911556,-193.58746675399198,-0.10791830105654299,0,1,0
48.826081316553555,1.0048619132534078,190.11036060671364,0.12942600851958447,-193.72594076073375,-0.10457542081572342,0,1,0
49.7547074129006,1.0160129434537724,190.23664647928655,0.10669226208826785,-193.8649371509996,-0.09951853813541334,0,1,0
50.72816566345884,1.0380707208237474,190.2994378258535,0.08024817898248102,-193.98943354011755,-0.09241238423997515,0,1,0
51.772258800340744,1.0674768818934737,190.3007759698399,0.05141021188308059,-194.08641040011423,-0.08331943282105954,0,1,0
52.902855939332284,1.098426010905672,190.254173669684,0.0214962537697204,-194.14936718345467,-0.07247477347997915,0,1,0
54.1192695481729,1.1241909798290486,190.17950536177955,-0.00826037509786488,-194.1805015658975,-0.06023873226255887,0,1,0
55.39974128660184,1.1388320296658279,190.09571593357475,-0.03658703020199141,-194.1892709090937,-0.047253698527515556,0,1,0
56.702127112915406,1.1386252970019286,190.01404006719275,-0.062025483463617095,-194.18792645065872,-0.03461094359623758,0,1,0
57.971689332334705,1.122736404340938,189.93466204008092,-0.08294929047903565,-194.18647581552568,-0.023771784391578878,0,1,0
59.15482907755039,1.0930304281854597,189.84863843599936,-0.09780490128085831,-194.18985407661756,-0.016132952133983736,0,1,0
60.214401613211834,1.0532420002459317,189.74449030469373,-0.10548580029458776,-194.1984777460089,-0.01238880327726406,0,1,0
61.140960382919886,1.0078979296630386,189.61639164465038,-0.1056530838668209,-194.21104658696197,-0.01204886561948797,0,1,0
61.95552970686822,0.9613401598863603,189.46994492106313,-0.09882288685977869,-194.22715138403333,-0.013449349224191564,0,1,0
62.70256308219534,0.9170127537871722,189.3227269570313,-0.08616511909172005,-194.24773992145407,-0.014320111543725034,0,1,0
63.4352759417916,0.8770195769733675,189.19931566673813,-0.06913828168375176,-194.2732552162273,-0.01261466128637494,0,3,0
64.19824884480329,0.8419221737035627,189.12297452311134,-0.04918872720391505,-194.30099022209237,-0.007153529523634461,0,3,0
65.01314288546544,0.8107722662970616,189.10748706497697,-0.02767620881201651,-194.3237644013356,0.0022066831619838466,0,3,0
65.87225465078713,0.7813769707786704,189.15238887627555,-0.006002213041949744,-194.33112756609597,0.014827441846557576,0,3,0
66.74188510206838,0.7507763006024334,189.2432792232434,0.014235966274725342,-194.31262242838943,0.02966983400498293,0,3,0
67.57405081458602,0.7158980537193557,189.3567511639602,0.03125818204359802,-194.2613893718539,0.045520973861465565,0,3,0
68.32212427618245,0.674323371078492,189.46772821657356,0.043366109967394095,-194.17641091438907,0.06099772506984209,0,3,0
68.95473009070659,0.6250198749970082,189.55636951423088,0.04939624113426362,-194.0627721684964,0.07448201324800152,0,3,0
69.46329271289255,0.56882031413639,189.61230458381038,0.04918202390125544,-193.9304530439835,0.08420208265862357,0,3,0
69.8615436193889,0.5084315174917705,189.6353087774673,0.04380431241850147,-193.7925301828394,0.08854520809505857,0,3,0
70.17850965257652,0.4478901535533339,189.63297676641207,0.03546788994146368,-193.6632779655289,0.08648686222213656,0,3,0
70.44844759477337,0.39158540026301125,189.61693693445397,0.026992047346635673,-193.55617008961235,0.07791192437495624,0,3,0
70.70134602682934,0.3431442272674573,189.59930730398952,0.02107454835724525,-193.48174357474937,0.06366264356437909,0,3,0
70.95656982570483,0.3045344815550649,189.59043200046057,0.01958620973351799,-193.4456754851454,0.045313052301304425,0,3,0
71.22078663760172,0.275650945023213,189.59795812265804,0.023134331639704443,-193.44775380616807,0.024806168110501403,0,3,0
71.48990481721613,0.25446105836568905,189.62667163742657,0.031023932160400135,-193.48227012810435,0.004112568402194938,0,3,0
71.75356654885702,0.23760793202959718,189.67847370014601,0.04159867396857635,-193.53978447874528,-0.015006063536731062,0,3,0
72.00007490625724,0.22127597386807024,189.75223161156606,0.052807429011636486,-193.60964164548335,-0.031137011826120897,0,3,0
72.21980216312468,0.20211039237234302,189.84364790020743,0.0627672645741825,-193.6823913628785,-0.04330782114819272,0,3,0
72.40615420304579,0.17799064476795082,189.9455480990713,0.07011828148388873,-193.75140449881746,-0.05104949282016946,0,3,0
72.5545889728725,0.14847119591874644,190.04896350609783,0.07408567374388894,-193.8133386008962,-0.05440525100917171,0,3,0
72.66120733345407,0.11476078504709193,190.14501122457034,0.07432156518746069,-193.86754020787356,-0.05384677866780976,0,3,0
72.72244995055277,0.07924362923551342,190.22697994973134,0.07070932668517571,-193.9148217862313,-0.050095764503657846,0,3,0
72.73647627338434,0.044711841638861924,190.29161481529945,0.06330755544587419,-193.95617041334708,-0.04390133000204059,0,3,0
72.70549859678918,0.013589638256291892,190.33881486009693,0.05247984432568842,-193.99180631625978,-0.03585508258586856,0,3,0
72.63751266768705,-0.012583167278702945,190.36988728930118,0.03907872622094146,-194.02073791478244,-0.026314272697618435,0,3,0
72.54600284121216,-0.03327843757515296,190.38556696699777,0.024465031632831823,-194.04074212378185,-0.015451910128439295,0,3,0
72.44719332264586,-0.048770449425572335,190.3853071660248,0.010236557876248753,-194.04865494550376,-0.003387583193102728,0,3,0
72.3556985456876,-0.05976504513823642,190.3684463434643,-0.0022402250452216777,-194.04094218873718,0.00968204151693044,0,3,0
72.28032253025876,-0.06705165007318215,190.3363353612807,-0.012224501308497792,-194.01454722579365,0.023412076353491785,0,3,0
72.22180459712096,-0.0712869604701325,190.29361382242615,-0.019669249279411362,-193.9678577021806,0.03730256321501315,0,3,0
72.17350283919835,-0.07292669050372069,190.24737680333283,-0.024930098750763817,-193.9014160398046,0.05072769818914367,0,3,0
72.12479949917041,-0.07226336017283472,190.20457769927913,-0.02833938599707153,-193.818001371062,0.06298243054004046,0,3,0
72.06595977265252,-0.06950990977877466,190.16936980221448,-0.029962317537416537,-193.72204964981216,0.07335471908547789,0,3,0
71.99262899208786,-0.06487637187004083,190.14212236730282,-0.029703483903699635,-193.61878068410965,0.08124127711702159,0,3,0
71.90824576264984,-0.058612679677519,190.12058630179354,-0.027658944255421147,-193.513460932891,0.08630144807117404,0,3,0
71.82336923948381,-0.05102378932015341,190.10217310702706,-0.024423274812244246,-193.41091781838145,0.0885975678943737,0,3,0
71.75209422485811,-0.04247985986049372,190.08568399065064,-0.021096214532821022,-193.31510775464898,0.08863570724136025,0,3,0
71.7069348269872,-0.033433524116138355,190.07141150442732,-0.018948423389889512,-193.22852941756696,0.08724164012019173,0,3,0
71.69419573348357,-0.02443368097727756,190.0597459187265,-0.01893332055209953,-193.1515327450819,0.08529190246824214,0,3,0
71.71156670391943,-0.0161121406266858,190.0493810743037,-0.02131855514255676,-193.08188202323686,0.08341528297524974,0,3,0
71.74870424059341,-0.009125039095093258,190.03641465800462,-0.02562197888659057,-193.01505896739098,0.0818100854970453,0,3,0
71.79046425800902,-0.004051045588485636,190.01509346538023,-0.030854923530591806,-192.94558496986008,0.08026167995342348,0,3,0
71.82162296287974,-0.001271947074712898,189.98003659669348,-0.03591978354550065,-192.86913062512974,0.07833613524072121,0,3,0
71.831507585821,-0.0008750308501490167,189.92893681587725,-0.03996015872231169,-192.78462785435715,0.07563543093881435,0,3,0
71.81699537169891,-0.002609579325053346,189.86436651292763,-0.04252690108551747,-192.69536007792055,0.07197765358473021,0,3,0
71.78285878359895,-0.00590530281555317,189.79362387172114,-0.04354438539238572,-192.60830101884721,0.06742611180104063,0,3,0
71.73937475411098,-0.009941407929724732,189.72648615519563,-0.04316080223549079,-192.53174640224177,0.06219639330404334,0,3,0
71.6981845184857,-0.013756266802592166,189.6718099172042,-0.041597753236419524,-192.47217510817882,0.056543763750011064,0,3,0
71.66809994023303,-0.01639332701827101,189.63447690787132,-0.03907943160847367,-192.4317562092346,0.05072190745567014,0,3,0
71.6525136757639,-0.01706544335646214,189.61393722037985,-0.03585248547805122,-192.40762090522645,0.045024215205052086,0,3,0
71.64929016129616,-0.015293834932167271,189.6048066356497,-0.03224444849375345,-192.39309503435055,0.0398386869031981,0,3,0
71.6529015899831,-0.010972164505277248,189.59911593301604,-0.028685364322706165,-192.38014733235997,0.035630635400957546,0,3,0
71.65768969269703,-0.00434200021459219,189.58924228060874,-0.025647029122546884,-192.36191155057304,0.03282519459451692,0,3,0
71.66085315225638,0.004072906480193694,189.57041196109674,-0.02351523805224929,-192.33438570230663,0.03164695034851661,0,3,0
71.66405702237724,0.01348450084131656,189.5419220279901,-0.022458857697034772,-192.29697320888857,0.03201942439669665,0,3,0
71.67313713854618,0.02274078327342437,189.50677022849408,-0.022368432454192087,-192.25199466483764,0.03359581377854966,0,3,0
71.69595475196506,0.030123666307927975,189.47001586397016,-0.022909955016530148,-192.2034944562966,0.03590631002624036,0,3,0
71.73891358328764,0.03316477460937932,189.4366575366817,-0.023689706380014285,-192.15570560469365,0.03853223560525976,0,3,0
71.8029449486462,0.028654506297010586,189.40988833090097,-0.02446806847565881,-192.11156196526764,0.04120806901752303,0,3,0
71.87992150849814,0.01297581370537415,189.39025289583793,-0.02532131653691181,-192.07166276744096,0.043808049133878056,0,3,0
71.95052682437544,-0.01723802215355761,189.3757070854844,-0.026664074209867293,-192.03403193408815,0.04624663460614897,0,3,0
71.9845493360769,-0.06428420627005664,189.3622188692159,-0.0291168694787018,-191.99482497630737,0.048364441232820354,0,3,0
71.94423475566714,-0.12868582580674115,189.34456159585216,-0.033291045578749845,-191.9498308603978,0.04986960631059105,0,3,0
71.79061128931012,-0.20886808851131775,189.31719879572762,-0.03960476501321182,-191.89630521096785,0.05037008059487676,0,2,0
71.49167680084166,-0.30132295026097894,189.27528128589142,-0.048205366170344634,-191.83450686282708,0.049479465609994125,0,2,0
71.03029507584561,-0.40114285168847347,189.21560153370706,-0.058979212589667894,-191.76835025250944,0.046928582618585325,0,2,0
70.40909649389765,-0.502670916559039,189.13710540818266,-0.07155743400201117,-191.70479839319069,0.04260377418900134,0,2,0
69.65023269817446,-0.6000734018544562,189.0406098865496,-0.08525090668326811,-191.65200479874488,0.03648526838475732,0,2,0
68.78971544603641,-0.6878152071028765,188.92783466919752,-0.0989619330639016,-191.6167673091677,0.028545255444589655,0,2,0
67.86849299161341,-0.7611383263389356,188.80046076994125,-0.11121330199441673,-191.6023769412551,0.018714021783387123,0,2,0
66.92381765878505,-0.816606319981014,188.6601327454643,-0.1204010221588419,-191.60799419219813,0.006984267299549174,0,2,0
65.98381531753233,-0.8526274273411751,188.5097098023832,-0.12522724060978022,-191.6299722924598,-0.006380866108730743,0,2,0
65.06608268463837,-0.8697377706651963,188.35494226521314,-0.12512437263048354,-191.6643783059519,-0.020667544863238164,0,2,0
64.17922802592076,-0.8704430251231884,188.20506577578345,-0.12045345247742603,-191.70916499313398,-0.03470892986284184,0,2,0
63.32561360103152,-0.8586057240309266,188.071271064303,-0.11237117873943134,-191.7646641898316,-0.04712770226711882,0,2,0
62.504020802433864,-0.838603444030199,187.96332912760926,-0.10244145211786418,-191.83215891359674,-0.05674254264322372,0,2,0
61.71171878724569,-0.8145912070432757,187.88586168187783,-0.09220200616157967,-191.91147384182307,-0.06293588825034249,0,2,0
60.94580244694258,-0.7901016172116371,187.83607536177533,-0.08289162024923939,-191.9990940973733,-0.06578174727868032,0,2,0
60.203658205727145,-0.7679967893104198,187.8041228818032,-0.07540377649636412,-192.0880443318389,-0.06587678364812746,0,2,0
59.48245855131142,-0.7506070389116573,187.7760462487626,-0.0703673434263294,-192.16980236768734,-0.0640076988326939,0,2,0
58.7779055883523,-0.7398451275144922,187.7381126838485,-0.06818277354973361,-192.23735307470156,-0.06088082261730392,0,2,0
58.08279914541596,-0.7371537834639887,187.68079359989082,-0.06890059210113578,-192.2877897652466,-0.05707211125312028,0,2,0
57.386114791534176,-0.7432558234472936,187.6009045002495,-0.07196974840567236,-192.3231461424332,-0.05318962735322543,0,2,0
56.67315763680419,-0.75777633109129,187.50139234152016,-0.0760227094011782,-192.34924198146092,-0.05009588932433644,0,2,0
55.9271623258866,-0.7788889162126302,187.38944332880567,-0.07891874771254379,-192.37347241600463,-0.04899587036136381,0,2,0
55.132482967793976,-0.8032079487999233,187.2743232065979,-0.07818163888276786,-192.40288002612795,-0.051267989905278456,0,2,0
54.27916055277275,-0.8261644099868676,187.1661641978211,-0.07175953500855599,-192.44337011535532,-0.05805614147568576,0,2,0
53.36803913602968,-0.8429941497235205,187.07584826776355,-0.05881759095069583,-192.50005299061667,-0.06977646634218786,0,2,0
52.41476904360084,-0.8502210825745535,187.01493540467777,-0.040201334073776705,-192.57800303545253,-0.08575067128184628,0,2,0
51.450379063312184,-0.8472220356596196,186.99422985993493,-0.018346553305491398,-192.68248226674012,-0.10412889052175842,0,2,0
50.51626148848362,-0.8372643815700513,187.02051733376294,0.003328151736837981,-192.81791448945842,-0.12214404054656143,0,2,0
49.652857648180756,-0.8274530959401517,187.09261769038386,0.021293780596812438,-192.98555442866848,-0.13661856179880374,0,2,0
48.88390396578864,-0.8273574076604782,187.19889115951173,0.03273537894787069,-193.18065285525165,-0.1445769229747441,0,2,0
48.200937280207995,-0.8466107868642432,187.31792680846524,0.036104309032452875,-193.3905308866785,-0.14380653978386135,0,2,0
47.554518510186085,-0.8922801578204315,187.42272484617405,0.03132235182917498,-193.59491282147025,-0.13323323030056713,0,2,0
46.85795200839246,-0.9670054599490221,187.48726101256602,0.019671319655782327,-193.76906564411598,-0.11302869081139874,0,2,0
46.00558647616797,-1.0685935991375708,187.4935179872998,0.0034341793925250384,-193.88913934510276,-0.08445415772168303,0,2,0
44.90193126738725,-1.1910039438207967,187.43689135808808,-0.014647886370801189,-193.93811838845528,-0.04954250818996684,0,2,0
43.49196746539653,-1.3259830537548638,187.32815892296952,-0.032004914487083626,-193.9103353384582,-0.010765255423410735,0,2,0
41.78032446382196,-1.4644881680298263,187.19094305649276,-0.04679000273847578,-193.8127691748541,0.02922083395449704,0,2,0
39.830325497107914,-1.59750170391969,187.0548591276882,-0.058174767939215145,-193.66245606667525,0.06775976024524652,0,2,0
37.74281820997279,-1.7164564511625096,186.94613882667585,-0.06631277924363417,-193.48097951056815,0.10240075905998083,0,2,0
35.62407342824,-1.813796638327642,186.8788420146409,-0.07206706868399806,-193.28830540948576,0.13119411955148622,0,2,0
33.55605559990973,-1.8840052209759925,186.8500267810805,-0.07670610039963321,-193.09832254713353,0.15306291362057323,0,2,0
31.579501470989186,-1.9248829659764497,186.8409771667819,-0.08172672497852887,-192.91731521901778,0.16812242195876478,0,2,0
29.693387496767365,-1.9383756120135736,186.82413322012968,-0.08880032952874331,-192.74505805351617,0.1777581119816034,0,2,0
27.86762009289155,-1.9302469354905825,186.77284730045983,-0.09969585641187564,-192.5771981495879,0.18433468092464408,0,2,0
26.061879057627323,-1.908469883497132,186.66983035409174,-0.11602953358988088,-192.40748925224955,0.19058170553553283,0,2,0
24.24313780563203,-1.8809338803273057,186.51089167318423,-0.1388334789865496,-192.22911111887055,0.198870404994517,0,2,0
22.396568343686226,-1.853409202426184,186.30293976120532,-0.1681187068540851,-192.03518805503808,0.21064369178490666,0,2,0
20.52785614220209,-1.8284974991402834,186.05790056356943,-0.20269027315237054,-191.8191092574288,0.22617556277382392,0,2,0
18.65811937500147,-1.8057576806381697,185.78584349077704,-0.24037839993889065,-191.57516245521282,0.2446933230260015,0,2,0
16.814734624966945,-1.782683833182474,185.4905072247754,-0.27863683907461334,-191.2996013595406,0.26478230102687805,0,2,0
15.021963575647895,-1.75598287837787,185.16883971253964,-0.31527292672337237,-190.99188562928447,0.2849466298179436,0,2,0
13.294526479586352,-1.7226980749032677,184.8140744352582,-0.3490163313847631,-190.65555959127954,0.3041926881018867,0,2,0
11.635810690385668,-1.680979038215871,184.42034922074077,-0.37969010866643205,-190.29812482325616,0.3224625091638643,0,2,0
10.04078176106681,-1.630478417070109,183.9864789097137,-0.40784854771902135,-189.92937513931912,0.34066504922139984,0,2,0
8.502050273848624,-1.572376929886365,183.51710108685802,-0.43389214385309743,-189.5580229540701,0.3600712608244862,0,2,0
7.016157056599354,-1.50900742552016,183.0207283593366,-0.45692786707722916,-189.18718423785168,0.3811250882490526,0,2,0
5.586777961527517,-1.443105418123266,182.506038674541,-0.473985974780868,-188.81056296339943,0.4022393885894246,0,2,0
4.223071971501,-1.3768847955863237,181.97941508637922,-0.480407158211392,-188.4124587652148,0.4195558273802874,0,2,0
2.934350076137818,-1.3113143074538585,181.44692205224607,-0.4719696497756047,-187.97444984696796,0.42851731915700386,0,2,0
1.7246603697653455,-1.2459864964238108,180.9212285540031,-0.4485199353366454,-187.48835047705006,0.427258888615205,0,2,0
0.5909093944152346,-1.1797243847295333,180.42897996473096,-0.4177747644102965,-186.96949174339022,0.4205815981305022,0,2,0
-0.47432147627688437,-1.111644116596679,180.01000285314427,-0.39717296202598507,-186.46000131747667,0.4223295506641989,0,2,0
-1.4773323841529162,-1.0420623535513045,179.70065272298473,-0.4117927417583189,-186.01295163168612,0.45403860226558096,0,2,0
-2.419083203171297,-0.9726907513745274,179.50127955634724,-0.4876762993140858,-185.65678625316707,0.5390334018569263,0,2,0
-3.29519357344671,-0.9060097540349957,179.33935344275505,-0.642047699900479,-185.3522069727651,0.6933042430147964,0,2,0
-4.100284109367436,-0.8442446493496277,179.04899873907675,-0.8739227813300886,-184.9638887312097,0.9165239728730683,0,2,0
-4.833845573985528,-0.7885942331986115,178.3881112569578,-1.15946283984282,-184.27017694074362,1.1874454531645426,0,2,0
-5.503835542244275,-0.7391404453706073,177.10265209323836,-1.455609557544244,-183.02212474664555,1.4671573196027226,0,2,0
-6.1257474642121394,-0.6953718294515852,175.02644505324128,-1.713216707913034,-181.04140741682,1.7114457039472881,0,2,0
-6.7177861237309315,-0.6568357551295335,172.18200074070222,-1.8975952579595172,-178.32311074831938,1.890337062765542,0,0,0
-7.2950329375708804,-0.6233757697732031,168.83435156630276,-2.010811011436931,-175.0950372117448,2.009419117262797,0,0,0
-7.865725929982958,-0.5947340901288498,165.45390727770183,-2.1072437215747697,-171.78842812144944,2.1247012852134275,0,0,0
-8.431050678668768,-0.5697659002943112,162.5684856438544,-2.293380315004595,-168.89849459221324,2.3421252562419967,0,0,0
-8.987440754466633,-0.5458060644440266,160.52532697675207,-2.706223596608379,-166.75341562551165,2.7961043113249504,0,0,0
-9.528951271178741,-0.5186773200103915,159.23124332838574,-3.4724607296927674,-165.25801580013712,3.6091490477655555,0,0,0
-10.047625010655935,-0.4834915832126242,157.97656152332905,-4.660371892725971,-163.71687587907542,4.844455612883325,0,0,0
-10.53150457692864,-0.43598663768800067,155.45430810691187,-6.243395885069793,-160.84892437832366,6.470271268961317,0,0,0
-10.961896186684541,-0.37387026704709714,150.04041612715457,-8.092802354244094,-155.06108163339604,8.353371813502763,0,0,0
-11.312520664316054,-0.29761793163954026,140.3018377563136,-10.004932941441108,-144.94991693916444,10.28697409905062,0,0,0
-11.552701955857174,-0.21039111982398992,125.57828181344252,-11.75104968153496,-129.87855461948612,12.0409752711176,0,0,0
-11.654899314450887,-0.11713306409914707,106.40039271560482,-13.126400255110578,-110.39232452213163,13.411017866114133,0,0,0
-11.604428600453929,-0.023276521574291564,84.52588373526089,-13.978938493035121,-88.25470998642182,14.246806895766458,0,0,0
-11.40722999506417,0.06636325847291716,62.5191562294433,-14.214708015188378,-66.02875360170704,14.456817778831953,0,0,0
-11.091351952706532,0.14813302180292567,43.01483016140247,-13.792820652936863,-46.34366291433564,14.002573320185911,0,0,0
-10.700281912170212,0.2195302194289468,27.967240777279955,-12.725933803646882,-31.14783713899577,12.898644400683263,0,0,0
-10.28039022639885,0.27895020448791286,18.187176592977835,-11.091188269111182,-21.248806921410832,11.223468508721337,0,0,0
-9.867871992199468,0.325556996775812,13.307227955028083,-9.041376972018295,-16.280746590004114,9.13072403067645,0,0,0
-9.480565968655284,0.3594346635869329,12.112209597785949,-6.798748543988282,-15.035348431536931,6.843504711455705,0,0,0
-9.117218470026586,0.3818618858004257,13.042499719844784,-4.620652478525019,-15.963472932331811,4.620296720767996,0,0,0
-8.763199910978045,0.3953583413074483,14.666399122330688,-2.7434697504742473,-17.643869532272745,2.699047836344883,0,0,0
-8.399329346692767,0.40324035166691063,15.986622995421868,-1.32678486851772,-19.085084215367132,1.2412528690192857,0,0,0
-8.0100819645846,0.40874428879577207,16.538398295378073,-0.4218332509845112,-19.819662871864764,0.3001801116787476,0,0,0
-7.588611137059914,0.41408180244013265,16.3126314441931,0.02433661662866484,-19.825786394027077,-0.175192018621874,0,0,0
-7.137768539632049,0.4198585398882898,15.580132656659998,0.13499268927332936,-19.35318455088681,-0.30646405936667376,0,0,0
-6.667878395501106,0.42510194066809676,14.699392092102755,0.057188453453747456,-18.73530844880291,-0.23939490129519642,0,0,0
-6.1929473384411295,0.4278466419524179,13.968844083132723,-0.0797358793233002,-18.247005804623356,-0.10251841874505488,0,0,0
-5.727053967798142,0.4259819842540352,13.550594121314731,-0.18942278473872703,-18.032666776222854,0.01798411824948971,0,0,0
-5.2819805697723865,0.4179883349579271,13.462136490519242,-0.23468844778300024,-18.09998902520367,0.08435322304496821,0,0,0
-4.8661990633456185,0.4032994063408296,13.614384254382259,-0.21842097004228833,-18.357421945283775,0.09813105615914992,0,0,0
-4.484733491453866,0.38224393127042333,13.869040329097686,-0.1664634099647344,-18.669053719723294,0.08317917821272261,0,0,0
-4.139509504152414,0.3557141795278952,14.092395148034598,-0.10998548221038504,-18.905243032872235,0.06831008260178066,0,0,0
-3.8301986150053295,0.32479045620846564,14.19151381754807,-0.07261777993126942,-18.976130641415082,0.07472200919839053,0,0,0
-3.555617073651618,0.2905062309401785,14.128421743770218,-0.06443682750663982,-18.844475832435577,0.11023698205738981,0,0,0
-3.3153292269278154,0.25381889166802407,13.915498557012654,-0.08219600513566547,-18.521392768759583,0.16967984147832169,0,0,0
-3.110736600222154,0.215732277320528,13.599537269998905,-0.11368113253038814,-18.052207622785104,0.23925925817534335,0,0,0
-2.9450427763564733,0.1774623433820807,13.242666283820029,-0.14366470901777859,-17.49978571263945,0.3024446144917817,0,0,0
-2.8219916583963567,0.14056097039730844,12.906225846248333,-0.15929038206254803,-16.930296955648956,0.345221041793765,0,0,0
-2.7437916530921456,0.10696147697339313,12.640176439162587,-0.15350575649237613,-16.403190610420452,0.35940604406740134,0,0,0
-2.7088762901403385,0.07891541936680682,12.477572929078377,-0.12608523081472925,-15.964829363530342,0.34363227593742207,0,0,0
-2.7101100576330595,0.05875975514300791,12.4323932389199,-0.08258679514745496,-15.644607574805477,0.30238807094684006,0,0,0
-2.73389980017933,0.04846379178036244,12.499491327409118,-0.03208733662877705,-15.453032614934585,0.24396933003642118,0,0,0
-2.760583845271398,0.04901359045554443,12.65645625262431,0.015339060806235238,-15.382070200741069,0.17824938912049787,0,0,0
-2.76646287998355,0.05985863225397594,12.867569435622926,0.05067078371695288,-15.408153073061357,0.1148813386338361,0,0,0
-2.7277316754977363,0.07873583124655426,13.089630605538105,0.0672236624202526,-15.497512059291182,0.062117128643086515,0,0,0
-2.6260986824185295,0.1020627915427724,13.278663903711134,0.061263918860751686,-15.612514322420893,0.026109100900004022,0,0,0
-2.454906871801029,0.1257794756890817,13.396056891882381,0.03218531828299831,-15.717291821434472,0.010486661306163114,0,0,0
-2.2234053358565973,0.1462466054327379,13.412933683417862,-0.017597783167570925,-15.781483569310595,0.016120414205930446,0,0,0
-1.956433340626603,0.1608127718722784,13.312413063365113,-0.08303658407849639,-15.782019323989587,0.04113980577195377,0,0,0
-1.6882483747126145,0.16792643327505488,13.090212117685894,-0.1571729348482421,-15.703738354530302,0.08132971426043838,0,0,0
-1.4523153007422422,0.1669627074841415,12.754246421749883,-0.23220558241410175,-15.539740961743846,0.1309545290608483,0,0,0
-1.271433745851951,0.15804919952591803,12.323513495733408,-0.3007500800246078,-15.291828472875281,0.18387675196536007,0,0,0
-1.1524561265486142,0.1420659036048974,11.826090411839346,-0.3569863759976073,-14.970672143021531,0.2346540461153083,0,0,0
-1.087198547233001,0.12075742844242257,11.295840087140505,-0.39735158535609116,-14.594855930456973,0.2792593064640485,0,0,0
-1.0581046006563213,0.09670558870749346,10.767574781397087,-0.4205973467568356,-14.1879667686827,0.31523859183235314,0,0,0
-1.0456066871593492,0.07293630316400623,10.271163103465057,-0.4273034785051351,-13.773746802767292,0.34139375047644904,0,0,0
-1.0342478357520548,0.052191835407128906,9.826193131906308,-0.41913477923553727,-13.370751360281389,0.35725607673495857,0,0,0
-1.0158310514323716,0.0361802653755575,9.43941782985695,-0.39813765339681595,-12.98889050467011,0.3626074809107294,0,0,0
-0.9893774535516684,0.025173530234759767,9.106439595796758,-0.36624237830245077,-12.629633405666056,0.3571706526077662,0,0,0
-0.9588853430725521,0.018131315654707693,8.817177332634543,-0.32498260392672196,-12.289800849765811,0.3404557257572932,0,0,0
-0.9303969466709532,0.013256895219402053,8.56289862939451,-0.2753633437438111,-11.96718019439426,0.3117045516251281,0,0,0
-0.9096310920963759,0.008719070103192905,8.342136961765249,-0.21784627424453049,-11.665753663767987,0.2699386620040457,0,0,0
-0.9007208242010165,0.0032545642807690458,8.163666628814838,-0.15253395965906974,-11.398965616943869,0.21422824698706364,0,0,0
-0.9058853906859241,-0.0035380538414173657,8.046014047873285,-0.07967727927866405,-11.19029867288404,0.14430223263692027,0,0,0
-0.9255356484623007,-0.011251499350316862,8.013941343958976,-0.00047111409591593656,-11.070921252431418,0.06141401128664228,0,0,0
-0.9584159861274202,-0.01897214686330102,8.092700361019752,0.08218878025697052,-11.074360182726835,-0.030913499784369948,0,0,0
-1.0017021929443644,-0.02566514315749515,8.30085353531561,0.16346723431916246,-11.228468890410753,-0.12673762978748612,0,0,0
-1.0512115898465453,-0.030490129721154346,8.64264503707031,0.23714861801927895,-11.545868178300907,-0.21836647007221757,0,0,0
-1.101892447054837,-0.03296755465119929,9.101728454837598,0.29682279143449364,-12.015493292799633,-0.2976369298417453,0,0,0
-1.1486068117055623,-0.03300000677405279,9.639065135204248,0.3371804940438011,-12.59893584760951,-0.35729016999381147,0,0,0
-1.1870483782459047,-0.030808354556377537,10.197570972586135,0.35491727735239353,-13.234556492269121,-0.39198553129090075,0,0,0
-1.2145323893079194,-0.026848705221233615,10.713623141958038,0.34906882239789355,-13.849418364490163,-0.39881091936872226,0,0,0
-1.2303963707130094,-0.02174340461914568,11.131894543159774,0.32095261942690173,-14.375334915361321,-0.3774607242224747,0,0,0
-1.235885458426452,-0.01621937271780922,11.417818988311296,0.27401450016226647,-14.763200372822155,-0.33032751222846174,0,0,0
-1.2336191940260761,-0.01102838751817643,11.563114117482911,0.21370604423010206,-14.990776565340425,-0.26255717665486744,0,0,0
-1.2269030383397563,-0.006832658136015368,11.583388584998687,0.1472163209750647,-15.062469376414057,-0.18183886869388174,0,0,0
-1.2191362391358211,-0.004064994083904594,11.510379729584628,0.0827440919305161,-15.003076132635499,-0.09761413802734467,0,0,0
-1.2134053170246375,-0.002802884996727073,11.382790038692974,0.028199761989361603,-14.849143300585524,-0.019622530031280404,0,0,0
-1.2121763222366013,-0.0027149018743727995,11.238788897138619,-0.01036549923306893,-14.641065059348307,0.043893888879773614,0,0,0
-1.216933393065716,-0.00312891372050359,11.111228344954895,-0.030030524266001633,-14.417324534548328,0.08773584906286516,0,0,0
-1.2276983190849506,-0.003227052920460949,11.025011891891296,-0.031478913952366835,-14.210697872542568,0.11051603762024627,0,0,0
-1.2425612392751901,-0.0023080923767039964,10.995620761851654,-0.018532437366175714,-14.045643664802967,0.11445392858320388,0,0,0
-1.2575453894567374,-1.3105848590555525e-05,11.028239550829085,0.003032914230396955,-13.936396026563585,0.10435701026909072,0,0,0
-1.267174595631488,0.003576147000991625,11.11751374565128,0.026967220696636218,-13.885841882193503,0.08616503778550282,0,0,0
-1.2658897232306856,0.007985444279661635,11.248324977959243,0.047904309442972706,-13.885616189137963,0.06547866207514516,0,0,0
-1.2499839621067963,0.012486322240820868,11.39806421133693,0.062301480272031994,-13.917930090582018,0.046421032227574696,0,0,0
-1.2192672976217267,0.016243864354765946,11.540708871888597,0.06882480385324641,-13.959506029944592,0.03104609698469716,0,0,0
-1.1776438470147212,0.01842578007144624,11.652462245659336,0.0681910172725054,-13.987492922730496,0.01934628280629056,0,0,0
-1.132321879439985,0.01827456560709777,11.717831991568346,0.06259843838894028,-13.986278438596855,0.009755667002376355,0,0,0
-1.0920701706575073,0.015181073295548232,11.734243147675215,0.05495586322397798,-13.953114212272581,-6.908287049185446e-05,0,0,0
-1.0652596755372912,0.008803744436087868,11.71325993042376,0.04812264253685896,-13.900236902695596,-0.01243797397421531,0,0,0
-1.0583034385607277,-0.0007613270230493185,11.677530934576708,0.044306578091919846,-13.852180836740061,-0.02896786237891149,0,0,0
-1.0747997333857597,-0.012825326666131787,11.654223934718487,0.04467707449290685,-13.838839356539822,-0.050138515111433433,0,0,0
-1.1153638626760056,-0.026078117242357736,11.66707237789106,0.04920045519094742,-13.886532710898422,-0.07506049107120134,0,0,0
-1.177852278869807,-0.03876932291835118,11.729551403327832,0.05671606955912693,-14.009995928880116,-0.1014788971459268,0,0,0
-1.2575972323372895,-0.049100550151544554,11.841129992256128,0.06530130517721773,-14.207608714371133,-0.12609966018464575,0,0,0
-1.3475205642830446,-0.05575582738479738,11.987479616817666,0.07293301512603989,-14.460891181058926,-0.14529888698476157,0,0,0
-1.4384250194382986,-0.05845513518534347,12.14446679756881,0.07829476116870922,-14.73809783344251,-0.15610013564919428,0,0,0
-1.5200151086234968,-0.05838640193721147,12.284992687159615,0.0813624266676726,-15.001067410056123,-0.15704097050053178,0,0,0
-1.5830756721729529,-0.0583482118535116,12.387256199447393,0.08326569657310187,-15.214110814119039,-0.1483459745715578,0,0,0
-1.622817949385265,-0.062445774245784944,12.442590081684159,0.08501329917997395,-15.353225772543212,-0.13084191572042272,0,0,0
-1.6428547904141624,-0.07525680987055097,12.4604785462638,0.08505634959054191,-15.413182193232004,-0.10340858514103957,0,0,0
-1.6586637527578745,-0.10053657745885687,12.467848201395213,0.07627518359544468,-15.40924906154514,-0.05943948243315731,0,0,0
-1.6988459812111216,-0.13975187400765207,12.499729343622079,0.04357482650462998,-15.369992456614,0.016427071462710784,0,0,0
-1.8023100213276564,-0.19095182059385393,12.579684395127572,-0.03644901789815833,-15.318415086084343,0.14952304966213603,0,0,0
-2.010165331042799,-0.2485387130356557,12.691693488161548,-0.19257898651472657,-15.241694565781529,0.37262955284245863,0,0,0
-2.3528863388716132,-0.30422756951208496,12.750231452772113,-0.4524150427598926,-15.0552860053905,0.7189427582997581,0,0,0
-2.8359437595148194,-0.34892114938256924,12.58021506261511,-0.8330781318006302,-14.573827118815402,1.2113937995359492,0,0,0
-3.429533314562036,-0.37473964684193534,11.920502508178032,-1.3315603897948052,-13.505836913434763,1.8512038058433746,0,0,0
-4.06846280252951,-0.3764300396721225,10.461466334300127,-1.9182977744038652,-11.487815285694452,2.6100487751855326,0,0,0
-4.665093644506115,-0.35185027845645606,7.918439654085233,-2.53737713127168,-8.16379818954563,3.4298146846844473,0,0,0
-5.132066284239855,-0.30178503208832697,4.129697228257498,-3.114504697592855,-3.299244197872511,4.230989937016285,0,0,0
-5.406060221177228,-0.22960128985978087,-0.8477556965528379,-3.570410341309139,3.1027889968886058,4.9267402796554265,0,0,0
-5.463146377932347,-0.14107706800288752,-6.6832484004165735,-3.83507561089674,10.730495295241326,5.43744016561994,0,0,0
-5.320812805892217,-0.04429800208573624,-12.794086917589226,-3.8584811712822473,18.97973176076013,5.7013030361367045,0,0,0
-5.028015651926069,0.05084200790189612,-18.453353487767004,-3.6157636255298202,27.068204804381324,5.679585691578241,0,0,0
-4.648899237469422,0.13392912909035032,-22.953871960319276,-3.1071598869197543,34.212116791163766,5.357516353078646,0,0,0
-4.246714439543695,0.19596253629236884,-25.770541046352292,-2.354841485659384,39.800574537383994,4.743339583076015,0,0,0
-3.8725133354193986,0.23121119873764967,-26.66430920464444,-1.3991133836966043,43.50719344793228,3.867361208444744,0,0,0
-3.5600427235105485,0.23818625149023803,-25.696169920998074,-0.2952440370613658,45.308041630087956,2.7810165538606086,0,0,0
-3.3258023536026116,0.2194018950618542,-23.15315921511231,0.889725948187231,45.411365341240824,1.554205007798103,0,0,0
-3.1724409213161664,0.18022907588980672,-19.41871762833634,2.0817488302828395,44.13415163288764,0.26914457394480423,0,0,0
-3.093948233800731,0.12747016303349595,-14.83888953351888,3.2067966568892388,41.77640108133605,-0.9891066867408511,0,0,0
-3.0812838630299666,0.06816470647817283,-9.635688771030232,4.199292829795271,38.54066083384741,-2.1433491801466076,0,0,0
-3.126793855273675,0.008763914109181314,-3.896827435716915,5.010196760455903,34.52178183874116,-3.1335425743324263,0,0,0
-3.2257248930280014,-0.045477833028196815,2.364134815061391,5.612852460354361,29.759650543829366,-3.922772100546035,0,0,0
-3.3741976071344624,-0.09102914532797257,9.114094608573112,6.00488351773993,24.321049923755254,-4.498789583855964,0,0,0
-3.5650673747619663,-0.12644433377669345,16.222387251600423,6.205034603733045,18.36708273591792,-4.870802306208508,0,0,0
-3.7848741943275854,-0.15235253514804442,23.437658399914596,6.245217407338271,12.171767704608015,-5.062129018391735,0,0,0
-4.014821053792517,-0.17094115009036842,30.432354682545537,6.159668248287287,6.080320624627603,-5.100339697780926,0,0,0
-4.236093806882337,-0.1850114413400732,36.89567596228699,5.974257812455155,0.4234695026811863,-5.007222353598624,0,0,0
-4.436884259083101,-0.19692029749617318,42.63162840899412,5.699257700492905,-4.573871429197439,-4.791349309607723,0,0,0
-4.617473585281175,-0.20784693060392528,47.61328453986383,5.3281865110055495,-8.844889102581305,-4.44595902210455,0,0,0
-4.790695363933651,-0.21769077140235565,51.96099371184263,4.843547164117529,-12.462736143961848,-3.9536580359284814,0,0,0
-4.976908268674407,-0.22556318300349432,55.84575068883464,4.227524999183217,-15.550441697245077,-3.2968131340863223,0,0,0
-5.194927867989733,-0.23054412056787327,59.35671181999044,3.4731863283132043,-18.153842552247866,-2.4695016720511473,0,0,0
-5.452666913173715,-0.23232142916679804,62.3959597186286,2.591043935196262,-20.13854029729025,-1.4854735561292898,0,0,0
-5.741975088785523,-0.23143986835054164,64.65785889277572,1.6079595543702567,-21.169497623366894,-0.37815409305647735,0,0,0
-6.040506024362529,-0.22904270172897867,65.71290839174677,0.5594784055984462,-20.796363636255208,0.8070967021481238,0,0,0
-6.320262259471249,-0.22623048692656483,65.16421796567758,-0.5194887547980898,-18.614696095883872,2.0237623242479232,0,0,0
-6.559308098550318,-0.2234492525632689,62.80611531424961,-1.5998391238573475,-14.431266058611712,3.2315450186111887,0,0,0
-6.751282942588517,-0.22036161291531897,58.711223952696685,-2.6564948758810205,-8.355412359762212,4.396464017437071,0,0,0
-6.907900602570962,-0.21629123593002647,53.20806859584829,-3.6616692719809065,-0.7739220811000678,5.484938861204718,0,0,0
-7.053000233199299,-0.2108619537075981,46.766106163861735,-4.578312464279944,7.774887098517382,6.457001522759621,0,0,0
-7.211400794307096,-0.20429441968738474,39.847359450261166,-5.358420970086828,16.765008488866812,7.263909371016394,0,0,0
-7.398543997142923,-0.19706240320212914,32.791763061180234,-5.94781538999033,25.81079762212285,7.852366481429684,0,0,0
-7.61557927247398,-0.1890455789314501,25.779266998819537,-6.295531055974129,34.71084831475693,8.173677245185036,0,0,0
-7.850594625861504,-0.178696307069238,18.874734249976285,-6.363985649302668,43.40051760422932,8.193731095970174,0,0,0
-8.083450221236376,-0.1628456572762161,12.12869869087848,-6.136267433674698,51.842730073908726,7.899788924185546,0,0,0
-8.29088629149254,-0.13748448810160455,5.686064065774275,-5.618577044501959,59.908968718412964,7.302024708132086,0,0,0
-8.449763887864819,-0.09929663539098499,-0.14919524549168273,-4.837768357452345,67.30550639323864,6.430121293991543,0,0,0
-8.538246013280897,-0.047263020629470985,-4.92863254033,-3.835317594640318,73.58189859993952,5.3267802326394875,0,0,0
-8.536357175333123,0.016405553251378536,-8.154605740898688,-2.6600128035342863,78.2239671607554,4.040707240378714,0,0,0
-8.427845114215344,0.08644386644984507,-9.41966428115785,-1.3622569287717112,80.79513417983824,2.621749111352307,0,0,0
-8.204367148216946,0.15580179685922246,-8.530324124262279,0.007628590362543264,81.06622142878224,1.1200500719338813,0,0,0
-7.871174203437633,0.21755353869086064,-5.56141288522295,1.3970329592527861,79.07859994851772,-0.41111662879969657,0,0,0
-7.451523739960194,0.2666829774419341,-0.8208610365233255,2.74778471552724,75.11792071854407,-1.9120391647734294,0,0,0
-6.986155961363053,0.30100708615006794,5.252164962259172,3.9967610969954164,69.61800871775239,-3.3172803567194804,0,0,0
-6.525432252644151,0.32096777351550826,12.204984594503912,5.08309759349506,63.04323079324754,-4.562862829465931,0,0,0
-6.115350904583934,0.3286577879114404,19.656393658302136,5.959841266996937,55.797802430416,-5.597784819112389,0,0,0
-5.782934113445478,0.3267493004404187,27.328651909780717,6.603950722580677,48.18511474550435,-6.394040422908459,0,0,0
-5.528175151780218,0.3177854039268979,35.038978429624166,7.018784829259886,40.409095032744716,-6.94950776863534,0,0,0
-5.32667944017804,0.30387644136542064,42.67637019405191,7.227252567057408,32.595338866096085,-7.281779050795142,0,0,0
-5.1412672351009405,0.2865805902785823,50.17874838881153,7.258572226051916,24.817285988714346,-7.415498505251821,0,0,0
-4.936874143812759,0.2667502359914707,57.509183101544494,7.134463449206512,17.12581719969765,-7.368675771889035,0,0,0
-4.693320164168654,0.2443301687102192,64.62643540737591,6.860504224351535,9.583522262164323,-7.143697171378287,0,0,0
-4.412759326305988,0.21835611870130264,71.45166463405076,6.4255877955267575,2.3001302105926555,-6.726381990657492,0,0,0
-4.12035005857723,0.1874652578081381,77.83788722277833,5.8085807652470605,-4.536976334765825,-6.092759528557268,0,0,0
-3.8579298927294445,0.15091405654665097,83.54961908656904,4.988833702458334,-10.643526925642803,-5.220506793497923,0,0,0
-3.6720492174817423,0.10962210093766203,88.26143590181749,3.9571840046085867,-15.639169283366869,-4.1013889201484375,0,0,0
-3.5993729264324514,0.06661138089694703,91.5845298650483,2.725196273041007,-19.078705161070573,-2.751691086758298,0,0,0
-3.6535225736988366,0.026568030921492892,93.12478608209477,1.3308997171072634,-20.518500252827963,-1.218178799457506,0,0,0
-3.8175388747115306,-0.005232040274901806,92.56470721863525,-0.16065183278356016,-19.60972906888314,0.42230331944076765,0,0,0
-4.04504622572432,-0.024141643634843037,89.7505884348974,-1.662859435000101,-16.19660321277003,2.0700658076290352,0,0,0
-4.270760334843288,-0.02709075336436797,84.76114583195456,-3.078275539361596,-10.391093667885329,3.6151265038614158,0,0,0
-4.427639854953725,-0.0130737641732793,77.93543257844854,-4.31211971792556,-2.598265732410738,4.952132911494557,0,0,0
-4.465079729055006,0.01679615452557357,69.84514630621516,-5.285474520529027,6.523163405000332,5.994381310051667,0,0,0
-4.361766494925661,0.05949269875567324,61.209292872777326,-5.945256571141556,16.163681741524528,6.684246006796846,0,0,0
-4.128837426373124,0.11036929909008393,52.76686369295308,-6.269243304560149,25.507738112971353,6.998555168760527,0,0,0
-3.8027868592145353,0.1635280247901477,45.14023872256189,-6.266194755231541,33.882159831578704,6.948956507854119,0,0,0
-3.4314113811767157,0.21242981777181172,38.729784659758025,-5.972471019062428,40.86510793944609,6.578405557454252,0,0,0
-3.058595586142104,0.25087931066975244,33.67222037067921,-5.446634155333276,46.3239598151405,5.954975681339419,0,0,0
-2.7138458838106914,0.27424133978159515,29.87227417303376,-4.762551654300552,50.37582261872212,5.1634856303454395,0,0,0
-2.4097659778228433,0.28046553795185075,27.088640882581984,-4.000728571928502,53.29296186577116,4.295013744243386,0,0,0
-2.146462157125171,0.2704701837462153,25.036435641330286,-3.238005001136861,55.392961906657185,3.434985395627785,0,0,0
-1.9188467482562004,0.24768731149979004,23.469091025115773,-2.537136941938388,56.95149108098345,2.6518234199278092,0,0,0
-1.7226663312390542,0.21692755921753956,22.21962976320964,-1.9389613628391147,58.15801970845473,1.9890218225527527,0,0,0
-1.557111115407153,0.18300550844467978,21.202007153492303,-1.459726351099701,59.11381918395839,1.463030115453887,0,0,0
-1.4241355889109713,0.14964759305043743,20.38681368158447,-1.0944615187284967,59.8575920692492,1.0674422057310218,0,0,0
-1.3259137442166349,0.11903439137239218,19.768869303178008,-0.8248041820267957,60.400394030856795,0.781574885375948,0,0,0
-1.26213578900132,0.09199876958422948,19.34017103136688,-0.627999236595042,60.75532616497362,0.580011949856545,0,0,0
-1.2285405016953064,0.06861616933309592,19.074956859682203,-0.48387766700058704,60.95426096967937,0.4399366619122695,0,0,0
-1.2173699533063171,0.048833985852681394,18.927658985748792,-0.3781906671478225,61.050244676032335,0.34469199586363575,0,0,0
-1.2194220640989215,0.0328743544445544,18.840599062314027,-0.3025432096281719,61.10871071953064,0.28384213771782996,0,0,0
-1.2264744612828764,0.021296081820560177,18.756443275379866,-0.25232621342383366,61.193081405222635,0.25113663067686576,0,0,0
-1.2326850549252413,0.014745744452491749,18.630314355109903,-0.22423378285302817,61.35085770010615,0.24198050726029194,0,0,0
-1.2343264727122403,0.01355126370858244,18.437723091731414,-0.2144745614197035,61.60493966709109,0.2515678237218701,0,0,0
-1.228367570961609,0.017389101108842907,18.176575057210584,-0.2180947121125371,61.95224056113669,0.2741518569722892,0,0,0
-1.2111747707053695,0.02523143286428251,17.863551547346134,-0.22927474761758332,62.36895837601786,0.30333801789394527,0,0,0
-1.1784562996917174,0.035625897949367415,17.526531474647726,-0.24219151669947792,62.820199103459714,0.33296117717750706,0,0,0
-1.1266231519154957,0.04715741837759282,17.195425417169844,-0.2520010611763553,63.27100440219232,0.3580363531349867,0,0,0
-1.0546494906068773,0.05883614677712927,16.894009738556832,-0.25557765637036595,63.69577953940226,0.3753690635159742,0,0,0
-0.965055624663492,0.07022204959974374,16.63491150957296,-0.2517724027271811,64.08362485497179,0.3836185447456188,0,0,0
-0.8631630846052474,0.08127078523013864,16.418683895319248,-0.24111958175652148,64.43832249130571,0.38285584437116854,0,0,0
-0.7549002775069482,0.0920385240516282,16.236432663616313,-0.22510560457464238,64.7734449365725,0.373848198108962,0,0,0
-0.6443235871539486,0.10242523847393699,16.074537791406243,-0.2052827269266146,65.10454833526589,0.3573631668261072,0,0,0
-0.5321059767148029,0.11206385080113108,15.919999064459603,-0.1825954489569483,65.44112511454728,0.3337355326879418,0,0,0
-0.41565971866022267,0.12034826420006794,15.76537923964537,-0.1572236891638738,65.78079900484838,0.30282883284779344,0,0,0
-0.2907895301890875,0.12652611653139162,15.61249550159971,-0.12901431692317827,66.10744035710748,0.2643873133950493,0,0,0
-0.15420391495234753,0.12979732032274569,15.47370420538158,-0.09826643876338323,66.39383077172079,0.2186390121170149,0,0,0
-0.00598464390418485,0.12941190304996014,15.36947092760036,-0.0664382295158589,66.60835972907174,0.1669131218989847,0,0,0
0.14883315139380215,0.12478360545259193,15.321772846918094,-0.0363859523019812,66.7240678678802,0.11201218794875274,0,0,0
0.30020554065042404,0.11561810172926812,15.344768340341176,-0.011999000545898753,66.72749798892228,0.05814994431624143,0,0,0
0.43481011862220953,0.10203508417432942,15.436019507685415,0.0026051393527097844,66.62471261247586,0.010412681880575292,0,0,0
0.5392187529926531,0.08466330610626187,15.572050368457724,0.003991313769327575,66.44257615556235,-0.026132115502778674,0,0,0
0.6035124673719707,0.06468986410426396,15.710678268386431,-0.009874249069710572,66.22467021475342,-0.0474479618471463,0,0,0
0.6240750405778783,0.0438343821351566,15.800009059000615,-0.03920998417991939,66.02262455770969,-0.051416898764014715,0,0,0
0.6046911230830716,0.024208393857246335,15.791430633172467,-0.08225526559860441,65.88492582365413,-0.03841077493548539,0,0,0
0.5558435308735312,0.008033004730823735,15.652408639292986,-0.13527318314110914,65.84611920207969,-0.011426686789991435,0,0,0
0.4926947260902921,-0.0027636625032727126,15.374961714684474,-0.19273038445989527,65.91935115324932,0.02426195014831194,0,0,0
0.43235917744738117,-0.00697258224245303,14.977371085801167,-0.24775267209354865,66.09419074143159,0.061899213069284545,0,0,0
0.3909170899662655,-0.004399980418774874,14.49922019093205,-0.2929324022625536,66.33996011852534,0.09433610543285909,0,0,0
0.3805355879586614,0.004095590358056711,13.992036508930084,-0.3214391130029554,66.61323112102237,0.11518492640911689,0,0,0
0.4071734935894824,0.016836915938402797,13.508715663086463,-0.3282321209671949,66.86733211395898,0.11980624936218191,0,0,0
0.4694929305681228,0.03171322109680404,13.094523647522237,-0.31105805932462827,67.0615682862552,0.10595514350679594,0,0,0
0.559512663184222,0.04655594964902292,12.781354245760895,-0.27090381139737757,67.16803126908201,0.07398831036447291,0,0,0
0.6650309441584454,0.05940985070023856,12.585617928971061,-0.211725765161205,67.17447382180086,0.026622498607501655,0,0,0
0.7730602824670996,0.06869969049128173,12.509109423500519,-0.13954568184654192,67.08298831727595,-0.031666572836147114,0,0,0
0.8729757418415716,0.0733402583805983,12.541828046046703,-0.06122917598025026,66.90567063714765,-0.09545192148222412,0,0,0
0.9582542225805213,0.07281811315291406,12.665923600710698,0.016683100246075354,66.65923425689405,-0.15921111489223563,0,0,0
1.0264576844497668,0.06722096135031137,12.860113434189117,0.08881775350384373,66.3604157275066,-0.21808154997093682,0,0,0
1.0779139948790828,0.05716062993870423,13.10376337246663,0.15136050763134676,66.02329439016387,-0.26836619432581016,0,0,0
1.1139381717646444,0.04357168350255023,13.379744749127582,0.20202316597799097,65.65871190620012,-0.30768819091311456,0,0,0
1.135354625118623,0.02745337092542712,13.675546665547216,0.2397373324237492,65.27522096503662,-0.33483025182522397,0,0,0
1.1417025440712365,0.009677727002549829,13.982701182560675,0.26427698086262125,64.88075278654583,-0.34943355765268935,0,0,0
1.1311189625712643,-0.009050243699948623,14.294959322074362,0.27595321838277015,64.4843693258239,-0.3517452401101636,0,0,0
1.1007477791839477,-0.028092132907183043,14.60584958875097,0.275417128982383,64.09759191266971,-0.34249629521232805,0,0,0
1.0475939917213708,-0.0467242860049268,14.90648274773801,0.2635465450096376,63.73468579902371,-0.3228716785604263,0,0,0
0.9697530118670699,-0.06403682307896048,15.184597854672916,0.24139931888956312,63.41133506062076,-0.2944851149627084,0,0,0
0.867751785581035,-0.07894855109990431,15.4254557845384,0.21023547908773993,63.141781855792416,-0.2593045773148873,0,0,0
0.7455363553779364,-0.09034681726597142,15.614284724012947,0.17160524637304492,62.935452775383325,-0.21954726924699414,0,0,0
0.6106711348298148,-0.09731177553020842,15.739228822563007,0.1274741058182542,62.794577604559606,-0.1775995118943925,0,0,0
0.47356994097503957,-0.09935383998495269,15.793737938023213,0.08031906293422253,62.71386075657304,-0.1359680889846068,0,0,0
0.34586911411958,-0.09658563338504536,15.777901456424615,0.033093161872957924,62.68217519188775,-0.09718053921080028,0,0,0
0.23823437141152226,-0.08976661724528867,15.698753646291124,-0.011037167635561219,62.685280094075885,-0.06353398710270212,0,0,0
0.1580012072691801,-0.08019618456468577,15.569700380256904,-0.04917940613654537,62.70837420687998,-0.036699417303118056,0,0,0
0.10720937933442087,-0.06947908692238229,15.409040218093196,-0.07927163064399849,62.737911022823646,-0.0173433812971588,0,0,0
0.08173765787091725,-0.05923070173708282,15.23741436646759,-0.10046849256170845,62.762880406915706,-0.004993157692107531,0,0,0
0.07208683941418315,-0.05081147611741273,15.074226178317303,-0.11318724152640414,62.775995189593736,0.0017250040262730693,0,0,0
0.06578993993417726,-0.04516396457033238,14.933661723172946,-0.11881838333030714,62.774787682761236,0.004544425789836737,0,0,0
0.05074548615411345,-0.042771995209342606,14.821568417572962,-0.11924688945242679,62.76201896241174,0.004949856278333442,0,0,0
0.018364117458986584,-0.043702728091604116,14.734543896945922,-0.11635845151018884,62.74464602763853,0.003758617993118207,0,0,0
-0.03454482019908767,-0.04767689466019931,14.661865522759172,-0.11164332628029001,62.73111079683577,0.0010113025408678312,0,0,0
-0.10577053158374383,-0.05414780204436198,14.589717623121544,-0.10592992093446582,62.72761944978612,-0.0038923382033999587,0,0,0
-0.1894855806819038,-0.06240730580433791,14.506284751766856,-0.09923776615861471,62.73477865685922,-0.011976990356940576,0,0,0
-0.27902607364686105,-0.07173424990238005,14.406115865155016,-0.09074467898043963,62.74596038681116,-0.02452397968923421,0,0,0
-0.3695595672675722,-0.08156862410229734,14.292606955290296,-0.07888784511788458,62.748024048232324,-0.04296509842755327,0,0,0
-0.45974036257270257,-0.09166377572690862,14.178115157122932,-0.061623663353640265,62.723957024881706,-0.06875340059225436,0,0,0
-0.551986218629196,-0.10215104533546934,14.081848516731156,-0.03683327716699125,62.65622528602433,-0.10311729858573955,0,0,0
-0.6515525590896232,-0.11345708947004737,14.02621493336855,-0.0028003910935524346,62.529547885868894,-0.14668910269007968,0,0,0
-0.76494075486886,-0.12606604119823855,14.032689966394116,0.0413399702896811,62.332367978136205,-0.19911262657967582,0,0,0
-0.8982736398100997,-0.14020781958120948,14.11830726340952,0.09525293618000888,62.05711202171599,-0.25878433185395905,0,0,0
-1.0560552735537811,-0.1556179154619528,14.29353275108926,0.15718361590159874,61.699937810978376,-0.3228337332428254,0,0,0
-1.2403414262842176,-0.1714922072739995,14.56171371218602,0.22389992076347198,61.26072842288532,-0.3873540724027045,0,0,0
-1.4501459926642895,-0.18666211523862303,14.919684454663667,0.29087760249261974,60.74365239106246,-0.44782337643865516,0,0,0
-1.681104269458956,-0.19990987233369992,15.358645226955105,0.35280556784776423,60.15811706827157,-0.4996295553384279,0,0,0
-1.9257387218871003,-0.21028974946781318,15.864443114306283,0.4043895152853764,59.51968671580407,-0.5386170927028935,0,0,0
-2.1746624353126975,-0.217330132610482,16.41711436475765,0.44127859957515625,58.85041630085466,-0.5615893702442897,0,0,0
-2.418607371015426,-0.22105002114898867,16.990624541657354,0.46083605093608354,58.17799152163778,-0.5667108336146726,0,0,0
-2.6506512824266224,-0.22181104760338144,17.554270611846192,0.46250222094521976,57.533252332484615,-0.5537514625300972,0,0,0
-2.867838249546992,-0.2201001808258553,18.07658511924788,0.4476674694783668,56.94619705110727,-0.5241279063922775,0,0,0
-3.0715749659149196,-0.2163496708905214,18.531093259161082,0.41919687940075506,56.44121831927309,-0.48074310101406537,0,0,0
-3.2665554850436678,-0.21084813346916748,18.901893260450095,0.38087852352475693,56.03282947483165,-0.4276778362891214,0,0,0
-3.458451902318032,-0.2037336937668826,19.186735921638217,0.33700034730543676,55.72321379758435,-0.3697884082043025,0,0,0
-3.6511478009228426,-0.19503141503227397,19.396359149447335,0.29205420007480426,55.502373327139686,-0.31221785597717683,0,0,0
-3.84460097836417,-0.18469804225658493,19.550614020962655,0.25040489580762254,55.35068605813092,-0.2598077778589534,0,0,0
-4.034220056578775,-0.17264783798770794,19.673228349553852,0.2157956460113951,55.242908352912856,-0.21645777724574486,0,0,0
-4.2119993729815235,-0.15875657920779956,19.78711783781202,0.1907582189347778,55.152532218811636,-0.18458048744483263,0,0,0
-4.368921521338166,-0.14287729501675556,19.911166542405397,0.1761752061297301,55.05581296186601,-0.16483987662005858,0,0,0
-4.497631704992472,-0.12491751143224974,20.058319569922418,0.1712365553382142,54.93517455389508,-0.15627707141634345,0,0,0
-4.594316629424071,-0.10498984391440018,20.23454157936183,0.17383850627238645,54.78161927864982,-0.15676292146717685,0,0,0
-4.659140757992915,-0.08357832592756012,20.43867544850886,0.1812401709592848,54.595413444824764,-0.1635812592987051,0,0,0
-4.6953284352112235,-0.06162387004075072,20.663645321747396,0.1906849709861632,54.384430708631065,-0.17392814505442972,0,0,0
-4.707627016640529,-0.04045468197240183,20.89910147502036,0.19976429424800415,54.160443083420915,-0.18520732015941518,0,0,0
-4.7010462400668445,-0.02155092966008283,21.1347442121712,0.2064801227405269,53.93474411246792,-0.19513490640778103,0,0,0
-4.680384237639771,-0.0062048136813714905,21.363015730555503,0.20912869136590473,53.71487346514387,-0.20175370664435235,0,0,0
-4.650458756986282,0.004808119559201884,21.580078059415484,0.20618333761964322,53.50362690236856,-0.20345587167341533,0,0,0
-4.616546192705542,0.011420455554700481,21.78476078029206,0.1962910024933393,53.300459017217484,-0.1990408351491709,0,0,0
-4.584430817938994,0.014250946129716623,21.975967769810666,0.17838672968592562,53.1044638977882,-0.18776814783407758,0,0,0
-4.559679841806187,0.014378963537041045,22.149606483581465,0.15186549222824794,52.91763748745156,-0.16936865486623348,0,0,0
-4.546235433832052,0.012998900730727314,22.296374955558264,0.11676147161913093,52.74706056191567,-0.14403929056992198,0,0,0
-4.544936202445911,0.011070614150931135,22.401585473442253,0.07392792665550303,52.605005093333055,-0.112492241209074,0,0,0
-4.552818973914057,0.009077361447522492,22.447512618606652,0.025222907837908794,52.50674923029029,-0.0761031671999838,0,0,0
-4.563837381270119,0.006964908221725352,22.41775639730284,-0.026337288068978636,52.46675653475858,-0.037115561776465,0,0,0
-4.571057232759571,0.00426287518734938,22.30235892836251,-0.07656062648541137,52.4943512067687,0.0012319675118938277,0,0,0
-4.56967809613046,0.0003100568643361612,22.102294997110533,-0.12032529177830327,52.58995105305313,0.034819826777462023,0,0,0
-4.559685142511057,-0.005527472917654564,21.832307137794572,-0.15216003687849594,52.74259523036872,0.05911002705000072,0,0,0
-4.546897110488288,-0.01372108599360331,21.521387899602274,-0.16711358529302062,52.929303399452834,0.06993318248873522,0,0,0
-4.5418020660655,-0.024529785753769316,21.210361504956552,-0.16174885439097864,53.11678357290714,0.06442781001436444,0,0,0
-4.556579273162825,-0.03798024587744351,20.946353565798432,-0.13502682921306075,53.26583575522618,0.041872692239420674,0,0,0
-4.601510163008598,-0.053816339019317636,20.774774586773304,-0.0888480237596383,53.338160832415674,0.00417313145947702,0,0,0
-4.682147062381944,-0.07141005136614495,20.730449620512047,-0.028094696077053526,53.30433691822041,-0.04413656361518363,0,0,0
-4.79811683145175,-0.08969546613045339,20.830024074696865,0.0398767487429069,53.151027330433934,-0.0964031087118343,0,0,0
-4.943639840044554,-0.10721875844777742,21.06748810517223,0.10626838601501162,52.88548345715279,-0.14484425985697058,0,0,0
-5.109220622952748,-0.12236152700724859,21.413878690766126,0.16233677419218964,52.53608252136347,-0.1819562067545597,0,0,0
-5.283778609791909,-0.13370988030857092,21.821348036339998,0.20120812518665615,52.14858541690129,-0.20219621588319683,0,0,0
-5.456639803815591,-0.1404555601253364,22.23107462522364,0.21966791669499627,51.77856414325038,-0.20361319578953213,0,0,0
-5.619084694966062,-0.14267827923997345,22.58407175975239,0.21934161065941,51.48086080088313,-0.1888805858705723,0,0,0
-5.765417336137986,-0.1413957852651265,22.83372924687845,0.20662137020704846,51.29722150536154,-0.16512674595623905,0,0,0
-5.893678076248534,-0.1383621921165002,22.958434817664994,0.19098698842432782,51.24387359639421,-0.14222901770377447,0,0,0
-6.006065764261962,-0.13569265374085687,22.971453753723267,0.18200300121004034,51.30202887452035,-0.1298408175616757,0,0,0
-6.108929854781678,-0.1354450924511184,22.923865727106147,0.18601749404758722,51.415531059514684,-0.1341467986756683,0,0,0
-6.212074684103015,-0.13928435168279094,22.89623777676735,0.20409086077033578,51.49975987087154,-0.15584593532600408,0,0,0
-6.327261761209556,-0.1483020068779865,22.97735798941551,0.23261867165919908,51.46319328011504,-0.19081546796499396,0,0,0
-6.4661471603613165,-0.16298779749792375,23.23390870286653,0.2673394972448932,51.23767434574671,-0.23415851817738656,0,0,0
-6.638229534303093,-0.1832831150292762,23.68152297681587,0.31009994161516374,50.80711743014461,-0.2870345458517889,0,0,0
-6.8494833206435,-0.208630089370439,24.271983232927,0.37632263894119833,50.22010478999034,-0.3642329806335347,0,0,0
-7.102104763745928,-0.23796414191435106,24.91025847634438,0.5001139632508256,49.57270612123319,-0.499395116717006,0,0,0
-7.3952953111172235,-0.26965102514410544,25.50712421932738,0.7338174601827461,48.955636323587676,-0.7446122533474722,0,0,0
-7.726509226541296,-0.3014123239639474,26.05943423381663,1.1399161890357816,48.37352813787632,-1.1622413297730483,0,0,0
-8.092366657966352,-0.330311325934305,26.73468014313525,1.7756260746484174,47.659699068185006,-1.8093120528187825,0,0,0
-8.488571273925189,-0.35288107069314945,27.925005359614403,2.6738396108870943,46.421579892344624,-2.7183107771491044,0,0,0
-8.90858493554407,-0.36544797084126657,30.23441237859481,3.8269253401295287,44.05363733739682,-3.880972183128126,0,0,0
-9.34138500084903,-0.3646260164460699,34.376519879773326,5.180291015762828,39.84077998238456,-5.242012519655663,0,0,0
-9.769260419704366,-0.34786313226924503,40.9901694493507,6.639194258938696,33.14455381755889,-6.706195186779903,0,0,0
-10.167040241234588,-0.3138808555200413,50.419919085686814,8.086018910043677,23.624009658653563,-8.155796585492595,0,0,0
-10.503963029056166,-0.2628962623479808,62.54123663422229,9.400109453737215,11.410382958709079,-9.470450706016072,0,0,0
-10.748364928206627,-0.19660795940839507,76.71316863397266,10.472609003337007,-2.847419075323444,-10.541815599410901,0,0,0
-10.873926633809674,-0.1179882487903953,91.89906680871434,11.21455189004143,-18.10631554421134,-11.281427597248761,0,0,0
-10.865317781741709,-0.030928539032835545,106.9196233342534,11.56229531465219,-33.18443771704962,-11.625976454871628,0,0,0
-10.72132928144616,0.06022282726615913,120.7357746805074,11.484871641682426,-47.0448079919757,-11.54465809948178,0,0,0
-10.45465086800914,0.15118014262725268,132.65109539298447,10.993199084477103,-58.996576101764376,-11.048506429958115,0,0,0
-10.088467423448023,0.23822566298296124,142.3799312790091,10.1459118844074,-68.76063863509079,-10.196365028384667,0,0,0
-9.650670391177385,0.3186122216776397,149.99947302629522,9.045133764066003,-76.4189845663317,-9.090731154804578,0,0,0
-9.167032147042775,0.3907771091747577,155.83888586617496,7.819217481740355,-82.30202717725889,-7.8604576522385,0,0,0
-8.655238814962061,0.45432083956037417,160.35190993045785,6.596482689591784,-86.86105464092758,-6.634366553763792,0,0,0
-8.121706399226554,0.5097750973793964,164.00035547829629,5.47970367654886,-90.55326732513758,-5.51557782309485,0,1,0
-7.56224271143023,0.558245234911368,167.16450627463269,4.530933664874692,-93.75473062336921,-4.566185510151027,0,1,0
-6.966155542062097,0.601027680958191,170.0912416261179,3.7701328855824956,-96.71089206659634,-3.8057793973272993,0,1,0
-6.322109386137967,0.6392815189649369,172.88445023017124,3.184160885759195,-99.52810325468754,-3.220407862170384,0,1,0
-5.6235783076521955,0.6738131591971992,175.532811445996,2.7399759010464493,-102.2005862229242,-2.7758661847151442,0,1,0
-4.872198518895459,0.7050177077933967,177.9604320417314,2.3973375265729713,-104.65843120327465,-2.4306225392618783,0,1,0
-4.078190613866113,0.7329818308645187,180.08126013483405,2.1187419684176687,-106.81843260836378,-2.1460764593495325,0,1,0
-3.2578552015280167,0.7576863001976463,181.84108188388717,1.875760319957709,-108.62306318803554,-1.893243066092444,0,1,0
-2.4289005550707827,0.7791934420133686,183.23864487663946,1.6515918580542461,-110.06068902441034,-1.6555815874552025,0,1,0
-1.6050617370280946,0.797719046863395,184.32528519618756,1.4401878945730175,-111.16728003354636,-1.428243234522148,0,1,0
-0.7918880905813666,0.8135796102863964,185.18777516247297,1.2429554898788069,-112.01403191863291,-1.2147064195177706,0,1,0
0.01462029054623315,0.827106145584979,185.92210947420978,1.0645652708711908,-112.68716128429365,-1.0223281226709844,0,1,0
0.8257788780715885,0.8386307921558995,186.60716020666035,0.9093755919409034,-113.26670794114837,-0.858354663514848,0,1,0
1.6550810824959825,0.8485671875024622,187.28632917590141,0.7793531528921903,-113.81053559990902,-0.7273161776979918,0,1,0
2.512217795211768,0.857511112644076,187.96236634478407,0.6735300145655401,-114.3476504181019,-0.6299213743103678,0,1,0
3.3988629369543304,0.8662798671572076,188.6060847504433,0.5885248337935366,-114.88171242998449,-0.5631032532023823,0,1,0
4.308117307692882,0.8758846728292241,189.1750160542431,0.5196079129087081,-115.40197924351226,-0.5208265029455532,0,1,0
5.227816673496605,0.88750625685322,189.63461341280907,0.4619379100635911,-115.89622496501546,-0.49536599150850974,0,1,0
6.146210571369977,0.9025454213815337,189.97394502229486,0.4116767574938763,-116.35990276751401,-0.4787781724629241,0,1,0
7.057736934543982,0.9227410181606558,190.21053353412293,0.3666820952540718,-116.79831256557019,-0.4642303555999149,0,1,0
7.966958637710874,0.95024651916751,190.38385429156006,0.3265239273336533,-117.22229694808844,-0.4468511388601968,0,1,0
8.889682859078434,0.9875180813297859,190.5414885748457,0.29178028928770916,-117.64082119937875,-0.4239063899107805,0,1,0
9.851233091886925,1.0369392358847747,190.72392778159912,0.2629032838451565,-118.05448966577761,-0.394381289942757,0,1,0
10.88249126410254,1.100257889608472,190.95315012844213,0.23922647899760818,-118.45283915590817,-0.3583229820402266,0,1,0
12.014682986886868,1.1780463102409158,191.2276056181206,0.21867392923462034,-118.81616180670387,-0.3163678816018717,0,1,0
13.27404375025219,1.269422805932836,191.5238876433204,0.19836572386435591,-119.1207763290923,-0.26966898873417333,0,1,0
14.67750966654063,1.372165059516955,191.80404889269465,0.17581023870465629,-119.34579214293983,-0.22010912945070232,0,1,0
16.230395569581326,1.4831479623062833,192.02687820278516,0.1500622478460741,-119.47945478541773,-0.17048293646711557,0,1,0
17.926673673779135,1.5988580805791366,192.16068431464106,0.1222894229004055,-119.52358158353273,-0.12437194953802759,0,1,0
19.751964993872342,1.7156901317180613,192.1941907727665,0.09554184219499576,-119.49500245291192,-0.08564520672148604,0,1,0
21.688609232880424,1.8298782717694912,192.14195667860662,0.07390663754216575,-119.42338824259546,-0.05772258048851882,0,1,0
23.721162482141267,1.9371880847762255,192.04211105330643,0.06142634939810136,-119.3456505640499,-0.042827875199705545,0,1,0
25.83981389767829,2.0327105879018683,191.94682201060317,0.06111679205677092,-119.29820916115789,-0.04143804622153198,0,1,0
28.039392581283153,2.1110875824200015,191.9085685503921,0.07427058416029127,-119.30929122312303,-0.05206915169688955,0,1,0
30.31346570458178,2.1672417933187873,191.96667199354226,0.10013440387002107,-119.39338761158906,-0.07146887117612835,0,1,0
32.645924598014446,2.1973514213443943,192.1381511373014,0.13602301161203628,-119.54905508108935,-0.09519978999372256,0,1,0
35.00461554555931,2.1996341501205463,192.41521681326236,0.17787556266880528,-119.76017260515515,-0.11848437094926681,0,1,0
37.34127139378134,2.174616586662259,192.76958404438807,0.2211096063389732,-120.00014630238663,-0.1370788341904728,0,1,0
39.59909160696701,2.124870166454914,193.16202835334127,0.2614824139052132,-120.23827029529401,-0.14792420826605907,0,1,0
41.72547920731628,2.0544651570861703,193.55442088888685,0.29568061752494257,-120.44700035284914,-0.14942658489363794,0,1,0
43.68495073408589,1.9684565909280132,193.92071230529467,0.3215519061046166,-120.60823195208813,-0.14138764183868774,0,1,0
45.46732834876386,1.872561235019056,194.25320711669616,0.3381154708055817,-120.71643890595463,-0.12472406680717256,0,1,0
47.08851556222743,1.772939298663959,194.5616461496553,0.3455466785420754,-120.77745124381848,-0.10111483960906184,0,1,0
48.584044152144855,1.6758313964725224,194.86537472564152,0.3451718925116666,-120.8035570720594,-0.07264372133675182,0,1,0
49.99803161386191,1.586841761457879,195.18219105458843,0.3392850781763002,-120.80726402997594,-0.04145331956858911,0,1,0
51.371536948205005,1.5098917530694778,195.51930584535722,0.3305497241704529,-120.79629574916108,-0.009438237906667268,0,1,0
52.7340085321989,1.446162120335154,195.87068359868312,0.32099332252593626,-120.77132100124577,0.021956307964953226,0,1,0
54.099585358506566,1.393537566242712,196.22130296950473,0.3109976469307242,-120.72658351575414,0.05176632775754797,0,1,0
55.4675092215458,1.3470238633877465,196.55487913510427,0.298909578886429,-120.6528034909799,0.0793830978720024,0,1,0
56.82439673801106,1.3002455955980181,196.85991813059138,0.28168576753571983,-120.54138273191582,0.10437200019253226,0,1,0
58.14657193743743,1.2475623158186864,197.13064553055403,0.25640521714190073,-120.3886688724386,0.12634764563638895,0,1,0
59.40270401119098,1.1859251450858117,197.3631835860034,0.2219224487711017,-120.19877562837915,0.1449362419652914,0,1,0
60.55875419610489,1.1156819412769985,197.5507419385196,0.17979848244191315,-119.98362026509845,0.1597859298345526,0,1,0
61.58650010812504,1.040096474266503,197.6822324009987,0.134044613599292,-119.75983707013408,0.1705970247925336,0,1,0
62.473654772048775,0.9639830870606175,197.74624322600744,0.0898803663334263,-119.54378757361205,0.17718877648755155,0,1,0
63.23078839906312,0.8921800908384299,197.73853033306824,0.05221434471740736,-119.34693332950816,0.17961278373383607,0,1,0
63.89082794496888,0.8284692256200955,197.66866842310225,0.02460629885168828,-119.17346170290024,0.17826315104126422,0,1,0
64.5005501011716,0.7751437214563126,197.56174910549765,0.009068741285091164,-119.02061326782881,0.17389062745118622,0,1,0
65.10734009215197,0.7330297670441887,197.45368279843854,0.006509139130281482,-118.88091572610439,0.16745967563734893,0,1,0
65.74619764639536,0.7016389965213989,197.38206157776546,0.017267979295803572,-118.74525489457746,0.15989094208099744,0,1,0
66.43126419363838,0.6792950477860629,197.37670851907092,0.041263313805580994,-118.60603736202596,0.15183963774142342,0,1,0
67.1541412257541,0.6632970543755583,197.4538709988543,0.07761592469296943,-118.45986935386729,0.14366836117530396,0,1,0
67.88905186654678,0.6502379205828511,197.6158333298224,0.12403454350367724,-118.30902350872496,0.13563178997688113,0,1,0
68.60289007333903,0.6365095630807943,197.85491219395675,0.17643696424809718,-118.16092764932411,0.1280989067484967,0,1,0
69.2666052499094,0.6189404439226351,198.15887636406325,0.22917543654091332,-118.02539119619782,0.12158619893631908,0,1,0
69.8637589428187,0.5954586492520988,198.51468957999793,0.27591994021439065,-117.91024971775512,0.1165452481797189,0,1,0
70.3932071507974,0.5656114269401428,198.90901385813902,0.3109306280355213,-117.81714380313143,0.11309270387340006,0,1,0
70.86564573197954,0.5307228497819565,199.32611874797863,0.3302750139934517,-117.73962420034384,0.11094300843924998,0,1,0
71.29674453137832,0.49353154246041414,199.74543716384767,0.3325566351076986,-117.6650537367412,0.10962365041394265,0,1,0
71.70078413891635,0.4573540988277486,200.14126097990936,0.31889738055448336,-117.57980241278027,0.10879584105793469,0,1,0
72.08737846303981,0.4250652355791331,200.48601479942613,0.29221264361122506,-117.47511032329196,0.10841171937878187,0,1,0
72.46136972357367,0.398305204957795,200.75662113878883,0.25613359807651365,-117.35043926947479,0.10858150976054617,0,1,0
72.82436729115092,0.37721011534774507,200.9413996808994,0.21408986834760527,-117.21278700458554,0.10926964573383202,0,1,0
73.17643106161651,0.3606579881745475,201.04388599950158,0.16893861143219624,-117.07296923874476,0.11009441348623454,0,1,0
73.51725760570073,0.3467431712141661,201.0810028001755,0.12316198546502051,-116.94127400241,0.11044817690989532,0,1,0
73.84681099239666,0.33316698159045754,201.07602556076307,0.07927770833224486,-116.82443462014966,0.10991037191236899,0,1,0
74.16530830427484,0.31748059536981543,201.04991254161507,0.03997215980329542,-116.72444734579311,0.10867443022959833,0,1,0
74.47222561372502,0.29736542659109233,201.0155048623006,0.007690651728398734,-116.6386800654815,0.10766609928674313,0,1,0
74.76417624351998,0.27109411585273335,200.97705701849787,-0.016124836605996506,-116.56057196764225,0.10824047666909849,0,3,0
75.03245395482092,0.2380213779575513,200.9340380632318,-0.03161466813216407,-116.48069869365658,0.11162555569567303,0,3,0
75.26218441673797,0.19875540948942785,200.88573639745908,-0.04042829268888681,-116.38836602099597,0.11840353223406908,0,3,0
75.43502398948459,0.1548073298265308,200.83352765607282,-0.04497993092867318,-116.27377827660736,0.12823838741623206,0,3,0
75.53530844967825,0.1078898861354162,200.78015131483943,-0.047480096669926294,-116.13038223789455,0.13989665887067987,0,3,0
75.55664484119202,0.05930754426899938,200.72773931817994,-0.04930238098697828,-115.95671368178803,0.1514976094454937,0,3,0
75.50481170059501,0.009824990350250574,200.67671987328663,-0.05096242167908258,-115.7572386800693,0.16089653643069254,0,3,0
75.39488429066196,-0.03994410738563943,200.62622625147634,-0.05257122981026328,-115.54205074598734,0.16611045265191535,0,3,0
75.244207165629,-0.08897625703965276,200.5751115749158,-0.05437332313337038,-115.32548075708631,0.16570230072358924,0,3,0
75.06530105641501,-0.13560003554893713,200.5224810524308,-0.05701335614097047,-115.12370397102656,0.15904675149439243,0,3,0
74.86242614702249,-0.1778477317013852,200.46743280170705,-0.06141320272572557,-114.95160660333532,0.14642688748321575,0,3,0
74.63301288096453,-0.2142098618737606,200.40832576512918,-0.06838739487867543,-114.81959416713742,0.1289607252339607,0,3,0
74.37242184634144,-0.2442741185569261,200.34200316612538,-0.07821468508635121,-114.73134301376008,0.10840187436330098,0,3,0
74.07902363399522,-0.26878801036410493,200.2633940946631,-0.09031705743926181,-114.68331076166344,0.08687015228305484,0,3,0
73.7568311326644,-0.28907590768914987,200.16601928758217,-0.10310546130825174,-114.6661133630624,0.06655250614958845,0,3,0
73.41454622245442,-0.3061515360905929,200.0438653693932,-0.11402819207251014,-114.66710642944842,0.04940255792365349,0,3,0
73.06207051502575,-0.3200142982677619,199.89457302242312,-0.11987131222109611,-114.6732199364363,0.03686730613414966,0,3,0
72.70700418702091,-0.32946366223516604,199.72305567708372,-0.11732716728213859,-114.67334922315679,0.029664847950789407,0,3,0
72.35344808873751,-0.3324761963547019,199.5440569618333,-0.10374046685610097,-114.65995569559043,0.027623253487607257,0,3,0
72.00378569550908,-0.3269493491157348,199.3821991317057,-0.07781785232014045,-114.62967839179002,0.02958831198624239,0,3,0
71.66228316434487,-0.3115066803647693,199.2687196794961,-0.04003321943945366,-114.58293354199382,0.03343036572246376,0,3,0
71.33837625861287,-0.2860818248941527,199.2350540923078,0.007469967153360813,-114.52294568762953,0.036213652540874365,0,3,0
71.04765988279442,-0.2521209408507488,199.30459849756437,0.06149320448385538,-114.45511047888401,0.03459950083094725,0,3,0
70.80953014283787,-0.2123949003000675,199.4852155714617,0.11868802998415617,-114.38742764180101,0.025496159236163864,0,3,0
70.64176432901671,-0.17051070051300599,199.76568709318764,0.17634117270279717,-114.33180970583776,0.006837325925448568,0,3,0
70.55372797351289,-0.13024584590423133,200.1185650409268,0.23263735872356506,-114.30496990403968,-0.02175782421540191,0,3,0
70.54086110651826,-0.09486118401567438,200.50950506726167,0.2862647991916788,-114.32722492812682,-0.058706064213535566,0,3,0
70.58305518402024,-0.06660026550172801,200.90993597692528,0.33563863357983903,-114.41838763079515,-0.1006938462027307,0,3,0
70.64834108360745,-0.046580978211723335,201.30746868886126,0.378291087360742,-114.59158243633594,-0.14335384550323055,0,3,0
70.70132723646677,-0.035132318414851225,201.70857271894135,0.41088662697080736,-114.84725663394404,-0.18214721973455425,0,3,0
70.71367132418813,-0.03235128101144369,202.13136767141287,0.42990676462273997,-115.16999418412918,-0.21314107686665978,0,3,0
70.67237360359559,-0.03845148084852497,202.59144042810618,0.432600741588692,-115.52988414965684,-0.23344497674031572,0,3,0
70.58185010067719,-0.053572844367398884,203.0875093711718,0.4176275755571567,-115.88864893391631,-0.2412974143528544,0,3,0
70.45820695868936,-0.0771284520968237,203.59408184116978,0.3850484169522531,-116.20889983914655,-0.23601960640301342,0,3,0
70.31825151890227,-0.10720418387904829,204.06475473941504,0.3358223163862931,-116.46322047450435,-0.21806337464017816,0,2,0
70.16921316502764,-0.14064555484601868,204.44457245681372,0.271358501751979,-116.63941967144284,-0.18916879014711013,0,2,0
70.00513266284428,-0.1741136986855679,204.68578082283324,0.1936431584371178,-116.74019907165537,-0.15244837236971023,0,2,0
69.811770663052,-0.20575768686730242,204.7604201464478,0.10595650447332901,-116.77858369482529,-0.11220372621144178,0,2,0
69.57629924481697,-0.23665502112284004,204.6656918527242,0.013601673834972416,-116.77221618273772,-0.07341446284263782,0,2,0
69.29487168800658,-0.2711819181251073,204.42215773646114,-0.07611315778697189,-116.73894453541514,-0.040999143889948186,0,2,0
68.97253433733245,-0.3160277209886601,204.06779925578405,-0.1549821478497165,-116.69447790782628,-0.019066481698402526,0,2,0
68.61479673492256,-0.37831081662905885,203.65100547283947,-0.21574643724317752,-116.65192141177126,-0.01039232883036334,0,2,0
68.21529988944879,-0.46367940937323054,203.22352610952152,-0.2538657974027615,-116.6227935623427,-0.01622860114421485,0,2,0
67.74638777743829,-0.5751308094393025,202.83295026330006,-0.26847305326850235,-116.61889127804604,-0.03635940658299717,0,2,0
67.15797430901567,-0.7127429068087558,202.51493326091787,-0.2622541432592129,-116.65388529148838,-0.06924228736705515,0,2,0
66.38610499873705,-0.8740013028943168,202.28710808438194,-0.24054202992840032,-116.74334295974647,-0.11215377120285552,0,2,0
65.36833856911197,-1.0542281525298094,202.14712284880562,-0.21015624135413874,-116.90248508309752,-0.16136566439732292,0,2,0
64.06046256865898,-1.2467909983429109,202.0756896137628,-0.17835491704449852,-117.14217776065526,-0.21240092044873507,0,2,0
62.44887017672941,-1.4430935163256442,202.04315042013206,-0.15191902832173126,-117.46463905640827,-0.2603821245316368,0,2,0
60.55485865906341,-1.6326035871602187,202.01673743717714,-0.13622044745415565,-117.8604822474437,-0.30045658641554385,0,2,0
58.430252812034354,-1.8032508086242551,201.96623684224267,-0.13428930314393597,-118.30813455179951,-0.3282684730099277,0,2,0
56.146886751493454,-1.9424254607936007,201.8674563023945,-0.14618458277789728,-118.7759306162586,-0.340432770721975,0,2,0
53.784364726192344,-2.0385792825773246,201.7043358263042,-0.16904273291402774,-119.22661480765906,-0.33495078563611286,0,2,0
51.4203519058361,-2.0831482659511726,201.4707457887585,-0.1979079204489665,-119.62345714220147,-0.31150565610966796,0,2,0
49.12546622277312,-2.0723124453980346,201.1720402294785,-0.2270415058303456,-119.93657002158766,-0.27158851083391083,0,2,0
46.96185039080105,-2.0080851203356787,200.82526225660297,-0.2512000356394367,-120.14767066696622,-0.21841558291771718,0,2,0
44.982545743338726,-1.898402154388431,200.45669551966535,-0.2665092959574508,-120.25199293945865,-0.15659546539867505,0,2,0
43.22897990914725,-1.7561780706352537,200.09661040927313,-0.2708856311761906,-120.25723432175194,-0.09151808667340333,0,2,0
41.72574572274906,-1.5975781394434385,199.7727353618286,-0.26418015260306904,-120.18052416474738,-0.02850376022958585,0,2,0
40.47400745570663,-1.439906128451262,199.50473708078277,-0.24821285897018583,-120.04463807662087,0.028125360841377754,0,2,0
39.44623126815004,-1.2994854802262759,199.30114388266816,-0.22669706071364998,-119.87408920578626,0.07577192187253559,0,2,0
38.58510604514092,-1.1897975894011807,199.15859999063258,-0.20488718548192536,-119.69111148299264,0.11379669260759044,0,2,0
37.80858333175796,-1.120059176763713,199.0625343002735,-0.18875616014075264,-119.51165240995492,0.14312167905089837,0,2,0
37.02129062132348,-1.0943975918969868,198.98861719905665,-0.18369456867235953,-119.3422035337877,0.16534205597684207,0,2,0
36.13061142051036,-1.1117411382644804,198.905069622342,-0.19304666909462184,-119.1788508028623,0.18172860367635907,0,2,0
35.06387449678924,-1.1664324451400923,198.77639040178371,-0.2170223778033346,-119.00970374089032,0.1925485780519381,0,2,0
33.7819539757016,-1.249431153425737,198.56913391825782,-0.25243801413350864,-118.82077614894966,0.19694981845746326,0,2,0
32.28500399017738,-1.3498524071261784,198.25966472254953,-0.293381113669426,-118.60381376198352,0.19337258451624278,0,2,0
30.608334340104257,-1.4565258649698265,197.8422686708824,-0.3325291214824745,-118.36323812798379,0.18025879578990783,0,2,0
28.809683004305704,-1.5592852037284843,197.33451330274943,-0.36270336503018824,-118.11915229610149,0.1568052364243897,0,2,0
26.951919733892673,-1.6498107640293527,196.77676374133307,-0.37831453539349125,-117.90459102121163,0.12359950901751801,0,2,0
25.086581973879134,-1.7219955481360372,196.22478885393832,-0.37650146668186724,-117.75738563783021,0.08305793328599123,0,2,0
23.243324682059693,-1.7719292046320079,195.73724308544877,-0.3578397969625883,-117.70906445205584,0.03957469554358965,0,2,0
21.428438584038638,-1.7976764307633233,195.36158354875477,-0.32647362662887647,-117.7741511695438,-0.0007726019150084085,0,2,0
19.632503780216837,-1.7990443694890508,195.1219242684071,-0.2894837149052023,-117.94285571268712,-0.031122832279149294,0,2,0
17.843919015428867,-1.7774448927671436,195.01137573496504,-0.25538506403800054,-118.1791244080304,-0.045350917596661586,0,2,0
16.06266192938152,-1.7357811681452198,194.99073594863194,-0.2319333382775028,-118.42502919351377,-0.039920642330190506,0,2,0
14.308239682544148,-1.6781613970884393,194.99492845626077,-0.22381775524303862,-118.6115397811336,-0.015481873997094909,0,2,0
12.617890645213748,-1.6093089289393219,194.94743152183037,-0.23104125661236594,-118.67446645077528,0.022455467613156088,0,2,0
11.035234076634268,-1.5337701923473097,194.78066266236942,-0.24861228755522688,-118.5726614720681,0.0641917193524364,0,2,0
9.594108052440475,-1.4552254589002174,194.45743035855804,-0.26768908023358906,-118.30379744451353,0.09782203043137656,0,2,0
8.304968002994741,-1.3762113776962153,193.98661130150793,-0.2778393890502002,-117.91220437780116,0.11206902363243501,0,2,0
7.150235392666474,-1.2983611573530625,193.4268305193251,-0.269806140269219,-117.48450977592428,0.09921509375737685,0,2,0
6.09073666056554,-1.2229783513010068,192.8754606732025,-0.23807684447642147,-117.13223397601944,0.05730019654161254,0,2,0
5.080249191214662,-1.151540827115531,192.4450334660712,-0.1825865544046792,-116.96463540837335,-0.009096278018893145,0,2,0
4.081805238466714,-1.085732084788205,192.23298184446304,-0.10906704774747596,-117.05843417170605,-0.08977123642029312,0,2,0
3.079050355850896,-1.0268875790180119,192.29267454593975,-0.027873451064562006,-117.43287825594,-0.17129110910237558,0,2,0
2.0784561695340784,-0.9751867764387427,192.61416001149655,0.048517412927526496,-118.03853781571748,-0.24025466098223375,0,2,0
1.1024823740584395,-0.9291877427086362,193.12156597778358,0.10878237423479505,-118.76542923096422,-0.28662647139213676,0,2,0
0.17791322875221738,-0.8861476851429245,193.68999218489466,0.14592938556258445,-119.47037383627104,-0.3063183253453019,0,2,0
-0.6747677377396428,-0.8430885930473352,194.17869584791242,0.15939324291605886,-120.01670853553729,-0.30234391616196776,0,2,0
-1.446899761392686,-0.7980784153023507,194.4717854307832,0.15532395409898642,-120.3147509876235,-0.2841977113756684,0,2,0
-2.1416420344198883,-0.7510106054740717,194.51465426167306,0.1449174713188995,-120.35077448984565,-0.2655311857409117,0,2,0
-2.7707401908637053,-0.7034069089749011,194.33475452882834,0.1412833527743146,-120.19541722947245,-0.26062270213836597,0,2,0
-3.3506367392586895,-0.6573308331196728,194.0389658952318,0.15581129482233108,-119.98807456999303,-0.28050475312066964,0,2,0
-3.8989789145567926,-0.6140453389170915,193.7862213854529,0.19512811380660083,-119.90041128546274,-0.3298164622594868,0,2,0
-4.431055698889821,-0.5731998978415731,193.74184925912874,0.2594626342009178,-120.08819011334911,-0.40530913095383314,0,2,0
-4.955612920214932,-0.5329786989357217,194.0269935392397,0.3426902487275186,-120.64476483710114,-0.49641857911989007,0,0,0
-5.470825957138288,-0.4910553289027305,194.6796789260069,0.43389588355136655,-121.57047676217091,-0.5877505097225338,0,0,0
-5.962540160418698,-0.4457915309838384,195.64127332296067,0.5202615968384293,-122.7685384588659,-0.6630737693072689,0,0,0
-6.406766716155374,-0.39710474712664734,196.7733221899216,0.5911595179106769,-124.06979984507562,-0.7103384392637878,0,0,0
-6.776686750749903,-0.3467225857967492,197.89868791805839,0.6428889361680603,-125.2789367788224,-0.7268138563102354,0,0,0
-7.052195323447194,-0.29787964180453486,198.85361309718672,0.6825065394393732,-126.22827958707099,-0.7226468165892385,0,0,0
-7.228655500702089,-0.2546746596007054,199.53737049721263,0.7284886080464787,-126.82615492254514,-0.7207038382701342,0,0,0
-7.321684210525163,-0.22127199380191342,199.95056107433857,0.8063947635679825,-127.09145896263091,-0.7511996232091078,0,0,0
-7.366204772524284,-0.2010412082101581,200.2151107471335,0.939429971688105,-127.16854984856509,-0.8413742092179135,0,0,0
-7.40985211693517,-0.19571426924258334,200.56691465352247,1.1362981875978506,-127.3146582792415,-1.0028408913444948,0,0,0
-7.502359516221986,-0.20471057816756827,201.31187961970448,1.380982232860788,-127.85180321980248,-1.2212638167509866,0,0,0
-7.6835458951574225,-0.22484801567669024,202.7436265616867,1.6296820863411767,-129.082472994262,-1.45346609669201,0,0,0
-7.972952242520279,-0.25062511971421486,205.03557303984172,1.818042568006217,-131.18228055104504,-1.634920414224642,0,0,0
-8.363909408581208,-0.2750956857551216,208.1363040659001,1.877420447219413,-134.09820875852057,-1.6962447331497672,0,0,0
-8.823792532425585,-0.291139108817427,211.70851024666626,1.7544917238854907,-137.49157494633226,-1.5829727351315896,0,0,0
-9.300675480214096,-0.29279408983936434,215.1504339605985,1.426672273147466,-140.7629405539911,-1.2711132621389865,0,0,0
-9.734906697844238,-0.2763432238773632,217.7177961772748,0.907826925381903,-143.17535906479156,-0.7730189134599769,0,0,0
-10.07264106807638,-0.2409596436697754,218.7247655465327,0.2434589305204554,-144.05390629412858,-0.13275017506845188,0,0,0
-10.277595860698554,-0.18886146334864407,217.76002798598842,-0.5006783091314901,-142.998277199881,0.5851801420495448,0,0,0
-10.337793015328813,-0.12501915860162285,214.83363738499713,-1.2505642850177139,-140.02579090063136,1.3077686550473842,0,0,0
-10.265791754995618,-0.05649924431661333,210.39014887352351,-1.9323836041282731,-135.58199235440225,1.9621114603874061,0,0,0
-10.093142331855177,0.008507806146759833,205.17821586689126,-2.477752012273362,-130.4099747449465,2.4808213321897044,0,0,0
-9.86156687600672,0.06195580128729006,200.02878994852682,-2.8293116314490647,-125.33047913054959,2.8077317359866028,0,0,0
-9.614100994597436,0.09737716056212661,195.63066121572297,-2.949675283116966,-121.02052220804673,2.906724780714991,0,0,0
-9.388784975591719,0.11113174534048653,192.38467420538353,-2.832435551356576,-117.8704603424582,2.7724019865915195,0,0,0
-9.215597418746498,0.10302576339639273,190.37291383786487,-2.5096951392618676,-115.95472723209404,2.437231034272442,0,0,0
-9.115348684971337,0.07607775636570864,189.42467986278416,-2.0500191098322262,-115.09804170492554,1.9693041823371416,0,0,0
-9.098869462455113,0.03562241337826748,189.22801271536304,-1.5445372226901042,-114.98665848697867,1.4585768264470276,0,0,0
-9.166278407293689,-0.011781451538166721,189.43567247242265,-1.0847194276469168,-115.27425733396579,0.9950772067223284,0,0,0
-9.307535381364886,-0.059248219924192824,189.73668599237845,-0.7397036709359555,-115.65348055790695,0.6467820075984804,0,0,0
-9.505014191338532,-0.10021523177227039,189.88995777520125,-0.5415875203878556,-115.88895053103083,0.44532377161529835,0,0,0
-9.736918198072502,-0.12908848034594628,189.73284363999022,-0.48352967523691176,-115.82420648047624,0.38420398563956437,0,0,0
-9.979381391388387,-0.14210498648709374,189.18159567205765,-0.5298153359403557,-115.37970706332631,0.42867041073528755,0,0,0
-10.206583193839364,-0.13827486899997582,188.2336245063634,-0.6323140217148933,-114.55270213206192,0.5318460111497473,0,0,0
-10.390937293314423,-0.119884041079942,186.96879900150498,-0.7462416091305102,-113.41722262630522,0.650196736887844,0,0,0
-10.50648222220596,-0.09203392758142286,185.53761708549575,-0.8399552381066997,-112.1126873756984,0.7531343202175919,0,0,0
-10.536398549842275,-0.06118333577343549,184.1265265033806,-0.8971069546953686,-110.81133759757266,0.8250298153562596,0,0,0
-10.481618152454871,-0.03331031407009277,182.9048724982141,-0.9129415028431026,-109.6681983754812,0.8613444251993144,0,0,0
-10.365118818093109,-0.012592178005384369,181.97325638111755,-0.8884529350375828,-108.77228996508735,0.8625818714640985,0,0,0
-10.227874657179115,-0.0011323970021862805,181.33713361131146,-0.8259399079847469,-108.12213735573103,0.8296901248858035,0,0,0
-10.116847549072887,0.0004845895757000562,180.91888822824757,-0.7276008031835091,-107.63865237746823,0.7626850963906691,0,0,0
-10.07002133877343,-0.007457053171933126,180.6034286115592,-0.596458008905779,-107.21076222848309,0.6618606420984122,0,0,0
-10.10530317144223,-0.0239338554360188,180.29706632168183,-0.43759931752797454,-106.75388834868532,0.5295213502876408,0,0,0
-10.217907163861227,-0.046752312539554454,179.97422542651594,-0.2581475338588405,-106.25580088320389,0.3704897325278381,0,0,0
-10.386091397557422,-0.07204797754586138,179.6927909696699,-0.06589145282038658,-105.79037166239853,0.19114572419298953,0,0,0
-10.581052753925292,-0.09431222187596262,179.57303699643796,0.13216977058873453,-105.49408095471428,-0.0018520534799023381,0,0,0
-10.775737104202463,-0.1072316800691624,179.75053332810086,0.32997103207749207,-105.51612409469625,-0.20177144180520656,0,0,0
-10.949141277850416,-0.1051462051616241,180.3233971596257,0.5208740422906715,-105.96330105020282,-0.40054130949418154,0,0,0
-11.085598593551723,-0.08458326561701454,181.31434185291369,0.6955652301238615,-106.86083272315746,-0.5869970812394939,0,0,0
-11.17099687593874,-0.04528627271997152,182.6588313171988,0.8410820326071189,-108.14065789053005,-0.7462858199154851,0,0,0
-11.18916434976451,0.009611160544659469,184.2185985490225,0.9421545002872336,-109.6563667955203,-0.8615427691607636,0,0,0
-11.12148339038967,0.07427670179364014,185.8121690344659,0.9846852945955845,-111.2161753234249,-0.9175913658443079,0,0,0
-10.951135827612376,0.14145990617148813,187.25271862292044,0.9598908354191564,-112.62385916108026,-0.9051448737488471,0,0,0
-10.670769891060942,0.20391506813852517,188.38504575258713,0.8672248627612987,-113.71865908235874,-0.8236403607568974,0,0,0
-10.289979792110827,0.25551978243531437,189.11433597254222,0.7149278888921742,-114.40579935400616,-0.6816156336423574,0,0,0
-9.83828573598889,0.2918407994720809,189.4198899423938,0.5183182980095751,-114.66999461315736,-0.4948294328933713,0,0,0
-9.361138042487582,0.31020278137596763,189.34944168229242,0.29685200778132526,-114.56757283218472,-0.28319269339915537,0,0,0
-8.909990596465164,0.3095368130947961,188.9956457872387,0.07105787108018262,-114.19970465777179,-0.06759570044464738,0,0,0
-8.530400769198579,0.2902984812960156,188.46362074183543,-0.14003124293876681,-113.67698905958103,0.13278479327803155,0,0,0
-8.252588881217932,0.2545690730826863,187.84201429729455,-0.32082946887481967,-113.08895221946376,0.30256360152407635,0,0,0
-8.087136536004834,0.20620005460441462,187.18711862683574,-0.4605917396759821,-112.48829372951185,0.4316069193319095,0,0,0
-8.02611525944171,0.15068664206343668,186.52274774526774,-0.5542133142258763,-111.89213232787138,0.5157731469787621,0,0,0
-8.04815101465222,0.09450965059174762,185.85240619353277,-0.6022863645257474,-111.29601122829995,0.5567716596547712,0,0,0
-8.12507916023408,0.04398002296859005,185.17675106383894,-0.6103783865413845,-110.69302306711798,0.561151702074494,0,0,0
-8.227979246066681,0.003963890301892548,184.5084185757824,-0.5877575515680405,-110.08973016068707,0.538736582110792,0,0,0
-8.331419315354523,-0.023000791622332883,183.87775680013505,-0.5458886169246512,-109.51226314336974,0.5009235748129953,0,0,0
-8.416041536570106,-0.036853633008037436,183.32657803703495,-0.49687747123395526,-108.99985623563701,0.4590921576213873,0,0,0
-8.470190366779264,-0.03942995600956323,182.89186192182484,-0.4519039673956229,-108.58818763702685,0.42317090803091445,0,0,0
-8.490761866179653,-0.03346961512630316,182.58604522615502,-0.41971253382378676,-108.28962323847311,0.40039407594194926,0,0,0
-8.48259679744126,-0.021674170697107798,182.38312812804804,-0.405310653368673,-108.07971647133381,0.394319649363527,0,0,0
-8.455672866085209,-0.006160125381333615,182.2183439144962,-0.40906084879931653,-107.89737215329798,0.40418369779446833,0,0,0
-8.420414819537342,0.011622462358761253,182.0037080713115,-0.4264117851166816,-107.66042324756224,0.4247341942857418,0,0,0
-8.382847165915251,0.030690770789435363,181.6552808552949,-0.44858802292449695,-107.29207046888045,0.44684532932496096,0,0,0
-8.341820867205158,0.05030339806881727,181.1236445301522,-0.4644349815154271,-106.74982657348271,0.4592061615052671,0,0,0
-8.289580499880017,0.06984663154217685,180.41781008778923,-0.4631679779875014,-106.04789318274238,0.4509784815421568,0,0,0
-8.21519469176691,0.08880264043298496,179.61363894896823,-0.43724846002349976,-105.26492120051232,0.4147291179920103,0,0,0
-8.109133828675752,0.10668251345253169,178.84069780778998,-0.38445581195927614,-104.5314029423874,0.3486641684364514,0,0,0
-7.967156386091091,0.12285568494811656,178.24751210667057,-0.30861028199291807,-103.99612602197418,0.2574892726571051,0,0,0
-7.792295550757885,0.13634373389097335,177.95436544628,-0.21902624624077588,-103.77983842305154,0.15184154742796352,0,0,0
-7.594570393111411,0.14574915976080832,178.01064352781304,-0.12915191473703658,-103.93242529141371,0.046702231835209315,0,0,0
-7.388847731559892,0.14945464112360582,178.37378579490343,-0.05475425780542196,-104.41073046893347,-0.040770227511504234,0,0,0
-7.191857970056176,0.1460732992068742,178.91760525138233,-0.011638191448173529,-105.08553052099118,-0.09382887383598018,0,0,0
-7.019409827005518,0.13497625084122547,179.46501839288715,-0.012716216542332858,-105.77365499460082,-0.09918518770397214,0,0,0
-6.884329269597075,0.11666585875862126,179.83212538278184,-0.06462998312125592,-106.28280425513061,-0.05028514934778912,0,0,0
-6.795034088643959,0.09281196858048588,179.87026750973502,-0.1649213913346273,-106.45559545785743,0.05008457047095192,0,0,0
-6.754461699698169,0.06589849995082489,179.4972570344865,-0.3012365172891293,-106.20320993887212,0.18919949877641784,0,0,0
-6.759371320263497,0.038603745534074106,178.71353564236665,-0.4535030743308823,-105.52325481942712,0.34665497014033236,0,0,0
-6.800497798504878,0.013179179395217488,177.601212275458,-0.5985617250029407,-104.49897751545207,0.4989596742885709,0,0,0
-6.864175864953026,-0.008909075550315037,176.30515153293373,-0.7153975196262877,-103.27899271834202,0.6246917812085968,0,0,0
-6.935585393603162,-0.02697911177938863,174.99827835492175,-0.7889657846850298,-102.04043030364953,0.70830604657653,0,0,0
-7.002810276219151,-0.040891757834225474,173.8387550515946,-0.8116917610711198,-100.94418076753014,0.7417060012165564,0,0,0
-7.060066176104002,-0.05079446876986395,172.93198800135292,-0.7830967153803045,-100.09593377810548,0.7239859275979541,0,0,0
-7.108500582508668,-0.057013707149236835,172.31104319662427,-0.7086475943918288,-99.52673718251485,0.6603553650844646,0,0,0
-7.154120387390961,-0.06009469918020045,171.94246753593154,-0.5985883987579939,-99.19974378936531,0.5609559741474015,0,0,0
-7.203951666986214,-0.060844449664689645,171.75334989902382,-0.46672950401045343,-99.03853544569186,0.43956696326168865,0,0,0
-7.262406387396808,-0.06021632771901579,171.66628988068345,-0.3287175393763107,-98.96335066289258,0.3117817876018819,0,0,0
-7.329508391755866,-0.059006853747656865,171.62705969844836,-0.19958645695848531,-98.91970116858248,0.1925027861949701,0,0,0
-7.401444790306883,-0.05752306169132879,171.61532828787807,-0.09115025149412759,-98.88941777397805,0.09331231263502673,0,0,0
-7.4726203615999225,-0.05546104766921047,171.6378564928292,-0.010314971828034914,-98.88332308572514,0.02076042436733303,0,0,0
-7.53774867079332,-0.05212913064505784,171.71110296115864,0.04092295615126318,-98.92261242763071,-0.02368389690180095,0,0,0
-7.5928788136957195,-0.04692890294124794,171.84289048200975,0.06401599780882065,-99.01915290558044,-0.0421984791272962,0,0,0
-7.6352967930172895,-0.0398342038525513,172.02048548641164,0.062033548534361674,-99.16281065175521,-0.038698787293932925,0,0,0
-7.663111059200773,-0.03159539838437979,172.20789347834392,0.03858375697610086,-99.31913293884152,-0.017543677161344817,0,0,0
-7.675411693841539,-0.023554423101855092,172.35169709744417,-0.0021557615445487953,-99.43658275838332,0.016716340822173947,0,0,0
-7.673240696398693,-0.017188688680171538,172.39350987711202,-0.054844756187662824,-99.46052023696483,0.05895125745104792,0,0,0
-7.660748425922321,-0.013647611740258015,172.28662536602707,-0.11272621807381711,-99.35033853583191,0.10321034770536527,0,0,0
-7.645462375599664,-0.013499348369417418,172.01289726820937,-0.1682473147949338,-99.09513794019593,0.14315414194353765,0,0,0
-7.636989021325434,-0.016726357040784023,171.59377067243258,-0.21437235294118295,-98.72225436575631,0.17307715554088077,0,0,0
-7.644507248401638,-0.02285916905353815,171.08940893095257,-0.24591234851950503,-98.29381051121466,0.1889915645169026,0,0,0
-7.6742247881959,-0.031115593957731846,170.58384078042047,-0.26026986740679947,-97.89050895057706,0.18927071066943882,0,0,0
-7.727872297389894,-0.040485050581149554,170.1604173340604,-0.2574717995691003,-97.58761148614506,0.1747202224111902,0,0,0
-7.80256036342513,-0.04978280591980848,169.87676195699981,-0.2397536242278136,-97.4320390963464,0.1482415143088815,0,0,0
-7.8917027497361545,-0.05774073970872991,169.74876999314887,-0.2109624983543938,-97.4292172936725,0.11423923843200896,0,0,0
-7.986567633418858,-0.06317462274477777,169.74899842337618,-0.1758270997284342,-97.54387565168894,0.07777346867552523,0,0,0
-8.078091202210189,-0.06518976481010696,169.81879188142102,-0.13909299095436722,-97.71331801285292,0.043510190788785506,0,0,0
-8.158576485120406,-0.06333471123382992,169.88908912374893,-0.10477134455479131,-97.8679233927431,0.01483997153345058,0,0,0
-8.222869772686963,-0.05765583772420513,169.90327228466543,-0.0759990641344757,-97.95274555587584,-0.006225527083174143,0,0,0
-8.268735248773211,-0.04870276636385142,169.83549967514824,-0.055873973293864766,-97.94451967900106,-0.017988609400404698,0,0,0
-8.296404896502708,-0.0375637378957606,169.6984790214089,-0.04903290325756302,-97.8587086033268,-0.017146710189541635,0,0,0
-8.3075719005342,-0.025917715932583008,169.53612733487256,-0.06299895085284675,-97.74210923524255,0.0028585303383607654,0,0,0
-8.304430674631945,-0.015962848705324006,169.40042669271566,-0.10795856913330226,-97.6498667569768,0.0517599692371391,0,0,0
-8.289588027063644,-0.01006190567524783,169.31802222406117,-0.1940705427030764,-97.61192519035045,0.13972785897916537,0,0,0
-8.26734012869376,-0.010097855327474292,169.25844096057324,-0.32668512155683516,-97.60068439556791,0.272433509176048,0,0,0
-8.245744792744688,-0.0167750783776043,169.1190089148477,-0.5014146389802704,-97.51529034830533,0.4459668656549155,0,0,0
-8.237719689263429,-0.029248605203386548,168.739206190088,-0.7018765400024449,-97.19571832048153,0.6444899691058424,0,0,0
-8.259195541872884,-0.04535721996967368,167.94838369671817,-0.9022509868426425,-96.47064480295144,0.8427484467074777,0,0,0
-8.323848325961706,-0.062398903727121535,166.63642106909708,-1.0745000248919212,-95.22841046411536,1.0132296040029587,0,0,0
-8.436486032549254,-0.07805289207333459,164.82135328534554,-1.197367873149716,-93.4848510224519,1.135062171459427,0,0,0
-8.588890948536573,-0.09097950659997026,162.67971362138445,-1.2629747776810916,-91.41380891226838,1.2005140504630076,0,0,0
-8.761144100230936,-0.1008622145079741,160.51361746644614,-1.2780044655362588,-89.31462476816777,1.2161664059522734,0,0,0
-8.92841971190316,-0.10800985459000856,158.65542644379644,-1.2595000441851198,-87.51757071694722,1.1988186433654335,0,0,0
-9.07011694779699,-0.112872404490831,157.344343492564,-1.2282233262905322,-86.26130347575618,1.1690316201954487,0,0,0
-9.177135194693463,-0.11580873842203658,156.62869318376232,-1.2036319006462577,-85.59554389093783,1.146251593189831,0,0,0
-9.254366937824429,-0.11720781679063777,156.33896425948512,-1.2031970821522975,-85.35362628878259,1.1481424024850981,0,0,0
-9.317818235163514,-0.11777503721945948,156.1442057482368,-1.2457940982372975,-85.2075318868272,1.1938477080002117,0,0,0
-9.387919586781194,-0.11865912496484299,155.66615043381285,-1.3558898682406664,-84.78032860099695,1.3079901907993245,0,0,0
-9.481935710182071,-0.12120408025505469,154.6001020626345,-1.5640387913384415,-83.76589453221705,1.5210321594107654,0,0,0
-9.608564200455632,-0.1263766564533128,152.78938246382256,-1.9008585901666777,-82.00342699760093,1.8632393642734257,0,0,0
-9.766641320731168,-0.13415520946558104,150.22177263901148,-2.385560536996394,-79.47533183226626,2.3533088658754964,0,0,0
-9.947735349879366,-0.14322971616548727,146.95471878403947,-3.0137851900636123,-76.23472286017453,2.9863388395785107,0,0,0
-10.140460514453707,-0.15123469874806403,143.01503853041203,-3.750328517631408,-72.30724912283956,3.726654202463237,0,0,0
-10.333883512330118,-0.15548782713031956,138.33575759089723,-4.529764317436678,-67.62890983302192,4.50847748828644,0,0,0
-10.518687289349273,-0.15394957678919355,132.77308781379838,-5.263935690063306,-62.06245523218287,5.243458921497373,0,0,0
-10.686664099479302,-0.14597695956088047,126.201112358849,-5.8526628907180624,-55.490237892997484,5.831462832901371,0,0,0
-10.830165222644155,-0.13250719204685452,118.64092057192272,-6.19444789159698,-47.940989862194826,6.171387060935018,0,0,0
-10.94279785808439,-0.11557083329307147,110.36850725944606,-6.19676588543291,-39.69555371813256,6.171524861348729,0,0,0
-11.021431478074007,-0.09736992653720336,101.96074516200144,-5.787928634942821,-31.33130531724332,5.761343901928872,0,0,0
-11.068333796064437,-0.07936773239259338,94.26275355664194,-4.931472259424581,-23.68879866858721,4.905595448968251,0,0,0
-11.091713241199713,-0.06179552234994219,88.27729372304168,-3.6396317691639637,-17.761461222916083,3.6174114653918368,0,0,0
-11.10344368281008,-0.04373371142215916,84.98705992971037,-1.9791366855507646,-14.519474246687238,1.96379804888997,0,0,0
-11.11415977982574,-0.02363663056239602,85.13575218098381,-0.06486722870168364,-14.693810103550845,0.05918783368529716,0,0,0
-11.127560836256052,1.7695560217134698e-06,89.02103499665142,1.956294672247111,-18.572955343339416,-1.9506109839478882,0,0,0
-11.136642512848695,0.028139826662388144,96.37677012215875,3.9242244493614806,-25.888340578264504,-3.9069525911404157,0,0,0
-11.124001213700893,0.060996629121162015,106.40974550334136,5.68136269490077,-35.852257404097784,-5.653906524954945,0,0,0
-11.066531528268115,0.09814865620996471,117.99224828490588,7.085696649595667,-47.349111525341854,-7.051006972153052,0,0,0
-10.942780162524173,0.13872772821503218,129.93145398191717,8.024452987376502,-59.20166355761144,-7.986744896379318,0,0,0
-10.740033211450125,0.18147853174170336,141.20298965561625,8.430005862697154,-70.40083122864748,-8.39428598293102,0,0,0
-10.458367504852816,0.22455449599099211,151.07638050564964,8.294438508481509,-80.22786391813666,-8.265856597238306,0,0,0
-10.110226679100066,0.26518393093935516,159.13426021899835,7.67574326874099,-88.27153094444661,-7.658850721577335,0,0,0
-9.716166400659759,0.29951950702032376,165.2315898034754,6.689886029466106,-94.38692321048042,-6.687969614039562,0,0,0
-9.299374462408707,0.3229188382615519,169.43581080795536,5.488698760538472,-98.63666993286104,-5.503367224804549,0,0,0
-8.88201587634613,0.3306526210253978,171.9654200814665,4.230059506181982,-101.23152131572247,-4.261171026125109,0,0,0
-8.484803203455144,0.31881738030742496,173.13420280956865,3.0491435475504374,-102.47684779403785,-3.095043898999086,0,0,0
-8.128806143497656,0.28517991298082135,173.30860579800242,2.036285870230728,-102.73195354449341,-2.0942496469899594,0,0,0
-7.837343145652596,0.22977304976813145,172.8792358902906,1.2222893365619256,-102.38278377338735,-1.2890311474908542,0,0,0
-7.636253952270195,0.15519727789366727,172.232049043737,0.5710395511978504,-101.81337381886253,-0.6431713569543234,0,0,0
-7.551859408375876,0.06666117820953446,171.69442513112062,-0.01775460653818186,-101.35127021863833,-0.056586502294717886,0,0,0
-7.606568375044603,-0.028245546094632347,171.43923920795692,-0.6907637028280703,-101.17036038803626,0.6170722064359637,0,0,0
-7.8124961814187515,-0.12015834427559469,171.3571535846176,-1.606007503382267,-101.16184241935515,1.5355803546489368,0,0,0
-8.164193621723086,-0.1990500944295249,170.9419853154539,-2.885595846189824,-100.81863678002365,2.8210207072717566,0,0,0
-8.632762680313363,-0.25580549928590984,169.25826474257354,-4.569353345988946,-99.20253495580822,4.513448776554375,0,0,0
-9.164471337292454,-0.28394068193285593,165.0577830531858,-6.587129003102092,-95.06079925136284,6.543103031177234,0,0,0
-9.68638664621109,-0.2809514567750142,157.07412777574598,-8.764399645625494,-87.12104424754848,8.735758657879686,0,0,0
-10.119307087792905,-0.24880025793415966,144.45264733610418,-10.862692554410177,-74.52174647177584,10.85280937524713,0,0,0
-10.395398138511695,-0.19336624271454922,127.18570243040114,-12.638691229826094,-57.24829600784359,12.650067546402537,0,0,0
-10.475660771598754,-0.1231522051260086,106.36075901271607,-13.895979392809815,-36.3823435070902,13.929374393975305,0,0,0
-10.361373976126018,-0.047834792572139406,84.05042867486569,-14.510236505989877,-13.993683639841478,14.563915252885227,0,0,0
-10.0945709543862,0.022884885866594117,62.81231366385515,-14.427702182140141,7.357733364435049,14.497054323192867,0,0,0
-9.746158608564244,0.0800936904704244,44.97024128635667,-13.652920202100105,25.338833044670224,13.730614942973187,0,0,0
-9.395715672983172,0.11642062537365376,31.982191387355755,-12.2433593876154,38.475107159729404,12.32005693430908,0,0,0
-9.111110606034757,0.12696153020572326,24.15589968267477,-10.315654250184101,46.436617573044046,10.381136238869441,0,0,0
-8.935622478626513,0.11027260091223638,20.780761231784396,-8.05135025876136,49.90974398056582,8.09583191708558,0,0,0
-8.885449741506847,0.06900237595783523,20.544925754744924,-5.6825243779384635,50.18510518218339,5.697906588811084,0,0,0
-8.955100834056367,0.009657439337692609,22.019053459950186,-3.44704740657568,48.67882287131496,3.427925522971168,0,0,0
-9.125782836454462,-0.05871105572105364,24.02915992856012,-1.5245536382792693,46.56306638085081,1.4688615865647479,0,0,0
-9.37293476247639,-0.12656145877338218,25.847256425102472,0.018466521947385673,44.57597566376559,-0.10925635227185211,0,0,0
-9.671350216547665,-0.1858593626803909,27.22518489548105,1.2464997475707236,42.98538224826936,-1.3676577258283544,0,0,0
-9.997996561009273,-0.23123329689182412,28.341839598098346,2.325542128663116,41.63698859414673,-2.469816209777652,0,0,0
-10.33326916577478,-0.26001457158894825,29.724704903563975,3.4582025846952518,40.0274489103177,-3.6168941119581874,0,0,0
-10.661330260716994,-0.27151620844019675,32.16685660682961,4.809215527135865,37.38254363701088,-4.973399483338911,0,0,0
-10.969704232838666,-0.26620986473927105,36.62089715838201,6.448545680037793,32.7600403147605,-6.610199669526493,0,0,0
-11.247955447544754,-0.24530357429159863,44.03618251841556,8.329810598989464,25.211581882789304,-8.482657062750889,0,0,0
-11.485595457396329,-0.21079612328784805,55.12695160169744,10.306455598035717,14.016164062601518,-10.446409744367276,0,0,0
-11.670262918458334,-0.16569838013919594,70.11120873130884,12.173867353302748,-1.0551719620741409,-12.299049345099396,0,0,0
-11.787881483847173,-0.11401691254870343,88.51461672893805,13.71878820567341,-19.538930314414117,-13.829099522936662,0,0,0
-11.825970505392377,-0.060333809631573844,109.14536241499712,14.76034787789267,-40.250594963743296,-14.856691140231879,0,0,0
-11.779311449426146,-0.009172881831160851,130.28974087583822,15.176633817888453,-61.47871519540341,-15.259984697005574,0,0,0
-11.654980362401233,0.03549800243044245,150.08051313112583,14.920164996442049,-81.35350485684724,-14.990806891372278,0,0,0
-11.473438291261814,0.07043922434500871,166.91258696029809,14.028524126327692,-98.2635463190489,-14.085743219344824,0,0,0
-11.264668357032733,0.09310058696941326,179.7703353857563,12.631153319744229,-111.18436776530793,-12.673535121875517,0,0,0
-11.061433051150274,0.10165489167198274,188.38723533726653,10.944880934961002,-119.83980665529525,-10.971095620648931,0,0,0
-10.89297542324033,0.09529876809632612,193.23783248283604,9.24740036820952,-124.69648703093351,-9.25713172184602,0,0,0
-10.781203213946242,0.07474452233018951,195.41219286497437,7.824468421147566,-126.84126813084673,-7.819075697678109,0,0,0
-10.739257048764202,0.042570438673165255,196.42274192875112,6.900042872947284,-127.79052318082931,-6.882695240818457,0,0,0
-10.771332567127345,0.003074634717145841,197.96342607854808,6.570787258795076,-129.24988652090343,-6.546056577616296,0,0,0
-10.872982824429116,-0.03844332663940264,201.61936609709232,6.770045452946062,-132.8219121822035,-6.743114463897403,0,0,0
-11.03186622612425,-0.07666951272444038,208.53442508731388,7.278653786271752,-139.6694721721845,-7.254344631259643,0,0,0
-11.22927597566958,-0.10706207269581255,219.08094186059867,7.783037982902738,-150.1804572650318,-7.764863294561819,0,0,0
-11.442691944090356,-0.12614835710397046,232.62045954824885,7.961916825953898,-163.72411209521186,-7.951358459031651,0,0,0
-11.649101623426759,-0.1314110251008998,247.47078991521693,7.571163194783969,-178.61551240428196,-7.567352673075449,0,0,0
-11.828128178394678,-0.12109384570275665,261.17377319998405,6.4987474228422455,-192.38325296789168,-6.498603036321174,0,0,0
-11.963596150198455,-0.09421021444366033,271.0682123118634,4.776798434372904,-202.3451199765517,-4.775522880149362,0,0,0
-12.042686784985946,-0.050772661488494464,275.03136112451335,2.556658191363243,-206.35485272116324,-2.5484432212528647,0,0,0
-12.0533672997732,0.007963216716809995,272.1343738765908,0.06534150998628548,-203.4640499115838,-0.04417905048513262,0,0,0
-11.982271024154912,0.07946375838279778,262.95090030697054,-2.437355208656521,-194.23591688411517,2.4768093255349073,0,0,0
-11.815084968865719,0.1601761570843337,249.38735044082136,-4.691558312001803,-180.57714098369712,4.753155131136452,0,0,0
-11.539592841009195,0.24601344005676254,234.1010070009463,-6.462993370421037,-165.15390438471314,6.548441390580116,0,0,0
-11.14964380850148,0.3329017378109711,219.73435696046153,-7.570417566275774,-150.62224776988313,7.678967063237591,0,0,0
-10.648054360262378,0.4172123320202843,208.24690746168363,-7.917497539451364,-138.9560188398628,8.046057135137225,0,0,0
-10.047340052583422,0.4959933206649708,200.5552067951989,-7.519819572845944,-131.08396109291743,7.663486312936582,0,1,0
-9.367993777827053,0.5670588250346895,196.54383949577368,-6.511232421861251,-126.89883906209052,6.664060428112741,0,1,0
-8.634578772088744,0.629043887520659,195.36403664910569,-5.119134598109843,-125.55544934417578,5.27488005595171,0,1,0
-7.870563464783103,0.6814420683592658,195.85638572999972,-3.6120855765748443,-125.89428136979099,3.7647566670640416,0,1,0
-7.093434093123491,0.7245473992059687,196.93617814813138,-2.236337636469051,-126.82918678221797,2.3805750297780848,0,1,0
-6.311682773808016,0.7592505030363256,197.83857608835802,-1.1630855743445352,-127.59531260298776,1.2944968970359425,0,1,0
-5.524646093659129,0.7867361314489628,198.19600445972293,-0.46304566931843283,-127.82834042418001,0.5785393426234563,0,1,0
-4.725172157416537,0.8081745956551387,197.98015123519787,-0.11281285593015582,-127.50633771407273,0.21085091058457409,0,1,0
-3.9041698164417937,0.824473321660723,197.37098059577102,-0.025140396291476463,-126.81649747210228,0.10579088932947797,0,1,0
-3.0555493298991223,0.8361125251371974,196.61605171823828,-0.0885480680297519,-126.01104986950337,0.15326666035459197,0,1,0
-2.1799787380937943,0.8430638509998133,195.92475010201457,-0.20205604933225346,-125.29856766668287,0.2532005048101468,0,1,0
-1.2862478212756656,0.8447874394028745,195.41571093647212,-0.2962595537602681,-124.79032995624478,0.3364096254755452,0,1,0
-0.38984555548151434,0.8403171931776185,195.11263268619092,-0.3388787298908255,-124.497540450881,0.37009096234884,0,1,0
0.49056178658887006,0.8284530869688453,194.9709050497022,-0.3283367520219656,-124.36161476624507,0.3514936727605601,0,1,0
1.3372044168746413,0.8080586353653828,194.91561765480884,-0.2813800073974562,-124.2971817341165,0.29578655766448775,0,1,0
2.1361916202207283,0.7784219911465329,194.87598055075534,-0.22041904161628167,-124.23121634823231,0.22376826831267635,0,1,0
2.8785258381170564,0.7396148629259229,194.80721716081467,-0.16425694821051592,-124.12743080069161,0.15303386020073617,0,1,0
3.5593587122719157,0.6927858073870141,194.6967837149782,-0.12347092291133208,-123.99140098646713,0.09376706518775677,0,1,0
4.1764165372120345,0.6403305151193649,194.55718052179645,-0.09989349088116342,-123.8586318954574,0.04847542213257725,0,1,0
4.728670581566206,0.5858717977604314,194.41186130207547,-0.08880377564470336,-123.7733671863766,0.014182399146955049,0,1,0
5.2161698911654355,0.5339714919844681,194.2821806199094,-0.08236963058549804,-123.76822906467551,-0.014388836878697474,0,1,0
5.641610252594475,0.48951930514505904,194.1810017073588,-0.07309449239854189,-123.85265930436721,-0.04181114589768242,0,1,0
6.013459595712135,0.45681980343014744,194.1136977773793,-0.05628104930956397,-124.01278622955523,-0.07000684922099368,0,1,0
6.349279764193184,0.438527327480584,194.08286729325516,-0.030925997179906517,-124.21979077477552,-0.09783540967447664,0,1,0
6.6769193367193225,0.4347258316697776,194.09192134895386,0.0009204058793443437,-124.44107010290348,-0.12209450754915566,0,1,0
7.031384671671319,0.44252150137971713,194.14503562676992,0.035671806380611314,-124.64932780720913,-0.13923233503927576,0,1,0
7.446723872418531,0.4563935923311263,194.24440666771903,0.06967257995410706,-124.82749929290155,-0.14684893058568207,0,1,0
7.944631987077756,0.46923730061676705,194.38752374317914,0.09995135586277684,-124.9697550832119,-0.1443506577356061,0,1,0
8.52367485390981,0.47373342877024954,194.5663845805899,0.124209539966688,-125.07957697094896,-0.13270693737208034,0,1,0
9.153885595363377,0.46362319392757884,194.76857936588158,0.14051440772516344,-125.16569053676936,-0.11373964283845055,0,1,0
9.780105814476698,0.4346601175885766,194.97890641945048,0.14725164473528024,-125.23671837053233,-0.0894803385805858,0,1,0
10.333983258762146,0.38524762966938797,195.18051526598657,0.14354497876910272,-125.29616588172327,-0.061893867594000083,0,1,0
10.75079388341463,0.3168660792683539,195.35579317704617,0.1298860496754628,-125.33985560327604,-0.03292594594167042,0,1,0
10.985511703468973,0.23431555753010258,195.4880113705068,0.10848954172972754,-125.35718720316002,-0.004619854053572681,0,1,0
11.023520512605089,0.1456282400195832,195.56443779630666,0.0830314803523379,-125.33587348870934,0.02093336860839088,0,1,0
10.883860968365198,0.0613759308422047,195.58048541446095,0.05780305182711913,-125.26826648314913,0.04185651539534661,0,1,0
10.61538466510207,-0.006818421005286268,195.54326716447366,0.03664631039919186,-125.15675875231825,0.05681604107942917,0,1,0
10.287787562378782,-0.04841300265542259,195.47241916047642,0.02212643376752794,-125.01595362374762,0.06523009801109936,0,1,0
9.979957254105642,-0.056160697061660866,195.39669938411328,0.015216883811035586,-124.87024328486505,0.06726115127374896,0,1,0
9.767644903785424,-0.02767222773941711,195.34660988415277,0.015475036355297789,-124.7471253828159,0.06363651030825963,0,1,0
9.711921604423836,0.034194364198474145,195.3453695234424,0.021462821435579826,-124.66855795973804,0.05542607143850091,0,1,0
9.84985323220792,0.12219233285062643,195.40177960366185,0.031137032404069488,-124.64386490161228,0.04391173326281148,0,1,0
10.189186912798021,0.22643193060482503,195.50796201515652,0.042079982020032956,-124.66724409053855,0.03061024065928848,0,1,0
10.708789426074802,0.33641700067524455,195.64276173405977,0.051642682603289816,-124.72082210007743,0.017383303652937342,0,1,0
11.36546415458983,0.4428005641084788,195.77906601066246,0.05718316715370406,-124.78161277432433,0.0064586366397549,0,1,0
12.105784296871462,0.5385165007887196,195.89185573850165,0.05652230259849489,-124.82914915052102,0.00019108040063429144,0,1,0
12.87970397115032,0.619241563376967,195.964066984674,0.04855396627633581,-124.85065634572537,0.0005399977604099604,0,1,0
13.651957569131227,0.6833532414889234,195.98884598650932,0.0337691179175124,-124.84212058721825,0.008439462177315704,0,1,0
14.40796289519043,0.7315910654461675,195.96853105565032,0.014408214265858987,-124.8056569184675,0.02335377629343327,0,1,0
15.15280991167262,0.7665398701076228,195.91183291013772,-0.005915199990471365,-124.74521457880955,0.043255302186884136,0,1,0
15.904337238193506,0.7919545790659199,195.83090918620576,-0.023038940789848538,-124.66315798213394,0.06506200067219084,0,1,0
16.683385647097154,0.8119349730356149,195.73947078283697,-0.03323000896742201,-124.55947027983912,0.08535093054649678,0,1,0
17.505097567259696,0.8300340216187777,195.6520441578151,-0.03395558306348789,-124.43370632760421,0.10104987413778303,0,1,0
18.37418812715103,0.8484708604590182,195.58360973415506,-0.024212043993412636,-124.28826907820859,0.1098616712485864,0,1,0
19.28500994524903,0.867647024558454,195.54867660276398,-0.004421419652669556,-124.13099276760242,0.11035759714828544,0,1,0
20.22513402722761,0.8861023776783149,195.55955564882743,0.023882169251839967,-123.97563984505605,0.10187312726538948,0,1,0
21.180044187338098,0.9009232504134175,195.6245111540391,0.05830454713348558,-123.84015760434754,0.08443185961324104,0,1,0
22.13666617372141,0.9085002416029354,195.7467255465752,0.09565506676281074,-123.74350387473238,0.05885635023894622,0,1,0
23.08443314077497,0.9054748629131268,195.92431685912362,0.13194298769071225,-123.70208094698465,0.027030649902215487,0,1,0
24.01383368845577,0.8896945797387396,196.15065460265612,0.16260766687417458,-123.72648330615566,-0.007921355826252353,0,1,0
24.91356974232768,0.8609813758434143,196.41395465754061,0.18322613163711593,-123.81883938600153,-0.04181530481265838,0,1,0
25.76838806312651,0.8215295712864069,196.69602145046508,0.19062007680979037,-123.97090677744966,-0.07001203059884062,0,1,0
26.559846196390964,0.7758306099164869,196.97147403472223,0.18390704663380575,-124.16339982858206,-0.08821937825238421,0,1,0
27.271133924538425,0.7301639872507643,197.2096864028968,0.1649332045235326,-124.36748263647111,-0.09314243155901067,0,1,0
27.894823703683173,0.6918095343249767,197.38093791913514,0.1378218399438765,-124.549145815729,-0.08279749171131812,0,1,0
28.44042974009168,0.668148757042659,197.46575641692533,0.10784684347734128,-124.67576015104446,-0.05656025457075771,0,1,0
28.938350286502967,0.6657403099619664,197.46358162037717,0.08012988342658219,-124.72235138687138,-0.0151322844670716,0,1,0
29.43830604622905,0.6893723024473601,197.39605759181052,0.05861563337324469,-124.67492819032249,0.039454091644071806,0,1,0
30.002528484024737,0.7411096044787427,197.3025352585624,0.045532330691321475,-124.53005586409783,0.1038096751865794,0,1,0
30.69532125888236,0.8194690111152468,197.22912303742953,0.04129880986046715,-124.29208585186323,0.17327859805178036,0,1,0
31.570972841947345,0.9189723178120502,197.21525349180644,0.044714509124281675,-123.97016223067224,0.2423138750439108,0,1,0
32.66211108760011,1.030347269544268,197.28217778419753,0.05329444306575511,-123.57636586100894,0.30518386571000916,0,1,0
33.97094224117839,1.141527582219841,197.42679734163545,0.0637230862821923,-123.12530307671626,0.35682615765421416,0,1,0
35.46582403569089,1.2393653165869174,197.62267450150148,0.07245833739734735,-122.6346966559533,0.39352590381581365,0,1,0
37.084546881803675,1.3117118676640167,197.82808301037795,0.07643827854925575,-122.1260070652899,0.4131868809704741,0,1,0
38.74390243553436,1.3493957564200023,197.99870084758288,0.07372463420707617,-121.62392149394437,0.41520380377342575,0,1,0
40.35362610870138,1.3476825907205743,198.1008124831991,0.06390755640497332,-121.15408981032924,0.4001380446631799,0,1,0
41.831959212098226,1.306955427412649,198.120640965784,0.04819870878431516,-120.73966915216435,0.36943981320315517,0,1,0
43.119647160664904,1.2325067830125804,198.06691804405494,0.029228259722907525,-120.39818705439309,0.3253652374015303,0,1,0
44.18927882308238,1.1334966610060142,197.9663693795003,0.010573076094135558,-120.14004781412898,0.27106693894986905,0,1,0
45.04779874915309,1.0213250875829274,197.85432905585617,-0.00395459314593154,-119.96878178404044,0.21066981026407064,0,1,0
45.7316653617266,0.9078043026392784,197.76416487204068,-0.011162941423759776,-119.88196772897739,0.14908556195339315,0,1,0
46.296010071304195,0.8034889441660014,197.71907993886452,-0.00928699311431842,-119.87165070270096,0.09144190761703327,0,1,0
46.800790645751036,0.7163787403687785,197.72840526244283,0.0014950184669544342,-119.92402726645462,0.04224555361496698,0,1,0
47.29779775763295,0.6510965528542861,197.78853707891864,0.01902629446959736,-120.01930896264919,0.004587699249489674,0,1,0
47.82194546192714,0.6086176825305835,197.88707143334528,0.03967288024089157,-120.13306587441043,-0.020301204669914343,0,1,0
48.38851555036139,0.5865962501735076,198.0079425520559,0.05923734262888729,-120.2396707341589,-0.03301723424184218,0,1,0
48.99574661578601,0.5802176674193845,198.13559115045354,0.07400429287790758,-120.31721361601468,-0.03556115942691349,0,1,0
49.630612689207766,0.5833449962816367,198.25718098875092,0.08158438687260058,-120.3523100618982,-0.030762966184579455,0,1,0
50.27545564838822,0.5896498690965124,198.3630981819092,0.08131133924001119,-120.34305986082812,-0.021786297395632915,0,1,0
50.913761250888165,0.593496145345695,198.44670248214504,0.07413693244387787,-120.29895412645887,-0.011812324864411038,0,1,0
51.53384203592044,0.590515033345875,198.50420780081976,0.062162440048149394,-120.23757932324652,-0.0038238303343291593,0,1,0
52.12946003412056,0.5779506014593089,198.53492380759053,0.048044907155605186,-120.17928036454676,-0.000324703661809167,0,1,0
52.69728933671616,0.5548808169369274,198.54151865484295,0.03449098195767988,-120.14189024041094,-0.0029155343141781032,0,1,0
53.2327592110899,0.522324845816366,198.52990640335742,0.023936100194254094,-120.1374322112933,-0.011835520650382136,0,1,0
53.72709579538589,0.483107890839274,198.50869583382678,0.01837358569684966,-120.17130417775373,-0.025717437108025366,0,1,0
54.16802156495448,0.4413140466180693,198.48839162361196,0.019217476452035955,-120.242917770777,-0.041775710727495155,0,1,0
54.544554785155285,0.4013243634643082,198.48050097003033,0.0271020705832143,-120.34636895915646,-0.0564701193212386,0,1,0
54.853861147371425,0.36672868590298363,198.49654199069346,0.04163681765506908,-120.47066526840202,-0.06646260639794548,0,1,0
55.10653455678096,0.339554792458609,198.5468340388777,0.061267077619487506,-120.60023423190837,-0.06953279307497554,0,1,0
55.32690171706886,0.32010342673680936,198.6388772466654,0.08342165102877175,-120.71671123373382,-0.06512470063418618,0,1,0
55.547085670563526,0.30733503687564934,198.7752285066519,0.10501204649933697,-120.80228051645891,-0.05437431310026568,0,1,0
55.7967468931504,0.29950120576984957,198.95129198414122,0.12316319130486023,-120.84390642852621,-0.03971431459433461,0,1,0
56.09283726130225,0.2946940994989717,199.15418943103782,0.1359193265347983,-120.8372181711607,-0.024298702203526545,0,1,0
56.43379347845799,0.2911390506705594,199.36412291364513,0.14265620805342677,-120.78867921763516,-0.011450240898022912,0,1,0
56.800446164142386,0.28725020304003834,199.55881629882015,0.14405790119702147,-120.71504730875638,-0.004199757872200394,0,1,0
57.163033622652975,0.28160376894007444,199.72002353666056,0.14172891560571088,-120.64006091672034,-0.004905401148073451,0,1,0
57.491495780145,0.27298605648617597,199.83969423537832,0.13767089516329634,-120.58935598119173,-0.014938631925895151,0,1,0
57.76525165407702,0.2605463698372638,199.92310407122773,0.13383191565129096,-120.58516767738224,-0.03443852162020278,0,1,0
57.97903658718134,0.24394354086630657,199.98741305084792,0.13177707519968748,-120.64223181063038,-0.0621597382766879,0,1,0
58.1429394064696,0.22335563996334926,200.0561664027225,0.13241519148774614,-120.76576524521455,-0.09549713653536003,0,1,0
58.276946235425285,0.19933634714907242,200.15193745828486,0.1357606437121092,-120.95166683571786,-0.13079375357585263,0,1,0
58.40221059152304,0.17262921405125126,200.28961114065413,0.1408329522017425,-121.18829164472824,-0.16393779356942845,0,1,0
58.532272669965316,0.1440802672000153,200.4719601830347,0.1458400791295901,-121.45881555392758,-0.19108596829619842,0,1,0
58.667349878091485,0.1147123425314021,200.6882748285226,0.14868332192143613,-121.74365058298876,-0.20927762774479675,0,1,0
58.79380963563311,0.08590723231215733,200.91642273594124,0.14763112932930084,-122.02298484451491,-0.21678408416136677,0,1,0
58.88932576316549,0.059547292645652304,201.128353058678,0.1418787736202546,-122.27943885241463,-0.2131774387223544,0,1,0
58.932298452145154,0.03794223706676547,201.29809502667422,0.13174378667205816,-122.50021566415371,-0.19919775322504735,0,1,0
58.91237507939104,0.023461854785902146,201.4099372904421,0.11843228303809497,-122.67794395483021,-0.17651463578920926,0,1,0
58.838108910302914,0.0180059846288394,201.46372434414093,0.10353844733189135,-122.81007265224405,-0.14744177270724493,0,1,0
58.738412332926124,0.022607712681319468,201.47495413892506,0.08857236146845934,-122.8975396324381,-0.11462612172490765,0,1,0
58.65636860609294,0.03738575275306175,201.46937532500544,0.07476030603240816,-122.94364436796833,-0.08074739692018226,0,1,0
58.63682913938206,0.061775183176914085,201.47393397103508,0.06314307730328324,-122.95343800262033,-0.04830022509977141,0,1,0
58.71233251625371,0.09475319729074486,201.5073446563536,0.0547587746020838,-122.93323328100003,-0.019502610657187346,0,1,0
58.89342700490468,0.1348390020723464,201.5739984432072,0.050631488848682696,-122.88991180023784,0.003735752457879471,0,1,0
59.16766716316373,0.1799024113693008,201.66402579626532,0.05146281249241156,-122.83045881371673,0.01992906769168883,0,1,0
59.50707759493463,0.22704098394818217,201.75978383171082,0.05719434471936893,-122.76244110341234,0.028286403293833473,0,1,0
59.8798304250526,0.272815967029257,201.84568277269506,0.06675158324583777,-122.69524177072559,0.029024779704869275,0,1,0
60.260765100114504,0.3139156350130655,201.91625217892891,0.07818631177829047,-122.64058643025142,0.023486882073493122,0,1,0
60.63713302399592,0.34793930063918166,201.97835246906504,0.08918024079410998,-122.61078197532716,0.013895526385218205,0,1,0
61.008822172407946,0.37377076261670084,202.04689758611875,0.09764001060351006,-122.61467559949976,0.0027989552277091433,0,1,0
61.38452827638551,0.391224227654709,202.13689115746382,0.10207578458764602,-122.65339657091964,-0.007541860792088073,0,1,0
61.77598548951271,0.4001931831888882,202.25579708881799,0.10164682098408662,-122.7185691818854,-0.015552278903575712,0,1,0
62.19172552264553,0.3999417653592097,202.3991470642947,0.09601651149886266,-122.79427801714785,-0.020416469962191285,0,3,0
62.63113463107169,0.38909489200139047,202.5503985492423,0.08525439962002679,-122.86192224796075,-0.021918997034023845,0,3,0
63.07990943971082,0.366393780883174,202.68478364214178,0.06987423938399502,-122.90587742163761,-0.020260045719354025,0,3,0
63.50900942682351,0.3317580776502439,202.7762520415517,0.050869702047725694,-122.9179638924481,-0.015991335681772512,0,3,0
63.8792480786447,0.28696991515131887,202.80584788768368,0.02955604085890968,-122.8994064703475,-0.010059778446210999,0,3,0
64.15171402012841,0.2354976016967946,202.76879617512918,0.00721781912119468,-122.85977640059166,-0.003827028976414226,0,3,0
64.30107083282766,0.18149501303638688,202.677094862905,-0.015207124408078698,-122.8133824325207,0.0010614594982371272,0,3,0
64.32640294891038,0.12852702411532632,202.555594606596,-0.03716601328297316,-122.77458895631749,0.0029942783065337155,0,3,0
64.2542274278987,0.07872104029052593,202.43245156605292,-0.05823081332328002,-122.75399435538175,0.000832415536086728,0,3,0
64.13096150648066,0.032715544146865484,202.32797528002993,-0.07774850013534547,-122.75683947164954,-0.005681658151726765,0,3,0
64.0066756530094,-0.009768995241705625,202.24707582021392,-0.09466279856502524,-122.78366342216547,-0.015726235822540957,0,3,0
63.91640487222495,-0.04925424867552124,202.17873841641256,-0.10764447187000883,-122.83197946489541,-0.027536340505236012,0,3,0
63.86711984261608,-0.086158492105465,202.10247550890898,-0.11547629730189328,-122.89755326627674,-0.03885509475143749,0,3,0
63.836164868292165,-0.12083266039829751,201.99876704019823,-0.11748670591451287,-122.97478047396537,-0.04753650340668116,0,3,0
63.781558126227644,-0.1536753387120271,201.85921990203343,-0.11380389846139564,-123.05666882857291,-0.05206944452783091,0,3,0
63.6591715333732,-0.18497645011009425,201.6923514564291,-0.1053353850311396,-123.13513980564402,-0.051845713018732906,0,3,0
63.43948591177301,-0.21442434572813768,201.52233188988606,-0.09355004602476243,-123.20193338003507,-0.04713797666566677,0,3,0
63.11807634492741,-0.24059748343689122,201.38072754745087,-0.08019312430125183,-123.2499539903843,-0.03888896999967244,0,3,0
62.71747404077843,-0.2609260549176682,201.29441258143896,-0.06699854405209749,-123.27468880066006,-0.028437644493030233,0,3,0
62.28119700537972,-0.2723840378387301,201.27462142971854,-0.05541659215431878,-123.27529660183687,-0.017227516482284953,0,3,0
61.86243219572802,-0.2727131033210995,201.3115753599663,-0.046407833018122346,-123.25504318882214,-0.006486745212430378,0,3,0
61.51043003785604,-0.2616442622425666,201.37680717340004,-0.04037836991427639,-123.22086916489214,0.003076044473641559,0,3,0
61.257859293439395,-0.2416017825024248,201.432490068388,-0.037275707778513835,-123.18192971120705,0.011428657532195529,0,3,0
61.112324489904864,-0.21766281989693895,201.44460111865504,-0.036775696787174184,-123.14705563878822,0.019099973219127264,0,3,0
61.05442709301665,-0.19684513566749332,201.3951415718522,-0.03844873812569176,-123.12153628069721,0.02679301852068079,0,3,0
61.04272891094753,-0.1869346856033438,201.28856775728633,-0.041822037164371294,-123.1043793609076,0.034896425335440996,0,3,0
61.023468086748764,-0.19507337482023104,201.14957481210092,-0.04633951512180943,-123.08764680471312,0.043170249295175725,0,3,0
60.94144814595802,-0.2263271930302281,201.01297057957913,-0.051325935351127325,-123.05895425819303,0.05082775374795858,0,3,0
60.749022684103494,-0.2825130174829681,200.90992520018204,-0.05611269951053828,-123.00675861545325,0.056998757491928134,0,3,0
60.41185014934628,-0.3616293556330746,200.85640105807482,-0.06040321291664554,-122.92633234848246,0.061281825851071406,0,3,0
59.91169844752571,-0.45818611835504514,200.8481802087482,-0.06475730192365745,-122.82334069587039,0.06401095219388538,0,2,0
59.24715810755376,-0.5644763476431607,200.86354781988877,-0.07088587163700595,-122.71259162741255,0.06607206821297495,0,2,0
58.432729118609714,-0.6724535233386945,200.87136307328262,-0.0814312187793405,-122.61194213628777,0.06842371966335463,0,2,0
57.49603093357412,-0.7755875807999416,200.8405689894886,-0.09913177130727605,-122.5342373802775,0.07164161773277442,0,2,0
56.4725659094662,-0.8700635209192427,200.74756855261563,-0.12562753811256472,-122.48142675875836,0.07573434400988503,0,2,0
55.397965434515925,-0.9549755459292285,200.57970904091627,-0.16042699909340855,-122.44365867877785,0.080266776640687,0,2,0
54.29893285336182,-1.031592855837443,200.33526262430752,-0.20054060749012592,-122.40340960807957,0.08462301997436157,0,2,0
53.185572337958604,-1.1021125340558846,200.02165286650637,-0.24098855179582301,-122.34253808086528,0.08816685867631122,0,2,0
52.04838747491107,-1.1684368632456554,199.6536498190564,-0.2759891571059825,-122.2494151753544,0.09018053042397298,0,2,0
50.86209469005399,-1.231408106288304,199.25213106714074,-0.30035240535967206,-122.12366458207559,0.08969765359163943,0,2,0
49.59576988915128,-1.2906771960802488,198.84277413384694,-0.31057320783874615,-121.97711049612677,0.08547706356646642,0,2,0
48.22603276699491,-1.3450939687008727,198.45366230193054,-0.30532890936278817,-121.83092304064944,0.07626030087442075,0,2,0
46.74836048615316,-1.393322070930506,198.1114715022228,-0.2853982278187857,-121.71013683204804,0.06123126425854082,0,2,0
45.18194987069108,-1.4343780196655274,197.83704493589187,-0.2532511034129584,-121.63726084436111,0.040466455008598246,0,2,0
43.56579394866371,-1.4679215679179087,197.64183647422817,-0.21258698574525853,-121.6266561230937,0.015194617482382,0,2,0
41.9470257475072,-1.4942674159878493,197.5264199472884,-0.16793810909286436,-121.68105567003364,-0.012218204924272414,0,2,0
40.36571214405676,-1.5141899505216514,197.48128034611966,-0.12425760712947068,-121.79109696549416,-0.03856430825235293,0,2,0
38.84179214130333,-1.5286650881210413,197.4891418323768,-0.08635746285841037,-121.9378735307793,-0.06032215628544009,0,2,0
37.36917179573198,-1.538719578686822,197.5277799616038,-0.05819168779461279,-122.09746900053058,-0.0743168209581114,0,2,0
35.9194205301755,-1.5454861870204162,197.5727499762121,-0.042168421731304306,-122.24584663131832,-0.07836914243090405,0,2,0
34.45387038393476,-1.5504058888843502,197.60019806255224,-0.03875316754674714,-122.3627535786503,-0.07176599694514892,0,2,0
32.9393818857845,-1.5553779721048975,197.59008767334643,-0.04653522888079351,-122.43414460350384,-0.055397993316944394,0,2,0
31.36116469928494,-1.5626379085009958,197.52955462427667,-0.06274478469937321,-122.45330504162915,-0.03148727233943589,0,2,0
29.727088000486916,-1.5742693947439854,197.41536071857882,-0.08404161134081392,-122.42095226867015,-0.002969421094110203,0,2,0
28.061735059820208,-1.5914775886941093,197.2543047987607,-0.10731060985929161,-122.34431609254518,0.027256761920222063,0,2,0
26.393246026458222,-1.6139487984646663,197.06106765848045,-0.13020975398871998,-122.23503560320309,0.05693299406055985,0,2,0
24.7393330590468,-1.639668899076868,196.85383249912593,-0.1513262903763632,-122.10596968888852,0.08469709724120093,0,2,0
23.099098193863476,-1.66540480406722,196.64872571896865,-0.16997743988758315,-121.9675677417204,0.10997102224575883,0,2,0
21.454395908790886,-1.687716344099171,196.4546738630109,-0.18584830841913913,-121.82490138132836,0.13263241128842368,0,2,0
19.779932545528837,-1.7040225806551632,196.2706524363249,-0.19869016902429165,-121.67651669071272,0.1526770491240967,0,2,0
18.057181393166083,-1.713138486563936,196.0869351587886,-0.2082060553580675,-121.51578260623829,0.17001886780200265,0,2,0
16.285333845112298,-1.7149772714412144,195.8903132744706,-0.21412492871331779,-121.33443438104625,0.18447016778409023,0,2,0
14.484001258293233,-1.7096391991938602,195.67107154008528,-0.21638368694394217,-121.12698092874491,0.1958628598789204,0,2,0
12.686862193935283,-1.696500908309617,195.4284590283359,-0.2153067902576254,-120.89418177742918,0.20423850485055936,0,2,0
10.930350194180846,-1.673894593220473,195.17224424518002,-0.2117031091533647,-120.64412741452516,0.21005134298199266,0,2,0
9.243473312046078,-1.6395718072834868,194.91981837134728,-0.20687848840216247,-120.39033392536219,0.21435686367077267,0,2,0
7.642941067108197,-1.591675513539807,194.6899956296865,-0.20259413833521195,-120.14734109009932,0.2189202193380794,0,2,0
6.134089110767306,-1.5296853050481822,194.4956578163924,-0.20087693863338246,-119.92518269321481,0.2260365165173738,0,2,0
4.715449976586157,-1.4548808632607944,194.33764277147725,-0.20338592677558723,-119.72438795150843,0.23772822552602974,0,2,0
3.3842144726939694,-1.370203321471159,194.20186755230327,-0.21005817212364947,-119.53294805400499,0.25412254027823733,0,2,0
2.140426257768013,-1.2797191240962236,194.0609937754365,-0.2172286798430605,-119.3265804128575,0.2713583099040534,0,0,0
0.9884807946304761,-1.1879627489669502,193.88154388813678,-0.21618749248975747,-119.07406921587251,0.2801326754252301,0,0,0
-0.06480737431471084,-1.0992833629668468,193.6372122723294,-0.19368320780683917,-118.74969867348462,0.2664521948829702,0,0,0
-1.0151710207763074,-1.0172098678693586,193.3278773070994,-0.13564249743042184,-118.35295637464681,0.21575904316909203,0,0,0
-1.8668410467813885,-0.9439363704383368,192.99995744674942,-0.03408916906437298,-117.93054431548462,0.12018125767265246,0,0,0
-2.6361541776234247,-0.8801630950856207,192.7579434464497,0.1048058393690269,-117.58900717110988,-0.013389892464837771,0,0,0
-3.349892562560271,-0.825448860115317,192.75316355161812,0.25557204428364455,-117.48281914126962,-0.15846996988262846,0,0,0
-4.038009567926281,-0.7789265159974036,193.13923284208818,0.37592940734884905,-117.76759226152389,-0.271956491851418,0,0,0
-4.7239137277972105,-0.7399674328862147,193.99675108083352,0.4202269470150952,-118.52257537478191,-0.30792855047083945,0,0,0
-5.417416478162238,-0.7083948921453853,195.24992594599354,0.36335018615422426,-119.66684697865337,-0.24161476982913827,0,0,0
-6.114062343385157,-0.6841197813727817,196.61671421827293,0.22924489169113257,-120.91128011168378,-0.09772713664354171,0,0,0
-6.80078436534356,-0.6664041874936331,197.64083796162527,0.11302230139803555,-121.79363413438669,0.02766073289444364,0,0,0
-7.464481703176858,-0.6531590714033314,197.83948174248036,0.18325669846548182,-121.82898417819301,-0.03510637433886643,0,0,0
-8.09911994223016,-0.6406641358112963,196.96137916864166,0.6542768716360114,-120.76910407293819,-0.5016237753929061,0,0,0
-8.708038860509205,-0.6238941768996795,195.29240636366075,1.728198813259155,-118.90781568192004,-1.5754836162901782,0,0,0
-9.300196052559755,-0.5973819516840564,193.88816646043006,3.521116756565249,-117.31239984216545,-3.3742571362867766,0,0,0
-9.881483276593585,-0.5563769191385916,194.58573053627293,6.001157698819855,-117.83388288465828,-5.867106781090984,0,0,0
-10.444650926039245,-0.4979874311842181,199.6820015584483,8.968908029744346,-122.78383001545295,-8.854754063775557,0,0,0
-10.962855496794006,-0.42197265671186274,211.27873921342507,12.095781606045488,-134.2774115376837,-12.00765349016054,0,0,0
-11.391235995002802,-0.3309172880253627,230.46109351164603,15.00665320079221,-153.40941834152113,-14.948839364798948,0,0,0
-11.677831534771073,-0.2297448270245539,256.6282912064715,17.36788319233414,-179.5823479225936,-17.342487049792844,0,0,0
-11.780658677185741,-0.12480802641412651,287.32991825906873,18.941561936349935,-210.34117477214227,-18.948776799872814,0,0,0
-11.684208270295485,-0.022923944816648147,318.79729780293525,19.593289202826888,-241.9055190797984,-19.632129609935514,0,0,0
-11.408292822483787,0.06938589096434242,347.02791117656375,19.272735605088634,-270.2574977209277,-19.34192512294909,0,0,0
-11.005487130754744,0.14640943225538763,368.97123828700217,17.999065466035905,-292.3326861798485,-18.097780361757323,0,0,0
-10.54827631670102,0.2036313501146921,383.3037858239294,15.869734560718666,-306.8001678408936,-15.997999528474669,0,0,0
-10.110722724760066,0.23813311116483932,390.51862256454183,13.083347868628248,-314.15517898401345,-13.242011028020432,0,0,0
-9.75079201639582,0.2490504577098008,392.4093576093346,9.946256997633299,-316.20308124494386,-10.136581475796316,0,0,0
-9.49876117424013,0.23799551023736712,391.2693938737841,6.835404970058136,-315.2552151552569,-7.058386528167017,0,0,0
-9.35492249385588,0.20925383828903535,389.1584391188327,4.117279523517095,-313.3894136262678,-4.372859975316379,0,0,0
-9.29650042312268,0.16956826189669982,387.461769892754,2.055062039303016,-312.0024582027979,-2.341478639489412,0,0,0
-9.290154100087733,0.12741032206422176,386.7924882354017,0.7474844414154631,-311.70698953010543,-1.0610414680909457,0,0,0
-9.304253167921814,0.09176372998944231,387.1513475035166,0.12538523744019586,-312.4893843614686,-0.4608843354129249,0,0,0
-9.315754439593434,0.07057508450503888,388.2007064117347,0.0011554220993730269,-313.9860974740915,-0.3530425392529025,0,0,0
-9.309804511787746,0.06916745478819877,389.5218586800323,0.14400886060757329,-315.74747257474263,-0.5080313216848765,0,0,0
-9.274173096058803,0.08903740603396529,390.778630238084,0.34991525495290715,-317.41058252180306,-0.7248310696817952,0,0,0
-9.193085424865643,0.127480015035151,391.7724749389438,0.4849788950886932,-318.7640223381427,-0.8737371734299415,0,0,0
-9.045041171345432,0.17830047309446542,392.42091183032835,0.4959275746950311,-319.7335066374729,-0.9058331620414833,0,0,0
-8.807086626358142,0.23346868727186915,392.70948247985984,0.39401006841272873,-320.33552837210567,-0.8356974516282036,0,0,0
-8.464548433516228,0.28514250364647753,392.65759166836176,0.22552686036301567,-320.63772432308576,-0.7109702082178728,0,0,0
-8.02170027277117,0.32730838610975754,392.3115588436409,0.04281609769840315,-320.73982993709734,-0.582896387068098,0,0,0
-7.507149369143079,0.35650825117457285,391.75176398235203,-0.11489964088999613,-320.76532115052026,-0.4873066958458196,0,0,0
-6.969566295203123,0.3716087625571959,391.0914481876439,-0.22805073232304948,-320.8463588777506,-0.4386336514873733,0,0,0
-6.464329403128659,0.37302990141141523,390.45597501536486,-0.29360504828732703,-321.0957995562702,-0.43376299418118835,0,0,0
-6.036720650690171,0.3620289652434792,389.95001965701636,-0.317980021942617,-321.5764364454236,-0.4598650570363304,0,0,0
-5.709090584313074,0.34044900437805126,389.62963382918406,-0.3110440801162781,-322.28364948026126,-0.5010959009550788,0,0,0
-5.4769977992936845,0.310907495200226,389.4919676157133,-0.2834210585921255,-323.1503588530164,-0.5419890097619714,0,0,0
-5.314742157231279,0.27700744485585743,389.4848613474551,-0.24622770508934763,-324.07113657928477,-0.5684076779968109,0,0,0
-5.18679697392335,0.24309028598964347,389.5296822604337,-0.21098587027715893,-324.934178942469,-0.5681981868105084,0,0,0
-5.060058389735715,0.21338478007461817,389.547150867199,-0.18828300281261362,-325.64868333263655,-0.5327675752353003,0,0,0
-4.91262532076891,0.1908846325385099,389.47734825771965,-0.18552645468985246,-326.15972003471705,-0.45907971544471027,0,0,0
-4.737074920584504,0.1765329147685506,389.28948693145855,-0.20514572306852868,-326.4493979304884,-0.35070957517266377,0,0,0
-4.538663435306688,0.1691379100220928,388.9815894848723,-0.24431799959108957,-326.5283407458557,-0.2170563031368374,0,0,0
-4.330481602382477,0.1660467952926595,388.5731449872387,-0.2963542193178341,-326.4234753086232,-0.0708740557742658,0,0,0
-4.127874325305072,0.1642409233334746,388.09475511011783,-0.35304496845136557,-326.1672335998707,0.07487812206495051,0,0,0
-3.943761436627568,0.16136992382950552,387.57817659849877,-0.40692315580702143,-325.7907452319879,0.20963258031142118,0,0,0
-3.7856186990727565,0.15633437834379435,387.0487876198024,-0.4526337061132722,-325.3209218843848,0.32642410183729564,0,0,0
-3.6542742043046843,0.14927475382648225,386.52131915427674,-0.48720602720477474,-324.7798771370274,0.42165394333359246,0,0,0
-3.544387740588604,0.14109088305960996,385.99923257592,-0.5095982674217339,-324.18539772181947,0.49402131443973757,0,0,0
-3.44635915144066,0.1327730209016309,385.47791930912877,-0.5200937004318689,-323.55235752952234,0.5434544337587284,0,0,0
-3.349281537330967,0.1248275768891233,384.95101119658693,-0.5199425606885939,-322.8954790163441,0.5705956456587671,0,0,0
-3.244327382319682,0.11698042191368926,384.4174266594108,-0.5112740264666513,-322.23285849715245,0.5768824116951918,0,0,0
-3.1277546047105886,0.10821360593354398,383.88560681065496,-0.49703118733428936,-321.5881276014583,0.5648627599047359,0,0,0
-3.002751393366168,0.0970763511058081,383.37220798292003,-0.48067646570438,-320.9889309710359,0.5383058103288818,0,0,0
-2.879598556413839,0.08213119348410344,382.8953295032319,-0.4656435936377534,-320.46127714328304,0.5018969027150376,0,0,0
-2.7739572174906755,0.062379730207489104,382.46543633383226,-0.45476005251596235,-320.021921115036,0.46063028945935114,0,0,0
-2.7034826397373166,0.03755878372149226,382.0784757464595,-0.4499041127322812,-319.67229428533744,0.41918048213319137,0,0,0
-2.6835106932466033,0.008264023094852746,381.71455449723294,-0.45196471718757036,-319.3968190337386,0.38144720070500854,0,0,0
-2.7230758057475697,-0.024088879137664776,381.3427966395425,-0.46093512429903283,-319.1664286946691,0.35026093355277793,0,0,0
-2.822561849365769,-0.05741837149273295,380.93031878396914,-0.47590678589888286,-318.9460546349288,0.3271289676212632,0,0,0
-2.973693700116044,-0.08919013281805946,380.4519700692641,-0.4948779300912406,-318.7036741950122,0.311977561087906,0,0,0
-3.1616871513711544,-0.1166683546495264,379.8977794875351,-0.5145245422355401,-318.41838649010236,0.30299877922889207,0,0,0
-3.3686433960872364,-0.13723234157680508,379.27625556766463,-0.5302304683651414,-318.08551826593055,0.2967914246642408,0,0,0
-3.5769351082934975,-0.14878159658621826,378.6131401239312,-0.5366220401262695,-317.7176412948233,0.2889238527812495,0,0,0
-3.7714998845944336,-0.15018225652847833,377.9465502023195,-0.5286034939765045,-317.341501532404,0.2748712975534204,0,0,0
-3.9406407639859395,-0.14162605590755958,377.32019091147686,-0.5025932480271876,-316.99193332274706,0.25109970247547153,0,0,0
-4.0758060555053675,-0.12474131070869703,376.7761710628081,-0.4575189525030055,-316.70438003869504,0.21599638333497637,0,0,0
-4.171326659108786,-0.1023434410167198,376.34833409597024,-0.39521272905706156,-316.5075805059261,0.1703970602999391,0,0,0
-4.224898371032353,-0.07784423226074182,376.05676169977744,-0.3200643982542942,-316.4177157191349,0.11754736160809216,0,0,0
-4.238822408441365,-0.05450638658951305,375.90438630369727,-0.2380388596349917,-316.4350576101741,0.062445385503656324,0,0,0
-4.2211068072030145,-0.03482093757848048,375.87678054423407,-0.15540241436918906,-316.5437103616624,0.010710698545540253,0,0,0
-4.185121561538352,-0.020220558316053426,375.9456521969645,-0.0776290880553006,-316.714415887103,-0.032633414826523224,0,0,0
-4.147085718694655,-0.011167064300789776,376.0756115851217,-0.008827872672713965,-316.9100446498496,-0.06401600569699895,0,0,0
-4.121998974188628,-0.007482111107269418,376.2327515275813,0.04829906622533144,-317.09318743978673,-0.08158628234747312,0,0,0
-4.1197092603792385,-0.008712253874882947,376.3925260586276,0.09220750612853408,-317.2343945469486,-0.08497593604175221,0,0,0
-4.142846347146474,-0.01436231835085664,376.54390003092385,0.12219817221140375,-317.3182674710123,-0.07479036000049746,0,0,0
-4.187476698513265,-0.02395963981801259,376.68789233608095,0.13809955659377238,-317.344540095665,-0.05204201944000601,0,0,0
-4.24614777018148,-0.03702389066888401,376.83132475822356,0.13990317720578105,-317.32344332940085,-0.01767111430335717,0,0,0
-4.312020909781182,-0.05302063472507541,376.9788367610628,0.1273498745544316,-317.2674750795524,0.02775834279543119,0,0,0
-4.382445591949931,-0.0713014438141201,377.1263680258113,0.09960352479557741,-317.1829612101791,0.08413941974537806,0,0,0
-4.46070320538314,-0.09100288241059787,377.2577761101718,0.05527998679186794,-317.0641305560625,0.15163063191707807,0,0,0
-4.555360468227192,-0.11093911452971952,377.3446839690223,-0.006938178888538005,-316.89112703013654,0.23014517929469774,0,0,0
-4.677292065945409,-0.12958781621981502,377.349110330666,-0.08719349011711301,-316.6324612218953,0.318609822510291,0,0,0
-4.835013412329829,-0.1452395905382204,377.22878677553706,-0.18337125476425625,-316.25179324233295,0.4143123699641194,0,0,0
-5.029738084485217,-0.1562708885290931,376.9453259265463,-0.29066860019977414,-315.7180882277778,0.5127093961972093,0,0,0
-5.252237492443669,-0.16140295739810995,376.47451824203847,-0.4020430587317264,-315.0168156780653,0.6077920027170421,0,0,0
-5.483354860711415,-0.15981116477181984,375.8159574349098,-0.5092107886837312,-314.1584418705621,0.6927496910723164,0,0,0
-5.698543675563684,-0.15106590414429205,374.997612210581,-0.603650442550213,-313.18031962975965,0.7605981609327216,0,0,0
-5.874729795072113,-0.1350333448362818,374.07215075906504,-0.6773337786930937,-312.1403811175803,0.8046992278932634,0,0,0
-5.996475165931031,-0.11190464187093738,373.10593743849404,-0.7233340106361424,-311.10504118300867,0.8193948900578107,0,0,0
-6.058814853101339,-0.08239542573402048,372.1656682233345,-0.736644860158367,-310.1366336453393,0.8009814211472701,0,0,0
-6.066019509670113,-0.04796222849670073,371.30817954352017,-0.7153110080058809,-309.28514542080933,0.7489235254607195,0,0,0
-6.027625514308227,-0.010797724402416975,370.57577254373507,-0.6614961657073877,-308.5854689429627,0.6668015968789405,0,0,0
-5.954059831039203,0.026518041437222452,369.99544666917564,-0.5817899461381216,-308.05784434175484,0.5623411588189242,0,0,0
-5.853692341825422,0.06159824048809241,369.5788773249626,-0.4862267046453212,-307.7082740163051,0.4461904584518493,0,0,0
-5.731859777410676,0.09277341358424138,369.32140816197966,-0.3861479859059159,-307.5275804234581,0.32975609819702073,0,0,0
-5.591332104735585,0.1192893024490587,369.20099577783594,-0.2917336702677062,-307.4904259017727,0.22294465498946464,0,0,0
-5.4333632611914595,0.14111218168999926,369.1797127491998,-0.21020962307796937,-307.5569080415704,0.1326796108464805,0,0,0
-5.258747390191189,0.15851510764273513,369.2098837126118,-0.14527046469870583,-307.6784765330618,0.06254738192820923,0,0,0
-5.068741030088617,0.1717187519425906,369.2444575794349,-0.09752823334994218,-307.80748020103846,0.013281249255123839,0,0,0
-4.865921828610752,0.1807652221737527,369.2483315206574,-0.06536159605001331,-307.90718709544467,-0.016513903368695536,0,0,0
-4.65489769277012,0.18561423654616646,369.2060833127405,-0.04562598279860595,-307.9583493123445,-0.029829173988400726,0,0,0
-4.442474437880875,0.186319200247695,369.123067896748,-0.034083107272795135,-307.9599951236806,-0.030957947005134656,0,0,0
-4.236872311613297,0.18313711252965845,369.0201643356762,-0.02574322325270941,-307.9250318492036,-0.025214990415770445,0,0,0
-4.046040120087895,0.1765169954306572,368.9252613644625,-0.015372028507158575,-307.87341304999205,-0.018436961674547094,0,0,0
-3.8757174119490116,0.16701413583922003,368.8651483339936,0.001763253876276849,-307.8258721633421,-0.016221602098568155,0,0,0
-3.728140102258635,0.15521967902225242,368.860164705108,0.029068294772673652,-307.80000537182406,-0.02307132404945946,0,0,0
-3.601992135894875,0.1417536988098874,368.9222805166727,0.06799173044919371,-307.8090579457281,-0.04169190483544298,0,0,0
-3.4935774358846174,0.1272860498172932,369.05616342754024,0.1177949780706058,-307.8628461498073,-0.07262803581059529,0,0,0
-3.3985996716964166,0.11250059321963732,369.26209011819765,0.1757478490052904,-307.96969622202414,-0.11427757767102094,0,0,0
-3.3137250383882275,0.09795040867620486,369.53901446838415,0.23764029849088503,-308.13790033593926,-0.16322598769626778,0,0,0
-3.2373607046712465,0.08383704612970319,369.8860006172324,0.29848388457750163,-308.37526836069895,-0.2148256244314098,0,0,0
-3.1696139397079435,0.06982138445563493,370.30101767745407,0.3533208784539738,-308.68627548178654,-0.2639663300039558,0,0,0
-3.1118663794169237,0.054993892629155994,370.7776428257291,0.39805810156135524,-309.0678076259138,-0.30596403375196246,0,0,0
-3.0665360333258462,0.03808516562467901,371.3016643493713,0.4301753984974539,-309.50567292695473,-0.3374118875723127,0,0,0
-3.0373469506519797,0.017891236808104338,371.8499871797686,0.44911329620624657,-309.9741284076562,-0.35677308711531736,0,0,0
-3.029926257702286,-0.00623421918693765,372.39337348964773,0.4562126553834219,-310.4396686718636,-0.3645460484962939,0,0,0
-3.052053209603315,-0.03402991341309303,372.90286153228624,0.45424640144898376,-310.86869828324774,-0.3629917580530389,0,0,0
-3.1127257796378274,-0.0642749157174947,373.3579174125148,0.44672913479461157,-311.2369650255304,-0.35555326610340215,0,0,0
-3.2196873036153733,-0.0950482009565107,373.7532230802601,0.43720827358968106,-311.5374270931773,-0.34612442268814336,0,0,0
-3.376067230257604,-0.12417199523319197,374.10114102221837,0.42865088359856146,-311.7833608209022,-0.33828184294907826,0,0,0
-3.5776598388021768,-0.14965222260998418,374.42846463172225,0.42294834745504206,-312.00518594122934,-0.3345652455294953,0,0,0
-3.8123630968828905,-0.16997221434979082,374.7683090254002,0.4205230289634869,-312.24180814282056,-0.33587858516863206,0,0,0
-4.062348388982031,-0.18419827113115161,375.1497255616259,0.42002849919533675,-312.52905185279525,-0.34106374137051604,0,0,0
-4.308255985657766,-0.1919527881899711,375.58817318535694,0.4181962580352888,-312.8884913564455,-0.3467193759511417,0,0,0
-4.533869176751821,-0.19335117109086325,376.07947065431904,0.4099928926726534,-313.3197808629512,-0.3474291977671385,0,0,0
-4.729648401200194,-0.1889645321078234,376.5986037792826,0.38930146900909224,-313.79845452354994,-0.3366014705514374,0,0,0
-4.894035920914831,-0.17979242886751337,377.1031465242396,0.3502001236444016,-314.2793356969529,-0.3079503020592938,0,0,0
-5.032253661537538,-0.1671818811127082,377.53987999286767,0.28861237737513645,-314.70415878504184,-0.25731370633661754,0,0,0
-5.153199014524006,-0.1526590588078207,377.85315200698665,0.2038259699270725,-315.0117190708487,-0.18421861741060183,0,0,0
-5.265712551335838,-0.13771061051395606,377.9941557123093,0.09927848167362754,-315.1493755264166,-0.09254502422859331,0,0,0
-5.37558412747731,-0.123584763290458,377.93046586816627,-0.017834984634077955,-315.0846889618223,0.010124683573957327,0,0,0
-5.4841819080099725,-0.11115927937828758,377.65443279915155,-0.13815888033873308,-314.81494520618674,0.11438323770397574,0,0,0
-5.588938977060238,-0.10088982583730939,377.18798526089665,-0.2524682927646268,-314.37123802690127,0.21143734504806844,0,0,0
-5.685362090797327,-0.09283613824982666,376.5809580020932,-0.35379856142611743,-313.81394159873145,0.2951532683224059,0,0,0
-5.769716809656401,-0.08674550873150082,375.90112080797826,-0.4386538988169832,-313.2185340272116,0.3629916053643285,0,0,0
-5.84124119498307,-0.08214684242656176,375.21701497589527,-0.5069936678371505,-312.6546221465102,0.4157005890439166,0,0,0
-5.902934179287925,-0.0784066379337915,374.57846359659334,-0.5612026517984077,-312.1649622464722,0.45615163322997887,0,0,0
-5.960615044035805,-0.07473836426584483,374.0018943786065,-0.6045683511186212,-311.7526261018178,0.4878925719406254,0,0,0
-6.020654101839014,-0.07020732771160425,373.4666130188168,-0.639861330540134,-311.3818030172054,0.5139155328991081,0,0,0
-6.087180975601456,-0.06379366683673879,372.9242190339378,-0.668479102493734,-310.9923696359774,0.5359401745679122,0,0,0
-6.159650506815225,-0.05455534356277525,372.3184393501822,-0.6903306623689105,-310.5231726295225,0.554289447670999,0,0,0
-6.231565550668421,-0.04188137960939429,371.60874928796534,-0.7043241791757737,-309.9360194867805,0.5682382921544729,0,0,0
-6.29101225417628,-0.025760993863191573,370.7893719554953,-0.7091225540382879,-309.2320826979102,0.5765998814178147,0,0,0
-6.3232987591647145,-0.006947084093957301,369.8961669771559,-0.7038294838543606,-308.4545398530523,0.5783049605924703,0,0,0
-6.315270245284154,0.013095402136575274,368.99781418428915,-0.6884278625213938,-307.6756395505016,0.5728245789128096,0,0,0
-6.260054991077013,0.03247489287929852,368.17377318413753,-0.6640070620183451,-306.97223922496545,0.5604532739316767,0,0,0
-6.160544117919841,0.04928811787239908,367.48723805621046,-0.6329618314447771,-306.39896343229407,0.5426094835496713,0,0,0
-6.030085884975378,0.06200221174318728,366.9635995400629,-0.5993246443811472,-305.9695764958931,0.522291836890588,0,0,0
-5.889700080473261,0.06970116113332665,366.5823343936029,-0.5691838987057849,-305.6535572280773,0.5046126826445004,0,0,0
-5.76243204680847,0.07220679345397799,366.28414841375434,-0.5508511454012137,-305.38783689666064,0.4970348416263278,0,0,0
-5.666769328091235,0.07013846263745335,365.9888210357344,-0.5542917149412119,-305.0970777940258,0.5087980969311104,0,0,0
-5.611543433236548,0.06493726355803489,365.61550284415387,-0.5895065266241772,-304.7131011178746,0.5492287628685176,0,0,0
-5.594000642843014,0.05880980707004539,365.09753296843746,-0.6640365491988064,-304.1859558714652,0.6251660466544309,0,0,0
-5.601230824624935,0.054510367579814555,364.38765552314374,-0.7803363161452126,-303.48419143678905,0.7383541984139412,0,0,0
-5.61388561890962,0.054907002600795354,363.45489703487704,-0.9341014148914496,-302.5876585811905,0.8839473164773495,0,0,0
-5.610682355496664,0.06236717917216481,362.27870791789576,-1.1144677665780478,-301.4799515962803,1.0509829077611699,0,0,0
-5.572446047219387,0.07811876137193537,360.8468725642224,-1.3063064930020232,-300.14730296574976,1.2248806958049727,0,0,0
-5.4849822091772324,0.10181693772822768,359.16023637861076,-1.4939064699879396,-298.58603451175367,1.3911053167663225,0,0,0
-5.340630054465308,0.13150564078660523,357.2413202446884,-1.6646382787251468,-296.8140840633038,1.5385538333268927,0,0,0
-5.138760255086822,0.16401247136453065,355.13947074797386,-1.8111405418534106,-294.87800781904895,1.6613111913364151,0,0,0
-4.885581714371881,0.19564659590780878,352.9257561057142,-1.9312600433729359,-292.84827083597605,1.7581832987511121,0,0,0
-4.593374055954271,0.22296639022149806,350.67643814427447,-2.026063664991136,-290.8020479502114,1.8304932139529684,0,0,0
-4.2789442349769615,0.24338133839559503,348.451150181186,-2.0970979902204703,-288.80041753819626,1.8793905302763618,0,0,0
-3.961106110979628,0.2554390147864112,346.27625010460963,-2.144229541986397,-286.8710795234249,1.9039559779952981,0,0,0
-3.6574196598315325,0.2587848894585704,344.1422966011477,-2.164886001548922,-285.0058255936794,1.9007941307740226,0,0,0
-3.3810184532816834,0.25391115766496314,342.0180712679844,-2.1547811406530797,-283.1750194567506,1.8650795054262517,0,0,0
-3.1386326632634365,0.24186567170067547,339.8758926620177,-2.109677366733325,-281.35339766298614,1.7925455523008225,0,0,0
-2.9305920613131207,0.22404450440556473,337.7179409587468,-2.027533940527019,-279.5464747318007,1.6817330914823798,0,0,0
-2.7527811598796035,0.2020812025671958,335.59246022919916,-1.9103396443729594,-277.8061427555636,1.5357753017169045,0,0,0
-2.599648678437191,0.177755082905405,333.59165934144306,-1.7648864359381549,-276.22721276478643,1.3629831161032826,0,0,0
-2.466924997365126,0.15283320498488706,331.82898243838093,-1.6018828238676748,-274.9228153129678,1.1756918701378425,0,0,0
-2.352929011898624,0.12883543696686672,330.4010987390043,-1.4334851014670504,-273.9847170353876,0.9875423000445551,0,0,0
-2.2581322093050034,0.10680698826260908,329.3477537374564,-1.2703575813790224,-273.4426645210272,0.8103800332137723,0,0,0
-2.183555281925578,0.08721890619207215,328.6273857452281,-1.1198301298339743,-273.24124836239207,0.6523624944395578,0,0,0
-2.129087609982662,0.07006010203876087,328.12346836247093,-0.9859641886205566,-273.24890689230097,0.5180604576663029,0,0,0
-2.092664083613016,0.05507591755750951,327.6832202533139,-0.8709396534817699,-273.29959645630504,0.4099166144343485,0,0,0
-2.0705627806373457,0.042030813051168535,327.17231684822747,-0.7763124027682864,-273.2495973308484,0.3295558367553156,0,0,0
-2.058402999392399,0.030875622598691164,326.51963966040705,-0.7029755716498812,-273.0228497874051,0.27774869645249395,0,0,0
-2.0521801394919947,0.021764113133616547,325.7328183429936,-0.649807897319522,-272.62553817890057,0.25301973918988097,0,0,0
-2.048889502862096,0.014940429911428054,324.88226280662536,-0.6122025547811234,-272.12804662044294,0.25012448866518183,0,0,0
-2.046616866853441,0.010572281586281918,324.06585841069807,-0.5820498557788255,-271.6272569454147,0.2599944790844916,0,0,0
-2.0441727859117123,0.008615257298741597,323.37134302250547,-0.5498747742764862,-271.20723007086264,0.2718705416543571,0,0,0
-2.040491077968838,0.008761317016028159,322.8496747642612,-0.5082660956505777,-270.9124671291284,0.2767819683489279,0,0,0
-2.0341509828112976,0.010475514364920002,322.50536019741685,-0.45474387358145807,-270.74000347574025,0.2705244469418687,0,0,0
-2.0233647941198427,0.0130927347516959,322.3029698046827,-0.39257007709215375,-270.64896210145605,0.2546081572606965,0,0,0
-2.0065115106256,0.015939639448031073,322.184472510549,-0.3292601561804133,-270.58089103976147,0.23487323985048647,0,0,0
-1.982949610477064,0.01845045343788456,322.0896558917217,-0.27368471591227034,-270.48177764735914,0.2186264607569001,0,0,0
-1.953647855743199,0.020247468408173576,321.97220092459247,-0.23308082407302208,-270.3176053179864,0.21164679866486152,0,0,0
-1.9212527919750357,0.02116578955498909,321.80711757207206,-0.21105700868624808,-270.0794566062936,0.21621753864314427,0,0,0
-1.8894931083817852,0.021224005037048244,321.58966124482123,-0.20707859109580795,-269.7793142219381,0.23073255528194636,0,0,0
-1.8621123324745952,0.020566038257047125,321.32901125157537,-0.21727145980398177,-269.44099233784567,0.2507151882415542,0,0,0
-1.8416981018299765,0.019406205161439517,321.04053478177525,-0.23593169186941623,-269.090762084214,0.27056299309217025,0,0,0
-1.828833182418947,0.01799703576233185,320.7391046773987,-0.2570500619867914,-268.75029174269696,0.2852007998060969,0,0,0
-1.8219109324408151,0.01662114483839332,320.43457428645877,-0.2754555331512563,-268.4326779229208,0.2911266255194903,0,0,0
-1.8177044115493715,0.015595956045869741,320.13025520664286,-0.28759249210346527,-268.1418102190405,0.2868318907240848,0,0,0
-1.812449459011205,0.015271730314943,319.82515559185487,-0.29212381374408664,-267.87526110883977,0.2728827715022078,0,0,0
-1.8029792528537456,0.015996021679072214,319.5191552718538,-0.2903825900642175,-267.62976964929817,0.25186666251919976,0,0,0
-1.787436407359266,0.018025458192748544,319.2176455930799,-0.2864044072754268,-267.4063390627915,0.2281060245338665,0,0,0
-1.7652932315163383,0.021404137637576072,318.9311926510374,-0.2861793617869921,-267.21113769905276,0.20686454942053273,0,0,0
-1.7367758052323552,0.025876528324408808,318.66842310738036,-0.2959983973425153,-267.050486506916,0.19291126969340552,0,0,0
-1.702152115683873,0.03091279546885204,318.4251853509332,-0.32020844259883463,-266.9223257126537,0.1886826871196547,0,0,0
-1.661443519902491,0.03587193828688129,318.176490709021,-0.3590684555273015,-266.80970183887536,0.19263001996877166,0,0,0
-1.6147918060431863,0.040240515456432036,317.8773110595288,-0.4074781997803541,-266.68164624849163,0.19841665434010453,0,0,0
-1.563145649196727,0.04381899491820036,317.4745903130336,-0.45508437813266484,-266.50356522598673,0.19537677455336394,0,0,0
-1.508576456860851,0.0467345533339568,316.9281707806545,-0.48780280048895863,-266.25498334784396,0.1701932368439941,0,0,0
-1.4537300761423921,0.0492486570502777,316.23447103658185,-0.4903562312056522,-265.94896090915205,0.1093381334128253,0,0,0
-1.4005740982894253,0.05145104819148969,315.44437327405024,-0.44919196120400784,-265.6456031058971,0.0016527115686017168,1,0,0
-1.3492464581772623,0.053010131991221954,314.66680181175326,-0.35513919074522277,-265.4525713172579,-0.15945106886438226,1,0,0
-1.2979476981767704,0.05313414957819447,314.0531646461478,-0.20527975280950841,-265.5092053306128,-0.37449612591525466,1,0,0
-1.2442892347295782,0.05079681370842053,313.76486079532384,-0.003647611190558564,-265.95710517278775,-0.6373848310947267,1,0,0
-1.1876416337689761,0.04514857374497723,313.9332657388931,0.23941692242837576,-266.90579859696766,-0.9359653726782824,1,0,0
-1.1313421999902715,0.03594106303887941,314.62509880156875,0.5091174381434656,-268.4042125275192,-1.253751072181177,1,0,0
-1.0834503102612416,0.023788628439713477,315.8245135314337,0.7887953594905867,-270.4266075076442,-1.5725410907373771,1,0,0
-1.0551775121125218,0.010171391461739177,317.43811420112803,1.062618344570336,-272.877413536934,-1.8753846739700748,1,0,0
-1.0570907194110788,-0.002809578246181843,319.32234000493827,1.3176975128160848,-275.6146370746268,-2.1491268100733976,1,0,0
-1.094319445753598,-0.012841878052812205,321.3256454180165,1.5451257907996763,-278.4864716309638,-2.3858004160729593,1,0,0
-1.1626878138922905,-0.017870952110972383,323.3323268689561,1.7397988134482945,-281.3710140132709,-2.58250724607426,1,0,0
-1.2475325435598705,-0.016538031887665738,325.2929852574566,1.8993810448986324,-284.2064180569586,-2.7400666154021964,1,0,0
-1.3260434806385888,-0.00853098041071263,327.23013977430867,2.0231023153413332,-287.0004734313468,-2.8612098825844328,1,0,0
-1.3727080152577003,0.005177024943604636,329.2161187033206,2.11095073525687,-289.81510933351734,-2.9490945285127053,1,0,0
-1.3663511548787,0.02223534892609109,331.33125387337606,2.1634078883905716,-292.73087105771026,-3.0064944808163374,1,0,0
-1.296722518866929,0.03905264212726678,333.6189092505551,2.1815576305673177,-295.80487868154114,-3.0356225998741935,1,0,0
-1.168760114368368,0.05126258936216743,336.055536684847,2.16739682873054,-299.0387063334885,-3.0384283593812484,1,0,0
-1.0034072626764754,0.05453566478253578,338.54762155369673,2.124328621358211,-302.36835882206105,-3.017292272297874,1,0,0
-0.8347372301501679,0.045587245942270725,340.956418888844,2.0578696710272992,-305.67958188279016,-2.9760713967589765,1,0,0
-0.7037930244809303,0.023085292009071168,343.1412217236897,1.9764692703494233,-308.84269762970575,-2.921321344759849,1,0,0
-0.6500619202706162,-0.011863316164171068,345.0062951562615,1.892117320685935,-311.7552976070834,-2.863287557422035,1,0,0
-0.7021758957345128,-0.05583864583732634,346.53627147103873,1.8202519796964283,-314.37934077993737,-2.816080930963608,1,0,0
-0.8701710212158815,-0.10380625180723371,347.80883648458166,1.7784879194896746,-316.76118739893656,-2.7965035572063526,1,0,0
-1.1418550951669886,-0.15013102936918302,348.98081140681484,1.7839640308902687,-319.02832278111583,-2.8213633290908833,1,0,0
-1.4849843165204106,-0.1895697913874798,350.2524270802354,1.8496440732353279,-321.3637466319306,-2.9037250925827776,1,0,0
-1.8551089772401923,-0.21801668632630963,351.82142904751936,1.98050643213694,-323.9656879911772,-3.0491206998034786,1,0,0
-2.206822632440705,-0.23297586096557268,353.8404158797438,2.170927576931632,-327.00374190555203,-3.2529898759808704,1,0,0
-2.5047175563683055,-0.2338481134776785,356.3872618625994,2.404460777673228,-330.5819921129699,-3.5004193582643266,1,0,0
-2.730435144024966,-0.2220763578658918,359.45285962119726,2.6565935637751066,-334.71683280861794,-3.7686480547947725,1,0,0
-2.8839598877440267,-0.20109296412355776,362.9462860450591,2.900099153554527,-339.33390462774054,-4.031981905068017,1,0,0
-2.979820529926343,-0.17596379040250695,366.7155709255778,3.111613179466906,-344.2851963668921,-4.267952027840943,1,0,0
-3.040657030511298,-0.1526591994367223,370.580879247771,3.2774754887023505,-349.38353436258063,-4.463020575861816,1,0,0
-3.0909345998747995,-0.13698492171959203,374.37477212233273,3.396961457062832,-354.4476679468843,-4.616086151064247,1,0,0
-3.152784736402566,-0.1333497270584516,377.9818029423601,3.4817606631993043,-359.348141831796,-4.738493448355035,1,0,0
-3.24462222054548,-0.1436741300865947,381.36855887490447,3.5516379260013538,-364.04326691034004,-4.850102272249205,1,0,0
-3.3817009716074153,-0.1667738844059457,384.59618393454286,3.627297041571876,-368.5958937497954,-4.972086187398753,1,0,0
-3.576671849636625,-0.1984503087876533,387.8100304503721,3.7223416438768253,-373.1646034161945,-5.118312958432176,1,0,0
-3.8382148269528216,-0.2323214445446709,391.20486849459246,3.83667893932635,-377.96692659652024,-5.287973332737442,1,0,0
-4.167176444890913,-0.26119533261339284,394.9692388812108,3.9534933410663937,-383.21785553111,-5.462030218631372,1,0,0
-4.551698731803484,-0.278600531240464,399.21925646077784,4.040968940049697,-389.05476650172807,-5.604907354301576,1,0,0
-4.964323617802876,-0.2800455366750597,403.9389873643461,4.058540036604484,-395.46832595121384,-5.671102466057164,1,0,0
-5.363871475958007,-0.2637116948433828,408.9476686410345,3.9660582626791436,-402.26326768995506,-5.614846402683019,1,0,0
-5.702887926008728,-0.2305126092194584,413.90970553299667,3.7333369502176197,-409.067970133198,-5.400105782578504,1,0,0
-5.938790048807206,-0.1836490047909436,418.3914923428571,3.347435450131866,-415.39721537481176,-5.008368840467034,1,0,0
-6.045077587296078,-0.12787315397570181,421.9539592409493,2.8158791938723313,-420.7542915709117,-4.44261629922151,1,0,0
-6.0188179200412435,-0.06864869928279091,424.2567665613343,2.1653924750596047,-424.7443577766256,-3.727133648215846,1,0,0
-5.881797941831209,-0.01130719718876918,425.1433999525483,1.4369713346277309,-427.16566124197954,-2.903747468294074,1,0,0
-5.6747048748622575,0.03974583943541887,424.6792229959111,0.6788169727669355,-428.0506150011906,-2.0254705747503294,1,0,0
-5.445907984647931,0.08168173285744729,423.1280308199341,-0.0611914887345165,-427.6440185233251,-1.1487095067285622,1,0,0
-5.238185724631393,0.1135979466838748,420.8731812113739,-0.7420363029719852,-426.3261029838865,-0.32535510377070975,1,0,0
-5.077395589690568,0.13644210984366084,418.3087007106234,-1.3341815477963224,-424.5058006341546,0.40388598296303824,1,0,0
-4.966413081603818,0.15253613055474488,415.73583836870387,-1.8219194726016894,-422.51797343745835,1.0138087783616698,1,0,0
-4.886070597434255,0.16487150696219005,413.2977906456515,-2.203445829969314,-420.5550652004836,1.496027924996713,1,0,0
-4.802810581968458,0.17638458907884172,410.9711293131372,-2.4888256008470306,-418.65076641251886,1.857220604455233,1,0,0
-4.680656488859469,0.18935780807065045,408.6121437629861,-2.69620389296623,-416.7154317412813,2.1148555604791226,1,0,0
-4.493456614493795,0.20500423352945205,406.0375718353174,-2.8468984254673844,-414.6062699930089,2.2914986400848534,1,0,0
-4.233082872209309,0.22324105443980075,403.10894165285515,-2.960241488806196,-412.2053819920124,2.408989768704612,1,0,0
-3.9108589840738404,0.24266520427378707,399.7909669874408,-3.049183160903908,-409.47840895663825,2.483688775703553,1,0,0
-3.552329903941427,0.26078797676845794,396.1659918902718,-3.117741001397053,-406.49546291853386,2.52377800550546,1,0,0
-3.1881433893368722,0.2745902455569066,392.40419695670005,-3.1611950234676556,-403.411116583038,2.5292894909931873,1,0,0
-2.8449850452925602,0.28134630211495165,388.7062858225614,-3.1692247774925932,-400.41590294710846,2.49490277905806,1,0,0
-2.5397610388659473,0.2794627946375968,385.2440067596648,-3.131089742607719,-397.6810856804228,2.4146582195588735,1,0,0
-2.2781908297496756,0.26896198652511033,382.120380631681,-3.041032567965874,-395.317285145429,2.286960173040336,1,0,0
-2.0569081263993922,0.2513572615581907,379.35917907846067,-2.901908259580239,-393.357871502587,2.1180747428370124,1,0,0
-1.8671934677099529,0.22897705324268997,376.91989598806015,-2.7257698586448327,-391.7664039507007,1.922905408156248,1,0,0
-1.6988286681178266,0.20408020395750553,374.7266744092402,-2.5314410087290753,-390.45968779742014,1.722911104611819,1,0,0
-1.5434630069582056,0.17818518230422314,372.6986159731964,-2.340314620706772,-389.33578026160905,1.5421055481005852,1,0,0
-1.3972863684919332,0.15188260133071196,370.7718843916384,-2.1720920069604857,-388.2976615282681,1.4026172715761391,1,0,0
-1.2625593715145271,0.12513584944522335,368.9082933038235,-2.041741375113554,-387.2664088369714,1.321086535547255,1,0,0
-1.1473413497618168,0.0978563185852451,367.0897868694093,-1.9580483592534166,-386.1820055369198,1.3065082719824943,1,0,0
-1.063133222250329,0.07046453630061791,365.3031396154937,-1.923445009382408,-384.9948474661026,1.35954115757105,1,0,0
-1.0209350255588276,0.044212722048087016,363.5230866900599,-1.9346933980035146,-383.65491296466143,1.4731108028207074,1,0,0
-1.026832335297442,0.021170553546117788,361.70296688054543,-1.9842355196733705,-382.1064197899565,1.6341787140724933,1,0,0
-1.0783449405469412,0.0038905823644824976,359.7786954859265,-2.062120070095375,-380.29278878276205,1.8264554229280123,1,0,0
-1.1625481047037738,-0.005146309396737081,357.68544589423607,-2.1581888329554544,-378.1709923749902,2.0335054701989463,1,0,0
-1.2567014476369565,-0.004144524887962575,355.37974042920507,-2.2638999591187714,-375.72857976921307,2.2414025115171228,1,0,0
-1.3317574714970277,0.007518423226802895,352.8562607764627,-2.37313880703295,-372.9939931208841,2.440156408206036,1,0,0
-1.3583805448471082,0.029074693597688394,350.1506836906847,-2.481737546062385,-370.033107298988,2.6235880541776226,1,0,0
-1.314022465481898,0.05845946345984743,347.32640497426894,-2.5860250111792253,-366.9313541349819,2.787957770173142,1,0,0
-1.1887865986414425,0.09263683497803185,344.4507872782216,-2.6812309896312003,-363.7679804217486,2.9301493982949127,1,0,0
-0.9879489899823,0.12803102967614421,341.5717515451642,-2.760649233072246,-360.59328338404225,3.046298602425844,1,0,0
-0.7301880895819437,0.16098830462817232,338.7057112294361,-2.8160402133270224,-357.4190324228852,3.131385518223374,1,0,0
-0.44223770069896773,0.18827437006684847,335.8427167687532,-2.83914085702566,-354.22684208822506,3.1798009979993025,1,0,0
-0.15197659076662262,0.20760716690051595,332.9663855896145,-2.8237679180770727,-350.9912947998129,3.1866192017342767,1,0,0
0.11776219205766836,0.2181276159569407,330.0789535635136,-2.767926815503955,-347.70800635073175,3.149262678797868,1,0,0
0.35318159864476684,0.22062256362783472,327.21933829593485,-2.675330346463892,-344.41472458697933,3.0691394285409785,1,0,0
0.5509862291714569,0.21732721004919142,324.4648522062061,-2.5557051665617565,-341.1959831408911,2.9526047272108658,1,0,0
0.7176911241580513,0.21126314159191253,321.91300450991395,-2.423424998095618,-338.16691528164523,2.810554851128353,1,0,0
0.8672536940875091,0.2052608930653747,319.6471368192294,-2.294532392557329,-335.43872734700324,2.656372696462114,1,0,0
1.0174390376369047,0.20097898924907726,317.69748381358266,-2.1829517137954952,-333.0765861363388,2.502730556447608,1,0,0
1.1853231105096143,0.1982663706812474,316.01469987954664,-2.097226616681661,-331.0672361119336,2.3584614030197315,1,0,0
1.3824433263371816,0.1950893874686855,314.4714612484799,-2.038998655877998,-329.3134839116017,2.2267921151719805,1,0,0
1.6103712299547794,0.18803059301489072,312.8973928431799,-2.003625932406544,-327.6631151236039,2.1055125675747832,1,0,0
1.8578133017241498,0.173180158824276,311.13686845165955,-1.98237355347473,-325.96398923533684,1.9886544465933866,1,0,0
2.1004258988701423,0.14714872332483964,309.106687396697,-1.9652609855524532,-324.12339232053444,1.8688308660608925,1,0,0
2.304075473331622,0.10794367697318422,306.82935173715487,-1.9440721797419713,-322.1468034352595,1.7397904994990028,1,0,0
2.431292159320364,0.05555286778053699,304.42859288214066,-1.9154782641104133,-320.14085746514326,1.5992292867010747,1,0,0
2.4494927124008115,-0.007790016726185911,302.08926897516665,-1.8838960992998124,-318.28037081571136,1.4516096986438698,1,0,0
2.3387409273359054,-0.07761615028022532,299.99452696370486,-1.8627771264684156,-316.7504186863943,1.3097624684693643,1,0,0
2.096875807368747,-0.14749333840739923,298.25676201616295,-1.872610394227155,-315.67868114134876,1.1935007726664537,1,0,0
1.740851788314984,-0.2096020004471555,296.8599172384425,-1.9350673474695725,-315.07494324492285,1.124459180524792,1,0,0
1.3045431590753225,-0.255659704647627,295.6325002554818,-2.0651542086934,-314.797386925163,1.1187446082122903,1,0,0
0.8342097271525262,-0.27815721690700884,294.26962157849573,-2.26508026080748,-314.5654904389103,1.1809603330720904,1,0,0
0.3828799176501576,-0.2717423174480089,292.410764509388,-2.522737077391679,-314.0289815086723,1.3025945171234354,1,0,0
0.004405894398587407,-0.23446769591864863,289.7560139220013,-2.8144858809398614,-312.8788005152865,1.464688177886461,1,0,0
-0.25252157314464796,-0.16856180424363174,286.17780965022087,-3.109335261998325,-310.9593573531366,1.641955225835386,1,0,0
-0.3502800097497243,-0.0804466435940057,281.77779027406586,-3.372036788352193,-308.33125413442235,1.8057374397177284,1,0,0
-0.26793046207927773,0.020079121742651296,276.86189820124986,-3.5652487050778405,-305.254425644477,1.9256992254715157,1,0,0
-0.005936031850581003,0.12133650713131203,271.84966815430624,-3.6527837313010196,-302.1035369075297,1.9721604813355953,1,0,0
0.4112577649324294,0.2116153241445417,267.1634093961797,-3.6053997111957927,-299.2591288829949,1.9206730554622027,1,0,0
0.936385352374927,0.2809850590647841,263.1395493549206,-3.408305978062657,-297.01756884774557,1.7583981220219471,1,0,0
1.5053343765018354,0.3227107904202569,259.98001320470337,-3.0673381014879055,-295.5403946704478,1.4896813104613102,1,0,0
2.0475747984656465,0.3340346561998402,257.74178426548553,-2.6102494725090137,-294.8438856255543,1.137525622902524,1,0,0
2.4990331590955748,0.3162488998664671,256.3567673974301,-2.0815432811674954,-294.8222509540503,0.7392862404459152,1,0,0
2.8142564850464282,0.27414106891930745,255.6729541413747,-1.532687265652288,-295.29481929506704,0.3380576100105543,1,0,0
2.974586331057921,0.21499132596660644,255.5044286353418,-1.0117824566824312,-296.0625442485235,-0.026571701344596476,1,0,0
2.9900665522486776,0.1473391954790088,255.67529554897573,-0.5560727931596091,-296.9559979053971,-0.3252289124339541,1,0,0
2.894558536585393,0.0797247889013775,256.0464653895749,-0.1882754348291371,-297.86156324001786,-0.5419647189762771,1,0,0
2.7354746573424933,0.019567583614345095,256.52279549778336,0.08393197787131043,-298.72296080742416,-0.6745130478297199,1,0,0
2.5611710245984938,-0.027698067515879644,257.0455848293554,0.26601187675482835,-299.52484589644087,-0.7322223644412645,1,0,0
2.4097773071650153,-0.05914195281520733,257.5788214233245,0.37268626123991455,-300.2698579720851,-0.732036677625939,0,0,0
2.3025822655156105,-0.07445429420198764,258.097258856412,0.4228316678782164,-300.9600418602106,-0.6933397688708283,0,0,0
2.2432506346090975,-0.0756524423003512,258.58110404419864,0.4345243024585386,-301.5890161038515,-0.6331546624669556,0,0,0
2.2220524839367783,-0.06643254250284514,259.01688616497836,0.4216427563669072,-302.1444745984629,-0.5631682799663167,0,0,0
2.222836956894355,-0.051280560871349225,259.39981675377385,0.3927234683630843,-302.61518607132643,-0.48919851433553274,0,0,0
2.2300433890380447,-0.034514893146166514,259.732745314124,0.35184940639903745,-302.9959419372318,-0.41269116225308833,0,0,0
2.2335421292451656,-0.01947069714506,260.0205385735611,0.30071190680812376,-303.28754453006667,-0.3331997514133036,0,0,0
2.2302331115569416,-0.008014439295378395,260.262892953244,0.24075630266340226,-303.493246039681,-0.2506948102039644,0,0,0
2.222669048629001,-0.000485776073155364,260.4500301814142,0.1745097118710362,-303.6149459507795,-0.16687321287389523,0,0,0
2.2160220931368286,0.00396061043680902,260.56407889334577,0.10572851040412275,-303.65175751897175,-0.08521592465967273,0,0,0
2.2150703357144153,0.006755228542876068,260.5859404914057,0.03863526914457225,-303.60185548621814,-0.010102236248457075,0,0,0
2.2224378725618266,0.009272269058260462,260.504821883046,-0.023135611722807425,-303.46698996225024,0.054443998284955344,0,0,0
2.238392873877544,0.012366064855308423,260.326201162909,-0.07734950964224936,-303.2577482325905,0.10587189675730997,0,0,0
2.2616585883048685,0.01622093257077779,260.0741712690196,-0.12349528231931686,-302.99663384505965,0.14377048758656769,0,0,0
2.2903892423231156,0.020505307678391205,259.78616944521957,-0.16257423074649183,-302.716208433811,0.16989082302823705,0,0,0
2.3227660796206493,0.02468794444759368,259.5013891968959,-0.19640995666267144,-302.45150195438225,0.18745269048303612,0,0,0
2.35720277779825,0.028326303672469067,259.2470434771386,-0.2267057148268634,-302.22882556249357,0.1999440947647372,0,0,0
2.3924424372647195,0.031198995751692847,259.0279401300508,-0.2542881857168993,-302.05554116381535,0.20995917419996318,0,0,0
2.427722125412913,0.0332759545496117,258.8242878739493,-0.2789681272186044,-301.9160377204971,0.2186813931666393,0,0,0
2.4629015376127654,0.034612005340879645,258.59997932671905,-0.30007443949790513,-301.7772306141414,0.22621587333749177,0,0,0
2.498333372439106,0.03525412758379502,258.3188833431371,-0.3172144700563194,-301.60241453857077,0.2323611427055937,0,0,0
2.534427830078755,0.035195377739346154,257.961940025877,-0.33059824422084605,-301.3673982202506,0.23708986217928896,0,0,0
2.571152419373661,0.0343626084081464,257.53651989072296,-0.3405412006501706,-301.0709343009241,0.2402634284554722,0,0,0
2.607778641713665,0.0326240777180999,257.07342687404054,-0.3463663517118277,-300.73447511168473,0.2407537143135187,0,0,0
2.642930518161066,0.029815514003377074,256.6140247446564,-0.34545892473437334,-300.39259700675507,0.23569400811975924,0,0,0
2.674719857014111,0.025779904555918165,256.19540675468744,-0.3332787741598338,-300.08060333258936,0.22060183825628316,0,0,0
2.700828861879714,0.0204098121864007,255.8416314706369,-0.3045888755347107,-299.82619127793885,0.19056269697441053,0,0,0
2.7186832144457185,0.013683684797277352,255.56427661293253,-0.25533956476394337,-299.64800402068016,0.1419154391437587,0,0,0
2.725877265446684,0.0056859698177035515,255.36969862660555,-0.18414572697238327,-299.5590976392995,0.0734782014318398,0,0,0
2.720700583171947,-0.0034048699931403803,255.2671915851207,-0.09251891549270681,-299.57121223157856,-0.013378096953459817,0,0,0
2.702431494303113,-0.013361118442146847,255.27299458778998,0.016141158288456837,-299.69678756882666,-0.11570914820262601,0,0,0
2.6712646780515286,-0.023949990938861278,255.4085443782376,0.1379264983295741,-299.948243828813,-0.23017760243079124,0,0,0
2.6280121175506963,-0.034934014198525175,255.69506262099912,0.2690613051094431,-300.3361522866057,-0.35344988958522094,0,0,0
2.573729941782261,-0.04601890186084745,256.14823771911347,0.4052642874015703,-300.86825608121933,-0.48143042840912925,0,0,0
2.5093193337395974,-0.056782320848647316,256.77543632754094,0.5402710031272704,-301.5496884887813,-0.6078545926825996,0,0,0
2.435219947625498,-0.06662854488389058,257.5746717379832,0.664657368303574,-302.3823793568973,-0.7233274749931866,0,0,0
2.351488719894462,-0.07480442116817727,258.53224452173134,0.7660829187610659,-303.36069017379106,-0.815776571652799,0,0,0
2.258494195837244,-0.08050053989702377,259.61691948694823,0.8313643160597621,-304.46230830477145,-0.8725872293287011,0,0,0
2.1580540569602107,-0.08303445309906295,260.77240865787826,0.8498108342850343,-305.6376435661255,-0.883808164838291,0,0,0
2.0544151343330412,-0.08205873205859007,261.91376526815645,0.8165016513687192,-306.8044869815104,-0.8451780673986263,0,0,0
1.9543872826213402,-0.07769222293301112,262.93382377540064,0.7340428365609626,-307.85455328535465,-0.7596450243354639,0,0,0
1.8662592790812909,-0.07049278999023159,263.7221875388352,0.611971776271713,-308.67411612210003,-0.6366599464768626,0,0,0
1.7976675865600669,-0.06127671043184648,264.19317096384947,0.46413974604879515,-309.1742339349886,-0.48960833578616414,0,0,0
1.7531426211963606,-0.05087823665455034,264.31325423280066,0.30539761088803064,-309.3200367552056,-0.33265234613099326,0,0,0
1.7323971044094861,-0.03996298472473399,264.11586469315057,0.14902425464901511,-309.14613873213597,-0.17831971536788274,0,0,0
1.7302920477231822,-0.028956331923173196,263.6943895007003,0.005536460843643454,-308.7489788216659,-0.03638239657543067,0,0,0
1.7387216155759972,-0.01807599011941079,263.1736419822193,-0.11749805692259088,-308.2567735316527,0.08638223006727799,0,0,0
1.7497118292917406,-0.0074143071965863784,262.67089559582854,-0.21549341638432223,-307.7888317660814,0.18632360328001027,0,0,0
1.7584242097128708,0.00298762728109665,262.2626512043684,-0.28726480730525167,-307.42084071980435,0.26334178783531004,0,0,0
1.7648518151013093,0.01310379926051013,261.9691298765929,-0.33560864289340203,-307.16831094726473,0.3212665288167102,0,0,0
1.7736273814272323,0.022911003554608556,261.75884320617473,-0.3671909755076001,-306.9907309846819,0.36736073135828634,0,0,0
1.792116207115427,0.032357015299547244,261.567253374992,-0.39096927183126695,-306.8108800892999,0.41034065578905937,0,0,0
1.8275438593710334,0.041282907801333125,261.32052289079695,-0.41527932692488323,-306.5408160566355,0.45726358878960693,0,0,0
1.8841806138014618,0.04933136034414929,260.95716780386664,-0.4448241269970367,-306.1073714670385,0.5106551229291256,0,0,0
1.9615071399555717,0.055914747014249144,260.44395493807457,-0.4791142538839324,-305.4725314185531,0.5673908110066292,0,0,0
2.0538622007186547,0.06029417210367285,259.78469678238764,-0.513081104371065,-304.6455722637753,0.6198657516309822,0,0,0
2.1515506935893285,0.06175559832350928,259.02084871297046,-0.5393224915429471,-303.6841376437566,0.6586827504311146,0,0,0
2.2430254327332335,0.059821914759257314,258.2226543258582,-0.5507376303153307,-302.68228053679013,0.675483809407524,0,0,0
2.3175716798553623,0.054431975934838304,257.4715086655291,-0.542489520073741,-301.74693260973805,0.6648972932090033,0,0,0
2.367793536138038,0.04602875800155885,256.83831883288224,-0.5128923863516605,-300.9696534309549,0.6253463476795161,0,0,0
2.391183364662325,0.035518805137377284,256.36561829074526,-0.46340920941219677,-300.40390348037073,0.5590298980456282,0,0,0
2.390335354708,0.024104147796940367,256.0598770718387,-0.3981737424689641,-300.0560419952247,0.4714889466924319,0,0,0
2.3718636187194164,0.013036856608539437,255.89562769005954,-0.32332141985878027,-299.89184312454546,0.3709218938169954,0,0,0
2.3444681938170504,0.003372334759579587,255.82824394035003,-0.24613620088683205,-299.85390799024333,0.2671289697000191,0,0,0
2.3166951913293445,-0.004211987385410509,255.8098628439526,-0.17392607199338386,-299.8822324380968,0.16998358487944643,0,0,0
2.2949036786880583,-0.010260192237420066,255.802959357698,-0.12289676525410995,-299.930682796851,0.10250629666792418,0,0,0
2.281919259674723,-0.014466444832633485,255.78763451438266,-0.0791712931437516,-299.9749187055867,0.04460083992839259,0,0,0
2.2767487803290294,-0.016411935529534714,255.76129231698985,-0.04680416089191957,-300.01099083978994,0.0012778906115857222,0,0,0
2.275451806001257,-0.01606863545302654,255.73224794559525,-0.027229957410715617,-300.0470967609436,-0.025875606066354823,0,0,0
