Pitch_Normalized,Delta_Pitch_Smoothed,Roll_Normalized,Delta_Roll_Smoothed,Yaw_Normalized,Delta_Yaw_Smoothed,Label1_Move,Label2_Bend,Label4_Speed
0.18550831113421395,-0.04380093266069309,-3.3137282187046964,0.7198513025984511,2.477735780977241,-0.4957518273388672,0,0,0
0.10492589882962022,-0.03776233828661665,-2.3218141163489747,0.7048165363170137,1.8316192991798772,-0.5008349900202115,0,0,0
0.03721761110875832,-0.03252245856261636,-1.3670166645158872,0.6698042532001734,1.1948660968046028,-0.49377580778129626,0,0,0
-0.009328426996958683,-0.029084056994420848,-0.48606522553448883,0.6195907809599621,0.5790737314681422,-0.4763410951428728,0,0,0
-0.03349635216925151,-0.027622349278999536,0.285528294287559,0.5577775282952094,-0.001023355717094887,-0.44969268233401904,0,0,0
-0.04106571858548591,-0.02768637584530751,0.915170999197386,0.4877484031699879,-0.527274159144028,-0.41515469608594346,0,0,0
-0.042148898804100554,-0.0313374848213769,1.3749015536965175,0.4544799171362456,-0.9786948734918326,-0.4121068508929852,0,0,0
-0.04716414482115283,-0.02698964238382757,1.6429980289750006,0.30648295278807325,-1.3329929801657414,-0.33231296168996777,0,0,0
-0.06309283237678187,-0.02315503652695696,1.7062695359521882,0.15189841963357936,-1.5694983600289305,-0.2443232175751433,0,0,0
-0.09135544731886114,-0.020033140182520982,1.5637558129951827,0.0007204301801493785,-1.6738111798821933,-0.1535131790430057,0,0,0
-0.1278665370795551,-0.017486804502816256,1.2310709526577597,-0.13715761262541407,-1.643332727952611,-0.0659151034777409,0,0,0
-0.1649705250086555,-0.015073665231003019,0.7430154115317578,-0.2532655115666401,-1.4915103177198006,0.012796043344228281,0,0,0
-0.1943327541608113,-0.012210440405638678,0.1519675318199063,-0.3416055953283802,-1.2483660789468303,0.07821884545372342,0,0,0
-0.2096598288221685,-0.00840458057487723,-0.47886092373299505,-0.3991354990172624,-0.956058058961915,0.12774632303705716,0,0,0
-0.20836439719741406,-0.003460621544574849,-1.0860478319665816,-0.4256969082152352,-0.6601743904945039,0.16062898159093209,0,0,0
-0.1918023708955161,0.002413020119334419,-1.617484116469015,-0.4236285506990896,-0.39931372570174517,0.17773506016421692,0,0,0
-0.16425330286048734,0.008630264028471401,-2.0411543995872847,-0.3972836545611287,-0.19650641895459842,0.1812042158196391,0,0,0
-0.13120995056992513,0.014376187692181474,-2.3483569611976236,-0.35252317179981957,-0.05552974979516989,0.17410572568671653,0,0,0
-0.09769904782253036,0.01883105760223458,-2.550699546200164,-0.2961688475604419,0.036791455880390345,0.16012977032352893,0,0,0
-0.06722524612551695,0.021399204245787472,-2.6725296939957133,-0.2354004370290795,0.10353942175997588,0.14328708920730548,0,0,0
-0.04156389679484107,0.021868859832609645,-2.741765592953527,-0.1770985665478662,0.16870943024377993,0.1275534585793423,0,0,0
-0.021208648086840753,0.02044892620050831,-2.782216306466438,-0.12717058137065607,0.2495469391473648,0.11642148540851735,0,0,0
-0.006022178138465506,0.017671786346200237,-2.8097209437845123,-0.08997370368246749,0.35293162428845903,0.11243592491693163,0,0,0
0.004332213635706239,0.014206021593241757,-2.83286529402379,-0.06800049346921071,0.47681283311113987,0.11688700805068208,0,0,0
0.010324201128682375,0.010659624379481158,-2.8570334974452436,-0.061944860775705025,0.6153601952989192,0.1298172309259158,0,0,0
0.012686891109567,0.007444309805219973,-2.8891899301755757,-0.07115982014419871,0.7649011283834284,0.15039421752063475,0,0,0
0.012464560601515018,0.004725217572469376,-2.9408914364119596,-0.09440836147821585,0.927852830214718,0.17758433602555074,0,0,0
0.01085026536249245,0.002440719953577286,-3.0283618958897307,-0.13069218021118728,1.113340330711651,0.21092952116709823,0,0,0
0.008897195972281224,0.0003669815930734899,-3.1701481539572143,-0.17985336038952937,1.3349637651395483,0.25111757967246007,0,0,0
0.007217851926682783,-0.0017920865461292124,-3.3841278954377003,-0.24267903271048966,1.6074815969663234,0.3000529210224997,0,0,0
0.005688278929852686,-0.004304582149762837,-3.6858492077356857,-0.3204044396137803,1.9445527904992872,0.36029994134635646,0,0,0
0.0031985514489321076,-0.007317911963457391,-4.089138108578311,-0.4136930605632628,2.3588421508183472,0.43397045936471984,0,0,0
-0.0023523622077306072,-0.010799506713162543,-4.608254547679806,-0.521317127004967,2.8641074210130597,0.5212918181033445,0,0,0
-0.013588651825585885,-0.014540769471476266,-5.259655621128687,-0.6389145742173042,3.4773420433361366,0.619262335951035,0,0,0
-0.03272162036894599,-0.018237442210055122,-6.061077893583047,-0.75834785363011,4.2183596087624835,0.7209543521324733,0,0,0
-0.06049222852500691,-0.02162012820520829,-7.026120535808204,-0.8682081594240898,5.104605722030627,0.8160212080182688,0,0,0
-0.09553050653011042,-0.024576069746053975,-8.15406270646163,-0.9557979330561637,6.140771011248162,0.8927112106000393,0,0,0
-0.13455742935227022,-0.02721020791150721,-9.417507638062773,-1.0105069527528001,7.305963690222001,0.9412457439322225,0,0,0
-0.17347722612827,-0.029830507139546113,-10.753626690258315,-1.0279501793955306,8.544507286464281,0.9578889145249277,0,0,0
-0.2089834301254001,-0.032870450378591445,-12.066209489678599,-1.0136973800806957,9.767693677149012,0.9485507766609331,0,0,0
-0.24007241853068706,-0.036764395737328925,-13.243828538297322,-0.9851726684608195,10.87166489649968,0.9305613737327334,0,0,0
-0.26890352766614,-0.04178483214788429,-14.194207636106313,-0.9706118646194696,11.771299590140572,0.9315706256398159,0,0,0
-0.30065743360319175,-0.047853861479173074,-14.88775634163511,-1.0048161622989427,12.442996566262337,0.9853453118524712,0,0,0
-0.3422931556115003,-0.054365143844712804,-15.396629421935643,-1.1224703385941184,12.962849809945467,1.1252162330096596,0,0,0
-0.40036557774223525,-0.06008898621753502,-15.912804578191242,-1.3505563529687195,13.523973346089818,1.3766680537073135,0,0,0
-0.4783405500038498,-0.0632474197110767,-16.7322391820029,-1.7016136722720419,14.420311978428785,1.750791078273643,0,0,0
-0.5740691213218412,-0.061809260047347436,-18.202224329451056,-2.169272207078427,15.994224129772874,2.239993801102621,0,0,0
-0.6782088677993983,-0.05397977829033351,-20.642211024003956,-2.726852408348866,18.558126020318596,2.816736092946587,0,0,0
-0.7743670883036202,-0.03877827154830982,-24.25919021994551,-3.329231261236191,22.311187823537416,3.435453420883948,0,0,0
-0.8414576272361671,-0.016532393748418882,-29.082346212399017,-3.9178045628242564,27.275604459885443,4.037506027986735,0,0,0
-0.8581650190041614,0.010900997656266042,-34.93655060908159,-4.428097318724731,33.27160290752589,4.5587340339887295,0,0,0
-0.8087013105694751,0.040313241417129574,-41.46273171959497,-4.799106960991237,39.938660519606444,4.938725370425944,0,0,0
-0.6884401490862899,0.067697007234122,-48.18006895399702,-4.982841414459893,46.79753077510182,5.130260384519555,0,0,0
-0.5076170930956891,0.08900336072620689,-54.57467505017821,-4.9521694049577265,53.337910089812816,5.107047537421019,0,0,0
-0.2913556011795748,0.10087209943425109,-60.193777765438554,-4.705373857242316,59.11131368597711,4.868146769650419,0,0,0
-0.07520813583255404,0.1011535798079933,-64.72330879191527,-4.266543391232217,63.80756568268823,4.438230439134815,0,0,0
0.1029009510193788,0.08914615623484394,-68.03063847404998,-3.6817638464578577,67.29682797496842,3.8636703555564664,0,0,0
0.21182473946267066,0.06557886972313583,-70.16390507358122,-3.0117812623663,69.62860139452879,3.205159840190042,0,0,0
0.2343539060388906,0.03242841442419007,-71.31292879236867,-2.322392762691334,70.99265552004161,2.5281556624015566,0,0,0
0.17007817084376597,-0.007354756072759016,-71.74778012472119,-1.6742536470104077,71.65790885123359,1.8928211585845482,0,0,0
0.03329654334427801,-0.050195992413715376,-71.75418907366017,-1.114001995529172,71.90830646309055,1.345324787142505,0,0,0
-0.1529126133381169,-0.09233595155202323,-71.58054434325797,-0.6685330881379585,71.99025892150686,0.9122626613423186,0,0,0
-0.36415600484438926,-0.130334829773588,-71.40399658091036,-0.3437408259396534,72.07908739911738,0.5994740614021439,0,0,0
-0.5811646538232793,-0.1615528982108188,-71.31721152028229,-0.12790629513642388,72.2661216756583,0.39541717502682305,0,0,0
-0.7933155253167286,-0.18449767957032037,-71.33379772073027,0.0015902040045261856,72.56456155740216,0.27780433224180284,0,0,0
-0.9985676513527864,-0.1989588391253861,-71.40863967329486,0.0706255455629261,72.93019229611141,0.22114980584418334,0,0,0
-1.2004473467165013,-0.20590321506636827,-71.46804673344651,0.1021230483036902,73.29156858898986,0.20291011812041687,0,0,0
-1.4037042426455173,-0.20715721095299813,-71.44296802494546,0.11267782782468458,73.58277314479702,0.20682998711222494,0,0,0
-1.610622889664313,-0.204961008047205,-71.2970267523234,0.11224630145419497,73.77069884245964,0.2232372287349321,0,0,0
-1.8195102204100948,-0.20152008990699244,-71.04152466909193,0.10628180609929813,73.86940690967542,0.24685550116982852,0,0,0
-2.0257356073194046,-0.19867160167572848,-70.73295859062327,0.09928790322514658,73.93740764429472,0.27315464559281394,0,0,0
-2.224484722868098,-0.19772003006060573,-70.45376606501112,0.09865991114521648,74.05855879262911,0.2944280663690364,0,0,0
-2.413766085316439,-0.19941611294035083,-70.28153356636841,0.11773587647413279,74.3114596864667,0.2967515642365498,0,0,0
-2.5963655528932037,-0.2040029601527081,-70.2543934592893,0.17710370100703302,74.73467668735658,0.2587879364366586,0,0,0
-2.7800315420740134,-0.21125417981668307,-70.34091868847881,0.3034583198196771,75.2961080133303,0.1530708079125688,0,0,0
-2.9757679519588436,-0.220470381514518,-70.42204056184269,0.5257601730786206,75.87447295980178,-0.050083311523256666,0,0,0
-3.1946084761200098,-0.23045944916327982,-70.29068796870519,0.8691097161358179,76.25908423135536,-0.37649916301125474,0,0,0
-3.4437338441725984,-0.23957054650381196,-69.67193101487513,1.3474770876336486,76.1706525091636,-0.8409980468864007,0,0,0
-3.7231646878311437,-0.24584838206989873,-68.26244355412663,1.9570037598520897,75.30140692158533,-1.4407785793868952,0,0,0
-4.024214035555275,-0.24731635926324175,-65.78392293830572,2.6718645850066154,73.36857379444285,-2.1511881480452493,0,0,0
-4.330330098952203,-0.24232448859477387,-62.04186142926509,3.4445164255971648,70.17241601418218,-2.9256895135614656,0,0,0
-4.620190187906218,-0.22986269650864558,-56.97899518867464,4.2113804778221295,65.64857832376511,-3.7011901837145835,0,0,0
-4.872249906015426,-0.20975424276058446,-50.71149596784751,4.903489978439012,59.90367389259775,-4.408455738208887,0,0,0
-5.069529145525621,-0.18268137259630066,-43.53574760922315,5.459677215252735,53.22279520690409,-4.985310662996036,0,0,0
-5.203276428021752,-0.150041276890947,-35.89575443250716,5.838348729207013,46.03921287771564,-5.388669907138591,0,0,0
-5.274394917045299,-0.11368917792758708,-28.3082357836214,6.023860040471921,38.86257112265594,-5.601288437373372,0,0,0
-5.2921509037258545,-0.0756773991962973,-21.255788184315065,6.025395416914209,32.17452684926649,-5.630963342048419,0,0,0
-5.270547570135605,-0.03809367222471991,-15.075158862347777,5.86940510677644,26.317545879203244,-5.5031072031986294,0,0,0
-5.223577456740614,-0.0030161291755575804,-9.878956262056505,5.589460987518917,21.414707850199413,-5.250526915582898,0,0,0
-5.161105814831146,0.027507472699817015,-5.545322533586514,5.21820558145924,17.35568942070914,-4.905179583550723,0,0,0
-5.087104090915176,0.05158880141678281,-1.7879072601229922,4.784291726534219,13.862782593697986,-4.494958049577417,0,0,0
-5.001126910153417,0.06780157423305866,1.7150558790897605,4.313946444640413,10.61750629177881,-4.045245328788152,0,0,0
-4.902411197771002,0.07559385842460102,5.183113907341664,3.8341559203295987,7.398404736768768,-3.5822293820672035,0,0,0
-4.794454418527451,0.07562830186329847,8.646308205369252,3.373981213702008,4.17099937139686,-3.134400110739633,0,0,0
-4.687388413853924,0.06983064175581433,11.947162832835033,2.9621855425814005,1.0896323819414704,-2.730311419885718,0,0,0
-4.596379174714713,0.06102328970852824,14.831228662782735,2.6220129835283315,-1.5898821652255748,-2.3933904649998254,0,0,0
-4.536212319479844,0.05223435211573531,17.08577101898092,2.366033806588733,-3.647766971405545,-2.1367104353961652,0,0,0
-4.51426455150262,0.0459700974416549,18.664653274672304,2.1941958003997515,-5.026455228193086,-1.960922541651317,0,0,0
-4.525271039182471,0.04375933614463321,19.7428991637575,2.0963476649985693,-5.888406348657767,-1.856689517733828,0,0,0
-4.550872917745863,0.046096717742931045,20.674807301696802,2.057677441536819,-6.578215229289114,-1.8101049964054567,0,0,0
-4.564760569757823,0.05267832912492025,21.87243080576434,2.063656747620132,-7.5043217602636645,-1.807670896018402,0,0,0
-4.541425935736868,0.06270728505014773,23.657013883087274,2.1015249894225176,-8.99171912473436,-1.837812548416609,0,0,0
-4.46481783632467,0.07509157152610584,26.146590557327357,2.157839807531033,-11.168490440569514,-1.8884023994916916,0,0,0
-4.33348724109814,0.08849325249546638,29.223082620737443,2.2145187531384467,-13.930050592657707,-1.9426770444545511,0,0,0
-4.160605122604721,0.1013250958306486,32.583730309036355,2.247151060285063,-16.98707657824255,-1.9773204792946018,0,0,0
-3.9693063242132354,0.11184885681283845,35.84647855700791,2.2281804286350506,-19.968007649391666,-1.9653742333536541,0,0,0
-3.785296604218786,0.1184671551690073,38.66416909429125,2.13452521870403,-22.53179096632246,-1.8836636490123553,0,0,0
-3.6293320265479565,0.12015220380789345,40.80984080605677,1.9562351134178955,-24.453225672738597,-1.7214569566830888,0,0,0
-3.5120200808759847,0.11682496435856678,42.21440976660813,1.7017751582512772,-25.661611141603785,-1.4859745335164292,0,0,0
-3.432384349617479,0.1094862070341435,42.95661158804731,1.3971115650846344,-26.231957562825656,-1.2018276470596234,0,0,0
-3.38008901806775,0.10001127633074987,43.21768299280464,1.0789061475180972,-26.340958250387217,-0.9045231294367128,0,0,0
-3.3399038976579334,0.09066642195263767,43.21936501726623,0.7847914708050354,-26.20628869156525,-0.6308584458184001,0,0,0
-3.2965681927390023,0.08350395334113898,43.16434213984013,0.5444214026883287,-26.028235775733805,-0.40987654296118736,0,0,0
-3.2386251707567055,0.0798310871933623,43.19419827158379,0.3738950507222711,-25.94832706325394,-0.2571018503141801,0,0,0
-3.1604923592972227,0.07992912005447864,43.37279178421733,0.2744336073643268,-26.032307872609678,-0.1731208864259628,0,0,0
-3.0626421046868586,0.08310866524288088,43.69439326505827,0.23478456450574187,-26.276592107575667,-0.14608559170471977,0,0,0
-2.950257070807396,0.08803922716078745,44.10838312117454,0.23595416622574134,-26.630556395934335,-0.15668928292099338,0,0,0
-2.8310211546143336,0.09317918619346414,44.54879131327948,0.2565510514222666,-27.024244175880398,-0.18373720981171573,0,0,0
-2.7127288803311984,0.0971383807366891,44.958745840251396,0.27733038830418766,-27.392820005863413,-0.208740426204605,0,0,0
-2.60129769718867,0.09890201683220709,45.30445723310473,0.2842368569783247,-27.692813479872854,-0.21876574372153784,0,0,0
-2.4996967464598754,0.09793108946031168,45.577224655062054,0.2698485312304257,-27.90785107959715,-0.2075105964689584,0,0,0
-2.408112035723292,0.09417863895461238,45.78487553148889,0.2333725784412593,-28.043660789682406,-0.17492337735050398,0,0,0
-2.3251843853721113,0.088047541278695,45.93764602288201,0.17943700762334344,-28.115640037779855,-0.12579706462076246,0,0,0
-2.2496050024346346,0.08029749955952212,46.03656684136703,0.11605804679199139,-28.13598450046932,-0.06780620139044373,0,0,0
-2.181181464694106,0.07190136967987115,46.071277096521584,0.05229016940835152,-28.107413837299262,-0.009435196909900866,0,0,0
-2.120855715140735,0.06386905716082794,46.02811904947086,-0.003863896595126448,-28.025825881080706,0.04179522813331431,0,0,0
-2.069781658020446,0.057092539674411566,45.902753197407975,-0.04671729547651182,-27.88852704214196,0.08041243460024958,0,0,0
-2.0280461590191123,0.05226747538334422,45.709371781199394,-0.0730587880978419,-27.702306189784835,0.10318482502475632,0,0,0
-1.993715183532487,0.04988726261996277,45.48164753433491,-0.08155322227379429,-27.487171974962422,0.1087056461802959,0,0,0
-1.9626071255803907,0.05023781239706722,45.26581826715346,-0.07222098600755658,-27.27486119853971,0.09704539352963763,0,0,0
-1.9287713497157597,0.053324294075491704,45.110051700296935,-0.04663671732352555,-27.103726733594655,0.06996356823519534,0,0,0
-1.8854372818898497,0.05873870208576761,45.054287650510474,-0.008703057552207839,-27.011812539434843,0.03150854133436667,0,0,0
-1.8263117591724836,0.0655575399762128,45.122113800144064,0.034808341960376764,-27.028583575976896,-0.011683505061793654,0,0,0
-1.7472268784639624,0.0723785312629019,45.31435698129147,0.07475732062799238,-27.165530565172944,-0.05102252975243147,0,0,0
-1.6479385239391888,0.07755313517256184,45.60490992328633,0.10138062061515427,-27.40777815494731,-0.07761849627515857,0,0,0
-1.5334686942830587,0.07957428860169387,45.94108847394878,0.10671148379874466,-27.71074046773704,-0.08439065946394067,0,0,0
-1.414206258258318,0.07748661689107336,46.25083661701174,0.08665059460824125,-28.005362092759896,-0.06773203639496472,0,0,0
-1.3042608463900933,0.07115761766882685,46.45694498747932,0.04184769687375933,-28.21253148730915,-0.028075239909929904,0,0,0
-1.2181838318068685,0.06130582388134087,46.495453740486454,-0.02276050809828689,-28.263356937714008,0.03063103603747095,0,0,0
-1.166864239563452,0.049287000212622445,46.33293310514091,-0.09927366182316746,-28.118767793179117,0.10200342608857653,0,0,0
-1.153905180805026,0.0367265448120051,45.97655764637935,-0.1783914032288152,-27.781047097544302,0.1783392580932272,0,0,0
-1.1738611052015813,0.025119403801788565,45.47276461924807,-0.25086650465879073,-27.29256493853414,0.2516001249632609,0,0,0
-1.2132535203590749,0.015504534841564065,44.894508719161195,-0.30876885994471764,-26.722273215602186,0.31436058062491556,0,0,0
-1.254356876337738,0.008282763666474579,44.32162036305979,-0.34652977586884787,-26.145496304287178,0.3607815234883759,0,0,0
-1.2806730758191378,0.0032040795196706996,43.82099589099818,-0.3616378169296269,-25.624385574015037,0.38745333390717035,0,0,0
-1.282274656265173,-0.0004883428152993475,43.432423427360874,-0.35478760757741556,-25.19473921810443,0.3937946289929144,0,0,0
-1.2591609098426773,-0.003805111519614002,43.163148017564566,-0.329353377622067,-24.86175628651074,0.38175963163794363,0,0,0
-1.2214332097253475,-0.007725123875702877,42.99164722879084,-0.2902839220136485,-24.60471625242539,0.3549121168155708,0,0,0
-1.1861430366101615,-0.012961769128234834,42.879075571190185,-0.2427844410176249,-24.388823598642304,0.31726836497692545,0,0,0
-1.1717476677164456,-0.01983559533371988,42.785057029366754,-0.19124439724029685,-24.180821503249973,0.2723950315846679,0,0,0
-1.191956296001166,-0.028252964901055576,42.68302387015868,-0.13865534588440767,-23.963450781164866,0.2229576911668829,0,0,0
-1.25111234395861,-0.037749399283856636,42.56992539911158,-0.08641688003995966,-23.743443770378434,0.1705273231324412,0,0,0
-1.3428712116414232,-0.04755897081628717,42.466664308984946,-0.034310778819141775,-23.54958956583293,0.11538523761142158,0,0,0
-1.4527128296749368,-0.056703657999797485,42.409176390656825,0.019365383347982858,-23.4215459884405,0.05638744494857804,0,0,0
-1.5632027248296936,-0.06412137523426509,42.4344424321541,0.07727080035102744,-23.394808662346207,-0.008731073033814596,0,0,0
-1.6597686491037393,-0.06884464750339277,42.56825462696128,0.14192050987898314,-23.48946598678002,-0.08230762439598607,0,0,0
-1.734750618005549,-0.07020865882981439,42.82004022937315,0.2141938805722418,-23.707903910396524,-0.16512800009851675,0,0,0
-1.7884697897233224,-0.06802969524616742,43.18530106227067,0.2920514948080665,-24.04084180293961,-0.2549411020149307,0,0,0
-1.8273567889528124,-0.06267713231461869,43.65178357470046,0.37022657529635694,-24.47613432898045,-0.346043660608278,0,0,0
-1.8601941427503732,-0.054984631235886636,44.204262128156586,0.4413467420797474,-25.003897747209834,-0.4304837903842909,0,0,0
-1.89404288429931,-0.046009934570797384,44.824962675881096,0.4981809478148733,-25.614730782150033,-0.5005207575355002,0,0,0
-1.9314092964202842,-0.036722792440990304,45.49044034719225,0.5359646212234764,-26.29285479052774,-0.5511226241265575,0,0,0
-1.96964253478761,-0.027733256439132957,46.168930061948515,0.5536608092500075,-27.01002617191571,-0.5812036321374634,0,0,0
-2.002559142033803,-0.019157670605002862,46.8226438114543,0.5536787196779528,-27.72638389228341,-0.5931047732535447,0,0,0
-2.0233020705376674,-0.010674199712289579,47.41625191030283,0.5404317678207718,-28.40001623770121,-0.5908458849802287,0,0,0
-2.0269965735136424,-0.001754791160189484,47.92790083919604,0.518578443861685,-29.000692228045594,-0.5782137802556008,0,0,0
-2.0120831823968786,0.008014859092331506,48.35664832187322,0.4917397756201069,-29.51994023177116,-0.5576238975500957,0,0,0
-1.980046495773351,0.018667878935288228,48.722088259050196,0.4621198619667609,-29.971889535475057,-0.5301352757078917,0,0,0
-1.9340987860757082,0.029765859469235066,49.05610125290818,0.4309576049799603,-30.384593178782737,-0.4963281998979966,0,0,0
-1.877742054352268,0.04052256262915392,49.390046566773435,0.3993183005389852,-30.786035549765842,-0.4573093041844928,0,0,0
-1.813894293375995,0.050073604321983115,49.742360432082165,0.3686398245727787,-31.19096975765099,-0.4151583863947906,0,0,0
-1.744730507067402,0.05776293031589859,50.11163896685986,0.340722996205659,-31.594207547606658,-0.3726108002035204,0,0,0
-1.6719839400952594,0.06332491863186647,50.47850611174812,0.31724821341683196,-31.973308170895677,-0.33227768001373476,0,0,0
-1.597333515742264,0.06690634383863028,50.81582681684415,0.2991477924742895,-32.299476934128336,-0.29590686192657356,0,0,0
-1.5225660273178363,0.06895352715324207,51.10265015603062,0.2862100323814559,-32.551600101649115,-0.2640746160285872,0,0,0
-1.4493672703546565,0.0700322094552348,51.33513080125263,0.27716009120425156,-32.7268002300808,-0.23642016510819985,0,0,0
-1.3788339960782139,0.07063379336020859,51.52913045604154,0.2701635180915559,-32.842717031908506,-0.21220535675752927,0,0,0
-1.3109830573870482,0.07099595073059248,51.71356618379309,0.26338053524511906,-32.93095815474079,-0.1907546424648075,0,0,0
-1.2445635145432874,0.07097462698285568,51.91820157672274,0.25515045669762343,-33.02533933906861,-0.1714044871986701,0,0,0
-1.17741995979992,0.07002775378640962,52.16164747881595,0.24371326820174488,-33.15023720084784,-0.15298603662707108,0,0,0
-1.107556359773909,0.06735159272843276,52.443995612997725,0.22681803409726625,-33.31302332522628,-0.13329514716375995,0,0,0
-1.0347709997614771,0.06214094795713691,52.74544431931105,0.20172260981425721,-33.50175397225473,-0.10909428128823322,0,0,0
-0.9622376702667026,0.053876242029667766,53.03001067872435,0.16580139161490023,-33.68735304288238,-0.07683712325465138,0,0,0
-0.8970559778781677,0.042522476445954284,53.2529594988616,0.1174976529872879,-33.82933730039905,-0.033802351240176165,0,0,0
-0.8490501000335087,0.02857115649739228,53.37083049700328,0.05711072615035846,-33.884551573286714,0.020907519120184757,0,0,0
-0.8279577907832874,0.012946901843922377,53.352356899395204,-0.012920248617015772,-33.81774304296313,0.08586157643811845,0,0,0
-0.8400715757815362,-0.0031249974779868238,53.187144372190545,-0.08822467816686412,-33.61108826445502,0.1573165190578436,0,0,0
-0.8857582929275054,-0.018207698343532287,52.88854271366597,-0.16302862982891497,-33.268981667142555,0.22963787607549763,0,0,0
-0.9588519495693646,-0.030715022698875317,52.48930883822632,-0.23092000751585431,-32.81626414786676,0.2960794939267316,0,0,0
-1.0479509413606962,-0.03904276639433846,52.03244499264579,-0.2858517302675267,-32.291621436466656,0.3499042767361871,0,0,0
-1.1388063345537773,-0.04183111302726985,51.56174883132908,-0.3232646194181058,-31.739858134647847,0.38567718982617405,0,0,0
-1.2168479831968,-0.03830064771120476,51.1151580210219,-0.34099151870669003,-31.205375211499756,0.40035215495286,0,0,0
-1.2693878972554558,-0.02851283494650971,50.72081060356581,-0.3395374477928442,-30.726558103615062,0.39372873929916635,0,0,0
-1.2874836418215523,-0.013418075224974757,50.39444219618633,-0.32155753602884546,-30.330294533037176,0.368081412058271,0,0,0
-1.2673612303062072,0.005342261772052837,50.138184302822225,-0.29078426980549066,-30.027779675024973,0.32718369325707786,0,0,0
-1.210964267895335,0.025788535304364757,49.9424417123283,-0.250997025931872,-29.81422149343453,0.2752928745305908,0,0,0
-1.1251999252466334,0.04595619115009697,49.7917698942621,-0.20555916018240056,-29.673800871463357,0.21660910757435659,0,0,0
-1.019939045177253,0.06414031069798228,49.672967353377516,-0.15754770257128997,-29.588167546559845,0.15524832858542653,0,0,0
-0.9054293318488362,0.07902635287850757,49.581466140171415,-0.10999856491199864,-29.544427215295983,0.09530052474082709,0,0,0
-0.7900655883170487,0.08976125825926431,49.52247473332707,-0.06578233601553052,-29.538692691160747,0.04055611928253029,0,0,0
-0.6792444230528076,0.09599007904873531,49.50615722950508,-0.027099667250837456,-29.57376705890428,-0.006070689424073805,0,0,0
-0.5754448762169773,0.09782996792124692,49.539680995309,0.004973632669208428,-29.65289192564549,-0.04301044415585977,0,0,0
-0.4791243684703801,0.09575275345568883,49.62082495444582,0.030470287318399868,-29.77355285620679,-0.07002321024247778,0,0,0
-0.3898710592289092,0.09040084142826572,49.73661883603103,0.04999470418192402,-29.924733340211873,-0.08766549789996532,0,0,0
-0.30746043981885407,0.08241423403185592,49.86718763031385,0.06397540765306076,-30.08848656926571,-0.09652646146295893,0,0,0
-0.23266458868286577,0.07235040316053869,49.99217803902039,0.072110830435318,-30.244325934993128,-0.09662334048531278,0,0,0
-0.16767239068974504,0.06072215948421302,50.0964727674461,0.07325259477977966,-30.374032973888134,-0.08722527915696361,0,0,0
-0.11593063089459577,0.04809642021077991,50.172914395196756,0.06572493197455742,-30.464822525559498,-0.06714409078798411,0,0,0
-0.08128699153027696,0.035155421481985624,50.22122021670202,0.047926483988925385,-30.509691829925572,-0.035347595760009655,0,0,0
-0.06656155671166175,0.022660947079687334,50.24358303768025,0.019049069826047572,-30.504926096013875,0.008303009820036778,0,0,0
-0.0720228282106774,0.011344243435098633,50.238683177302875,-0.020234897948651565,-30.446019850473917,0.06237933631424397,0,0,0
-0.09448067410917815,0.0017929282541743418,50.19693031505457,-0.0673120972133944,-30.324332833525332,0.12347237073111757,0,0,0
-0.12757015365052382,-0.0056113281602122814,50.10008979433508,-0.11762082412009534,-30.127028813806888,0.18622641185691577,0,0,0
-0.16326158843203586,-0.01070270492471792,49.9271095342915,-0.16519933526927275,-29.841703242011505,0.24388915302023123,0,0,0
-0.19401800546786774,-0.013523978728882469,49.664838650827335,-0.20364616457999318,-29.464693206123272,0.2892496042586757,0,0,0
-0.21473530614112235,-0.014332187679501373,49.319057066886444,-0.22715960856331208,-29.009602227681953,0.3156956516318942,0,0,0
-0.22378567229186785,-0.013608199795118025,48.92026452624515,-0.23133462224826645,-28.511768855318977,0.31813193621528624,0,0,0
-0.22295768014177497,-0.012025231690982708,48.52092104250403,-0.21359447376036939,-28.025930995357186,0.29363145374629057,0,0,0
-0.21652677881910165,-0.010337868482157831,48.18475857090209,-0.17338184282236,-27.617195787338815,0.24184864835467862,0,0,0
-0.2098834335066755,-0.0092060502247719,47.97198695204713,-0.1123403852324543,-27.347969579694933,0.16528065731038452,0,0,0
-0.20810482616185766,-0.009025555595931678,47.92533695482021,-0.034573069938227265,-27.264700488321054,0.06937376494913253,0,0,0
-0.21473299101900523,-0.009846108413910315,48.06098557745088,0.053224539592039835,-27.388018296062427,-0.03767888973977307,0,0,0
-0.23094883847210212,-0.011409200167106804,48.36627136611148,0.14211658600287363,-27.7085423302601,-0.14564161028306727,0,0,0
-0.25532209067975487,-0.01327077511814707,48.80370568196696,0.22198353439533208,-28.18889666890766,-0.24348624882860292,0,0,0
-0.2842735614271845,-0.014943048847838725,49.31910795144506,0.28315613232290104,-28.770955556631947,-0.3209926634921203,0,0,0
-0.3131963902802255,-0.016009208707724553,49.85130246280684,0.3181890611491099,-29.386391125079683,-0.37033038692624415,0,0,0
-0.3378776739629359,-0.016199208390703747,50.341430386273885,0.3232326777529863,-29.96818495814965,-0.3872286059333959,0,0,0
-0.3556654313232457,-0.015429146930742377,50.74075638645735,0.29859798789100866,-30.460793483643215,-0.37146840497265854,0,0,0
-0.3659572672974889,-0.013806255132995205,51.0163198941311,0.2484107666159389,-30.827122422260018,-0.32664439205835266,0,0,0
-0.369975520583921,-0.011603825202254826,51.15387756353823,0.17956449596458696,-31.051273448957375,-0.25933443611363743,0,0,0
-0.3700969100688951,-0.009209290344459475,51.15766373235007,0.10035879866775303,-31.136986547655013,-0.17791106681627014,0,0,0
-0.369024460326429,-0.007040332959454077,51.046965456360965,0.01919882994999398,-31.102702345789012,-0.0912422185955137,0,0,0
-0.36901138980205417,-0.005431789133609755,50.850379032270865,-0.056412049944623274,-30.974986250843628,-0.007509738063579618,0,0,0
-0.3713603427023031,-0.004529177072940626,50.59935064161283,-0.1205342675771675,-30.782241030044034,0.06668008421315505,0,0,0
-0.37636646487177927,-0.004244863761162776,50.32269593812259,-0.16918463681554669,-30.550066224794648,0.1268192130543099,0,0,0
-0.38359971987476627,-0.004305729623071386,50.04329076230678,-0.20054789029246364,-30.29881331103482,0.17067399189061944,0,0,0
-0.39219556529903343,-0.004371465242478223,49.77730988682765,-0.21500289044195994,-30.043282338785446,0.19816463404090143,0,0,0
-0.40095720205265195,-0.004176416416048312,49.535413710685674,-0.21486721290122546,-29.793992641511664,0.2109822866106569,0,0,0
-0.40840590490911666,-0.0036467787298008147,49.324473525975634,-0.20378964355507206,-29.55893029171692,0.2119891128267227,0,0,0
-0.4130328168146349,-0.0029473915167073984,49.148398660613594,-0.18587263102097323,-29.34453353005118,0.2045064764014768,0,0,0
-0.41381156249367734,-0.00242733270054174,49.007634827930474,-0.16477330089838632,-29.155340207246,0.19165289035892527,0,0,0
-0.4107886244869121,-0.0024763932960709667,48.89829332734871,-0.14308280108728014,-28.992879479682443,0.17589180619093128,0,0,0
-0.4054791771000623,-0.0033509173842631414,48.812482596720145,-0.12217680897814773,-28.8550951225764,0.15888227171057992,0,0,0
-0.4008342578693771,-0.005041919231126712,48.7406243314031,-0.10253577717943756,-28.737176266029266,0.14163100550961757,0,0,0
-0.40063979187719667,-0.007244110448714025,48.67496292913873,-0.08436935720075098,-28.633537321205395,0.12486911284007504,0,0,0
-0.40836365283547593,-0.009464420439223886,48.61246275143398,-0.06830256033531157,-28.539895249125507,0.10952826710405787,0,0,0
-0.42570473914166485,-0.01127870362090846,48.555541797046175,-0.05586431209859484,-28.454459621679646,0.09713937206504966,0,0,0
-0.4513763943639191,-0.012687452857733206,48.5100559388913,-0.04952112188132105,-28.37768258641549,0.08990954358239663,0,0,0
-0.4808470093962569,-0.01445087061600674,48.480779953968124,-0.052015288608907896,-28.31023916331617,0.09018820388435529,0,0,0
-0.5076770212068737,-0.018248947287250416,48.46537305726048,-0.06483000697840566,-28.2492508590106,0.09907778709022637,0,0,0
-0.5265985987027619,-0.026547761771439582,48.448991706944526,-0.08577712208912942,-28.183946486595502,0.11414721774716981,0,0,0
-0.5376631530642442,-0.0421498068237014,48.4030821085355,-0.10604673671314799,-28.093784043858477,0.12658454791698687,0,0,0
-0.5499878832601297,-0.06752156888269667,48.292329710631066,-0.10751534909911982,-27.953213083732848,0.1185754735721872,0,0,0
-0.5833237307418813,-0.10407696726240659,48.09232426161904,-0.061451169389579265,-27.746398395127002,0.06200162024408229,0,0,0
-0.6661174095915925,-0.15160980360158477,47.817191708247435,0.07028122401349321,-27.492065143733697,-0.0804828820123916,0,0,0
-0.8298617210724899,-0.20799474912182775,47.5519953843025,0.33091237186824857,-27.27404976995564,-0.35137277521300375,0,0,0
-1.1009204279686315,-0.26915500769549255,47.48038830605498,0.7615562297737967,-27.268704885957774,-0.7913332376780886,1,0,0
-1.492146066987985,-0.32922598594641383,47.895544244995506,1.3921402816190949,-27.757666383974666,-1.4302388585979458,1,0,0
-1.9969450454121045,-0.3809009355000043,49.183592194103056,2.232183627982309,-29.115067983440085,-2.277864177349194,1,0,0
-2.587624512425151,-0.41607117402176785,51.774496775942964,3.2635030163432446,-31.76297861114064,-3.316359012169194,1,0,0
-3.2181486756576874,-0.4269118608784794,56.06455400468249,4.436958487302394,-36.09727886337639,-4.496789584464551,1,0,0
-3.8299230125283827,-0.4074025066059832,62.32448492472645,5.674862826551046,-42.396172629837935,-5.741533772293707,1,0,0
-4.358997238260173,-0.3549658852784063,70.61416599045415,6.8793432085538315,-50.73185485722479,-6.9528226667761475,1,0,0
-4.74403547095956,-0.27166296414919344,80.72735442505149,7.94481840574341,-60.90998851681894,-8.025404384136566,1,0,0
-4.935236018376386,-0.16440093159435917,92.18677658127137,8.771029878359073,-72.45996098837921,-8.859540538853226,1,0,0
-4.903886787132322,-0.043947373664467194,104.30062364981296,9.273488961051479,-84.6893874928927,-9.371131424650615,1,0,0
-4.6505792807526944,0.07696890685636504,116.27382039159329,9.391014938293688,-96.79693155371925,-9.498816914723026,1,0,0
-4.208775708479919,0.18583695316378765,127.34372830242961,9.092968979120318,-108.01171022534032,-9.21096503543319,1,0,0
-3.6409543613556963,0.272172157029155,136.8938909776938,8.388937240748419,-117.71047337197234,-8.51553941436346,1,0,0
-3.027098249069823,0.3285878369537201,144.50938638645775,7.340217895110501,-125.47429285764679,-7.472192522011821,1,0,0
-2.448459607094037,0.3511259169825635,149.97470338761937,6.067525302858135,-131.08544801060665,-6.200705348969018,1,0,0
-1.9715534808905062,0.33906861857526704,153.25417471592962,4.746093684000695,-134.50582298416984,-4.876522889165898,1,0,0
-1.6372756679686233,0.29448071247687296,154.50353839793834,3.5805674339096725,-135.88724900085938,-3.7054531437004385,1,0,0
-1.4581571014223584,0.2216483370178409,154.1295333761565,2.758541618960075,-135.63191373693715,-2.8763869253628003,1,0,0
-1.4239768485507511,0.12651489520300885,152.86202960985273,2.391398783657908,-134.4670144780694,-2.5010158567957945,1,0,0
-1.5132006013796513,0.016216165703356468,151.7615604898199,2.460028572637435,-133.45461638455168,-2.5586572523888007,1,0,0
-1.705772155983965,-0.10118288476219846,152.07949473069002,2.787082900981261,-133.85146299072363,-2.868320262357281,1,0,0
-1.9922923383015103,-0.2167415733897741,154.92914449203036,3.0543484603396793,-136.77557947896833,-3.1068152519743277,1,0,0
-2.375805409325608,-0.32066904233490445,160.80787881427287,2.872741737250948,-142.72063193993029,-2.8802428258403268,1,0,0
-2.8649365920362584,-0.4026735933447128,169.1096721128321,1.893721702914388,-151.0608653815348,-1.8371331685188068,1,0,0
-3.4602884547160215,-0.45296825700894205,177.84553239743198,-0.07141831120058555,-159.76865063417947,0.21097170280110616,1,0,0
-4.138969214788247,-0.46394201012351743,183.7976593193264,-2.973086491721952,-165.57397550391312,3.21069967328618,1,0,0
-4.843966091317668,-0.43198212560019444,183.23095577044782,-6.526797525718789,-164.68967725926265,6.870910097751727,1,0,0
-5.484893034869486,-0.35859802027606946,173.06675040530038,-10.301676566895665,-154.00324542212522,10.75247678791872,1,0,0
-5.9536594186401715,-0.2502421079399596,152.14784649784687,-13.848165258869352,-132.35729745005833,14.39728189390757,1,0,0
-6.152620702614826,-0.11696109012383431,122.0306955726004,-16.797817064974993,-101.34761965168988,17.428855003143497,1,0,0
-6.025593411985909,0.029354003777234537,86.81151947350213,-18.895802747999085,-65.14236201320637,19.585255843152755,1,0,0
-5.578272541062205,0.17633294637481925,51.91237882307371,-19.980077208629073,-29.25081159978113,20.698503735114556,1,0,0
-4.878226488725204,0.31186386863653726,22.326226225579347,-19.956053786861084,1.2521869991454224,20.66978879163534,1,0,0
-4.0345474932746015,0.4245779886747442,1.1315014630821736,-18.80837581447842,23.227684649900162,19.482134829713956,1,0,0
-3.166748416943676,0.5046642689645637,-11.112495082558851,-16.65119533882983,36.083907797348076,17.251595084521774,1,0,0
-2.3756397510400546,0.5452195147101889,-16.003112766964307,-13.774841291760112,41.411061847232446,14.27431066968748,1,0,0
-1.7253274049522958,0.5436458211385172,-16.329582098162987,-10.632513895205587,42.00821065709075,11.012623949663052,1,0,0
-1.239113148122044,0.5022012186075543,-15.017007739483816,-7.741651589342932,40.81810287501434,7.994843954035647,1,0,0
-0.9070167289945346,0.4271430073042694,-14.36410689045141,-5.532062612362035,40.15865339515944,5.661185325631839,1,0,0
-0.7004255555129362,0.32677462190249146,-15.717717345000722,-4.2115207017475385,41.39548704518491,4.227294966219808,1,0,0
-0.5891352006007367,0.20938843269425716,-19.51361947855375,-3.7092975404798265,44.98387748342415,3.626477848981014,1,0,0
-0.5562603549866623,0.08205053576308359,-25.50413707035561,-3.7132674164184274,50.697627940575344,3.546541650442373,1,0,0
-0.6067964156825099,-0.04947126245766072,-32.994399898040996,-3.774067245572656,57.86404025546381,3.5346389901848148,1,0,0
-0.766801274249687,-0.1800167609535876,-40.98370555439321,-3.4325253327683583,65.50063431209824,3.1259744727795784,1,0,0
-1.0728640900011044,-0.30423291191850693,-48.20547048735712,-2.3317687782429957,72.34868628715822,1.9573769524191043,1,0,0
-1.5551343934092188,-0.41613857557800316,-53.13578693114858,-0.2905794211558117,76.87647835165617,-0.1580198439736371,1,0,0
-2.220040029528903,-0.5091714806269323,-54.07025455388955,2.6699580824406794,77.3546005589389,-3.2030936023743393,1,0,0
-3.03928075765792,-0.5765982176228761,-49.3422610671674,6.342834412410433,72.07784760281012,-6.972349500578258,1,0,0
-3.949345848179604,-0.6121554033735734,-37.68179467288137,10.383994975918862,59.73242291935048,-11.120281116298468,1,0,0
-4.861811311292968,-0.6108811602496871,-18.62351155655884,14.379982739920786,39.815288605448536,-15.228859372413211,1,0,0
-5.68085000687006,-0.5701245122640657,7.185961345853045,17.91878059632192,12.952941459680758,-18.878835092656544,1,0,0
-6.322242531215423,-0.4906348027479936,37.92420705374872,20.648448968918707,-19.025867065207237,-21.709575358355146,1,0,0
-6.728350449418244,-0.3774946128012104,70.84554986114762,22.314119969202448,-53.33877090752085,-23.45774241933895,1,0,0
-6.875612876746558,-0.24055631649662387,102.81612184481463,22.775398015623797,-86.78795941203387,-23.97626743139775,1,0,0
-6.774109212641761,-0.09403691126398143,130.98233547586207,22.015177783030758,-116.43966463940723,-23.24402025974636,1,0,0
-6.461482420889155,0.044957781782319725,153.34870275803846,20.149491549330566,-140.2192752318953,-21.375541240333842,1,0,0
-5.994986157541007,0.15897098677386481,169.07094513813493,17.43724613887154,-157.2228236344506,-18.629961615918536,1,0,0
-5.444843922624159,0.2334497414832697,178.41171908907054,14.276700134226422,-167.6848267111674,-15.406582542015178,1,0,0
-4.889714960819418,0.26000895205688296,182.46998315742624,11.170434473381604,-172.70777967811313,-12.209462511222167,1,0,0
-4.4122334934697705,0.23875207501242385,182.87140393674682,8.647321030377062,-173.9401237978899,-9.569713714428937,1,0,0
-4.0911401391314115,0.17874634862191102,181.55842273456844,7.149183259069593,-173.3466746995046,-7.93287856758198,1,0,0
-3.987745116382726,0.09621241751390955,180.6912083960129,6.914286141104691,-173.09169248535903,-7.542942950571851,1,0,0
-4.128260928849414,0.010777504308801155,182.54989459496366,7.904492757164997,-175.43339601974253,-8.369414177521566,1,0,0
-4.48809212662232,-0.05907204648646598,189.28933214858526,9.814212133214468,-182.48509655632324,-10.115583078009141,1,0,0
-4.986645726422651,-0.09984605759917287,202.474168066558,12.165574376630943,-195.76845031522703,-12.31271796431173,1,0,0
-5.499358245750059,-0.10505736409777029,222.49156416908536,14.4507315148718,-215.6487047376138,-14.461492098009836,1,0,0
-5.887211114452995,-0.0751342476787542,248.1158727097849,16.25680639445991,-240.91696540966626,-16.156467920469744,1,0,0
-6.035564387488819,-0.015950410358584577,276.5538404212152,17.323863296005577,-268.8406574912588,-17.144062328979327,1,0,0
-5.888175536811147,0.06292781804399254,304.12572692373567,17.532692940283646,-295.83495932123043,-17.310523239261943,1,0,0
-5.462807134447473,0.14957587113787127,327.3787190854648,16.860818224946932,-318.55504477798826,-16.637886676407238,1,0,0
-4.842482615918954,0.23072254786127644,344.12648667916756,15.352663422039475,-334.91135390420203,-15.17355013524401,1,0,0
-4.147249219968572,0.29306022723923064,353.92984135606866,13.124655341555647,-344.5323157751523,-13.0342929300204,1,0,0
-3.498982748409489,0.32532181171716845,357.8768239978001,10.390314707614127,-348.53862841236196,-10.430241550200936,1,0,0
-2.992333415243607,0.32089174514578644,357.89751439805457,7.467995597666925,-348.8639633203956,-7.672057781499689,1,0,0
-2.6794202478098867,0.2799937762172192,356.00080228695276,4.7400949607136225,-347.50395166766714,-5.130650010554859,1,0,0
-2.568755973357753,0.21029645768568486,353.7381175846418,2.565541984092829,-345.9916340378178,-3.1512207491547715,1,0,0
-2.633992997281311,0.12532133693560182,352.01901978592616,1.1834625501850156,-345.2193809116756,-1.9589628248919724,1,0,0
-2.8266469360309543,0.041049603356307786,351.2337963978845,0.6552925897251157,-345.5612353062557,-1.6028187400868603,1,0,0
-3.088237774638955,-0.028029789530195616,351.5266765308719,0.8691490784435814,-347.141459426779,-1.9605425944401644,1,0,0
-3.359842557590625,-0.07202628113505796,353.0341389263931,1.5965383863014608,-350.06725226953597,-2.795227112819833,1,0,0
-3.5892692465629352,-0.08705446524288903,355.9611121810177,2.5712422664742234,-354.50098215312175,-3.8337476611043826,1,0,0
-3.736753186405494,-0.07492044116554837,360.4827672533198,3.5586003547786618,-360.5605031760209,-4.836019414398646,1,0,0
-3.779280643711445,-0.04166997870005105,366.5683147822359,4.394265024053686,-368.1440543567636,-5.634437551420308,1,0,0
-3.7125962265941865,0.004282774759056451,373.8628982610692,4.988152533988137,-376.81623444859395,-6.1389747254182625,1,0,0
-3.549964900238777,0.05392142043030503,381.713224951695,5.304765980506204,-385.84142827871096,-6.318512889719341,1,0,0
-3.3179603850132366,0.09900372392492614,389.32412113242844,5.338380306048782,-394.35182818180425,-6.17634327437379,1,0,0
-3.0506927842818214,0.13293640048515698,395.961670026463,5.098247712909734,-401.5637564258787,-5.734791698649678,1,0,0
-2.78381918844039,0.15119952684474214,401.11532173776584,4.608431066432956,-406.9509825604383,-5.033780103427444,1,0,0
-2.5490235703359048,0.15150367851131535,404.57433633593394,3.9157556168998098,-410.32658832397243,-4.137216884730532,1,0,0
-2.3698053183413634,0.13384979772217206,406.4179419868809,3.094208734903475,-411.83068501327386,-3.135854977437231,1,0,0
-2.2599052417113654,0.10051859817409792,406.94358931011504,2.237790144864539,-411.84889913961854,-2.138675986364319,1,0,0
-2.2247579179580725,0.05589479498034535,406.5670779176494,1.4428253796489572,-410.89830421029535,-1.2537160342065363,1,0,0
-2.2642438585982916,0.006011090310812506,405.725870951234,0.7876655739595548,-409.5162232040689,-0.5662779944175327,1,0,0
-2.374098249372466,-0.042259638676860334,404.8049856101039,0.31808403154421966,-408.17478422296625,-0.12315331842099227,1,0,0
-2.544778918497798,-0.0823267493309416,404.0911264003404,0.04245538439656684,-407.22818814235416,0.07256670719976341,1,0,0
-2.759012435209783,-0.10907646563313733,403.752374928918,-0.06372581168700435,-406.8889885238696,0.05616322759260015,1,0,0
-2.9905818811736964,-0.11972538531413904,403.8383257660586,-0.04720498610657842,-407.226536370054,-0.11131851382518221,1,0,0
-3.206415575208993,-0.11400215547538153,404.29616205320804,0.035541066581140514,-408.18251574464824,-0.35824344948961767,1,0,0
-3.3722910636453207,-0.0936521181003485,404.9988901798996,0.12900072813386032,-409.6009212519748,-0.6157160288557236,1,0,0
-3.4605699746727367,-0.06157123207541844,405.7806838700109,0.1856653998641491,-411.26905273734786,-0.8265203581556534,1,0,0
-3.4571590948527557,-0.020972946128560467,406.47153944904926,0.16954772600206525,-412.96208427787036,-0.9494026637432057,1,0,0
-3.364779472711888,0.025123951209033636,406.9224885834608,0.057435523675292185,-414.4807387051915,-0.9599234271525233,1,0,0
-3.2007650396017766,0.07401552937504477,407.0158782325726,-0.16078059013196935,-415.67338349262616,-0.8494936124619074,1,0,0
-2.98981057012665,0.12316367377005691,406.6616396087454,-0.4819901307038322,-416.4399878045228,-0.623754019279437,1,0,0
-2.7545083797834025,0.16998690546582082,405.78660366036104,-0.8901452486275957,-416.7222147797862,-0.3006117159104235,1,0,0
-2.5077729231194468,0.2117688477179911,404.32673016567094,-1.3577458578657684,-416.48822279539485,0.09238566575633059,1,0,0
-2.2504265874232487,0.24575761760894607,402.2305198647389,-1.8491449483064115,-415.7214724946731,0.5216095477390411,1,0,0
-1.974778837508424,0.2694070963489736,399.4762607461697,-2.3253616556842642,-414.4200559374426,0.951488016210351,1,0,0
-1.6724220089871125,0.2806247138074568,396.09743769362365,-2.749077697114751,-412.60703841107903,1.348231816268236,1,0,0
-1.3428814974928258,0.2778956455376303,392.2032252913532,-3.0881886867973436,-410.34519607978456,1.6820719816238578,1,0,0
-0.999582918763295,0.2602627918857223,387.98008996598514,-3.317075432212687,-407.74598880047995,1.9276084286853006,1,0,0
-0.6707085092221519,0.22726750726921524,383.66887202661815,-3.416243809833259,-404.965858543088,2.0630222303531696,1,0,0
-0.3945179015272089,0.1789768541733409,379.5251012614251,-3.3719715850868512,-402.1910653299438,2.0696762155158694,1,0,0
-0.21085411475034732,0.11613805409305655,375.779752740772,-3.177085443186331,-399.6192679882842,1.933173352679495,1,0,0
-0.15188046092617924,0.040424171022243625,372.61584933823417,-2.8323338497044572,-397.4461304929332,1.6454561944467627,1,0,0
-0.23509785042729447,-0.04527755937685214,370.16429206733835,-2.346610833792897,-395.85800049186315,1.2063239793943636,1,0,0
-0.4606580456898399,-0.13660983717140596,368.51080401387037,-1.734808749548756,-395.0247103395144,0.6230137407571646,1,0,0
-0.8133982965778586,-0.22770267152085352,367.7054063143064,-1.0140514653452897,-395.08832241064766,-0.0918705013680892,1,0,0
-1.2681802987646762,-0.3116017862742922,367.7740991965791,-0.20076871243417144,-396.1524764666114,-0.9222216771900605,1,0,0
-1.7956570912613472,-0.38128611417626956,368.7371169534242,0.6891815369570395,-398.2819562858409,-1.8482574967258132,1,0,0
-2.3656812904773545,-0.43104264323661,370.6320024704976,1.6373853030070336,-401.5158513929083,-2.8442749582499856,1,0,0
-2.947735224430687,-0.45767006843286423,373.52835737316525,2.619169866757352,-405.8845635567689,-3.876332301324953,1,0,0
-3.5105357642701307,-0.46099463768385507,377.5174141370834,3.6022253239499604,-411.4132821018444,-4.902338063134158,1,0,0
-4.023715256513043,-0.44350479273219323,382.6715681103424,4.548713261913986,-418.10184295554234,-5.875562864298627,1,0,0
-4.462306893292279,-0.4093294915748288,388.9897023683045,5.419696478180356,-425.88888007543306,-6.750449051360249,1,0,0
-4.811798534755937,-0.3630604618270127,396.35599073491187,6.1796145649093885,-434.6213235051127,-7.488369439737227,1,0,0
-5.07060442252839,-0.30891600990245394,404.53305725337,6.799195492321712,-444.048090970856,-8.061369178275374,1,0,0
-5.248446223899791,-0.2504625970586005,413.19253893344626,7.256821642775639,-453.84395105363393,-8.453442289100144,1,0,0
-5.361475214512964,-0.19072466970598753,421.97106397838263,7.539475628910509,-463.6569669802139,-8.660263619781512,1,0,0
-5.426261709531474,-0.13231685573404234,430.5332626025181,7.644000824822046,-473.1656506832132,-8.688410563029976,1,0,0
-5.454841389501894,-0.07737327727773362,438.6239573937147,7.578121714271276,-482.12954317566204,-8.554215027837405,1,0,0
-5.452361195016692,-0.02734596332172714,446.09657380092165,7.360084598750598,-490.41898644777035,-8.281818819843949,1,0,0
-5.417782461330006,0.0171088143314023,452.9121704261885,7.016545915041661,-498.0159182996595,-7.900425350356573,1,0,0
-5.3468838138534664,0.05603383041373746,459.11157635856284,6.579394574399407,-504.9859485858421,-7.441344211115933,1,0,0
-5.236039666069615,0.08991688931522646,464.77091951101727,6.082326766713902,-511.4310303538071,-6.935277060195557,1,0,0
-5.085258167973208,0.11941486464243808,469.95683672241785,5.557336889291946,-517.4395117035522,-6.409653788216843,1,0,0
-4.899516279214367,0.14516673716570097,474.6985164037866,5.030877987552174,-523.0523444744217,-5.885631274722738,1,0,0
-4.688107919762416,0.1677405466147519,478.98648467744033,4.519896256204629,-528.2573931647933,-5.375010919743585,1,0,0
-4.4623063213607,0.18768258936170384,482.79433164552165,4.028965943265666,-533.0097375821695,-4.878356974353795,1,0,0
-4.232113063107093,0.20557061425197531,486.10663149543757,3.5503798561232314,-537.2621885653816,-4.386053262848492,1,0,0
-4.003174017844884,0.22196319513631407,488.93273726923644,3.068312057448884,-540.9858559228894,-3.883111671230671,1,0,0
-3.7749557288691733,0.2372058724428598,491.29553636296794,2.5660847650000163,-544.1690956452062,-3.356435347254819,1,0,0
-3.5409565677129677,0.2511581496352022,493.20182985884514,2.033518826154193,-546.7994880431975,-2.8013743530208783,1,0,0
-3.2911776713337133,0.2629810085685051,494.61537491979516,1.4709874916348895,-548.846481214327,-2.2243622523655633,1,0,0
-3.0164077147064745,0.27113423256685254,495.4540400855061,0.8885547281330674,-550.2621470661138,-1.6404444059354772,1,0,0
-2.7131994435446103,0.27366442894211646,495.617684372418,0.30131497251327344,-551.0038651761004,-1.0673105057055863,1,0,0
-2.387934782862345,0.2687331432864511,495.0337046653285,-0.2759575953685044,-551.0660880046305,-0.5192780616707751,1,0,0
-2.058297834077365,0.255196847771704,493.6963595937892,-0.8316477738421213,-550.5010156884489,-0.004490725105119964,1,0,0
-1.7509639956921745,0.23299435206706817,491.6798789268523,-1.3563014722636466,-549.4141816415242,0.47350904300399177,1,0,0
-1.4954687736859285,0.20318020875334497,489.1197812205703,-1.8392249107574912,-547.9352936224375,0.9114911096675768,1,0,0
-1.3158425849803734,0.16762886968384122,486.1731613155514,-2.2659069985283056,-546.1786365395972,1.3029082920258133,1,0,0
-1.2229872511521336,0.12860157416971135,482.9790586245467,-2.6189555790505095,-544.2140028962574,1.6376893810651836,1,0,0
-1.211013047042286,0.08839844495964115,479.6388151362087,-2.8827279602560223,-542.0643976131576,1.9057171364044962,1,0,0
-1.2593755838002636,0.04919357342051143,476.22312581222025,-3.04920833494275,-539.7315701176512,2.1017048259028797,1,0,0
-1.3401190178680622,0.01297327996917801,472.79497010022305,-3.1217158743904747,-537.2330641458557,2.2282851558046106,1,0,0
-1.4271837018474969,-0.018586793807691036,469.4281285819129,-3.1141432505613467,-534.6269713654485,2.2952303098996483,1,0,0
-1.5039503332659336,-0.0443963930029085,466.2064250627683,-3.045799200833528,-532.0089166405855,2.314976254278008,1,0,0
-1.5663620998722507,-0.06430449736533746,463.2042762443617,-2.9342645053560545,-529.4839674294201,2.2967578335485994,1,0,0
-1.6212311960003944,-0.07933875813959759,460.4627201829476,-2.7898076480374243,-527.1313300834781,2.242589290393107,1,0,0
-1.6813367117628388,-0.09164635855100159,457.97834871495684,-2.6142962836858716,-524.982990523441,2.1476009256623683,1,0,0
-1.7598065150094584,-0.10408217133695956,455.7151693072161,-2.405589585000348,-523.0288739968171,2.0053407764815576,1,0,0
-1.8660322248055081,-0.11954707753457967,453.6364135709862,-2.1661750765975967,-521.2464245607714,1.8166224276443017,1,0,0
-2.004400628438262,-0.14025549606651994,451.74073865583443,-1.9132095356690342,-519.6385047092265,1.5991427333316324,1,0,0
-2.1758391693102794,-0.16707545424110037,450.08016297536153,-1.686328769069064,-518.2555608610276,1.3944952734243543,1,0,0
-2.380940731237658,-0.1990092901931874,448.7390742502196,-1.5494640992925497,-517.1796563810401,1.269154062099733,1,0,0
-2.6226544771932936,-0.23286452296221824,447.76637781593695,-1.5836345068514788,-516.4607470890055,1.3066677828244735,1,0,0
-2.906505293931133,-0.2632210780880257,447.07432970607795,-1.8698151418264957,-516.0174893072692,1.5902731099029723,1,0,0
-3.2371166422832545,-0.28286260134814684,446.3409885536711,-2.4646947997989286,-515.5390146951765,2.1786757601562443,1,0,0
-3.6113240979322683,-0.2838107975151217,444.9680791900221,-3.3764711307311246,-514.4397894624808,3.0819915273204685,1,0,0
-4.009981941385021,-0.25892102352562174,442.14200364644205,-4.550470038982098,-511.91631269519627,4.247492168139405,1,0,0
-4.3920172958897155,-0.2036896514477931,437.01701788895116,-5.8725434378330075,-507.12614289778736,5.563047138543181,1,0,0
-4.694658238286976,-0.11765160456502458,428.9894655729969,-7.1910852832345995,-499.45966695920896,6.879113375043192,1,0,0
-4.842508603589479,-0.004756652078462764,417.9760273485232,-8.349439275341854,-488.8185894360218,8.041086189866581,1,0,0
-4.765049404566497,0.12747677471507898,404.57546258554055,-9.21558923142744,-475.7806391796335,8.918904902159,1,0,0
-4.417837245715589,0.2696181742438455,390.0136398718895,-9.699176966119046,-461.5491849956083,9.423893292396087,1,0,0
-3.7991705228435393,0.41197784666373566,375.85552498359095,-9.75474088822158,-447.6696133385736,9.511655309520279,1,0,0
-2.9540718147157605,0.5455488217253176,363.5799369526594,-9.377877452190365,-435.6066274086034,9.17776426035096,1,0,0
-1.9623488951324646,0.6620865498678213,354.18509623939667,-8.60232413037777,-426.34996567358655,8.45443811753874,1,0,0
-0.9151423554938134,0.7538135153807829,347.9763095288316,-7.500533191284137,-420.20085653851993,7.411025307041541,1,0,0
0.10979652525233519,0.8135236474007457,344.59459476422626,-6.182926333265982,-416.7997595999935,6.153633097675413,1,0,0
1.0634709213634608,0.8355656347763614,343.2382433670475,-4.787972431855701,-415.34850029427776,4.8159586589178955,1,0,0
1.9262072603912372,0.8174648894451124,342.9662242692192,-3.4596479934045647,-414.91528578382156,3.5376094418125206,1,0,0
2.69562655021835,0.7613117485800232,342.9706954356818,-2.317789407302996,-414.7083363656064,2.435118737967912,1,0,0
3.3701870694409592,0.6739962771459418,342.74619925288073,-1.4332561248203546,-414.2443082028794,1.5774281861423844,1,0,0
3.9378191020480244,0.5659652386724062,342.1339155533325,-0.8185237175207248,-413.38959840642934,0.9765322217298831,1,0,0
4.375478371607585,0.4489746327472119,341.2590450495453,-0.43648191707129624,-412.2935189204484,0.596238539122129,1,0,0
4.6590456710844705,0.33376535400368823,340.40204287962945,-0.22167510863496317,-411.2554400289243,0.37336457520653427,0,0,0
4.777613876326953,0.22847844464986763,339.8525349911931,-0.10414477870012888,-410.5756838121627,0.24143161835156093,0,0,0
4.744510031230249,0.1381310860804021,339.7910723536244,-0.02747780611533699,-410.4355343212211,0.14828751453115388,0,0,0
4.599542852724454,0.06495144041533366,340.2297755935133,0.04273064425678967,-410.8373742087722,0.06380604880249621,0,0,0
4.401124461400343,0.009098694115435535,341.0214922806979,0.11923220775680647,-411.6148545422124,-0.021411678868918215,0,0,0
4.210991706889914,-0.030659812028474676,341.9247764822179,0.19901868376679205,-412.50096960030595,-0.10273147524775368,0,0,0
4.076937411022371,-0.05651358725132098,342.69591737452845,0.2711929878344336,-413.22546122029485,-0.16970302762176176,0,0,0
4.019701473594296,-0.07139124717197518,343.1735056954486,0.3242160507423023,-413.6062477148544,-0.21307307277077142,0,0,0
4.02880604320238,-0.07881391861235443,343.32623763090055,0.3510549667179362,-413.6037151951185,-0.22923377300596143,0,0,0
4.068880251322838,-0.08265240067545535,343.2492318872132,0.3515892925439402,-413.3208336729259,-0.22171538794100343,0,0,0
4.093909798571261,-0.08667249338645747,343.1139727579738,0.33223960810793185,-412.9524703051419,-0.19993143483135328,0,0,0
4.063701404607201,-0.09386744345065097,343.09469549861615,0.3033146463427556,-412.7064145398704,-0.17583635289789185,0,0,0
3.9563708451067043,-0.1057322991180996,343.30162202080373,0.2750493289803103,-412.7278720512807,-0.15956888283163267,0,0,0
3.773018845969901,-0.12176657686312779,343.7456685189527,0.2536800551722308,-413.0545280881822,-0.15550279811505446,0,0,0
3.5343995275357685,-0.13950521274285563,344.3438883617772,0.2390308327379671,-413.61416889052595,-0.16022437646392973,0,0,0
3.272317272383404,-0.15521226940959423,344.95792294564546,0.22469410586600133,-414.25933312928487,-0.1634870638623113,0,0,0
3.019614419841375,-0.1650704328620236,345.44641066433155,0.20089472653289703,-414.8211500486112,-0.15206680420159274,0,0,0
2.802035704963018,-0.16642799912184217,345.71030624717093,0.1589347058350313,-415.16127569600496,-0.11512627725576863,0,0,0
2.6337539157738235,-0.1586108512868904,345.7165459582802,0.09540541994812202,-415.2059589597578,-0.048961928807705134,0,0,0
2.516757557226896,-0.14301535536707205,345.49617294587324,0.01448325500896317,-414.955704311549,0.04073186927781194,0,0,0
2.4432054699510246,-0.12252971488005926,345.12292002330275,-0.0725775329512203,-414.4731383471578,0.13991638128097747,0,0,0
2.3994214133887795,-0.10058783359238391,344.68404255696646,-0.15059498353491563,-413.8576773124281,0.2301713267368541,0,0,0
2.3702623322378003,-0.08023172041927325,344.25567622028495,-0.20517848347612927,-413.21749133935776,0.2941990016300394,0,0,0
2.34286529229918,-0.06346499327378866,343.89050106904233,-0.2274405330988202,-412.6472093954041,0.32111284561769937,0,0,0
2.309102378735176,-0.051010884740185246,343.618113032265,-0.21717466510115174,-412.21500507771617,0.30997010323172275,0,0,0
2.266438936459565,-0.042431247625602,343.4519731102963,-0.1835111544989104,-411.9576198619163,0.27063088191906104,0,0,0
2.2172972156486424,-0.03647101156758481,343.39462582957026,-0.14289753809338207,-411.8791600323108,0.22180524516422223,0,0,0
2.1673857722251313,-0.03147724134227588,343.43590091618273,-0.1151488522683735,-411.95014723982797,0.18692821451817282,0,0,0
2.123645068371971,-0.025778785510898673,343.5447993072687,-0.1189461532210089,-412.1062579274406,0.18909889719184889,0,0,0
2.092445080970876,-0.017964157691318407,343.66106140088414,-0.1681800082443033,-412.2493954923584,0.2464625972425381,0,0,0
2.0784953542751765,-0.007042415642806077,343.69394464236893,-0.2699046817802696,-412.2550858955156,0.3690088737847418,0,0,0
2.0846489999660207,0.0074873106591169854,343.5325540342827,-0.42384029289959246,-411.9883951672464,0.5571033142223427,0,0,0
2.1124744771288135,0.025607961196664066,343.06621468807487,-0.6228894107674933,-411.3265023674393,0.8015946316332474,0,0,0
2.163223715385996,0.04676479787788566,342.2087009865993,-0.8541961768239957,-410.1825834229787,1.08520051644075,0,0,0
2.238678222307115,0.0698784359378621,340.9190662144623,-1.1006404982636808,-408.52491633986875,1.3849497706268494,0,0,0
2.341312043050735,0.09347184768603682,339.2135701813004,-1.3429683531355068,-406.3865867196929,1.6755461468596082,0,0,0
2.473376827615283,0.1159845374974509,337.1657317218953,-1.5627196918658341,-403.8632137159783,1.9334385578313742,0,0,0
2.635033751003988,0.13624926580254737,334.8939391479428,-1.7456363022611072,-401.09814207542047,2.141024333307814,0,0,0
2.822429427750592,0.15396431992941473,332.5383943246319,-1.8845744340690544,-398.2567602211721,2.289926088067591,0,0,0
3.027163557831244,0.16990864884559045,330.23137786952907,-1.9806692764861737,-395.49393402376234,2.38212826927865,0,0,0
3.2383407292496855,0.18571480589815934,328.0667477237106,-2.042017382326139,-392.92070031720186,2.428330423162282,0,0,0
3.4471416579914944,0.2032340267252309,326.07619101167165,-2.0802598408625728,-390.57815183416824,2.4439946733552573,0,0,0
3.652117676422961,0.22375668981276106,324.2204703473843,-2.1064230666557817,-388.42724148676336,2.4445218440935492,0,0,0
3.8623102038419006,0.2474160057653904,322.40200822173756,-2.1275722393310046,-386.3613007301922,2.4411779571868975,0,0,0
4.0958262812887085,0.27296855773177386,320.4988923912009,-2.1452467326812323,-384.24161210824593,2.4388250699470575,0,0,0
4.373652310303044,0.2979389125448577,318.41097177267466,-2.1557435626752977,-381.9466399861403,2.435647231631168,0,0,0
4.710943725742894,0.31898530542765113,316.1015010553375,-2.1515795895169503,-379.4179952750428,2.4243426988349825,0,0,0
5.109193808657892,0.3323435961851004,313.6182167546327,-2.1232191910119353,-376.6863625035515,2.3939545007684613,0,0,0
5.55211500506833,0.3342962506510929,311.08592699781957,-2.0605209105069435,-373.8685095217015,2.3317646327418062,0,0,0
6.006552683279821,0.32170282010692686,308.6739422427761,-1.9540626319874719,-371.13746170745065,2.225275177889239,0,0,0
6.428193783526197,0.2926299387640938,306.5509518285411,-1.7969085170710515,-368.67727332885204,2.0646550643620913,0,0,0
6.7705776198424985,0.24701488246998196,304.8439991015523,-1.587036910970221,-366.6386068264836,1.8457082577138977,0,0,0
6.99508018293389,0.1871784274192521,303.6152612423149,-1.3298373308801388,-365.1095951593453,1.5726769860555578,0,0,0
7.079338404911169,0.11798109138464952,302.86138190186284,-1.0395251160197858,-364.10854895129984,1.2597214358653956,0,0,0
7.022125668929647,0.046494895920741894,302.5298072204904,-0.7384319882596969,-363.595061464625,0.9301013154133273,0,0,0
6.843801135002863,-0.018840477171414703,302.54060266297245,-0.45381159098841406,-363.48955740900135,0.6127925463952067,0,0,0
6.582727999935415,-0.0695232214575654,302.8031277465361,-0.21273798062793503,-363.69122541448723,0.33717941941484925,0,0,0
6.289004722504387,-0.09858361798058297,303.22296559443487,-0.03650718493003069,-364.08914814489754,0.12723382436750513,0,0,0
6.017063964275749,-0.10212729992624929,303.7016071152226,0.06370653380539579,-364.56749636756825,-0.0031122880044733847,0,0,0
5.818147911565674,-0.08035773046008927,304.13582633289195,0.08854071890903015,-365.0095362434986,-0.052051348894582364,0,0,0
5.732961568950543,-0.03764786036353627,304.42357202226174,0.04900264318167728,-365.30547913470355,-0.02895188778737747,0,0,0
5.784741440036669,0.018477586495669128,304.478927252252,-0.037440280075770715,-365.3662685828086,0.04908565337366326,0,0,0
5.973807183671397,0.07913031818344933,304.25232658036884,-0.1516498372198157,-365.14071803939004,0.16180737307432197,0,0,0
6.275761100310277,0.13594939738009515,303.74678909095314,-0.27667268322614974,-364.62906244024566,0.2899008006708982,0,0,0
6.645647065294284,0.1824485627883746,303.01983365230717,-0.3995398157067143,-363.8845803424988,0.417481258148905,0,0,0
7.028576999959554,0.21454983872314984,302.16619986221474,-0.511108330923264,-362.9987008752647,0.5328061425357646,0,0,0
7.374031181769908,0.2304739059015361,301.28662937433796,-0.6050075881154612,-362.073151683744,0.6278822337236761,0,0,0
7.648498696305339,0.23037109176741807,300.45623876217337,-0.676910980888124,-361.19014013818855,0.6978915731482289,0,0,0
7.841549592159495,0.21599020348083683,299.70620895815546,-0.7247358158807173,-360.3926837860792,0.7410267377087336,0,0,0
7.963646298797173,0.1904278912907557,299.0247430236593,-0.7494246555601081,-359.68147481814094,0.7586672713322116,0,0,0
8.037700627965904,0.1577884368963865,298.3734961411071,-0.7552950092300875,-359.0266567974668,0.7552744127636913,0,0,0
8.08845235771085,0.1225828960165117,297.70981744337075,-0.7490661531365049,-358.3873528513263,0.7373648755040051,0,0,0
8.133709218479765,0.08891716868791946,297.00496842156167,-0.737577050864877,-357.7304506623027,0.7115445726039468,0,0,0
8.180040013217834,0.0597603487119386,296.25254253535206,-0.7252210545699199,-357.04238972692355,0.682368609805809,0,0,0
8.223531434258149,0.03660838900070473,295.4668835600063,-0.7124255070668027,-356.3318362148619,0.6510708868113056,0,0,0
8.254405960124672,0.019640429572696405,294.6755383308497,-0.695911109571432,-355.62505212022467,0.6157685241880984,0,0,0
8.263202868649103,0.00820634018414097,293.9108588656892,-0.6705050933828943,-354.95770595770455,0.5729823062999003,0,0,0
8.246102183424725,0.0013704054720989234,293.20402821647417,-0.6315937303128862,-354.36645404013046,0.5197299207166737,0,0,0
8.207633482166543,-0.0017174825986344898,292.58195388748743,-0.5771596879260074,-353.88197491796615,0.45528172839109404,0,0,0
8.160050594524137,-0.0017318291697634436,292.065631927945,-0.5086858443401183,-353.52378957625996,0.3819044018995612,0,0,0
8.119764029807314,0.0006575283462666448,291.6684452072782,-0.43077940339240967,-353.2968337344678,0.3044078751239283,0,0,0
8.102156412431839,0.004482751305695842,291.3938801402419,-0.3498881370827803,-353.19005364415955,0.2288186626224274,0,0,0
8.11653439249342,0.008226764045031133,291.2333715423016,-0.27272724955776084,-353.17763337839176,0.16078748869140327,0,0,0
8.1627217215202,0.009777526561423144,291.1656840919509,-0.20497065676875081,-353.22334570792793,0.10430369784652385,0,0,0
8.230106717720815,0.006650414459390674,291.1590895260822,-0.15049649176191907,-353.2877574636226,0.061027392998300914,0,0,0
8.29923347318163,-0.0035560711679508473,291.1766569600219,-0.1111716812436498,-353.3368654940004,0.03024434144325596,0,0,0
8.345470509099414,-0.022574672486432235,291.1835863701116,-0.08694407810227175,-353.3498310707905,0.009237025558024924,0,0,0
8.343877449038956,-0.05090015385374329,291.15432164878666,-0.07595913304738815,-353.3234170616652,-0.006195844399991301,0,0,0
8.27413762676045,-0.08740320830297037,291.07698896986824,-0.07453714343588444,-353.27170098798314,-0.021257226919595952,0,0,0
8.124489882844628,-0.12927801949176398,290.9539151155085,-0.07705708409018826,-353.2213461618274,-0.041737925835121814,0,0,0
7.894017304942992,-0.1724080388032533,290.79900442625546,-0.07596553992233339,-353.20446347888753,-0.07358571759166921,0,0,0
7.593154873894406,-0.2121178246156205,290.634288809768,-0.062170337544455376,-353.25201208815946,-0.12236623771595986,0,0,0
7.242502309463717,-0.2441333741583563,290.48800010794275,-0.025981429677221966,-353.3902056475877,-0.1925961618939823,0,0,0
6.86994152660256,-0.2654620633732961,290.395113251049,0.041410208887907626,-353.64072496627915,-0.28699304130078646,0,0,0
6.506026329688282,-0.2749060266554835,290.39943412685886,0.14609834284894987,-354.0236146395393,-0.40570593981022396,0,0,0
6.178055227025425,-0.2730644584528818,290.55495358457733,0.2895940617868746,-354.56052787116,-0.5456004878052113,0,0,0
5.904136767515851,-0.26189067632787155,290.92377207333936,0.4673534979223632,-355.27579268973034,-0.6997209487942883,0,0,0
5.6892568153059955,-0.24403110916643272,291.56842373766574,0.6681966414111798,-356.1933474746731,-0.8571583745100554,0,0,0
5.525077360205614,-0.22220897841660872,292.53797239835774,0.8750810606490177,-357.3287603860854,-1.0036616299543142,0,0,0
5.39384529831581,-0.19883188355386777,293.84985573337724,1.0674530955852561,-358.6773510398795,-1.123292305481084,0,0,0
5.275110541664276,-0.17586048114125105,295.4725394054791,1.2249017115637002,-360.2016729668304,-1.2011085992544395,0,0,0
5.152843782230079,-0.15484609205166464,297.3162552238798,1.3312292561262893,-361.82359583326,-1.2263120269564296,0,0,0
5.02041252529763,-0.13698952200897024,299.23881071443293,1.377671300192003,-363.42682194713086,-1.1948162021256679,0,0,0
4.881622691063882,-0.12311736778264618,301.06964420690156,1.3641979124919772,-364.87364802109,-1.1102171940135463,0,0,0
4.747421518275772,-0.11358060199270596,302.64845124249587,1.2986421960699772,-366.0347006320837,-0.9828077890140378,0,0,0
4.629594306508778,-0.10817688503547203,303.8672461458402,1.1943710282913913,-366.8236481407243,-0.8272123978319541,0,0,0
4.534241547426149,-0.10621618127190686,304.7004850752594,1.0676840683618707,-367.223954710987,-0.6597659527695328,0,0,0
4.458083137479534,-0.10677260944123076,305.2104028625855,0.9358006140054727,-367.29551941480855,-0.49653434180085015,0,0,0
4.389271340278555,-0.10903865743839418,305.5243943590575,0.8154825285889388,-367.15683827622576,-0.35210784540931284,0,0,0
4.31207644796109,-0.1126017919718251,305.79356601629115,0.7216956951030398,-366.94947501819905,-0.2386271882321978,0,0,0
4.212948728945207,-0.11747394584416213,306.1493800890978,0.6657318894881996,-366.79933249452574,-0.16444950740588524,0,0,0
4.085117687817771,-0.12384404963103605,306.67426136393453,0.6529303190979817,-366.7889392512685,-0.1324880537906381,0,0,0
3.930025950913688,-0.13171601736151217,307.3936360003223,0.6810365519818902,-366.947900401224,-0.1390862669464809,0,0,0
3.755604771345631,-0.1406894511781715,308.28660115793195,0.7404917452631026,-367.25991990341197,-0.17454695182183855,0,0,0
3.5726820598341504,-0.15004203969756985,309.30577013737786,0.8171167545105504,-367.67919570614254,-0.22571038606810703,0,0,0
3.3911538101984178,-0.15904848065626281,310.39654933682004,0.8962621198456191,-368.14852867863067,-0.2797205358135614,0,0,0
3.217081373811027,-0.16730504369406987,311.5108505950783,0.9666291111496094,-368.6148173804518,-0.3273457910909826,0,0,0
3.0511886256978187,-0.1748483445091523,312.61532031521654,1.0222637575905196,-369.04098893302694,-0.36452917441106936,0,0,0
2.888850943302856,-0.18201592356393234,313.695561904163,1.0623636018934577,-369.4139421369068,-0.39192108421395344,0,0,0
2.7215916413984615,-0.18915116322822884,314.75618721474734,1.0896654936462027,-369.74668037633467,-0.4131738018928388,0,0,0
2.5398982920045086,-0.19631172985432102,315.8156712005939,1.1086090952669907,-370.07279040543557,-0.4331136606328698,0,0,0
2.336634242726248,-0.2031002836336313,316.89689893983973,1.124041159205433,-370.4342309953792,-0.4564622196809978,0,0,0
2.1098667152743644,-0.20865393210144986,318.0172720192569,1.1403895905420995,-370.8671112433635,-0.4870025153214158,0,0,0
1.8640931390633426,-0.21177076810344034,319.183256094394,1.1607753382038255,-371.39165792234036,-0.5266898016362973,0,0,0
1.6095647612909403,-0.2111483467476404,320.39186109004777,1.1858936231183634,-372.01033231247123,-0.574574010617431,0,0,0
1.3601509738621047,-0.20571929226339164,321.6369609288744,1.2132760504031808,-372.71315087544065,-0.6261405878718506,0,0,0
1.1305420527965282,-0.1950278037164864,322.9147465004993,1.2378374778960164,-373.484842533666,-0.6739506074225232,0,0,0
0.9334809446634154,-0.17951142299835113,324.2230736972548,1.2539809191144855,-374.3078869493899,-0.7098698822841868,0,0,0
0.7773674758264519,-0.16053619756346932,325.55449813534665,1.2584603278398276,-375.15968224308114,-0.7281559954794602,0,0,0
0.664398718764545,-0.14013661682934214,326.88894771877915,1.2525652238811062,-376.0080862550532,-0.728025381524958,0,0,0
0.5896202548396445,-0.12055747845427903,328.19404597955406,1.242469816887683,-376.8122964796608,-0.7145028639614452,0,0,0
0.5415200127427369,-0.10376558274601706,329.4367081309846,1.2375544950721973,-377.5329298182211,-0.6971955645833475,0,0,0
0.5045047396396711,-0.09106905274646807,330.60187529765517,1.2475289868381652,-378.1486711981581,-0.6876022252564098,0,0,0
0.4627269707699213,-0.0829087888647166,331.70890833320504,1.2796920305216417,-378.67191173758994,-0.6961549238300961,0,0,0
0.40398997674815007,-0.07882374558899982,332.8165592589246,1.3374074880016906,-379.1553609520857,-0.7301117717934688,0,0,0
0.3224951464019341,-0.07756166776266013,334.01250587959635,1.420051621794903,-379.6851065212741,-0.7927598712430892,0,0,0
0.2198515253318476,-0.0773130471610699,335.39003636888094,1.523859830635479,-380.3608647862301,-0.883615497377275,0,0,0
0.10439305601624937,-0.07606172019746253,337.0199940024712,1.642833571741812,-381.26943618769087,-0.9989515122090268,0,0,0
-0.010869980063546336,-0.07202442093697528,338.92857301536355,1.7692113265890157,-382.4607999610158,-1.132158788689543,0,0,0
-0.11121795886205632,-0.0640886522562468,341.0894639367282,1.8935142679815726,-383.93568496748406,-1.2738355067454847,0,0,0
-0.1835102167710545,-0.052113798542313815,343.43264428590885,2.004466142260344,-385.64845145343355,-1.4117886436337699,0,0,0
-0.21909718923188848,-0.036992598749640136,345.8650438484027,2.08917830507105,-387.52244494031135,-1.5313111994040696,0,0,0
-0.21573946973008162,-0.02046204959167284,348.2939885635453,2.134003439371736,-389.47025908505356,-1.616190950639202,0,0,0
-0.17815955179254672,-0.004735049887419507,350.64405101302077,2.1263015413368636,-391.4102668050448,-1.6507551124843303,0,0,0
-0.11714800867498809,0.007942844398016291,352.86122068152804,2.056942214098831,-393.2732473884234,-1.6227818355113357,0,0,0
-0.04743084109446727,0.015706414808616388,354.90428893030685,1.9228795328846218,-394.9982185153148,-1.5265576309761228,0,0,0
0.015231029415119224,0.01735926742493348,356.7300707625983,1.7288791231277743,-396.5227742926221,-1.3650682095587285,0,0,0
0.057042557142054306,0.012475628716310893,358.28300941583984,1.4875976461018126,-397.7769873125342,-1.1504251543641828,0,0,0
0.06855846391661657,0.0013145613428164893,359.49799515635186,1.21772331339331,-398.6886183161292,-0.9021467142115795,0,0,0
0.04584618922410755,-0.015386902491968613,360.3182592655744,0.9406872494449658,-399.2012612772453,-0.6437317032800423,0,0,0
-0.009917542521719724,-0.03663850092102763,360.7214355171866,0.6771988816048407,-399.29913354902084,-0.3987599535795141,0,0,0
-0.09434090206877954,-0.06135009978226691,360.74102030942083,0.4449994240282308,-399.0266964839532,-0.18798966626780497,0,0,0
-0.20259385630191673,-0.08838075786804608,360.4712216974784,0.2585215192419355,-398.49172622716935,-0.02832725302343988,0,0,0
-0.33202857671223285,-0.11651609535565939,360.05092350747043,0.13001283365185828,-397.8475838378452,0.06653236619017093,0,0,0
-0.48353301788526437,-0.1444389555508451,359.63320949757644,0.0708940804290478,-397.2608469242185,0.08485099174575908,0,0,0
-0.6609318389171364,-0.17073820986327348,359.35428317058916,0.09212584795481008,-396.87811517799287,0.016196658353663906,0,0,0
-0.8685765492653417,-0.19395223654352237,359.31528595501766,0.20301985519520258,-396.8060468228565,-0.14787644845924888,0,0,0
-1.1081183964145396,-0.21261314015772542,359.5831377523584,0.40880368983850984,-397.11166365063247,-0.4118945048296439,0,0,0
-1.3758310915918344,-0.22527070971394353,360.20693596064234,0.7079373995682999,-397.8401083986716,-0.7740950413515065,1,0,0
-1.6615359094086273,-0.23052004770935355,361.2395177451225,1.0904409349342585,-399.03929469370865,-1.2248183611511423,1,0,0
-1.9494399079569433,-0.22709680654259898,362.7516340691386,1.5381795067775101,-400.7778980336133,-1.746647807302469,1,0,0
-2.2204723036460337,-0.2140980635520407,364.82905720780593,2.0272239057197794,-403.1456415322496,-2.3165048397660257,1,0,0
-2.455300953441352,-0.1913212464511176,367.5505956931614,2.5314656722645053,-406.2326766406844,-2.908957565498207,1,0,0
-2.6372290538057683,-0.1596229055321899,370.955332856813,3.0261792530059894,-410.09576744935663,-3.4994781280280107,1,0,0
-2.754501083311254,-0.12114286152033885,375.01500456535155,3.4904147857877774,-414.7273249972432,-4.066561962246953,1,0,0
-2.801912474437543,-0.07925348749903235,379.62652222778695,3.907771677173662,-420.0431635756531,-4.592310249512456,1,0,0
-2.7817890137765175,-0.03817423125370425,384.6299426776627,4.2658940318610234,-425.8956224778386,-5.061882511491592,1,0,0
-2.7043474517364388,-0.0023069597572828115,389.8449302824183,4.555590943201116,-432.1064449309126,-5.4627511064781284,1,0,0
-2.5872597067952228,0.02454629672161133,395.1110838185201,4.770470054203019,-438.5057280211411,-5.784602644908051,1,0,0
-2.454070784398951,0.039870935250431214,400.3172345168591,4.907329697027353,-444.9623971888332,-6.02004163790806,1,0,0
-2.331182220493986,0.042847865597023825,405.41057438774885,4.966819257095733,-451.39672314852925,-6.165532621297189,1,0,0
-2.2435419012188618,0.03438904708088586,410.3849666398171,4.953773255611554,-457.7731525970309,-6.221974784801392,1,0,0
-2.2098379862252386,0.016826757359184798,415.2552962351916,4.877234284916301,-464.07870308976493,-6.1949687310432635,1,0,0
-2.238519701301456,-0.006617334931446806,420.02862982708655,4.750786513041317,-470.2961838284372,-6.09544550653244,1,0,0
-2.326022427341016,-0.032420496685524824,424.6831971363089,4.593697814691734,-476.3826512102151,-5.9411433493923145,1,0,0
-2.4580220036286846,-0.057272609584794056,429.1642547839025,4.432511456455586,-482.26291142366705,-5.758472602813595,1,0,0
-2.6135214401846696,-0.07843929894594055,433.4022855268257,4.301753449941861,-487.8453097882712,-5.583297272159712,1,0,0
-2.770520801050907,-0.09394258387579982,437.3527954128315,4.2419880022711824,-493.06089999623697,-5.458792077515324,1,0,0
-2.911464673650471,-0.10256208161494555,441.04806196543746,4.29390542259099,-497.91716151506427,-5.429112532749497,1,0,0
-3.0267968802468914,-0.10370599709840604,444.642349081415,4.488473424778988,-502.54712321696917,-5.5290548396373485,1,0,0
-3.1155752099533913,-0.09725562252087912,448.42810888716747,4.835121414136722,-507.22969587012636,-5.771818107923553,1,0,0
-3.18296773997686,-0.08350980542066253,452.8048466625289,5.311727772952622,-512.3610733721841,-6.138704533850268,1,0,0
-3.235458802374694,-0.0632963276705624,458.1943504611015,5.860718047562147,-518.3698284172599,-6.575049801959215,1,0,0
-3.2755796722855166,-0.03817586787743608,464.9133640748764,6.394018075280781,-525.5867322248107,-6.995085128069985,1,0,0
-3.298578652549807,-0.010532301252963805,473.0344112776761,6.806359426629706,-534.1008322894506,-7.295223898508556,1,0,0
-3.29312005783531,0.016655831905993068,482.2815325134287,6.99322766878156,-543.6499567621697,-7.372126023052141,1,0,0
-3.2464847168902935,0.04040037383178117,492.0094660024472,6.868362654484065,-553.5958078078634,-7.140543790934766,1,0,0
-3.1522794798252676,0.05845158076569703,501.2929761656393,6.376727574692495,-563.0117512769368,-6.54690092992364,1,0,0
-3.016787686180109,0.06987787969554375,509.1116562317345,5.501401506950481,-570.8694005001498,-5.576940477150811,1,0,0
-2.8602385611869607,0.07520192025845915,514.5746257692306,4.265278138714336,-576.2683834474906,-4.258034224721177,1,0,0
-2.7115714716355797,0.07604548459232632,517.1117354320081,2.729275147960334,-578.635133779474,-2.6575053070600463,1,0,0
-2.5984519323198896,0.07449176681284513,516.5721224094539,0.9876987530290421,-577.8300826714205,-0.8773787216495066,1,0,0
-2.5366800054192566,0.07248189979994493,513.2083655306063,-0.8401272174174437,-574.139233188768,0.9552929586261598,1,0,0
-2.523560469700925,0.07146578165174163,507.5661454620198,-2.622952478549223,-568.1670744720225,2.703197834547359,1,0,0
-2.538123806626544,0.07233294465765709,500.32716275727944,-4.234572249863322,-560.6758853600511,4.237314345593563,1,0,0
-2.5482023897068586,0.07550507209020907,492.15852004371914,-5.571505944588102,-552.4237439786648,5.455623461204368,1,0,0
-2.5216657188908442,0.0810334424061736,483.60819382827276,-6.567111982521612,-544.0428782216018,6.297473533788979,1,0,0
-2.4376216633078513,0.08859270842268785,475.06345138014706,-7.198579625679031,-535.9797729314632,6.750083920640742,1,0,0
-2.293458239603538,0.09737295453991521,466.7659337331013,-7.485183427917979,-528.4962570442142,6.8458122097409895,1,0,0
-2.10518784028487,0.10599932533237251,458.85956632334955,-7.478523062373256,-521.7121488354469,6.651134596311982,1,0,0
-1.9012370475738436,0.11266088635517094,451.440615606792,-7.247563821887911,-515.6603984415842,6.250226803804566,1,0,0
-1.712524848093011,0.1155469816346681,444.58632615266356,-6.862641844502434,-510.3292434650131,5.727278929227663,1,0,0
-1.5629504600201045,0.11351283332842996,438.35653125142653,-6.382758114416083,-505.6811110913581,5.151916955097323,1,0,0
-1.4635672163772,0.10672763522819509,432.78091483828723,-5.84921889809425,-501.65572850890265,4.571050794976401,1,0,0
-1.4115149430748346,0.09698656002497615,427.8515245384003,-5.286257540869849,-498.17361732200544,4.008230428299948,1,0,0
-1.3927325733601776,0.08745241247857649,423.5321015986948,-4.706627000043125,-495.15095468638816,3.468950394839459,1,0,0
-1.3865373856065446,0.08183487078309071,419.78061268411193,-4.118552573904071,-492.52370867062854,2.948515266586668,1,0,0
-1.3703453110259005,0.08330617363750861,416.57126239920456,-3.53071653752221,-490.2692649816992,2.4389872495324085,1,0,0
-1.3235926393537767,0.09360242674514581,413.9033583244028,-2.9538805255068725,-488.4139527612147,1.9333442883683802,1,0,0
-1.2306637154991051,0.11264768493868331,411.7932963229183,-2.400071118014023,-487.0226448870523,1.427194221952584,1,0,0
-1.0828883397429365,0.13873552043771725,410.2550898677513,-1.881437662903079,-486.17524577571754,0.9197244297061502,1,0,0
-0.879463111717925,0.1690294612232904,409.27916077744146,-1.4102795574955167,-485.93937096968904,0.41521296539724517,1,0,0
-0.6269261925686465,0.2000802693960111,408.8177259963578,-1.000074724423189,-486.3476682076743,-0.07506693212228584,1,0,0
-0.3370903669903669,0.22820304477765346,408.780203658147,-0.6660723820490488,-487.3837862893768,-0.5319838568587784,1,0,0
-0.024159738697662192,0.24975314291045123,409.03714790936954,-0.42402216564137235,-488.97637302494394,-0.9302438722100419,1,0,0
0.2975620388727265,0.26142671180702165,409.4293060237396,-0.286670437219675,-490.9988250324157,-1.24313852560025,1,0,0
0.6142653083535663,0.26065510784524265,409.77986543988004,-0.2589489728014769,-493.2743779918514,-1.4494201013529278,1,0,0
0.9116851367506342,0.24604425453029394,409.91053857871407,-0.3336115507202749,-495.589103550287,-1.5402871789184247,1,0,0
1.1739387897507356,0.2177255812227031,409.6631366679891,-0.4890926639724057,-497.71639148331514,-1.5241909371388034,1,0,0
1.3836034025711115,0.1774813759267005,408.92659195072156,-0.6905950344859662,-499.4540301430548,-1.4278457990419042,1,0,0
1.5236627387094899,0.12857971347876002,407.6656001397365,-0.894288728361164,-500.6694467892468,-1.293079923692244,1,0,0
1.5809794335850142,0.0753482757901864,405.9430452702387,-1.0536409641783622,-501.3422427588733,-1.1703326419771087,1,0,0
1.5503296196583847,0.02256441623620873,403.92679935663375,-1.1266154752284365,-501.58957757906234,-1.1102323915877605,1,0,0
1.437723392276638,-0.025257168422946563,401.87425331328734,-1.082572481284967,-501.66224427979586,-1.1548080994463703,1,0,0
1.261637396089938,-0.0645666825410558,400.0942606257579,-0.9077396531602175,-501.9071722618664,-1.329856216786527,1,0,0
1.0510447967745904,-0.09329292214371065,398.892896381956,-0.6080337074267277,-502.7021514521868,-1.639972478970202,1,0,0
0.8399094707156536,-0.11099580626139698,398.5137106875957,-0.20820305853218316,-504.376701907729,-2.067506452935055,1,0,0
0.6591134525211686,-0.11863134919968274,399.0848137658644,0.2528968542596431,-507.1371845447507,-2.575916986499118,1,0,0
0.5282719643401776,-0.11809766531582824,400.5857401363869,0.7298753655128621,-511.0149536511804,-3.1168930847175202,1,0,0
0.4506741811340049,-0.11181983848684496,402.8462548764543,1.1794281830732074,-515.8537549327568,-3.6397453802263557,1,0,0
0.4137046760955201,-0.10254345500032684,405.5835695544147,1.5683338888245202,-521.3445113185974,-4.101304764748676,1,0,0
0.3946659415881868,-0.09328647089996309,408.47201381283514,1.8797880320185982,-527.1014126238645,-4.474678857116652,1,0,0
0.3693529665001023,-0.08719341853047383,411.2255530117624,2.117466218398795,-532.7585084262375,-4.75540843868526,1,0,0
0.31952500740818834,-0.08703436303893711,413.6685351440194,2.3066731119736916,-538.0596980820594,-4.9638150519660655,1,0,0
0.23620284608666964,-0.09435899409678825,415.7775995140031,2.4917286581095937,-542.9202199093531,-5.142688528867547,1,0,0
0.11818008777495947,-0.10866652885462855,417.690776702142,2.7288241594192186,-547.4489400233533,-5.349925871905294,1,0,0
-0.032024714589084624,-0.1270833026024846,419.6883728715836,3.0743924590022402,-551.9307862945816,-5.646523372994443,1,0,0
-0.21123017786820242,-0.14483151291173044,422.1515448856013,3.570743936200222,-556.7753350644114,-6.081737094924028,1,0,0
-0.41531797662770487,-0.15637903960082156,425.50302671748284,4.23267206892533,-562.4418389398559,-6.678892284730432,1,0,0
-0.6359911074122806,-0.15683375412134098,430.13449647064647,5.039508901218346,-569.3530136518098,-7.426084866081624,1,0,0
-0.8571283499293259,-0.1430546032032808,436.3274941444371,5.935689732551078,-577.8097450485418,-8.274953105782833,1,0,0
-1.0536491875291176,-0.11412981816677928,444.17945317483736,6.839794783916704,-587.9187835731047,-9.148084330942288,1,0,0
-1.1944374295081133,-0.07121277954026226,453.5522737010157,7.659027714194474,-599.5474312735419,-9.952750570258809,1,0,0
-1.2488125338052214,-0.016999287027039144,464.0636241562029,8.304705771208125,-612.3205467428756,-10.596874767580994,1,0,0
-1.1943431859461384,0.044793901236924685,475.1344968395139,8.704943844088017,-625.6697509671815,-11.003086395966829,1,0,0
-1.0231180938928333,0.10973513217395095,486.08872454130903,8.812647355439276,-638.9297833327762,-11.118250036252107,1,0,0
-0.7441525099917072,0.17279039853539474,496.27865001352836,8.609029490855573,-651.4582919971697,-10.918009891688097,1,0,0
-0.38122304813859387,0.22844099901131898,505.19860259768257,8.104015917895605,-662.7440827402213,-10.407443200539024,1,0,0
0.03262103574154196,0.27103161587045294,512.552465158363,7.334603966735005,-672.4727028995242,-9.61909531171491,1,0,0
0.46136021432722885,0.29544411787970404,518.2609700250392,6.361055415538385,-680.5355140143308,-8.608785771930206,1,0,0
0.8707756354246214,0.2979836196787346,522.4177890529928,5.260004790022992,-686.9898439654228,-7.44876266578558,1,0,0
1.2307608025840722,0.277195334872394,525.2196123537934,4.114128236396709,-691.993215578495,-6.218030202185628,1,0,0
1.515878729196416,0.23429647576316057,526.8983133683657,2.99967666925329,-695.738384390691,-4.990920592921111,1,0,0
1.705628644991819,0.17303003532454825,527.6741783115867,1.9746406439061956,-698.4084044621777,-3.8261956665941854,1,0,0
1.7854930108412077,0.09897345299606286,527.7345447397438,1.0705219473083276,-700.1573776250373,-2.7592143638946482,1,0,0
1.748835254831107,0.018553097209235148,527.2300069052761,0.2897036183356704,-701.1100853546325,-1.7989821589203985,1,0,0
1.5988122476398985,-0.061894971946782104,526.2754167060613,-0.39100764973145485,-701.3674979263808,-0.9307821090566677,1,0,0
1.3490773051068885,-0.13676613857669792,524.9450090367445,-1.0114722657220796,-701.0060394061632,-0.12389012693686255,1,0,0
1.0223555657021706,-0.201476455848605,523.2576846314463,-1.6160649410604377,-700.0648465384706,0.6574396310316161,1,0,0
0.6468911864195803,-0.2525172997408703,521.1580062083959,-2.2414416725775252,-698.5253356035348,1.4427015915308856,1,0,0
0.2518259159568004,-0.2874484799445156,518.5077125556783,-2.907492082117881,-696.2976650559895,2.24678714373772,1,0,0
-0.1369005831829071,-0.30495275493820345,515.1048896965726,-3.6135001400509736,-693.2321168478636,3.0665470531979055,1,0,0
-0.4988858292896339,-0.30497258080866346,510.73766395776136,-4.339503351929534,-689.1639880803748,3.8821913220444912,1,0,0
-0.8195443524168837,-0.2888406845204159,505.2597615858115,-5.051181477298894,-683.9813885468689,4.661803394701996,1,0,0
-1.0889917886039484,-0.2592506740788423,498.659623918565,-5.706084674234137,-677.6895061876601,5.366829201210453,1,0,0
-1.3006922945509274,-0.21995081393960447,491.0950055047664,-6.259573894649418,-670.4446148226534,5.957095377574115,1,0,0
-1.450913560446736,-0.1751814254823884,482.8803831867659,-6.669969134824498,-662.5455847059359,6.395095711311342,1,0,0
-1.5393295400972704,-0.12901858178274353,474.4331942637556,-6.903351938714968,-654.3880054591432,6.65019277818119,1,0,0
-1.5701511750862522,-0.08483046411203646,466.1968378891049,-6.93848665700151,-646.3965545263661,6.703286778023676,1,0,0
-1.5526169529764644,-0.04498651371005593,458.56226726190175,-6.771294540444035,-638.9543818277937,6.551354238557837,1,0,0
-1.4999883388670838,-0.010847002596115374,451.8080212074333,-6.417220795720846,-632.346707942876,6.210095812197255,1,0,0
-1.4270864010103423,0.01704032192497067,446.07137030942295,-5.909899328729796,-626.7301890660517,5.712993298371066,1,0,0
-1.3471904704099984,0.03866888106811359,441.35279738774625,-5.295846210815898,-622.131120300138,5.106430566191511,1,0,0
-1.269409489517443,0.05435335778385024,437.5468161813711,-4.6264652372975545,-618.4678461612905,4.442095199959908,1,0,0
-1.1974618145651021,0.06461965881304224,434.48741596135653,-3.949508378611347,-615.5885480656875,3.7687144224804117,1,0,0
-1.1302890753012207,0.07018458053386781,431.99601221746843,-3.302184673201566,-613.3146818389428,3.125210776240965,1,0,0
-1.0642247497656,0.07196535832233053,429.92192107860694,-2.707542418824403,-611.4812790440208,2.5368320534150826,1,0,0
-0.995795962258768,0.07105974988124472,428.16854189078003,-2.17467064560235,-609.9670534595441,2.014840252577096,1,0,0
-0.9239545869558299,0.06865868560607566,426.70175410299146,-1.702001165584602,-608.709410301562,1.5592048921748756,1,0,0
-0.8507711476377864,0.06589267444710316,425.5404205298861,-1.282133555049245,-607.702274065384,1.1629397214949677,1,0,0
-0.7803347556437785,0.06366242739564285,424.73259701918926,-0.9065178114267042,-606.9783874087252,0.8165807339792537,1,0,0
-0.7164889021978951,0.06253118789873184,424.32466385339944,-0.5688740474897486,-606.5817865402807,0.5117380136801103,1,0,0
-0.6606036143492418,0.06273239492796989,424.33278573190023,-0.2669789330216645,-606.5390713783893,0.24330076125088454,1,0,0
-0.6104827450464114,0.06428107852174492,424.7254806308787,-0.0029967963239187156,-606.8384489463408,0.010350553454759392,0,0,0
-0.5608375406086736,0.06711417426215718,425.4222378470895,0.21731212730879862,-607.422740725895,-0.1840375227636059,0,0,0
-0.5049771963139023,0.07116648739198439,426.30727174257095,0.3862827024038779,-608.1973017021417,-0.3340130933003138,0,0,0
-0.4369008004859012,0.0763292909966367,427.2521317483903,0.4967529377965434,-609.0482714315119,-0.433084967684681,0,0,0
-0.3529851770413188,0.08231770338939412,428.13857392754085,0.5447818980857392,-609.8635479249965,-0.4768033644370462,0,0,0
-0.2528128443342581,0.08854407366326171,428.87487537607944,0.5319246929367182,-610.5497855291981,-0.4652498564965072,0,0,0
-0.13910627371794249,0.09410626867529573,429.40324755392487,0.46620438611103054,-611.0424049983872,-0.4044386344941813,0,0,0
-0.017041845677411516,0.0979383422722961,429.7001263971547,0.36128701460221463,-611.309237085572,-0.30601875814072627,0,0,0
0.10668813169604618,0.09907832575746056,429.77248283425683,0.23408514498696603,-611.3498201846512,-0.18533228160304133,0,0,0
0.22483712228337538,0.09694535136657692,429.6520326612674,0.10167788348801424,-611.1915699433544,-0.05857515512236659,0,0,0
0.3305799417065458,0.09151727407553238,429.387524491989,-0.02136037020126196,-610.8828352912826,0.05988771383670155,0,0,0
0.41854588211428734,0.0833498849779815,429.03510799311164,-0.12448626490133848,-610.4829283073022,0.15924716925599114,0,0,0
0.48580606126070336,0.07344994703219924,428.6481231924406,-0.201478798611663,-610.0506245181721,0.23278834187904068,0,0,0
0.532552713179868,0.06306923337799616,428.26891058327044,-0.24991107026883128,-609.6340229827356,0.2775357907103853,0,0,0
0.562187563714005,0.05349057560327282,427.9249702255282,-0.27033069208147253,-609.2646707866295,0.2934943384146436,0,0,0
0.5806860054455569,0.04583750141195111,427.63001272706606,-0.26548108001427406,-608.9573138366381,0.28287155590492147,0,0,0
0.59539319660405,0.0409125265556753,427.38845956780824,-0.2396594257547804,-608.7145215795967,0.24946558465819635,0,0,0
0.6136504881025502,0.03908329901203587,427.2010156944664,-0.19820046016911874,-608.5338791784682,0.19825376464102645,0,0,0
0.6415938877287743,0.04024865089521512,427.0691759134421,-0.14706059713024616,-608.4148768005048,0.13512740471958296,0,0,0
0.6832121364028865,0.04389148292299154,426.9972218611247,-0.09245151865372918,-608.3628543843051,0.0666437349370426,0,0,0
0.7397052072632988,0.04919031697909162,426.9909302344412,-0.040431256549379666,-608.3881794447007,-0.0003628493530868582,0,0,0
0.809378872234646,0.05515353380749275,427.05310339142045,0.003618659005769587,-608.500390660892,-0.05939045086288388,0,0,0
0.8882925702128546,0.0607516119359488,427.17751722113815,0.035588733356235025,-608.6993504709762,-0.10501825021374316,0,0,0
0.9714675424097834,0.06503463403274737,427.34439539673315,0.05313981935689753,-608.9675856333652,-0.13358094393311148,0,0,0
1.0540907335049212,0.0672361229843034,427.52065766003443,0.05590700815712353,-609.2682992801604,-0.14355686826772854,0,0,0
1.1322213435204844,0.06687131856234316,427.66619931712376,0.04533124232584669,-609.551218345267,-0.1355896021553235,0,0,0
1.202909315963538,0.06381772469029415,427.7443469013706,0.024229217354070444,-609.7647040817342,-0.11223103086845185,0,0,0
1.2639968284300238,0.0583343627818067,427.73241388803535,-0.0036795879309920567,-609.8696886177993,-0.07757435002949933,0,0,0
1.3139551175718083,0.050984951575982505,427.62824599501334,-0.03414043560428581,-609.850445483182,-0.036876114046276595,0,0,0
1.351925322026318,0.042489131995645836,427.45053428438314,-0.06266569433604445,-609.7187504058584,0.003883680781586918,0,0,0
1.3778824541662402,0.03357635702734711,427.2332224079819,-0.08493313580974018,-609.5104897533852,0.03862895409311022,0,0,0
1.392722500052713,0.02490701815549414,427.01630751211053,-0.09736865392686696,-609.276134161187,0.06203451558371853,0,0,0
1.3981420859726796,0.017068158513572483,426.8361128650953,-0.09780151558431953,-609.068111611439,0.07043481977741521,0,0,0
1.3963588623662417,0.010597086784476063,426.7177384533727,-0.08593326284213845,-608.9287488255493,0.06251275719873775,0,0,0
1.3898543037783924,0.005972384855643042,426.67132630193703,-0.06339024602101517,-608.8820097392293,0.03952749668196702,0,0,0
1.3812915250754259,0.0035424194565365497,426.6925127778551,-0.03330902972840022,-608.9308731894298,0.005008378681372961,0,0,0
1.3735909010992629,0.00341326771365118,426.7663317455274,0.000395539013072721,-609.06035588396,-0.03598071585206526,0,0,0
1.3699676962747844,0.005358660671438998,426.87308125961397,0.03383119891472006,-609.2445610458119,-0.07780995189664282,0,0,0
1.3736789661282387,0.008818538984036195,426.9943435348032,0.06378342939137838,-609.4551705163624,-0.11528478173743224,0,0,0
1.3873495165916836,0.013011157613148328,427.11744398709914,0.08811205688909922,-609.6686666190446,-0.14449936973608146,0,0,0
1.412015131302752,0.017117267469096475,427.2371777981126,0.10586797672987132,-609.8702969119058,-0.16337221692399453,0,0,0
1.446309106767103,0.02045150357691483,427.35461950125773,0.117166078095579,-610.0542336801534,-0.17173831338777745,0,0,0
1.4863274758130416,0.022552092311082107,427.4739471590091,0.12288531821161541,-610.2209594288133,-0.17098935994424663,0,0,0
1.526470438497725,0.023182063119931227,427.5988590222637,0.12428136824328248,-610.3737425229101,-0.16340127249497982,0,0,0
1.5610269784693571,0.022291731300856554,427.73000606923574,0.1225921667718353,-610.5157319084692,-0.15138158788420242,0,0,0
1.5858065608445742,0.020002064138886055,427.8641735588109,0.11870896871415652,-610.6482563233076,-0.13686750725325963,0,0,0
1.599111824210084,0.016630637620976073,427.99518492764355,0.1129840801449177,-610.7702494834025,-0.1210273710518777,0,0,0
1.6017883274740967,0.012726931431225807,428.1158949420468,0.10522968739934413,-610.8785737707617,-0.10429838112006565,0,0,0
1.5965962791368042,0.009051728849502182,428.22026520252155,0.09490589093915106,-610.9689863952044,-0.08666586068140987,0,0,0
1.5873701579805441,0.006454644794747821,428.3045336742407,0.08142038623972211,-611.0373416915772,-0.0680120492199194,0,0,0
1.5783215075125128,0.005668414642558161,428.3670185995618,0.06442219412684835,-611.0805706224246,-0.048384390343017,0,0,0
1.573578421079361,0.0071014527976728916,428.40691637525117,0.04399595121930133,-611.0972174913541,-0.02812544680461997,0,0,0
1.5768447643080634,0.010718637132494279,428.4230060684006,0.02072685552851681,-611.0876180356274,-0.007884995769882153,0,0,0
1.5910168864452032,0.016049816033108753,428.4130628846609,-0.004334529039590506,-611.0538630151093,0.01144008037306321,0,0,0
1.6177111248949387,0.022303590228511895,428.3742280105042,-0.029753681949671318,-610.9995758118994,0.02879536560606084,0,0,0
1.656821088821303,0.02853572171616321,428.3041330710039,-0.05380558703906217,-610.9295107913538,0.043056144971797036,0,0,0
1.7062981955350267,0.03382987046057053,428.2024534829287,-0.07459625338822207,-610.8490994411013,0.05311007178120235,0,0,0
1.7622864878051843,0.03746693355919746,428.0725496516509,-0.0902650963098722,-610.7641729670311,0.05797060110664916,0,0,0
1.8196321814219232,0.03906588510807581,427.92272838302483,-0.09929340431069704,-610.6810327391438,0.05695390254982158,0,0,0
1.8727273751421762,0.03867236980393045,427.7664778038501,-0.10085167411921248,-610.6067802418593,0.049890045472511704,0,0,0
1.916620212118218,0.036766601701349086,427.62105606567957,-0.09504172321713895,-610.5494699046126,0.037276365461093516,0,0,0
1.9482477566713357,0.034174609082089094,427.50426541215245,-0.08291776332144991,-610.5175114802876,0.020291563944806513,0,0,0
1.9675036153888215,0.03189655649863425,427.4300720252936,-0.06629201405737603,-610.5180790101292,0.0006680955434831048,0,0,0
1.9777405844845077,0.030895081477392238,427.4045461434688,-0.04743480341303439,-610.5549625603842,-0.019511813860071926,0,0,0
1.9853771419084296,0.03189370629292796,427.42381077833284,-0.02877843389316013,-610.6268121572884,-0.03803436512973803,0,0,0
1.998567179642194,0.035218539057827056,427.4749554377894,-0.012649813755024298,-610.7265951519057,-0.05277940845667217,0,0,0
2.0252637605213692,0.04070032371637637,427.53953334235496,-0.00098661090942187,-610.8424184856665,-0.06198414080765815,0,0,0
2.0712373025791067,0.04765837252209337,427.59820161752054,0.0049927052178645685,-610.9592911056318,-0.06455184361373086,0,0,0
2.1385692443512028,0.05499610578890497,427.63494404409323,0.005107159707961273,-611.0613763904412,-0.0603383486513394,0,0,0
2.224912765720447,0.061416707011640884,427.63997966629984,0.0003767556792126925,-611.134574326426,-0.050288455354029794,0,0,0
2.323623449281982,0.06571533254632271,427.61118995658535,-0.007116908224054442,-611.1693113126892,-0.0363109302873454,0,0,0
2.4248314818922694,0.06705714718728614,427.5541924643311,-0.014710042826209246,-611.1630299164249,-0.020888825947008628,0,0,0
2.517464673277871,0.06514265415945034,427.4811436223732,-0.019838567003046138,-611.1214624966426,-0.006558386330152643,0,0,0
2.5919076546009165,0.06020114145552498,427.4083137002609,-0.020672152246788755,-611.0578471139245,0.004554472906329465,0,0,0
2.6425304673716568,0.052825750803836516,427.3526416960923,-0.016491526780805545,-610.9899214601619,0.011027114847820485,0,0,0
2.6691386515150555,0.04373804663156022,427.3278550095273,-0.007756512130731608,-610.9354834113758,0.01228002990119421,0,0,0
2.6766903021158726,0.03359785926800072,427.3411476723245,0.0040536983673064245,-610.908002348968,0.008636644088551294,0,0,0
2.6732487171343564,0.022925552088943847,427.39148009505266,0.01672886965715179,-610.9137463765685,0.0013180547511637997,0,0,0
2.666826752389568,0.012114318245740208,427.4700287762852,0.02770658907587631,-610.951105241963,-0.007698332760060112,0,0,0
2.662293232036049,0.0014597387812955275,427.5624145449925,0.03453925643900675,-611.011774027414,-0.01603278804539059,0,0,0
2.659602041961989,-0.008840441949014632,427.6517269402584,0.03540992947469022,-611.0829448718036,-0.0214494126804766,0,0,0
2.654087002781708,-0.018704185448461884,427.7214811609026,0.029585731597774157,-611.1498493689132,-0.022444641049742132,0,0,0
2.6386078557352732,-0.028156450757576577,427.758209513132,0.017652652463141294,-611.1984458242432,-0.018657370446248933,0,0,0
2.606505042413872,-0.037261329529958684,427.753706264651,0.0014045930465840684,-611.2181749943784,-0.010924115237480691,0,0,0
2.5541260478815104,-0.04599961499133087,427.7067409908392,-0.016620274978924952,-611.2044155869667,-0.0009562058926576355,0,0,0
2.4820967970304366,-0.05413790396141138,427.62371232550504,-0.033797615808020966,-611.1599298218732,0.009206380630712375,0,0,0
2.3951257945401068,-0.06116005023368132,427.5176741969559,-0.048015986655605046,-611.0945760534305,0.017731288892264274,0,0,0
2.3006354218347695,-0.06631744301082136,427.4055260255185,-0.05802468079982646,-611.0229875289433,0.02335720977123401,0,0,0
2.206830602476259,-0.06880029712041136,427.3038260264959,-0.06350425456254243,-610.9606673008896,0.025561601957656423,0,0,0
2.1209141924219352,-0.06797212495115872,427.2244383869123,-0.06495500287292089,-610.9197102211069,0.024591918011969936,0,0,0
2.048001539625176,-0.0635841301520614,427.17156707370236,-0.06349108324005784,-610.905631982881,0.02139522181278153,0,0,0
1.9909125726734942,-0.05590254713128786,427.14123435290435,-0.060548239489548905,-610.9162772712009,0.01741204516210928,0,0,0
1.9506048845311597,-0.04571535292097053,427.12316696750656,-0.057475409101834886,-610.9428298046666,0.014184656452744093,0,0,0
1.9267837929022846,-0.03421495311229421,427.1041562359218,-0.05504367830785668,-610.9722558142587,0.012816883294681248,0,0,0
1.9182847463608965,-0.022782945574880385,427.0718301584386,-0.053033306952659134,-610.9904633688388,0.01346879693851406,0,0,0
1.923071325717558,-0.01273450629723527,427.01822993060955,-0.05014241165184785,-610.9858093702521,0.015155341256718202,0,0,0
1.9379722653304015,-0.005094292074619489,426.94292010593756,-0.044391605142971004,-610.9527294889031,0.016038296792544315,0,0,0
1.9584858907118274,-0.00045579877316583863,426.85508924243993,-0.03397244372790738,-610.8948186959965,0.014171664599393808,0,0,0
1.9790011467274553,0.001061157978023175,426.77349295696933,-0.018236237656219602,-610.8259793315044,0.008421050545030085,0,0,0
1.9935691294495825,-0.00023911927988109482,426.72301427039383,0.0015936209372966915,-610.7681568085397,-0.0008312369962823141,0,0,0
1.997058618878981,-0.0037652307782792605,426.72765102227265,0.022328885600495597,-610.7452490149556,-0.011527321148764712,0,0,0
1.9863545849418358,-0.008854005455040692,426.8015099156253,0.039500691863690915,-610.774560625207,-0.02048669017544853,0,0,0
1.9612164643113914,-0.015026006530034408,426.94080459094437,0.04876296285741546,-610.8586192992163,-0.024623954886033063,0,0,0
1.9243926001034737,-0.02220771891268498,427.12009244529474,0.0477275663824571,-610.9805681842215,-0.022560222139463803,0,0,0
1.880632438578104,-0.03083312764663617,427.29511901444357,0.03770872132216709,-611.1057365803265,-0.01614797837501101,0,0,0
1.834531271167151,-0.04175714960129824,427.41323684924646,0.024683506644998944,-611.1906762720066,-0.011281248267096089,0,0,0
1.7877122000300574,-0.0559728951138041,427.4305497345117,0.018767873811543722,-611.1989690377634,-0.017343534448309585,0,0,0
1.7364087015849776,-0.07421764079009278,427.3323649062645,0.03175692901716047,-611.1204209173911,-0.04485864221785505,0,0,0
1.6706698702610936,-0.09663273185232128,427.150580170191,0.072881889107191,-610.9874591152545,-0.10147392910191684,0,0,0
1.5759976334366002,-0.12265023224920242,426.9698493368438,0.1438985269301952,-610.8809692912107,-0.1873285667143591,0,0,0
1.43732966774094,-0.15119878923913746,426.9153297603881,0.235656915568552,-610.9186843594387,-0.29186725106737865,0,0,0
1.244178177040908,-0.18119022013746075,427.1190792057969,0.328811710262903,-611.2231470473855,-0.39469069322537964,0,0,0
0.9948891457881786,-0.21211711914604478,427.6696234820163,0.40070875846309945,-611.8733585902355,-0.47248018400396175,0,0,0
0.6978902776114495,-0.244499051120232,428.5590777145967,0.4385066671226355,-612.8538538513651,-0.5121093504039663,0,0,0
0.36864454618672937,-0.2798938334997814,429.6516881701291,0.45562363011304113,-614.0244090910003,-0.527074246993493,0,0,0
0.022629069792543532,-0.32027539083920686,430.7013539518755,0.5055878601635072,-615.1375832042604,-0.5713094648379183,0,0,0
-0.3334589914303905,-0.3667853560536827,431.4376373191427,0.6857190482755072,-615.923770877803,-0.7427811372516772,0,0,0
-0.7085818096173426,-0.41815338895960963,431.71743157749086,1.1242418977305533,-616.2415144214308,-1.1704457867967677,0,0,0
-1.1282684647367205,-0.46934894887263423,431.7068164713214,1.9492412419315088,-616.2582015851895,-1.983024880375274,0,0,0
-1.6267562749554685,-0.5111264359394496,432.0257279384789,3.2456450561884025,-616.5940639395899,-3.2658624630367057,0,0,0
-2.230523892795887,-0.5309189276201224,433.77252024314316,5.014377611610451,-618.3464957319554,-5.02008088487587,0,0,0
-2.9373557125551883,-0.5150165358134998,438.3614981831024,7.151277347631458,-622.9276049153532,-7.141634992091826,0,0,0
-3.698600342938164,-0.45135131759638797,447.16203590133136,9.458001092319751,-631.7036073939882,-9.432409426178946,0,0,0
-4.413374081783047,-0.3318690733088744,461.0155282764807,11.683184462695749,-645.5124784817322,-11.641521315226987,0,0,0
-4.940544730014494,-0.1536710291764436,479.7954642862336,13.577027630973157,-664.225217939759,-13.51993383375093,0,0,0
-5.127536288342455,0.0812162207074536,502.21412742819007,14.93686799735516,-686.5539331251787,-14.865950561074623,0,0,0
-4.84697216739427,0.36686866139389307,526.0176482423402,15.629743829439315,-710.2478651395925,-15.547646240137102,0,0,0
-4.027272542706086,0.6944519409982078,548.5492762044483,15.593896547438124,-732.6567275737007,-15.5042310562402,0,0,0
-2.6649787565011565,1.0526744089136273,567.477092781053,14.83248491155282,-751.4575399226987,-14.73963982552923,0,1,0
-0.8145940678809325,1.4278775322550643,581.3944079120305,13.411915376768775,-765.2535695503361,-13.320733020631383,0,1,0
1.438162721143044,1.804408231756503,590.0699585375363,11.466118717348456,-773.8229581333264,-11.381412562479682,0,1,0
4.00716369742689,2.165841833729239,594.3004636574836,9.196016214331541,-777.9699154777552,-9.12190729876836,0,1,0
6.8281437461981085,2.4970375907520923,595.4868850168596,6.8502840171655635,-779.1000056492805,-6.789422359139553,0,1,0
9.865401240767596,2.7863186468341974,595.1346820441685,4.6830295304384775,-778.719808688046,-4.6359018842239035,0,1,0
13.103537587550534,3.0267865043490083,594.4566514597182,2.8998751917250845,-778.0393435645558,-2.8645015251162933,0,1,0
16.530882048949934,3.216155993704249,594.1742895715055,1.6140761602886642,-777.7730061128623,-1.5863746870826616,0,1,0
20.123403740126655,3.355298330614732,594.5204884139958,0.8308977095074624,-778.142088730988,-0.8058205817305634,0,1,0
23.835913925635886,3.4463563393084136,595.3795715088331,0.4646126121385237,-779.0157464159397,-0.4378654669294747,0,1,0
27.602886286988927,3.4914136294272042,596.4758446983038,0.3780995981170804,-780.1025551738617,-0.3479611158863918,0,1,0
31.346965869161558,3.4922388564776186,597.5351695149171,0.4280221950700252,-781.1173164211627,-0.3966102870899476,0,1,0
34.99114602729036,3.4509320762922053,598.3789356326109,0.5003074387168567,-781.8811639506321,-0.4737218947645715,0,1,0
38.470727090511026,3.370823831611395,598.9465897788689,0.5277523655413574,-782.3485701470499,-0.5148933688527677,0,1,0
41.74228004047015,3.2569907329651335,599.2678809980304,0.4896220054932314,-782.5796168081445,-0.500001653557797,0,1,0
44.78778980554378,3.1161600263375298,599.4149039948687,0.39885349832086375,-782.6859115589455,-0.4401095305652234,0,1,0
47.612858350472585,2.9561938179081273,599.4597258468867,0.2846282628337008,-782.7765625122015,-0.3604954846043483,0,1,0
50.23912036506388,2.785444350797097,599.4518132269191,0.17697666624874273,-782.92193980139,-0.2861878723157133,0,1,0
52.69331106977799,2.6120860204041585,599.4167084689282,0.09714210921421226,-783.142105266566,-0.23334660339480706,0,1,0
54.997514189011184,2.44334785326515,599.3681064920418,0.05429326467547071,-783.4168417215919,-0.2068323124992503,0,1,0
57.1648244660702,2.2846041534136674,599.3221273266408,0.04700753036562446,-783.7075100199052,-0.20233143499870038,0,1,0
59.20140937713253,2.1385029997610006,599.3049361774046,0.06714457923692407,-783.9791951443199,-0.2106867201183377,0,1,0
61.11200623133195,2.0045247585968644,599.350356724753,0.10400486034250207,-784.2146299845801,-0.2223136201582065,0,1,0
62.904205623162525,1.8793341082015786,599.4895224256236,0.14745254698418647,-784.4168932720424,-0.23029336202534978,0,1,0
64.58832157460682,1.75793336786531,599.7379563016866,0.18950570033633768,-784.6029311581315,-0.23155753322173495,0,1,0
66.17281980315379,1.6351525866294765,600.086349787238,0.22454606247987385,-784.7927787601288,-0.22632567268576623,0,1,0
67.65810593644123,1.5068176130310647,600.4997744503117,0.24871496864409437,-784.9996987137836,-0.2165001149497357,0,1,0
69.03246144707967,1.3702257740322488,600.9263386967609,0.25920039385164273,-785.2248734216435,-0.20392667614357834,0,1,0
70.27264474843109,1.2240938641461683,601.3117654722915,0.2539741579598399,-785.4576805987833,-0.18925275385865917,0,3,0
71.34904005530595,1.0684573945056883,601.6135671168405,0.23217333885861535,-785.6800984484496,-0.17169737761630585,0,3,0
72.23300059638085,0.9048575784511683,601.8092770130818,0.19487109845603073,-785.8725111694025,-0.14961921008348328,0,3,0
72.90366711745502,0.7367355915774482,601.896940115921,0.14564785246284373,-786.0184619057557,-0.1214861527478888,0,3,0
73.35294487279363,0.5696303612554999,601.8900983043515,0.09037533459024871,-786.1071575231667,-0.08676886712969463,0,3,0
73.58877956821941,0.4107841236848827,601.8112558142097,0.036040205710514785,-786.1338670482055,-0.046394054484881056,0,3,0
73.6368973591185,0.2680745128795337,601.6866672862469,-0.010973640788790817,-786.0991232589663,-0.0026365777687033186,0,3,0
73.54017571892827,0.14858601968421112,601.5428283118664,-0.046380320838363784,-786.0076402876077,0.04142153677923943,0,3,0
73.35440954899623,0.057341721695927106,601.4035277962142,-0.06865398708205248,-785.8673873850805,0.08260017771656294,0,3,0
73.1403026839285,-0.0033928875944951643,601.2867407538661,-0.07875271833395345,-785.6888139664923,0.11824515405317015,0,3,0
72.95338987722643,-0.034149177861831956,601.2020290644036,-0.07927286219455709,-785.4840463764704,0.14662685512560075,0,3,0
72.83490025214806,-0.037839194418059205,601.1497639084569,-0.07354145509059436,-785.2658830806572,0.16709953140625658,0,3,0
72.80641781334012,-0.019142410314304924,601.1227371422613,-0.06494381900963617,-785.0465093922369,0.18007001824403232,0,3,0
72.86973824151006,0.01616908354524611,601.1094129325814,-0.056467633555359956,-784.836010365224,0.18681201012466317,0,3,0
73.01145309417531,0.06194099357260825,601.0973696824059,-0.050309081386694744,-784.6408889719107,0.18913835083728828,0,3,0
73.21038762403882,0.11234324091028328,601.0758412633038,-0.047511411383356975,-784.4628717341429,0.18897388021186998,0,3,0
73.44547325597546,0.1624550039532096,601.0372290961506,-0.04781105482530847,-784.298423076526,0.18793800434641525,0,3,0
73.70186655438073,0.20858786434470034,600.9781519763128,-0.04990596975092103,-784.1395201863611,0.18707666515808796,0,3,0
73.97381948472231,0.24828412107104042,600.9004369823473,-0.05216453701586943,-783.9760038767076,0.1868355845004544,0,3,0
74.26373509303133,0.2800566865463637,600.8116266400325,-0.05350601183067738,-783.7990751643736,0.18725821816178723,0,3,0
74.57793991675852,0.30303834632996995,600.7239185161505,-0.05401953781603197,-783.6046663330062,0.18827723654897,0,3,0
74.92077889559506,0.31672773312565994,600.6507042109477,-0.05497610890196256,-783.3951164290763,0.18991577210983906,0,3,0
75.28925902405052,0.320941942871282,600.6010917721026,-0.058194420295558304,-783.1781535472323,0.19226960621217587,0,3,0
75.6703051069737,0.3159450576514587,600.5743528142747,-0.06507073905129346,-782.9634281836061,0.19528481106285653,0,3,0
76.04183655747501,0.3026047875215596,600.5571743042456,-0.07576555914828305,-782.758116606421,0.19849673987075675,0,3,0
76.37766495529542,0.2824182626335485,600.5260801742842,-0.08895349973779502,-782.5637140130445,0.20095506369718805,0,3,0
76.65489268468828,0.2573450205653572,600.455284893195,-0.10224298938215952,-782.3757270144042,0.20145970427870452,0,3,0
76.86131713089532,0.22951523529809065,600.3274445857999,-0.11302154685457708,-782.1866720757325,0.199011217983184,0,3,0
76.99986735993791,0.20095494268873892,600.1427813908645,-0.11927023534443607,-781.9910364780001,0.1931939032120681,0,3,0
77.08791771936681,0.17343961969141192,599.9220916426546,-0.11994596719277979,-781.7895245274017,0.18422573555073996,0,3,0
77.1513901224121,0.14847609521688127,599.701488622329,-0.11483198215270249,-781.5900692902192,0.17263797990287913,0,3,0
77.21593124857597,0.1273063367515192,599.5204887424019,-0.10411342207729604,-781.4050042492445,0.15881818482105245,0,3,0
77.29880845093791,0.11081342391961328,599.4083894186582,-0.08809746130540361,-781.2462145151117,0.1427547354110402,0,3,0
77.40470130388782,0.09930729954155595,599.3748931423469,-0.06734406641367059,-781.1211708280987,0.124181951924038,0,3,0
77.52659750964382,0.0923051764040352,599.4088544827185,-0.043110705361118565,-781.0317368073922,0.1030412741499731,0,3,0
77.65072832281061,0.08849444002717206,599.4849459535112,-0.017706759712882558,-780.975532164834,0.0799450610766371,0,3,0
77.76302692388441,0.0860097857912919,599.5743102801409,0.005664701481668999,-780.9481796602938,0.05632049928778997,0,3,0
77.85439012631088,0.08299099899238058,599.6540039216632,0.023694819850538805,-780.9448525564922,0.0341294129414564,0,3,0
77.92291912397826,0.07821407310611761,599.7116743372533,0.03407408405133765,-780.9606237365003,0.01533683120483147,0,3,0
77.97286211963853,0.07152057853444375,599.7450240455257,0.03634494920040652,-780.9900739166353,0.0014318393051325983,0,3,0
78.01148798032501,0.06384476752441656,599.7581356371456,0.0320284866639895,-781.0268642973413,-0.0067834725506827455,0,3,0
78.04584123849978,0.0568004324755222,599.7574369409073,0.023942445165209846,-781.0637101198299,-0.009128049376454329,0,3,0
78.08094918199909,0.05196466824562122,599.7491302591716,0.015062312160591774,-781.0928462030633,-0.005848470482760604,0,3,0
78.11990708923226,0.05012509269644596,599.7383426343509,0.007487484401553957,-781.1068524350474,0.0025392151722144264,0,3,0
78.16504518488799,0.050785422968949945,599.7291393493584,0.0019565204375453504,-781.0995715328991,0.015306036684842183,0,3,0
78.21873264756583,0.05212187587730739,599.7243704051633,-0.001981241448322635,-781.0668126585986,0.03149609251415768,0,3,0
78.28267360634062,0.051396057606625335,599.7249334017469,-0.005363293945447367,-781.0066643651214,0.049902993140813125,0,3,0
78.35564105327533,0.045663335888652054,599.7288787656787,-0.009157029343020895,-780.91946040477,0.06907799369080295,0,3,0
78.43077335366776,0.03254475424621432,599.7312395416287,-0.013849133291932958,-780.8075633696519,0.0873935225407422,0,3,0
78.49408087841161,0.010849616943949059,599.7252116310425,-0.019369506117948278,-780.6751129914937,0.10318231764319989,0,3,0
78.52544855639127,-0.019104200548865434,599.7045026976912,-0.025240719470036765,-780.5278343659331,0.11495426734418288,0,3,0
78.5024745973863,-0.05554793614585378,599.6658666474771,-0.0307788882662976,-780.3729301829219,0.12165065053866328,0,3,0
78.40639672446123,-0.09566461265330303,599.6106389262522,-0.03524398689420423,-780.2189109776559,0.12285777312285973,0,3,0
78.22840325867175,-0.13617041702513433,599.5446475731715,-0.03794970280024472,-780.0750292586154,0.11889862855732644,0,3,0
77.97400317939933,-0.17382971907097583,599.4767321546581,-0.03838759525094702,-779.9500288594572,0.11075736541802143,0,3,0
77.66325328610729,-0.20572888104150308,599.4165815225003,-0.03637560238645392,-779.8503061532119,0.09985402548818456,0,3,0
77.32602747980759,-0.2293326794499265,599.3724935328048,-0.032172683666215104,-779.7780866338928,0.0877478660231418,0,3,0
76.99393688302399,-0.24251628952813462,599.3493817376763,-0.026482088675163596,-779.7304741191967,0.07586892772694682,0,3,0
76.692476162958,-0.2437618391933995,599.3473635891193,-0.020311624981593467,-779.6999897154717,0.06534513971321303,0,3,0
76.43679206799658,-0.2325414763243515,599.361455607178,-0.014733619529340557,-779.6765727366119,0.056937124563864926,0,3,0
76.232121761892,-0.2097110463235751,599.382775861029,-0.010636579843219352,-779.6503557057017,0.05105630646387453,0,3,0
76.07731170210495,-0.17764988605955095,599.4010457607254,-0.008554024265617955,-779.6142409056524,0.047831313513961506,0,3,0
75.96877833252724,-0.1399753314716065,599.4075226764363,-0.008605641505334915,-779.5654595805238,0.04718800773368912,0,3,0
75.90298849542823,-0.10089306955856045,599.397311377878,-0.010530212979472254,-779.5056580129767,0.048916433622571275,0,3,0
75.87689271616358,-0.06445239415280923,599.3703663562259,-0.013759869889884157,-779.4394657948185,0.05272025547560588,0,3,0
75.88675442551178,-0.033989547232873465,599.3310412798442,-0.017490191477997998,-779.3719930180723,0.05827252252267954,0,3,0
75.92627416509153,-0.011863303641443678,599.2864371177515,-0.020735054966064582,-779.3062065565559,0.06530543877611308,0,3,0
75.98500618743839,0.0006019771605167534,599.2440796078815,-0.02240521854802182,-779.241309782971,0.0737206374012203,0,3,0
76.04795222142991,0.003082855863101486,599.2097648902204,-0.02148270404786672,-779.1727871607156,0.08365056591471784,0,3,0
76.09689659566784,-0.0038522469363257983,599.186553692398,-0.017333875899453233,-779.0938475113851,0.09539509299477231,0,3,0
76.11348872547757,-0.01899783959470227,599.1754253113684,-0.010098024469311895,-778.9973013179406,0.10922672939639141,0,3,0
76.08333147371012,-0.04095488661346423,599.1769935752452,-0.0009590696747864058,-778.8770345316402,0.12515421407917984,0,3,0
75.99960689115825,-0.06870135783572948,599.1926956359576,0.007936213557456995,-778.7289539213766,0.14277448662544429,0,3,0
75.86446602606497,-0.10213101212050901,599.2239726188835,0.01402482142344752,-778.551707083029,0.16128325575739383,0,3,0
75.68691432021656,-0.14236773575825623,599.2693861115328,0.015194860834048996,-778.3471985008546,0.17959120965372222,0,3,0
75.47720555937714,-0.19171730017775843,599.3214505830963,0.010613678913864532,-778.1204508772805,0.1964039792837866,0,3,0
75.23926058673423,-0.25325941424291754,599.365799253326,0.0011437124045755808,-777.8784616903015,0.21016001380048693,0,3,0
74.9636960662333,-0.3302436914306341,599.384327822116,-0.010826714407585314,-777.6284772253971,0.21888136004911302,0,3,0
74.62427486384735,-0.4255202018617922,599.3617134985609,-0.022033544417047322,-777.3768750641784,0.2201506381848958,0,2,0
74.17972359389026,-0.5411610285648039,599.2926904815366,-0.029173255737123326,-777.1298077185472,0.2114226687999917,0,2,0
73.58089458304839,-0.6782898467135368,599.1868624354141,-0.029609755775879876,-776.8957011799357,0.1906860299900927,0,2,0
72.78089455940378,-0.837040426610183,599.0687264311694,-0.02176679671280226,-776.6882209311491,0.15725764704936865,0,2,0
71.74440487254033,-1.0165466462302475,598.9723601917872,-0.005211041030554498,-776.5274475395277,0.11239258032237558,0,2,0
70.45285574041694,-1.214897201552509,598.9322400615123,0.01943111339285224,-776.4374803950291,0.05946141113495287,0,2,0
68.90401585308119,-1.4290377851327691,598.973288553774,0.050565879916666744,-776.4403382009536,0.003612118716500845,0,2,0
67.10680129327531,-1.6546588243706808,599.1037826159683,0.0856763240635928,-776.5478744067868,-0.049000840517055624,0,2,0
65.07379412443176,-1.886160264552452,599.3136888430205,0.1214037574531062,-776.7545358870777,-0.09223087934522027,0,2,0
62.81472405070821,-2.1168200754723236,599.5786389560445,0.15385483025726215,-777.0338631140476,-0.12099001832648355,0,2,0
60.33389701251966,-2.339264338528467,599.8673722977276,0.17930852877425424,-777.3407538770134,-0.1321838670119405,0,2,0
57.63313535018345,-2.5461945319188124,600.1494537221726,0.1953089635359447,-777.6198161237178,-0.12543310667065272,0,2,0
54.71929193752387,-2.7311198163029404,600.4009000099452,0.2018039911330561,-777.8180099733879,-0.10346329807059647,0,2,0
51.61269380468054,-2.888752682964301,600.607274733742,0.20170307572343518,-777.8981211144139,-0.0719514236587429,0,2,0
48.35176148725566,-3.014914848987663,600.7654454795297,0.20021979520435024,-777.8492862096471,-0.03854371533657286,0,2,0
44.99091042122881,-3.1061828206133932,600.8853296968717,0.20275806880852087,-777.6918114617356,-0.010844417845987664,0,2,0
41.59281769005179,-3.1597680888705013,600.9913284651045,0.21178170680093444,-777.4749711816596,0.006467936453418588,0,2,0
38.2192744636323,-3.1740101149303612,601.1208133732026,0.22378579797906467,-777.2673886433743,0.014637283208003282,0,2,0
34.92464563455513,-3.149387515454406,601.315886795064,0.22787410035839456,-777.1399730404435,0.02257866722814015,0,2,0
31.752895844574276,-3.089455696993297,601.6062196441297,0.20734114447282082,-777.1423072925074,0.045819714236131404,0,2,0
28.736216123814643,-3.0010057924369287,601.9851893657369,0.14494385038069596,-777.2760745124792,0.1016414415858435,0,2,0
25.89303420087984,-2.893152108006897,602.3873117019632,0.0312017666081033,-777.4734432916378,0.2008529783959375,0,2,0
23.225416782979806,-2.7757039690210235,602.6796410135291,-0.12669868100445,-777.5922233011065,0.33860704630394595,0,2,0
20.71813683474757,-2.657565186737628,602.6806861784702,-0.2994187369692781,-777.4399239720526,0.48843876760665805,0,2,0
18.341703562886373,-2.5457506869429047,602.2148839833367,-0.4380018699203788,-776.8328717937886,0.6043380523547967,0,2,0
16.059389341159843,-2.445081490982863,601.1973473629528,-0.4877714768596434,-775.6832816777762,0.6343307517779749,0,2,0
13.835777999841554,-2.3581605431791233,599.72434165506,-0.4134325275274023,-774.0889007186202,0.545422679319995,0,2,0
11.643622596256023,-2.285181004541303,598.1266260035098,-0.22988162071391116,-772.3830009673077,0.3543558934972452,0,2,0
9.46713876512608,-2.223460238553476,596.9358680958602,-0.027643709531116657,-771.0965925168955,0.1530392610709214,0,2,0
7.302080934745646,-2.1670206552084608,596.7285048755333,0.02127261343874807,-770.7989997747277,0.11440268897513306,0,2,0
5.154610692023411,-2.1067282753721095,597.8508640904629,-0.3110422155847573,-771.8218477192793,0.46676844702990367,0,2,0
3.041224155466807,-2.0313481942001403,600.0884954948241,-1.2491123928535444,-773.9298843566653,1.4344275014940648,0,2,0
0.9908143974450496,-1.929509771653376,602.403203918218,-2.934334230877096,-776.0618306903973,3.1576832567121755,0,2,0
-0.9520697173370394,-1.7921789155685715,602.8934123128577,-5.353675699631879,-776.2958970823013,5.621362658136741,0,2,0
-2.725579190834722,-1.6149447851847127,599.1044618274891,-8.311478957285146,-772.1651873234896,8.626581465198774,0,0,0
-4.25409260084156,-1.3993620218362082,588.7062234344173,-11.465260910900213,-761.3390066628356,11.826721959945303,0,0,0
-5.459319716692207,-1.1528557744408148,570.3809993462891,-14.414379948360068,-742.5120681514984,14.816471186538433,0,0,0
-6.2781665594296925,-0.8872529652786113,544.589869007191,-16.799618423006486,-716.1693743859403,17.231900610209845,0,0,0
-6.682309086721048,-0.6165596742574507,513.8210785230087,-18.36763397373513,-684.8307778649078,18.815450950160653,0,0,0
-6.691539283616436,-0.3548081271135473,482.0758957665312,-18.982147864347816,-652.5317801752747,19.4275955325759,0,0,0
-6.373947052384736,-0.11453808571174875,453.7070646068622,-18.600661045433696,-623.6571358538949,19.023899219948817,0,0,0
-5.831305497319306,0.09403011269977384,432.09231126475925,-17.252671791323724,-601.6108782545668,17.633418685788094,0,0,0
-5.174782345129458,0.26347558094022216,418.72686418086664,-15.043039152850588,-587.9073211887908,15.362099805950084,0,0,0
-4.500150988472512,0.38969108305873024,413.0719336693795,-12.174319044860045,-582.0199417565423,12.41502211631805,0,0,0
-3.8709600479522095,0.47248065064201794,413.09785137315214,-8.956925903441151,-581.9261951240014,9.106356272656011,0,0,0
-3.3137914738438212,0.5158643453007912,416.1795055211801,-5.7754341045725255,-585.0048198049546,5.825348858689336,0,0,0
-2.824563907289985,0.5275643908510176,419.9506078177832,-3.0069035576443865,-588.8910700919976,2.9542205765249947,0,0,0
-2.3812557288423903,0.5174405894257333,422.8466785585906,-0.9232964347361872,-592.0191532227598,0.7700737422101611,0,0,0
-1.9575025803008685,0.4951924704016378,424.2518194885972,0.37474326664940916,-593.7672151383476,-0.6218417605873128,0,0,0
-1.532895830608524,0.4680798900904378,424.3215547208059,0.963024132526266,-594.2782915883813,-1.2936657958557363,0,0,0
-1.0983031438745599,0.4394865261897721,423.63802903041835,1.0418551808494272,-594.114930088645,-1.4431679156468817,0,0,0
-0.6568996030619729,0.4088575466546828,422.8593469173974,0.8557793172133075,-593.9101408324652,-1.3134420169356644,0,0,0
-0.22285764111308026,0.3730317546790616,422.47429684736073,0.6184925921344302,-594.1257387946639,-1.1176405692230218,0,0,0
0.18064791243186562,0.32846141833642123,422.7021749946422,0.46589358909060363,-594.9565997150996,-0.991830644016477,0,0,0
0.5239052139455112,0.273471240656545,423.5164031816464,0.44442429320171184,-596.3578742804702,-0.9832254573361979,0,0,0
0.7747839927030071,0.20969666424418562,424.73729869331316,0.5285528147811988,-598.1392399743113,-1.0676290803255823,0,0,0
0.9057536395006309,0.14218400707091233,426.1355337391275,0.6539532031156228,-600.0674757842278,-1.1825612329733304,0,0,0
0.9033584545218218,0.07818951296083583,427.50561444949665,0.7519613467168824,-601.9374596629245,-1.2615554407606395,0,0,0
0.7772098262645812,0.025222856541596173,428.69606242061434,0.7746020711420443,-603.5994697117096,-1.2589085620801825,0,0,0
0.5640708118333322,-0.010885280229918238,429.6070828686179,0.7053976696909559,-604.9545823916371,-1.1601698260855529,0,0,0
0.3235369268345636,-0.02722180232683513,430.1775610615746,0.5568720144302347,-605.9405424183783,-0.979423235915965,0,0,0
0.12499552654638535,-0.024032572015154584,430.3789603845662,0.3595423442462902,-606.5256952400716,-0.7482655716532236,0,0,0
0.029370924302881463,-0.004116363312867577,430.2203175587812,0.1486001393910783,-606.7148244154657,-0.5026792782179428,0,0,0
0.07179511013268325,0.028151474882059803,429.75615169155174,-0.046474659348098156,-606.5582979759552,-0.27293169426432085,0,0,0
0.25168719067715983,0.06767477786614365,429.08512332594876,-0.2067601684829242,-606.1521066396299,-0.0789570357286948,0,0,0
0.5344582725514613,0.10917568976032896,428.33272213577607,-0.32364800197835847,-605.6218956908435,0.06933966326880636,0,0,0
0.8645900063719552,0.14756839096107655,427.62153513303826,-0.39595454349637293,-605.0942685664072,0.16933988465207223,0,0,0
1.1848732033424199,0.17843367264398466,427.04086785601567,-0.42698658986737426,-604.6667766055677,0.22307490228051846,0,0,0
1.4539576049260177,0.19868781985787934,426.6284607357851,-0.4228814370034343,-604.3890400689966,0.23589265990221975,0,0,0
1.6558277094366218,0.20725229412331175,426.3706028488343,-0.3919972404408213,-604.2611857589491,0.21607772955399013,0,0,0
1.799220836445329,0.2053520053230969,426.21801562661085,-0.34432005684890327,-604.2471435718576,0.17432350881351794,0,0,0
1.909332252986232,0.19613590242868498,426.10909448589246,-0.2900804172784547,-604.2949462172664,0.12225368073638947,0,0,0
2.016249122881675,0.18362391074784057,425.99150318874683,-0.23765716989368002,-604.3558978164435,0.07011524705553711,0,0,0
2.1443180513658007,0.17137158567522875,425.8361792871435,-0.19166681297459717,-604.3975206804153,0.024591997346146855,0,0,0
2.3052072439081286,0.16143310302642105,425.6419227574597,-0.15228296293101948,-604.4088715514947,-0.012174327612228808,0,0,0
2.495817296838311,0.15403462443665178,425.4319179629915,-0.11622271149800553,-604.3993588834796,-0.04188233833781396,0,0,0
2.700829113850361,0.14797367087260654,425.24496343410146,-0.07895632851016217,-604.3931160958518,-0.06809953093786589,0,0,0
2.8985890600947073,0.1414310326087474,425.1241997262697,-0.037137114373831534,-604.4208566321063,-0.09399435920895485,0,0,0
3.0682886351902283,0.13280267649615496,425.1056311064749,0.00973553553765214,-604.5107833451189,-0.12073467113891638,0,0,0
3.1961739538031395,0.12128749613576559,425.20837573385427,0.05893672778867085,-604.6800091423272,-0.1470581735124597,0,0,0
3.2789575451713944,0.10714130213341377,425.4284523415092,0.10532360576456767,-604.9281388812362,-0.16992343327312937,0,0,0
3.323642579073706,0.09161127108634445,425.73772334215414,0.1428013571932752,-605.234889809356,-0.18572724044909136,0,0,0
3.3442758878432244,0.07659801109005286,426.08885854412335,0.16584261475810536,-605.5632445278327,-0.19149719273950722,0,0,0
3.3571930127234566,0.0641213581721118,426.42554656503023,0.1706567863576538,-605.8681024155399,-0.1856748903330981,0,0,0
3.3766202652422663,0.05572768798973726,426.6951588151054,0.15586408530118662,-606.108105884226,-0.16839122415983637,0,0,0
3.4119300077017556,0.05203052231839962,426.85993153492427,0.12268302418525537,-606.2566312879705,-0.14133333926663455,0,0,0
3.4668092247508895,0.052551971297870634,426.9033895816825,0.07467824014059943,-606.3080880232469,-0.1073610715857967,0,0,0
3.5398026418158253,0.05591634575766591,426.83076758984623,0.017119098859802763,-606.2776055354373,-0.0699916478189607,0,0,0
3.625565515087601,0.060302016986648256,426.66427195948677,-0.04395486377349016,-606.1946955867172,-0.032819714406059575,0,0,0
3.7164791769871357,0.06396224300912365,426.4352059757068,-0.10277629019766436,-606.0933425349936,0.0010656201498477457,0,0,0
3.8044772581501007,0.06562327240212654,426.1752347429152,-0.15475563468550035,-606.0017495970942,0.02957425965166749,0,0,0
3.882806036650365,0.06465358439546094,425.90891433075217,-0.19704641096132036,-605.9348062875456,0.051911900084337506,0,0,0
3.947296057709707,0.06101694918250757,425.64930990638845,-0.22868768346280605,-605.8914416718933,0.06860028677785976,0,0,0
3.996815442814693,0.055097668774811835,425.3977836630536,-0.2503532541402137,-605.8574462140414,0.08119125942414485,0,0,0
4.032852989263532,0.04748621006698102,425.1476024682504,-0.2637889299882431,-605.8123632877093,0.09170169943465681,0,0,0
4.058465851656365,0.03877638807992127,424.88946742531107,-0.2710491223590452,-605.7375122871272,0.10187255237274258,0,0,0
4.076978716575965,0.029405885849133995,424.61651274705446,-0.2737024113482448,-605.6220851554683,0.11245017244054907,0,0,0
4.090779329563944,0.019574031296119187,424.3272350484441,-0.2722461713488428,-605.4656929411958,0.12275329520837204,0,0,0
4.100427615757411,0.00925938176477814,424.02638265960434,-0.2659758504449883,-605.2776785923706,0.1307507143661951,0,0,0
4.1042430577863485,-0.0016771408080529682,423.72471475211637,-0.2534211393276792,-605.0746170112661,0.133697786419566,0,0,0
4.098536116641441,-0.013352596689229302,423.4382106294328,-0.2332017345062809,-604.8772478726887,0.12912074679909438,0,0,0
4.078546349611557,-0.02574068380669132,423.18645261726374,-0.20491371201467246,-604.7072733354619,0.1157450903328936,0,0,0
4.039889875357488,-0.03860154635972464,422.98955140193857,-0.16962397337671292,-604.5839345282313,0.09398607976947915,0,0,0
3.9800440347341635,-0.05146756308700588,422.8635722697768,-0.1297798748516925,-604.5204683498457,0.0658605881391395,0,0,0
3.8993270223712386,-0.06367862710983445,422.8155851231876,-0.08867081257557174,-604.5211558197184,0.034466972727818755,0,0,0
3.8010590135894518,-0.07446793499842955,422.84033030516434,-0.049765989780621564,-604.5800613837982,0.0033186131324328015,0,0,0
3.690963252978719,-0.08310108575142294,422.92027301328733,-0.016198353050219792,-604.6822243577735,-0.024236924802994508,0,0,0
3.576103698693885,-0.08904537554081741,423.02943629992717,0.009530251785531619,-604.8070870598044,-0.045428310945408154,0,0,0
3.4636413446590666,-0.09210750114736613,423.1396745338486,0.025715991015056262,-604.9330088650925,-0.058339027672900556,0,0,0
3.359563707802053,-0.09246910681209641,423.22705485431015,0.03162975991079975,-605.0414308799418,-0.06213069321274815,0,0,0
3.2675252591272113,-0.09059476213083854,423.2762270989306,0.0277627945190261,-605.1196171207187,-0.0572397028983687,0,0,0
3.1880925942033826,-0.08706002652472762,423.28175513511906,0.016067184019914294,-605.161556444916,-0.04549590920303217,0,0,0
3.118814863883827,-0.08239022364085428,423.24671131208913,2.4040309449446794e-05,-605.1673248049603,-0.030074619088031794,0,0,0
3.0553529666131993,-0.0769781274525684,423.1798698688848,-0.015619327601552869,-605.1417752819732,-0.01521755676972134,0,0,0
2.993379401062853,-0.07108372096052448,423.09321306837785,-0.02550309468025489,-605.0935528487021,-0.005697626405799383,0,0,0
2.9304587483421756,-0.06486511037310123,423.0010021453635,-0.024628341938773703,-605.0350204758286,-0.006037859100911191,0,0,0
2.867061016570176,-0.05838227219264382,422.9205134163818,-0.009460135062113295,-604.9829705486538,-0.019573105384642984,0,0,0
2.8063224241682008,-0.05155968886048186,422.87324302391164,0.021111903801545394,-604.9592626275016,-0.04756407679051335,0,0,0
2.7528041350538217,-0.044162944546498294,422.88464358704607,0.0652342618812213,-604.9899851291505,-0.08863425661929795,0,0,0
2.7109126040710407,-0.03587477875753251,422.9807714349224,0.11814605140508547,-605.1018094709509,-0.1387182635235149,0,0,0
2.683702537200773,-0.026498310256896217,423.18162574830944,0.17281761289899578,-605.3153481745651,-0.1915330805517897,0,0,0
2.672495705598564,-0.01620628957967085,423.4928741731345,0.2209793607972415,-605.6371972128211,-0.23942644788962753,0,0,0
2.677185418418844,-0.005694400334277816,423.89905393090135,0.25427592788138326,-606.0536673711533,-0.2743919981135832,0,0,0
2.6966051790378742,0.0038660191837507794,424.36133038293565,0.2653379426421111,-606.5289579172083,-0.2890777043848402,0,0,0
2.728396298493891,0.011085588735679153,424.8213891973678,0.2486923000865545,-607.00888365422,-0.27771376877851706,0,0,0
2.768395852545467,0.01474327182476003,425.2107957533359,0.20152155243201833,-607.4292849547248,-0.23695623422772769,0,0,0
2.810117013227398,0.014160379038270322,425.46327269519566,0.12425296017740947,-607.7268905297897,-0.16659872572831774,0,0,0
2.8449826160057086,0.009415269676908622,425.52662245033275,0.020845263676483226,-607.85003967135,-0.06998474581491791,0,0,0
2.8636600224106132,0.0013219380240798273,425.3715665879116,-0.101414343069996,-607.7671228169356,0.04609504272707454,0,0,0
2.858345322318641,-0.00878975730168321,424.9959869592426,-0.2326918895319295,-607.4713718132282,0.1721213135200969,0,0,0
2.825306327583476,-0.019377077153124846,424.42415535008354,-0.3618542701973979,-606.9813354318483,0.29707228502509225,0,0,0
2.7666484023676503,-0.02895934973272034,423.70132680989934,-0.4779120869762892,-606.3370446709703,0.40989265649475326,0,0,0
2.6904047986596424,-0.03630736644751522,422.8849105002014,-0.5713733812898681,-605.5927169438826,0.5009196338728543,0,0,0
2.608707606021042,-0.040544793099643074,422.03441148761635,-0.6353320054096798,-604.8077447820074,0.5630693574689303,0,0,0
2.5346255269626425,-0.04119568475961728,421.2028464953938,-0.6662324519086041,-604.038160803969,0.5926895260997753,0,0,0
2.4788023552182636,-0.03822031128819248,420.431674883573,-0.6642773242908333,-603.3303583897773,0.590010636915349,0,0,0
2.4470433487522456,-0.03204962523111021,419.749538882297,-0.633373472730159,-602.7176941910611,0.559079091004719,0,0,0
2.439534685009278,-0.02357365807170595,419.17330239623595,-0.5804748732302301,-602.2193460966607,0.507045149231476,0,0,0
2.4517031748144404,-0.014015255323944587,418.7092420688256,-0.514311936262095,-601.8402275559379,0.44282579108034953,0,0,0
2.4761422094367163,-0.0046679298480313495,418.35321371633427,-0.44377058546283477,-601.5712654440747,0.375428584290421,0,0,0
2.504810075272374,0.00343076779622038,418.09042062278195,-0.37639338110427617,-601.3905445218011,0.3124106993167288,0,0,0
2.530911821650591,0.009754809660608998,417.89657807759704,-0.31742990247289526,-601.2665931786555,0.2588919356538099,0,0,0
2.5502522454201966,0.014355832814003123,417.74179113758044,-0.26958378356191587,-601.1644590330791,0.21727363909678843,0,0,0
2.5620283075407286,0.017710767564769015,417.596705632988,-0.23329248908428327,-601.0534589391032,0.1875224870972488,0,0,0
2.5689332049248463,0.02043042361672178,417.43891268435107,-0.20723000503744515,-600.9140538108018,0.16773068528073054,0,0,0
2.5763504518243536,0.022977474526682327,417.25737585884406,-0.18879414854982315,-600.7414390332392,0.15471211896256137,0,0,0
2.590601676892277,0.025528729916847227,417.0537010466778,-0.1745399374130102,-600.5449578000932,0.14456408754001587,0,0,0
2.616642360656968,0.02801977453616473,416.8403775053931,-0.16068589696913022,-600.3441212256882,0.13327055822433068,0,0,0
2.6560074109816583,0.030293113066133515,416.6369420184511,-0.14380980355900874,-600.1629207031306,0.11741978577349528,0,0,0
2.7059169547035395,0.03222353539399734,416.46527223083604,-0.12165628275089375,-600.0241442544491,0.09495486326331956,0,0,0
2.7600973744408464,0.0337489896132908,416.34502124865185,-0.09375995464378092,-599.9449036464009,0.06570638493328715,0,0,0
2.811109567012238,0.03483475202374677,416.28971910790574,-0.06155043023379676,-599.9338875964122,0.03143315177237582,0,0,0
2.8531833760815317,0.035456782790750194,416.30369310199035,-0.02781937156649974,-599.9902611753441,-0.00472920315223746,0,0,0
2.884263661480702,0.035666744482333,416.38014280547907,0.004237981324240536,-600.10391030647,-0.0392344938683209,0,0,0
2.9064231010577544,0.035718000975953144,416.50131313791326,0.031964914334116655,-600.2569899614689,-0.06911386942354056,0,0,0
2.9246979720618214,0.03614903871271906,416.6418715565061,0.05374525630111293,-600.4271075155154,-0.09256994765528362,0,0,0
2.945169504799779,0.03770707324843414,416.7755073310128,0.06890312296355887,-600.5922498316156,-0.10896359863479574,0,0,0
2.973309805480298,0.041078461177048095,416.8827573186355,0.07719262178994768,-600.7364661643714,-0.11830116844932945,0,0,0
3.0131874207411897,0.04652072416504183,416.9565911617923,0.07828160339804527,-600.854059397366,-0.12057189561494397,0,0,0
3.06740734183073,0.053568591835365,417.00272479384716,0.07154354119718391,-600.9498437310019,-0.11529154573022424,0,0,0
3.1371681069251878,0.06096569679747717,417.03405247828744,0.05616512846467003,-601.0345396327489,-0.10140583098766456,0,0,0
3.221894178782719,0.06688034189047727,417.0616453258052,0.03134059177888275,-601.1168992809055,-0.07748530713327,0,0,0
3.31839061773195,0.06935334502489496,417.0865091359708,-0.0036327851053783887,-601.1959801314936,-0.04206975101151329,0,0,0
3.419949579834352,0.06684380923715309,417.0955782174509,-0.049300275544055694,-601.2568257637722,0.00590893524808962,0,0,0
3.516080069032526,0.058707981272335986,417.06296442255996,-0.10580855732691816,-601.2710482713455,0.06661666432212314,0,0,0
3.593501390966594,0.045465068939390105,416.9552774742949,-0.1723421992210774,-601.2019605868481,0.13874268791994382,0,0,0
3.6387029550487284,0.028755851280634202,416.73917947995903,-0.24641094473405473,-601.0129473417308,0.2190301779269248,0,0,0
3.641747897851829,0.010975880394832415,416.38975456319497,-0.32344894748687236,-600.6773768118906,0.30222153933759727,0,0,0
3.6002672334645496,-0.005337334188227771,415.8985055885231,-0.39718491521655325,-600.1878927541447,0.3816813325420753,0,0,0
3.5220580312246312,-0.0181881519832487,415.2793028016364,-0.4608668000164243,-599.5624168518025,0.45065832182426674,0,0,0
3.42472661973153,-0.026660385793121577,414.5699430309469,-0.5089102864365372,-598.8442378534796,0.5037726733615955,0,0,0
3.3316529827310433,-0.03113432179969493,413.8271558509365,-0.5382685294242038,-598.0946838875295,0.5381570870672476,0,0,0
3.2650172758496723,-0.03311462003780434,413.11465998380527,-0.5489704979798716,-597.3791668060728,0.5538492060775979,0,0,0
3.238068060001865,-0.034725558391242826,412.48691021728666,-0.5437014718607657,-596.7502425455295,0.5533783324529622,0,0,0
3.2494762111013102,-0.03804260303876674,411.9738615581946,-0.5267330319915914,-596.2333215377296,0.5408115620279886,0,0,0
3.2821581729696447,-0.04449401630909762,411.5725921800529,-0.5027576413242627,-595.8203897161757,0.5207103261008115,0,0,0
3.307556754670685,-0.054540225661116895,411.2494745001603,-0.4761445780013105,-595.4744552809548,0.4974279740365546,0,0,0
3.2944923139394007,-0.06771088857372405,410.9527398445873,-0.4508135630941069,-595.1435934873609,0.4749292189393827,0,0,0
3.219841203076882,-0.08290642589196154,410.6311752686072,-0.4305039968374217,-594.7797771338649,0.45696854263233033,0,0,0
3.077117868133655,-0.09875831048693869,410.25172638839376,-0.4189949000494039,-594.3553135907944,0.44727636570644336,0,0,0
2.879324363120361,-0.11386690568293431,409.8084972509338,-0.41994205871860685,-593.8699581131141,0.44947977894105406,0,0,0
2.654544096993803,-0.12687046759871662,409.3190202199954,-0.43630051942105863,-593.3453916981357,0.4666924258146537,0,0,0
2.435953016930057,-0.1364372473365023,408.80962001543105,-0.46955353829159774,-592.8094813797495,0.5008639502697406,0,0,0
2.250484955132478,-0.141321784474529,408.2969612167926,-0.5190558927144593,-592.2774788884651,0.5520483746511899,0,0,0
2.110807154271967,-0.1405674905860778,407.7744409710085,-0.5817260573745102,-591.738523748319,0.6177773353909742,0,0,0
2.0134534969824784,-0.13381594007078235,407.2095869858423,-0.6521442278017162,-591.1534654580291,0.6927098905195408,0,0,0
1.943184281305662,-0.12157414029587414,406.55393911724434,-0.7229382698355835,-590.4658157782574,0.7686723899726531,0,0,0
1.8812744691941106,-0.10526725609672241,405.7621809174427,-0.7853049693421099,-589.623109740849,0.8351598847630839,0,0,0
1.8141662972161043,-0.08699622473580035,404.8139146948621,-0.8296667214566924,-588.6020037799551,0.8803975588400135,0,0,0
1.7389584674258316,-0.06907808943086309,403.7302841103766,-0.8466675108381423,-587.428214685599,0.8930901605537656,0,0,0
1.6635829601616194,-0.053568143190182126,402.57911455257795,-0.8287361453778999,-586.1832342133875,0.8648677185944053,0,0,0
1.6018715360265787,-0.041979612410742106,401.4659705265743,-0.7721591293041457,-584.9937928505049,0.7930808176223536,0,0,0
1.5659907695720534,-0.03533594719354198,400.5129528008641,-0.6790876369270678,-584.0055057913494,0.683092349882213,0,0,0
1.5597040608238473,-0.034537539459383024,399.8302861084112,-0.5584268872275515,-583.3465772829275,0.548822896680349,0,0,0
1.5751257223701458,-0.040820323385048596,399.4870795172295,-0.4244893584073111,-583.089846562375,0.41039820313710607,0,0,0
1.5936573728750574,-0.05592070987912336,399.48799569280084,-0.29289162775602334,-583.2226572818056,0.2885639781689179,0,0,0
1.589824809370242,-0.08160727648136543,399.76306274797366,-0.17439205039295302,-583.6348922794352,0.19697163564028414,0,0,0
1.5358990746002803,-0.11857347047495352,400.1779120451672,-0.06877369881763115,-584.1348807740455,0.13495017450964042,0,0,0
1.4059630633656184,-0.16515134662161302,400.569021110789,0.03830231366611088,-584.498021748584,0.08408666558057121,0,0,0
1.179751368634598,-0.21658835496862708,400.80136783281637,0.1731215123994275,-584.5425749039098,0.01106582713982789,0,0,0
0.8475101953479651,-0.26548369997642285,400.8351940486484,0.3662397265442564,-584.2135178569847,-0.12327641865267651,0,0,0
0.4161368312770435,-0.3034246037488586,400.778233538398,0.6419914933077052,-583.6442911054085,-0.3517838909158627,0,0,0
-0.08552269664407675,-0.32320106216058947,400.89597593752524,1.0096435893422835,-583.1646391355437,-0.6905680712485947,0,0,0
-0.6061794888624235,-0.32063510594809513,401.5615012324055,1.4598786714956078,-583.2359190115292,-1.1343179030400734,1,0,0
-1.0797112773940825,-0.2952830640718929,403.1494767826721,1.967227237960651,-584.3226107489018,-1.6580780680467568,1,0,0
-1.4405886646135286,-0.24991774379980997,405.9079106258779,2.495835757567545,-586.7404961909642,-2.2229229128573933,1,0,0
-1.6421858122356525,-0.18932981856431041,409.8594986413965,3.0049585848698257,-590.5405729919212,-2.781925599549163,1,0,0
-1.6704519848806711,-0.11918430846489514,414.7766987601233,3.452387317199464,-595.4780598044463,-3.2846191657088184,1,0,0
-1.5468675773533107,-0.045352091659140115,420.2412934903955,3.796896750480414,-601.0788024290516,-3.6809280440662633,1,0,0
-1.3194260693635016,0.026373307436627157,425.7597254084918,4.002108245667079,-606.7718040324837,-3.926745430182791,1,0,0
-1.045787990295139,0.09053761413680946,430.8847798973467,4.042865532500355,-612.0327738524763,-3.991921895876703,1,0,0
-0.7757062533719079,0.1425036885127426,435.30210671039265,3.9125065759078326,-616.4904827624966,-3.8686881519143297,1,0,0
-0.5390436132354779,0.1790539788615831,438.8649434423294,3.6276206800331465,-619.9739195762063,-3.5767985889234977,1,0,0
-0.3424464144961519,0.19881169230328766,441.5825836890763,3.227507927475358,-622.5033733133571,-3.16244129623949,1,0,0
-0.17433513602598794,0.20221852038552016,443.57813210767563,2.768140962337634,-624.2418297076688,-2.6907212428411187,1,0,0
-0.015551779486102646,0.19103106463631433,445.0329763849562,2.3129375265716474,-625.4273777101075,-2.234244348922857,1,0,0
0.14835397638017866,0.16753462740665412,446.13570544172796,1.923236892512,-626.3085588811562,-1.8611360054787611,1,0,0
0.3176649381522054,0.1337796452562685,447.05177803487686,1.6499855503068717,-627.1024727668412,-1.6245866051201119,1,0,0
0.4753176265018908,0.09108730077735885,447.92270311377183,1.5264694063081947,-627.9860148574628,-1.5543260102064096,1,0,0
0.5908845769996418,0.039948550586487386,448.8891006742083,1.5616826015064589,-629.1142475217123,-1.6499785005210241,1,0,0
0.6295582837714022,-0.019627379182881554,450.1171488224667,1.735164602173768,-630.644133907264,-1.877187798768682,1,0,0
0.5620901991907772,-0.08730581967414253,451.80196221346137,1.9954314772047155,-632.7363488136978,-2.1683832385466983,1,0,0
0.3718293945381106,-0.16130526526993236,454.1296375054113,2.2640986169390205,-635.5171796782704,-2.4297745280577603,1,0,0
0.057039091368721984,-0.23736620830182176,457.19940970414086,2.4463127678051366,-639.0031583185673,-2.5545634770919152,1,0,0
-0.3706089278548035,-0.3083896135116106,460.9297781294133,2.4461117905803347,-643.0137076953556,-2.4404391736341493,1,0,0
-0.8886099762275279,-0.36521497839690936,464.98729115700337,2.1838352208127843,-647.1112100955745,-2.008160381067705,1,0,0
-1.464698676319145,-0.39858840470052004,468.77669161111817,1.6121244737125608,-650.6063041617338,-1.2176910458715384,1,0,0
-2.055997144866012,-0.4018025653631369,471.5149057129282,0.7271744793894641,-652.6481075377603,-0.07862657630009835,1,0,0
-2.6085785086142153,-0.3730402137695023,472.3838210195752,-0.42750504582696747,-652.3904065938043,1.3476940357317517,1,0,0
-3.061265206969452,-0.3163980976245256,470.72745288233614,-1.7662734236249436,-649.1958513323893,2.955655439221391,1,0,0
-3.356325763233798,-0.24104433445194787,466.2383935595923,-3.1747346840872526,-642.8210443659793,4.6113776585948925,1,0,0
-3.455935454440592,-0.15879906095967017,459.073707007356,-4.528137129292475,-633.5226145766987,6.173702965893449,1,0,0
-3.3585727431569126,-0.08116439485751528,449.85458704714165,-5.710473949391087,-622.0402393209529,7.515344447980624,1,0,0
-3.1069418848765338,-0.017009414804934408,439.5366754678914,-6.630761407095531,-609.4466039263534,8.540230122305479,1,0,0
-2.781052272374282,0.02835278691199079,429.1824312885408,-7.234853950072977,-596.8999311094067,9.195219836735486,1,0,0
-2.4766005858242295,0.05274919115781671,419.7059198640786,-7.512519291637443,-585.37418043664,9.476111182528916,1,0,0
-2.2763426248942977,0.0560873201276408,411.6719521172073,-7.499201214776417,-575.4528596819275,9.427804844599155,1,0,0
-2.2260912929153562,0.03949938751980255,405.2072916419729,-7.2701701395726674,-567.2458063147055,9.136748446200318,1,0,0
-2.3250506394943073,0.0051344886184836016,400.0352815188454,-6.923701944109416,-560.4382082264494,8.712513810658606,1,0,0
-2.533773295391285,-0.0436052857548475,395.6022599659617,-6.552379782803177,-554.4347395071002,8.257647456696123,1,0,0
-2.79545256195739,-0.1019456574708002,391.2463814118281,-6.208196559505905,-548.5429959199878,7.8315189397641,1,0,0
-3.0609415792425665,-0.16408004914940194,386.37200561162933,-5.874354269233663,-542.1551301146956,7.421259315723392,1,0,0
-3.3072278569720766,-0.22380379208141932,380.6175676060475,-5.458918825481033,-534.9151012143668,6.935286663202004,1,0,0
-3.542994742425009,-0.2750224805242496,374.01287763985965,-4.819397445427387,-526.8701293593922,6.228747222983481,1,0,0
-3.800508847082284,-0.31190568974898836,367.10046569348174,-3.8142540806291323,-518.5847417117657,5.156751882399618,1,0,0
-4.117401077318249,-0.32882589415104063,360.962377171742,-2.3631881781772335,-511.1615872794061,3.6365738311958693,1,0,0
-4.514380545708491,-0.32043253651886233,357.082763862397,-0.4906427415875669,-506.0999930499075,1.6923693321794873,1,0,0
-4.976316098157852,-0.28214691958274757,357.01331718769904,1.6674894660081805,-504.9583340848707,-0.5382097277227331,1,0,0
-5.444107536984191,-0.21109149177433437,361.8927407125541,3.8965623615994334,-508.87068940245325,-2.8379728417039587,1,0,0
-5.822032236901691,-0.10717393943985058,371.97037818418937,5.958189988509912,-518.0690011951415,-4.966757341438688,1,0,0
-5.999777927146013,0.026043441989081373,386.33995399595244,7.641494546714739,-531.6193025981929,-6.7134227330110665,1,0,0
-5.882410775070042,0.18090764727492684,403.04690027171114,8.792226340754075,-547.5372273919229,-7.924323393534115,1,0,0
-5.41814277471542,0.34572183379116267,419.5831912220418,9.319218177401092,-563.2948296314064,-8.508101709427859,1,0,0
-4.614734136823515,0.5053435946765858,433.5947775249588,9.191600414778407,-576.5377027737791,-8.431367761764914,1,0,0
-3.5400744271914704,0.6425298380892613,443.5154111606291,8.440514373401253,-585.7189690418763,-7.720135445168995,1,0,0
-2.3083246045689805,0.7401910935051731,448.88464057928275,7.167175845746783,-590.4048212147472,-6.4692018295092115,1,0,0
-1.057162207796864,0.7843791714748193,450.2749456364079,5.545567530282847,-591.1810101441861,-4.8470454830199285,1,0,0
0.07711984860800669,0.7673388741663544,448.9293213354831,3.804291441712144,-589.2720117025199,-3.0795094037556736,1,0,0
0.981190843908422,0.6896610926779332,446.2978844465666,2.1824568501758903,-586.0720438541432,-1.4061721030690932,1,0,0
1.57987869815004,0.5607435598085886,443.6421366416572,0.872222862459364,-582.7610194902336,-0.0219799667833513,1,0,0
1.8440137876021794,0.3973318284447217,441.7956292987809,-0.027633235323662575,-580.0897574283922,0.9706488222299413,1,0,0
1.790977966593502,0.22054026624444703,441.0898146888326,-0.5263708149386048,-578.3323214294796,1.5774346682981104,1,0,0
1.4784681520639111,0.05213207666379986,441.4077597238007,-0.7197578839511152,-577.3565506620973,1.8906253230361472,1,0,0
0.9927014612623708,-0.08909276184137269,442.3170061495524,-0.7452594120830895,-576.7575024416126,2.043366791991616,1,0,0
0.43324385725574643,-0.19008387770527974,443.2390788073925,-0.7345881449474405,-576.0124808195769,2.161537142520319,1,0,0
-0.10292194212451022,-0.24502977963243922,443.6209324298967,-0.7803226440201569,-574.6304745317661,2.330492312128899,1,0,0
-0.5358414411588655,-0.25540818652168584,443.07736679689674,-0.9229913692032141,-572.2747569138246,2.583282840569814,1,0,0
-0.8138077698057202,-0.22880711343619567,441.4767272146522,-1.1556044696594199,-568.8383437826037,2.9068140142602035,1,0,0
-0.9196479331443754,-0.17697930412092405,438.9520029970922,-1.438316460391229,-564.45667242894,3.2577752143737144,1,0,0
-0.8704190981743523,-0.11362456375966587,435.83891020145563,-1.716383888907194,-559.4560963689446,3.5808071370127665,1,0,0
-0.7100680776146788,-0.052206590897289115,432.56571560674877,-1.9369470266472946,-554.2569290226941,3.8243137151785276,1,0,0
-0.4970931677684547,-0.00389552263434183,429.5337699922384,-2.0620860096678597,-549.2641812868776,3.951900169699684,1,0,0
-0.2913248891453293,0.02428565374717806,427.02459511988843,-2.0766003430763136,-544.7787985183602,3.948766058332194,1,0,0
-0.14354417633428795,0.030816145404121188,425.1531672604805,-1.989599992076353,-540.9494310714849,3.822873223870988,1,0,0
-0.08882205171714475,0.020008161108653156,423.86960854091956,-1.8298940802334642,-537.7693436677916,3.6010801499498255,1,0,0
-0.14187716846792853,0.0008410337675968549,423.0000723332181,-1.6365830933720644,-535.1114728347693,3.3212693399478668,1,0,0
-0.29298490368708485,-0.015670812182776217,422.3113633661336,-1.4477924481455033,-532.7870963305027,3.0226758333672477,1,0,0
-0.5056463157645084,-0.019773541440426357,421.5807272938887,-1.2911270484263242,-530.6096115438938,2.737266564123888,1,0,0
-0.7195663220578439,-0.0056335068427188165,420.6530621947576,-1.1785266906027005,-528.4458709294418,2.484419012979811,1,0,0
-0.8620087604983837,0.027658968075449764,419.473079267735,-1.1062591811558264,-526.2434029694659,2.269669312214455,1,0,0
-0.866776199442441,0.07680927294023547,418.08779112529373,-1.0589662159442583,-524.0301706890216,2.0869228883740787,1,0,0
-0.6948285821727183,0.13594581012429643,416.62249950797514,-1.0157294141990747,-521.8915156456387,1.922775140901058,1,0,0
-0.34765995757251744,0.1981810951972051,415.2393282138614,-0.9561022557781029,-519.9346083885621,1.7614106029301866,1,0,0
0.13304550442020968,0.2566319352207117,414.0905754489222,-0.8647043384324548,-518.2527379493404,1.5888178598685954,1,0,0
0.67927067768521,0.30500979915926507,413.279946381477,-0.7338890465557029,-516.9001147840509,1.3956572923395014,1,0,0
1.2175809327750358,0.3381435290299265,412.84277819122735,-0.5646433107202142,-515.8837214257587,1.1786944736743863,1,0,0
1.688826048284966,0.3526671704646759,412.7503408083526,-0.3660106661989403,-515.1729903012008,0.9409527405044174,1,0,0
2.0606730364426085,0.34776300729905074,412.93368390956414,-0.15321843927133613,-514.7214329452079,0.6907524143543696,1,0,0
2.330531669534807,0.3255562298669986,413.31417172920055,0.05527782816537865,-514.4892980060467,0.4398752219815833,1,0,0
2.5194265298008816,0.29076765090441087,413.82664616053285,0.2413527982971459,-514.4564582327221,0.20127866485859158,1,0,0
2.659895505204318,0.24957743636833243,414.42768446330433,0.3905404437164634,-514.6206432839774,-0.013040968484710902,1,0,0
2.782801490817789,0.20806961338067395,415.0903151152618,0.49413470249538705,-514.983991502095,-0.1934114979731021,1,0,0
2.9079023410974685,0.1708053773291951,415.7921064955152,0.5493925795526593,-515.5358561687462,-0.3327006005610656,1,0,0
3.0407220134643183,0.13996260781587183,416.50410343189367,0.558015742592272,-516.2399513007545,-0.4255650167011481,1,0,0
3.1750450413685343,0.11524258508317757,417.1853508186416,0.5239186951300325,-517.030524468898,-0.46747078939074527,1,0,0
3.2982770665817753,0.0945019877262041,417.7841252161812,0.45145685193302826,-517.8178364054897,-0.45432215059620373,1,0,0
3.396879821576917,0.07483797789031854,418.24426660387917,0.3447207265238831,-518.4999963068115,-0.3830678955623398,1,0,0
3.4602991146013267,0.053694196196840946,418.51384133548686,0.20777022100763815,-518.9770831122194,-0.2530123034607186,1,0,0
3.4829575203665826,0.029579305083785812,418.5533586805009,0.04531765787371569,-519.1640058999542,-0.06720116410394894,1,0,0
3.4644464070629226,0.002220105525645977,418.3412146798631,-0.13659739797411702,-518.9996797386841,0.1667153233018098,1,0,0
3.4082752841075035,-0.027734731407117862,417.87489172854316,-0.3302315569231723,-518.4513222396008,0.43649918445069036,1,0,0
3.3197434527861986,-0.05917843995690362,417.16801732533816,-0.5262304601145275,-517.5141145367022,0.7262984768312833,1,0,0
3.2036953919353266,-0.0909263154409615,416.24528307425237,-0.7142784266829721,-516.2078678097857,1.0184042159443891,1,0,0
3.062923068720778,-0.12190262043959876,415.1381294521525,-0.8842415460614916,-514.5727980677364,1.2953956773999096,1,0,0
2.8976977272973556,-0.15115370622700652,413.8830352494099,-1.0274663334716934,-512.6655326243911,1.5420910698387673,1,0,0
2.706492667012739,-0.1777670275277572,412.52182061503595,-1.1376179002116942,-510.5548516371769,1.7466376738913083,1,0,0
2.487616667167302,-0.2007794761388098,411.10148233704945,-1.2104912356631872,-508.31595414736756,1.9003086345281246,1,0,0
2.241272910205339,-0.21913992819217326,409.67142587487194,-1.2428754620502673,-506.02312633822027,1.996293462348507,1,0,0
1.9714204580965173,-0.2317690272510319,408.27869534578394,-1.2315068441703374,-503.7430952015665,2.0286699158642647,1,0,0
1.6867761317853507,-0.23772573338032857,406.9650356777462,-1.1735035858091691,-501.533302999771,1.9929719974053284,1,0,0
1.4004805227194055,-0.2364358102504042,405.7699793719113,-1.0687576393181644,-499.44823589431957,1.8887351037673568,1,0,0
1.128344170864466,-0.22789185430574435,404.7392627048355,-0.9231001413322701,-497.55117991321714,1.7227077881040942,0,0,0
0.8860051194250076,-0.21274446935654226,403.930214632549,-0.7500788218046864,-495.9211686511431,1.5104982965088651,0,0,0
0.6856657349174924,-0.19226190694911338,403.4030935940608,-0.5697597369492768,-494.6430780936831,1.2750957330848904,0,0,0
0.5333396247933138,-0.16818000961107343,403.19545885622824,-0.4046484924849665,-493.7781815867175,1.0424634732184017,0,0,0
0.4275741239552957,-0.14246958837913865,403.29081920171325,-0.27444852538128545,-493.32777375613597,0.8360379995969651,0,0,0
0.36017197360187936,-0.11705080717760552,403.6006941190026,-0.1919407125715793,-493.2109711822789,0.6724783073733647,0,0,0
0.3186538407142052,-0.09350782992395068,403.9738285053792,-0.1614487146500892,-493.27216900737136,0.560094219016355,0,0,0
0.2896203619857829,-0.07287408708295828,404.2322104209343,-0.17971563083215186,-493.3184604693825,0.4996614247647472,0,0,0
0.2620802479939641,-0.05554289926326561,404.22055042393333,-0.23780094765853618,-493.1729230038014,0.48610809479378075,0,0,0
0.22997245094335028,-0.04132287679516935,403.8505722461955,-0.3227220970662074,-492.7234528205859,0.5097571323721354,0,0,0
0.19326587162495912,-0.029619799998307883,403.1247755583346,-0.4186550704558158,-491.9502377230536,0.5570297141301239,0,0,0
0.15726424859542476,-0.01968729658038342,402.1330583242275,-0.5083611557416134,-490.9245544034956,0.6114729529458713,0,0,0
0.13023674228483628,-0.010862813254078674,401.02508411747544,-0.5753990685948338,-489.78199714574527,0.6558741455422933,0,0,0
0.12011085684162026,-0.0027229974345900133,399.96823788556617,-0.606941133507678,-488.68061026299614,0.6753686458407288,0,0,0
0.13137612397221687,0.004851835370254775,399.1042684971551,-0.5963677928896345,-487.75747661483473,0.6606189038020489,0,0,0
0.16329900779804518,0.011670392165304123,398.51708256158645,-0.5446916603063983,-487.0962416528202,0.6098772877582974,0,0,0
0.21002570817341848,0.017252008744191017,398.21983781943084,-0.4602582542584628,-486.7134275519484,0.5291402431377605,0,0,0
0.26239038763988276,0.020890056795883537,398.1627990858575,-0.356791533435694,-486.5647740109752,0.4303570376453649,0,0,0
0.3105986016965119,0.021797195085426324,398.256872495037,-0.2503348685484639,-486.5667339657809,0.32830386821965474,0,0,0
0.3466763725963915,0.019348836050062344,398.4036556431315,-0.15582764669004517,-486.62467994300295,0.23701359198654473,0,0,0
0.3657859590668693,0.013376264517283687,398.52219301574996,-0.08405889433687434,-486.658835291676,0.16663838090868238,0,0,0
0.36616481655426014,0.0043993416863116865,398.56514298987054,-0.03967679588897681,-486.62098402704197,0.12147480843685798,0,0,0
0.3482086931390995,-0.006325416422689046,398.5217354319908,-0.020773593788590006,-486.4989584635487,0.0996203915261276,0,0,0
0.3135992173422437,-0.01701147298082617,398.4099614186657,-0.020205321605237712,-486.3104743431307,0.09431405015714063,0,0,0
0.26513876914505374,-0.025763387604058607,398.26367955378635,-0.028259493110545007,-486.0910928057479,0.09649556003922725,0,0,0
0.20729242466116204,-0.031058689564997622,398.1203146026967,-0.03575986227492649,-485.8814935684516,0.09769082841164618,0,0,0
0.14677154394652803,-0.032097043069894936,398.01210188154494,-0.036504571668126574,-485.71722363668715,0.09222131070988553,0,0,0
0.09227565783162106,-0.028897334266920892,397.9607458698051,-0.028260587812303582,-485.6216335094038,0.07806917169662028,0,0,0
0.052964725655925804,-0.02216045839881815,397.97427756393154,-0.012247166326233128,-485.6017783653886,0.05637850913749389,0,0,0
0.03608947694641529,-0.013012947993064471,398.04605702038225,0.00828717452429828,-485.6477716588865,0.030170122979370717,0,0,0
0.04481552836791991,-0.0027521145966716174,398.1571472990687,0.029550090989232558,-485.73662218457713,0.003034016219930891,0,0,0
0.07719147388505121,0.007342901237367983,398.2825371117475,0.048169964003739095,-485.84029231007577,-0.021713875400246253,0,0,0
0.12660410915091802,0.016134788714600744,398.3992637687285,0.06154918465957735,-485.9351733721738,-0.041383607694638155,0,0,0
0.183469737411599,0.02272376813444623,398.4928331639087,0.06787617320308073,-486.008773113337,-0.054027589147074194,0,0,0
0.23761762317833757,0.026540722443988328,398.5591804636787,0.06609506449634636,-486.0607526435486,-0.05853390763383004,0,0,0
0.28072143703484187,0.027417320389835707,398.60201424273407,0.055910318247049416,-486.0986323224541,-0.05467692465293794,0,0,0
0.3081194310925355,0.025585622838960376,398.6275937281407,0.03770051355320447,-486.13105971363353,-0.04295823187150063,0,0,0
0.3195133391760834,0.021585127582467577,398.63950760183593,0.012236433916746137,-486.16190940087455,-0.024166762015181576,0,0,0
0.3183719500958091,0.016105059320526038,398.635228208895,-0.01971396818020139,-486.1871174417269,0.0011757892401760728,0,0,0
0.3102626808447724,0.00981405802404538,398.60516020285274,-0.05768748366518821,-486.19454090541586,0.03318522492627381,0,0,0
0.30067175675752367,0.0032196213090728066,398.53415243460074,-0.10159470132255137,-486.16620450329214,0.07260413142755624,0,0,0
0.293042749709727,-0.0034159345365395665,398.40490145091496,-0.15157253832586548,-486.0819599302276,0.12044138888396674,0,0,0
0.2876547023561784,-0.010085015682892617,398.20212408692646,-0.2077122103433453,-485.923415479772,0.1774406336809534,0,0,0
0.2816103176520528,-0.016969499031014836,397.9159583272568,-0.2697251971252399,-485.67692086407425,0.24355452757783952,0,0,0
0.26981383626906563,-0.024329015409283273,397.54323345045316,-0.3365952341059824,-485.33471132927303,0.3175512112012143,0,0,0
0.2465620916694462,-0.03238345337835682,397.0862888594754,-0.40632853688492787,-484.8942184336144,0.39686383746615095,0,0,0
0.2072692742636093,-0.041212448540188976,396.55047162470726,-0.47596171435860696,-484.356653376824,0.4777632358678602,0,0,0
0.14981834886593504,-0.05067198525437959,395.94225563058353,-0.5419056757710337,-483.72636412509615,0.5558238377023826,0,0,0
0.07508179600297638,-0.05570353391002748,395.2692758678352,-0.579586599302426,-483.01160532971477,0.5999659918409179,0,0,0
-0.013571852938795814,-0.061910927560765217,394.54187483400347,-0.6162642042565238,-482.22590253075435,0.6441499138588114,0,0,0
-0.11145272864436606,-0.06907013415759065,393.7745352910147,-0.6510555367497902,-481.38857214461353,0.6872842537241824,0,0,0
-0.21367710283406893,-0.07670653241725252,392.9858446932046,-0.6834073610451318,-480.52372155320376,0.7284161467351092,0,0,0
