Pitch_Normalized,Delta_Pitch_Smoothed,Roll_Normalized,Delta_Roll_Smoothed,Yaw_Normalized,Delta_Yaw_Smoothed,Label1_Move,Label2_Bend,Label4_Speed
0.47447479331725617,-0.09494850235353454,-0.7076858732270637,0.2932029882264544,0.35281719328337147,-0.19705946125667423,0,0,0
0.3554310777417271,-0.0967200755554624,-0.15829700388404433,0.228332389772928,-0.042939106336902455,-0.14236506502079038,0,0,0
0.23544016478712138,-0.09552721803140685,0.3125279922496276,0.15283041288346258,-0.37459005164782866,-0.07983297367183947,0,0,0
0.11557854292821901,-0.09180214852554336,0.6348404029998704,0.07698535443286403,-0.5847982180180651,-0.018072673088365576,0,0,0
-0.00026771845041650977,-0.08616128387369157,0.7583290679052084,0.009328459114838792,-0.6324801129999997,0.03553634982987338,0,0,0
-0.1058456600155182,-0.07941511042901084,0.6623084654105043,-0.044093141622650475,-0.5013731968413708,0.07556797713684063,0,0,0
-0.19421573290259175,-0.07972063935937541,0.3621270169571744,-0.08815053013923801,-0.20601362241950483,0.10894113616535037,0,0,0
-0.2599423948870907,-0.06754395743033541,-0.09180303776415144,-0.17301864576423043,0.20823580857644686,0.16605629145929157,0,0,0
-0.300976761545968,-0.055795569601816905,-0.6237297411935145,-0.2327732492767467,0.6726443417522319,0.19769728822402044,0,0,0
-0.3196763109728522,-0.045549904078978895,-1.1486172894535684,-0.2597848515117775,1.1084969646517777,0.19741320117010447,0,0,0
-0.32273160027649794,-0.03779599468885238,-1.5891911746194438,-0.25049815895615807,1.4422285549368752,0.1626746513763962,0,0,0
-0.320008496561627,-0.0332445298407734,-1.8884834615263486,-0.20596218248293355,1.6176238082560133,0.09533163297508054,0,0,0
-0.3225155312310477,-0.032145013954517763,-2.0152045005178394,-0.13195951015417934,1.6023828305923757,0.0016624887668285737,0,0,0
-0.33992049786156997,-0.034191985549857404,-1.9630081121179046,-0.038309101312792394,1.3893337936829795,-0.10832894868856613,0,0,0
-0.37822766533894026,-0.03855542112622885,-1.7466525216563724,0.0627793379446615,0.9942664007639621,-0.22245156790221046,0,0,0
-0.43829095842325216,-0.04401418602077882,-1.3973133594188312,0.15892886772961817,0.45194313290943455,-0.3283741293263375,0,0,0
-0.5156658724477694,-0.04914954312104669,-0.9574680845846189,0.23969356275624562,-0.1893887347512191,-0.4155790661543179,0,0,0
-0.6018622503856648,-0.05256944583841516,-0.47489405089207537,0.29788933653043587,-0.8750536783092144,-0.47667221077081623,0,0,0
-0.6865309728082565,-0.053147742097959846,0.004063638253100521,0.3299324943381805,-1.5518713372698727,-0.5078477204847417,0,0,0
-0.7598181711806404,-0.05025028828580105,0.44067138784261317,0.33543508484015233,-2.1752443286115977,-0.5086976929922997,0,0,0
-0.8142270314869648,-0.04389159731530583,0.8077444529430124,0.31651384104730196,-2.713562106606304,-0.48170903561411793,0,0,0
-0.8457029549457786,-0.0347549072919648,1.09040990377801,0.2771494146827777,-3.149098299452149,-0.43167459170804534,0,0,0
-0.8539929522106462,-0.02404630253263207,1.2841204428639656,0.22269169296620106,-3.476094374255041,-0.3650688760043394,0,0,0
-0.8424233807195805,-0.013229343603823907,1.3913427362836188,0.1594566744324581,-3.6976431362400177,-0.28937533393336706,0,0,0
-0.8171436384919986,-0.0037433816958127863,1.4184858888166474,0.09432845857374446,-3.822823955377217,-0.21237707359468488,0,0,0
-0.7858400313429001,0.0032023595908100334,1.374180787408946,0.034277519887717746,-3.864802784171019,-0.14142516500567126,0,0,0
-0.7561288977740901,0.006736036956493763,1.2694488450773918,-0.014311608676872822,-3.8400774947946132,-0.08265269877578163,0,0,0
-0.7341556864239038,0.0063817791754530616,1.1196726934325056,-0.04658670351147407,-3.768807017642885,-0.04009115369830738,0,0,0
-0.7239647897663843,0.0021403644966341063,0.9473482239905451,-0.060381093002098395,-3.6756420732167214,-0.0147564289613058,0,0,0
-0.7277945752725401,-0.005392503478884691,0.7834465867197906,-0.057234438153420795,-3.5894959786683103,-0.003995406550031078,0,0,0
-0.7468666619220272,-0.01495361391936285,0.6646283661742842,-0.042710303190968094,-3.54008909436412,-0.0015685144051658995,0,0,0
-0.781885163191248,-0.024725169246889323,0.6245428686632692,-0.02550812154747604,-3.5500098364352226,0.0011485206638425893,0,0,0
-0.8325893072443051,-0.03270922662985356,0.6803095128429817,-0.015370501552230565,-3.623658663868099,0.012947705499416883,0,0,0
-0.8963484155084274,-0.037273157218139376,0.8189983547494109,-0.020489698322687388,-3.7375972017403285,0.040304434569100066,0,0,0
-0.9666797776856271,-0.03762937060120493,0.9913828569069665,-0.045490900231679635,-3.838509099428876,0.08566616897198145,0,0,0
-1.0330917238117934,-0.03401055688861163,1.1190995719341856,-0.09077075769818918,-3.853317577532593,0.14719321586398734,0,0,0
-1.0832211640726257,-0.027460157485076308,1.115743829555086,-0.1531945355791436,-3.7106004398004444,0.21984768074058963,0,0,0
-1.1068872586052976,-0.01937432930015177,0.9147757102056318,-0.22745585313464717,-3.3657626719518845,0.29706870057785295,0,0,0
-1.1002584957784336,-0.011058439196463609,0.49243922167374876,-0.3072317411626571,-2.818980383496907,0.37214770587207224,0,0,0
-1.0679001441586564,-0.0035101611584991586,-0.12426099026210125,-0.3856949632175713,-2.117563820028437,0.43885727534270985,0,0,0
-1.0214682367727903,0.0025427849511814316,-0.8673169896171515,-0.45563735241217385,-1.3416122869582239,0.491556148422373,0,0,0
-0.9756284561927657,0.006496786501993768,-1.6500156626832023,-0.5098621180530316,-0.5793228306566931,0.52538682355666,0,0,0
-0.9431736992089412,0.0078075555227371755,-2.3920078987835893,-0.5422691879477071,0.09781839485262367,0.5369877839218787,0,0,0
-0.931450027093419,0.006091022816528379,-3.037951277426302,-0.549383349600113,0.6509755516867699,0.5255369709637264,0,0,0
-0.9412519281738128,0.001312804366533271,-3.564990667214772,-0.5315629847989257,1.0770523847948539,0.4934714994752468,0,0,0
-0.9681238587918557,-0.006103190180131435,-3.97952160859613,-0.4931996995557085,1.4005506580340068,0.4462886224587564,0,0,0
-1.005145608845254,-0.015369985469514801,-4.306948049921985,-0.441749797755827,1.6592773994183432,0.39133155535294434,0,0,0
-1.0459770304400138,-0.025617518281674734,-4.579057785795499,-0.3859891176213054,1.88960703768538,0.33600188854297813,0,0,0
-1.0871304521131009,-0.03621440538146033,-4.823190626315508,-0.3341320480700688,2.1157346112555615,0.28609163164790485,0,0,0
-1.1289320459599708,-0.046963834537463355,-5.056257985819187,-0.2923582300477904,2.345322404559127,0.24480655409395952,0,0,0
-1.1751680914679383,-0.058075880951570014,-5.284814967175421,-0.2640076215818681,2.5717032665712196,0.21268830042989464,0,0,0
-1.231803639009513,-0.06992963662590057,-5.509906838896256,-0.24945893203547342,2.780696054773088,0.1882751048487208,0,0,0
-1.3053177530235445,-0.08273844964768529,-5.733328379484277,-0.24661234976419025,2.9587347113316724,0.1691591408661907,0,0,0
-1.4010883724680525,-0.09627998134359643,-5.961533577904206,-0.251883148975719,3.099041092626365,0.1531207503031254,0,0,0
-1.522010737689513,-0.1098239194245565,-6.205066883033453,-0.26152712191260574,3.2039353890938003,0.1391090888387751,0,0,0
-1.6674202250508614,-0.1222923308361544,-6.474110928950864,-0.2729237758140798,3.2833017065212147,0.12785485710022754,0,0,0
-1.8325301053221068,-0.13257043706617821,-6.773071547563887,-0.2852935835372136,3.35086880808025,0.12186241569827701,0,0,0
-2.008776843875978,-0.13981512740262617,-7.097889275552689,-0.29944600514151176,3.420814540716634,0.12460449278151628,0,0,0
-2.185369646358666,-0.1436264098983898,-7.438461845441566,-0.3166057716109833,3.5068254996433126,0.13904634216291498,0,0,0
-2.351855354321515,-0.14403767193393263,-7.785495743959984,-0.3369058029015065,3.6238709755614025,0.16602863648086838,0,0,0
-2.5008724621297205,-0.14137736674030493,-8.137750802547558,-0.35836913814918747,3.7903274235539897,0.2032306761620518,0,0,0
-2.6299549130357747,-0.13609408339696644,-8.504366890311374,-0.3769214100497663,4.026740982588251,0.2452107732334028,0,0,0
-2.7415818520074424,-0.12861140842911425,-8.89938609559411,-0.38736317668757464,4.349198132960822,0.2844853315412109,0,0,0
-2.841465091807379,-0.11923311257038165,-9.33059160691927,-0.38471102433336596,4.759327457435049,0.31310676263051535,0,0,0
-2.935784405092562,-0.10809938133002106,-9.788758264525327,-0.3652188304608629,5.236242150714318,0.3240522948746502,0,0,0
-3.0283610590205257,-0.09520519743707467,-10.243325029448528,-0.3267382118169394,5.735409438855243,0.3120159782221904,0,0,0
-3.1186441896132493,-0.08049514661592241,-10.646703314439634,-0.2685925100569463,6.195722123492359,0.2736830531499848,0,0,0
-3.2011079695797946,-0.06401270258690772,-10.944999518886348,-0.19142924643923037,6.5518821670217875,0.20787676910599232,0,0,0
-3.2663634596588764,-0.046028786294991166,-11.090650150050195,-0.09735749523747046,6.747348448389815,0.1158505899492411,0,0,0
-3.3039073286922616,-0.027067335520354164,-11.052877862129378,0.009767100136915018,6.744030757783307,0.0015898597198940934,0,0,0
-3.3058239282889446,-0.0078122951279922855,-10.82367590311702,0.12433310507634446,6.527157955053838,-0.12827671102320296,0,0,0
-3.270081938904852,0.01103202738260336,-10.418659354703678,0.23951059610317316,6.105508673648174,-0.2651889595342496,0,0,0
-3.201869714957354,0.028827688969414567,-9.872961047968815,0.3481910824574769,5.507704032453233,-0.39980888506043327,0,0,0
-3.1121384470109206,0.04499287546171473,-9.23292060555012,0.44392345819974965,4.77522605463399,-0.5231858757422898,0,0,0
-3.013907356372485,0.058937638288780646,-8.545427213761883,0.5215301919683512,3.9534750404822887,-0.6276043135405132,0,0,0
-2.918040785194492,0.07003570506971926,-7.848219068416796,0.5773761928353437,3.0835198435127467,-0.707063340669913,0,0,0
-2.8303672999191036,0.07769485597522845,-7.164792489864865,0.6094629035806733,2.1976332728880266,-0.7575266790027015,0,0,0
-2.7511792149626473,0.08150789026816056,-6.505764936888852,0.6174904222159953,1.320023409598889,-0.7770626155075163,0,0,0
-2.67698707677107,0.08139865744260959,-5.875348230366683,0.602855618310133,0.4713053129846827,-0.7658571474160141,0,0,0
-2.603550277995069,0.07767806697064543,-5.279115933775941,0.5684389476122036,-0.3266026489158236,-0.7260093355318034,0,0,0
-2.52887536853666,0.07098267129195932,-4.729046867310288,0.5181142914914872,-1.0481088349731777,-0.6611161350819372,0,0,0
-2.4550030362232462,0.0621283851576905,-4.2437551325437255,0.45613674527131,-1.6651174814269893,-0.575839229832907,0,0,0
-2.387883140531258,0.051941285836622345,-3.844404864867485,0.38671229395952056,-2.1508674417069074,-0.475703469443124,0,0,0
-2.3353577773044663,0.041128570601115653,-3.548531129428085,0.31395674940723806,-2.4848673006840443,-0.3671873776552914,0,0,0
-2.3040806434528918,0.030232811559331198,-3.3642842988470107,0.24214258409760703,-2.657686310337084,-0.2578575337754344,0,0,0
-2.296756933617587,0.019676181680762284,-3.2868516157036964,0.17585151542128868,-2.674872454816324,-0.15613427224445928,0,0,0
-2.31095444155288,0.009860032826499322,-3.29766955026966,0.11965577212192358,-2.559401421543214,-0.07042106294294541,0,0,0
-2.3398935089514907,0.0012545290952189702,-3.366197442816471,0.0772768916168772,-2.351850366954025,-0.007710831906817361,0,0,0
-2.374658961177758,-0.005593700665889401,-3.4539223893906126,0.05057170267018165,-2.1072700247696616,0.027862133218648923,0,0,0
-2.406788461187446,-0.010177118435562705,-3.520600779563054,0.03886681023289214,-1.8879453713604164,0.03596694883224956,0,0,0
-2.430275040271667,-0.012236401867107815,-3.532489146091052,0.039011915504440255,-1.7523194644026319,0.020162311432315505,0,0,0
-2.4424577452710565,-0.01195844879028556,-3.4709862163749534,0.04618893263102848,-1.742225800495163,-0.012903298213147707,0,0,0
-2.443820147190152,-0.010041698364513251,-3.3386878381656686,0.055199521613651825,-1.8722461095204181,-0.05492778860197234,0,0,0
-2.4371289616600933,-0.007570567797662875,-3.1598630270991634,0.06179329649836092,-2.1251978123615487,-0.09763348162223337,0,0,0
-2.42644466212397,-0.0057364149314764745,-2.974165143802608,0.06363481894268261,-2.456063196013929,-0.13428222776254445,0,0,0
-2.4163414215204426,-0.005508711503394182,-2.8249622893934117,0.0606852326870964,-2.803905436947801,-0.1607089976987453,0,0,0
-2.4113714251980127,-0.007373995628397268,-2.7456743341331418,0.054977247944634655,-3.1086793075629373,-0.17569122157744488,0,0,0
-2.4155991869281195,-0.01122652185673445,-2.748264477832862,0.04990834527187502,-3.328185183176359,-0.1806351056244452,0,0,0
-2.4320231104925227,-0.016430455149149738,-2.8175741999637864,0.049268343527710104,-3.450092302395106,-0.17874262273149952,0,0,0
-2.461875576221388,-0.022011111889324298,-2.91374845269209,0.05626516828739625,-3.4950353483478693,-0.1739662419798947,0,0,0
-2.5040149965556395,-0.026901990228611793,-2.9827166666447056,0.07277720571682522,-3.5092316801770806,-0.17006018420363347,0,0,0
-2.554722963838401,-0.030178267884193134,-2.971902763656203,0.09892547486457345,-3.548576856739615,-0.16987228047987343,0,0,0
-2.6081246986816495,-0.031229355218835055,-2.8460044028885676,0.1329116377820867,-3.6596723368354134,-0.17482616607061346,0,0,0
-2.6572400805533363,-0.029847823069289348,-2.597211344225201,0.17103242700670052,-3.8648602321604955,-0.18450079039599104,0,0,0
-2.695464564410088,-0.02623160018052175,-2.246393086634356,0.20788212614101126,-4.156665038050264,-0.19635680494088775,0,0,0
-2.718124100362374,-0.02090834570503546,-1.835707540747677,0.23688496558486066,-4.502628241746535,-0.20584212011269615,0,0,0
-2.7236649773863633,-0.014600884497923516,-1.4165579563122748,0.2513072837345646,-4.856940968269072,-0.20713789791177958,0,0,0
-2.714077417621013,-0.008066296585468535,-1.0379402077658568,0.245708735315921,-5.173193087136269,-0.19458171870840318,0,0,0
-2.6943391122977403,-0.0019503686642494244,-0.7387529385536737,0.2174774676007985,-5.413660351803983,-0.1644097156145321,0,0,0
-2.6709590332717426,0.00331009014893624,-0.5448987968434835,0.16786744855406255,-5.553456549474831,-0.11615277454225889,0,0,0
-2.6500238415348747,0.00752813652124189,-0.46964382929905923,0.10203029730321304,-5.5806106592948765,-0.053066870901716356,0,0,0
-2.6353859296930864,0.01076085677559604,-0.5148154104969933,0.02792988581953182,-5.494394043823647,0.0186005849385694,0,0,0
-2.627628385324144,0.013271232296229129,-0.6712297268805827,-0.045486058858971036,-5.303769492980734,0.09117591474898604,0,0,0
-2.624139179063974,0.015466737229813532,-0.9185368586845755,-0.11020713046193861,-5.026387977583084,0.15731816234995363,0,0,0
-2.620183199197669,0.01781570598530635,-1.2260901136022255,-0.16058326447954413,-4.687333747067427,0.21138539857175545,0,0,0
-2.6105155326064136,0.020738362584549464,-1.5564086825523589,-0.19395345278918513,-4.316622392360841,0.2501137474001368,0,0,0
-2.590952654424072,0.02447905923519329,-1.8714185449019851,-0.21052030627167112,-3.9451818207792115,0.2726391885496241,0,0,0
-2.5594100453228776,0.028990634889845525,-2.140011512385243,-0.21273225843249435,-3.600011463636733,0.28009340788448184,0,0,0
-2.5161820524446767,0.033880312366947864,-2.344585583349115,-0.20447708355126223,-3.299806366086429,0.2750308675212338,0,0,0
-2.463575407426248,0.038456437194075474,-2.4844333247353347,-0.19029066149036994,-3.052319075473463,0.26085234477740044,0,0,0
-2.405233249182942,0.04187779812180281,-2.5748468920157705,-0.17465738754297605,-2.8542187737986353,0.24129405983413504,0,0,0
-2.345479580794631,0.0433623867360879,-2.642137994821937,-0.16141856325390905,-2.6934599649788282,0.2200102847024567,0,0,0
-2.288825261654665,0.0423814404968482,-2.716000562393205,-0.15330951118407796,-2.5534608177683964,0.20025647023492893,0,0,0
-2.239574807123219,0.038766516868797396,-2.8214434735882747,-0.15165555453799584,-2.41786452980908,0.18464207854652415,0,0,0
-2.201405217979641,0.03270233202407837,-2.972663989031986,-0.1562493465346165,-2.2743931487260767,0.17489965461961532,0,0,0
-2.1768916652455346,0.024643635796847717,-3.1705943150914493,-0.16542782177392185,-2.116519545336274,0.1716573435094375,0,0,0
-2.16713824945559,0.015226932658907798,-3.4045136567427647,-0.1763700481004875,-1.9426171184299221,0.1742900967218631,0,0,0
-2.1717448766349037,0.005216426283939768,-3.6565670577652014,-0.18562520530142876,-1.7535906781714914,0.18098979364265091,0,0,0
-2.189158732203893,-0.004538439814869832,-3.90707904869528,-0.1898381778525021,-1.5508098198902758,0.18917443954743335,0,0,0
-2.2171390494577707,-0.013184242038381911,-4.138711542474553,-0.18656650144761358,-1.3357456403790877,0.1962286478474155,0,0,0
-2.252963922593864,-0.01999970722527422,-4.338547373020646,-0.1749880670325254,-1.1113178065800042,0.2003663439972982,0,0,0
-2.2933153179552335,-0.024540723509859676,-4.498390047836224,-0.15624369799792107,-0.8835620285523191,0.20125729354785166,0,0,0
-2.3342096598033635,-0.02671709573110519,-4.614382340918226,-0.13323296662698994,-0.661716422294063,0.2001168018067716,0,0,0
-2.371417227507038,-0.0267522150528265,-4.6871084880644105,-0.10989473586340068,-0.4555780513349248,0.19923006559778145,0,0,0
-2.401402290232383,-0.025045156330864415,-4.72254465935724,-0.0902271090786897,-0.27072970875309466,0.2011718240800434,0,0,0
-2.4222989003441313,-0.022014881363969608,-4.73303129507066,-0.07738198298737586,-0.10394660985775772,0.20807515577477317,0,0,0
-2.434309206766642,-0.018012685661800275,-4.736843323012664,-0.07307864151242285,0.05855089963779392,0.22117242119518893,0,0,0
-2.4392670271631687,-0.013333682329934505,-4.755514416399208,-0.07741356858485204,0.23870997780632308,0.24062156751355274,0,0,0
-2.439610295512537,-0.008283851231682604,-4.809350139482177,-0.08900783382423753,0.46090842091015816,0.2655057780269686,0,0,0
-2.437287863097467,-0.00322533534597369,-4.912531372348312,-0.10537799563488903,0.7450059173686441,0.29391276798556165,0,0,0
-2.4330907792118666,0.0014486016403381541,-5.069333788144874,-0.12342870516327054,1.100406405371885,0.3230976173704761,0,0,0
-2.4266521412545785,0.005397022321865563,-5.272525733684745,-0.13999473425015765,1.5226536465832083,0.34979063089812146,0,0,0
-2.4170481721201895,0.008417821255753211,-5.504460679160601,-0.15236379199838126,1.9933413579756234,0.3706640566197805,0,0,0
-2.403670580966775,0.010480585312411961,-5.740888444413301,-0.15869535092318188,2.4835496285206915,0.3828680325601539,0,0,0
-2.3869162738290015,0.011682941866564534,-5.956831710989945,-0.15825325137786023,2.960246464951666,0.3844889182290544,0,0,0
-2.3683286771254757,0.012153556909815677,-6.132978637572236,-0.15140650253131155,3.3939596991234566,0.37481406832139613,0,0,0
-2.3501309942091098,0.011957097556533824,-6.260481242996477,-0.13940712156434215,3.765191465835599,0.3543656808072669,0,0,0
-2.334461174039049,0.01105699799363009,-6.342467925631027,-0.12401167443880752,4.067390303407862,0.324736337886371,0,0,0
-2.322780876846892,0.009361028197022846,-6.3918826532607795,-0.1070621809326795,4.305797603200702,0.28829452788368287,0,0,0
-2.31575229399931,0.00682844071626505,-6.426596397661427,-0.09015461943747596,4.493146600582605,0.2478315348833391,0,0,0
-2.3135198036465283,0.0035781552633039836,-6.463405003788296,-0.07448123017307182,4.644063213444554,0.20620979989568156,0,0,0
-2.3160821613182776,-7.272043396824301e-05,-6.51264247807282,-0.060853530946252475,4.7700170254469185,0.16606302955125898,0,0,0
-2.323437890149961,-0.0036780012280644312,-6.575082488487396,-0.0498281512283512,4.876286636812452,0.12957700960099033,0,0,0
-2.3353861738041246,-0.006812750893385555,-6.64243463878806,-0.04179913411721259,4.961864977354082,0.09833069886069694,0,0,0
-2.3511347211959617,-0.009224321366843924,-6.701644012720664,-0.03693825608538361,5.022344463908482,0.07314298889421451,0,0,0
-2.369055881465158,-0.01090248472381603,-6.741513947034761,-0.03499450730575262,5.054589994636046,0.05392502737375082,0,0,0
-2.386911006489754,-0.012039658094879257,-6.758762755279989,-0.035132864118122595,5.060961561845502,0.03965597679622448,0,0,0
-2.4025886829729046,-0.012916755430731541,-6.760459266803153,-0.03603202562281353,5.050697292014831,0.028633804040016742,0,0,0
-2.415024090515331,-0.01378349583465166,-6.761265214114616,-0.036289246198177236,5.037227492142847,0.01900640360794057,0,0,0
-2.4247771412374703,-0.014789459289029593,-6.7765414707189535,-0.03493075430260717,5.0323968743201135,0.009368405117240287,0,0,0
-2.433916384595321,-0.015977044126945828,-6.814733644969522,-0.031720340813751594,5.040622981406798,-0.0008754188004047592,0,0,0
-2.445249715625593,-0.01730209262163527,-6.872962734300955,-0.02708690734289405,5.056355065847086,-0.011542158976678252,0,0,0
-2.4612728484964776,-0.01863871370442638,-6.937974950469169,-0.02175122169550008,5.066350672891858,-0.022009845628507208,0,0,0
-2.4832807666944205,-0.01976035142596544,-6.991742181814132,-0.016329965960065352,5.055549028526485,-0.03159676096759512,0,0,0
-2.51090516246542,-0.020332982812105625,-7.0188474208581795,-0.01118351559834423,5.013590275904434,-0.03973516355236058,0,0,0
-2.542076807681511,-0.019962187903786344,-7.012383020463702,-0.006555480737478092,4.939168404869264,-0.04590291585437569,0,0,0
-2.573298143534018,-0.01829894209191991,-6.9762749722349895,-0.0028065448228915104,4.84086310556043,-0.04950305059091278,0,0,0
-2.600192197232559,-0.015165104421139119,-6.923758926403806,-0.0004878602730101989,4.73472968233888,-0.049917146208481714,0,0,0
-2.6183539186363873,-0.01064238501428889,-6.873100370098058,-0.0001614327156389095,4.639875856619241,-0.04677538266064829,0,0,0
-2.624399020275334,-0.005086551198149891,-6.842096278093734,-0.002081424801441756,4.573367715776357,-0.040275583477976794,0,0,0
-2.61690580551452,0.0009318455594254261,-6.842799093198437,-0.005933104029600145,4.545592475497671,-0.03133612643600259,0,0,0
-2.596900759836984,0.006726874748267164,-6.877841337031057,-0.010775695312334221,4.557183603762269,-0.021481837359814904,0,0,0
-2.5676966986393666,0.011603410641956202,-6.939589277625558,-0.01523291897745196,4.598596846285375,-0.012503612360234229,0,0,0
-2.5341462786759195,0.014960926215356097,-7.01255642982855,-0.017879202214768953,4.652793193746717,-0.006004481249213711,0,0,0
-2.5015867068711657,0.0163980936368489,-7.078178461154181,-0.017704482353016714,4.700229011544408,-0.0029483552635767296,0,0,0
-2.474808060198839,0.01580200618424783,-7.120139973587044,-0.014517361613806656,4.724350031271115,-0.003312097734409747,0,0,0
-2.457264037114456,0.01338093481603977,-7.128604162009509,-0.009155697497796211,4.715826981958088,-0.005942069251577209,0,0,0
-2.450582935078998,0.009610068942207306,-7.102550948551496,-0.003402230215721147,4.674684869846743,-0.008714178432043695,0,0,0
-2.4543729822678984,0.005106040966342107,-7.050145193628225,0.0004282477598138712,4.610392303983474,-0.009029819509444792,0,0,0
-2.4663789584328555,0.0004867000190515114,-6.987269894231801,0.00013514493766990653,4.540246738432259,-0.004530994118091769,0,0,0
-2.4830964573541223,-0.003726569287353243,-6.934356068176399,-0.005711112200127389,4.486171782981899,0.006221884310852488,0,0,0
-2.500800070414911,-0.007141873988648228,-6.911863639188269,-0.01734540929185755,4.470041819441832,0.023369045157218694,0,0,0
-2.5166362889759455,-0.009483991285036098,-6.935306800027419,-0.03374614927224258,4.508298651190927,0.04576938644521107,0,0,0
-2.5292792784854043,-0.0105715022375918,-7.011204980451851,-0.05289785478223621,4.6074832525658,0.07131678148086422,0,0,0
-2.538852399744698,-0.01030468461448777,-7.135289583155455,-0.07223531682367224,4.762447854652933,0.09735814792465333,0,0,0
-2.5462268000853214,-0.008657299842784027,-7.293594066505619,-0.08913039767100628,4.958040482843302,0.12108553869219207,0,0,0
-2.552103949964817,-0.005656139557667928,-7.466065654731935,-0.10135573430332698,5.173520846410199,0.13991863603503701,0,0,0
-2.556297957454916,-0.0013512689635547304,-7.631529496373858,-0.10751014261040268,5.387852684655385,0.1519513487818415,0,0,0
-2.557419828412776,0.004198920083088353,-7.7724983618649475,-0.10735638329533828,5.583973783230007,0.15642763060689474,0,0,0
-2.5529519568606958,0.010910213790286605,-7.878573870941864,-0.10194496067773998,5.75110212535418,0.15404020937228324,0,0,0
-2.5396578529308016,0.01863177859527667,-7.947913411209669,-0.09339747337537858,5.885358143332269,0.14681041317952434,0,0,0
-2.5143127600504585,0.027106102455080362,-7.986965065292296,-0.08435645138628729,5.989555307260247,0.13749142178674562,0,0,0
-2.474647088145062,0.03594554611748606,-8.008870632980802,-0.07727943164499465,6.072574957259874,0.12871074557270817,0,0,0
-2.4201771405825383,0.044628747014699856,-8.03065458722925,-0.07382053281914125,6.147885346288632,0.1222166946755678,0,0,0
-2.3525346137919314,0.05251760106212231,-8.06926431690924,-0.07447732569332004,6.230551986448177,0.1185205370840734,0,0,0
-2.275165775534518,0.05889801634242673,-8.137158580368492,-0.07856836703894743,6.332954700710758,0.11700774146392945,0,0,0
-2.192648488789956,0.06304872137230291,-8.238859971181881,-0.08451434869087678,6.46062830213728,0.11638252244994476,0,0,0
-2.1100104873079175,0.06434181935255338,-8.36973482456527,-0.09033205117100067,6.610019631411063,0.11522159443608757,0,0,0
-2.032243817791553,0.06237031316422446,-8.517271618798148,-0.09421519300627068,6.769179154070741,0.1124581843991436,0,0,0
-1.9639717934364285,0.05707466307886762,-8.664257541331338,-0.09506993450536924,6.921179539993474,0.1077169893913819,0,0,0
-1.9091706392077725,0.04881682494250157,-8.793056898118436,-0.09286918097150192,7.049183367831716,0.1014706189278101,0,0,0
-1.8708945665249246,0.03835664036806889,-8.890285577002302,-0.08868048322876802,7.1417712516211225,0.09496446051916649,0,0,0
-1.8509439565028174,0.026728337415744364,-8.951022563043509,-0.08427810285013634,7.19715680125131,0.08985558046551034,0,0,0
-1.8494305097938621,0.015058448988689577,-8.981353932282943,-0.08143436856328065,7.225055240202451,0.08762556506395783,0,0,0
-1.8643663643669157,0.004376553116887294,-8.99795612662426,-0.08119681621643196,7.245258175726278,0.08899167587593979,0,0,0
-1.8915993718538289,-0.004542058425209916,-9.023963412656173,-0.08348777664109122,7.282599305902423,0.09358022455533473,0,0,0
-1.9253651146325126,-0.011270503362921147,-9.081640999683245,-0.08715691467707672,7.359184106792384,0.09997691737069658,0,0,0
-1.9594259974210217,-0.01573919644068411,-9.184078510198077,-0.09035717683528617,7.4862752820506415,0.10606347063639135,0,0,0
-1.98847828662268,-0.018166006366188016,-9.329239780962467,-0.09100953850029611,7.659095912830139,0.10945769759838982,0,0,0
-2.0093923776885276,-0.01894584517611264,-9.49913530774225,-0.08720140823104003,7.856981785546822,0.10793096953257333,0,0,0
-2.021875672836984,-0.01854236195905088,-9.664626044889204,-0.07750405146138917,8.048952541538682,0.09978638246588929,0,0,0
-2.0282865309317657,-0.017405341512096585,-9.793857345355164,-0.061267200400484965,8.202405957985036,0.08422851749289322,0,0,0
-2.0326040201646975,-0.01592053055826881,-9.86111794804647,-0.038906457689857635,8.291733777235208,0.061697016441559074,0,0,0
-2.0388889615549886,-0.014389125326671604,-9.853368014593343,-0.012082277985450673,8.304364935528184,0.0340241428960951,0,0,0
-2.0497899839574245,-0.013022554873865033,-9.772996641238151,0.016409873759425864,8.24312200038517,0.004235104027648618,0,0,0
-2.0656527869747947,-0.011933367631823445,-9.636635416661022,0.043147984407886496,8.124884480831355,-0.02406777309570316,0,0,0
-2.0845704202152007,-0.011119791009248559,-9.470705576581821,0.06489045795909192,7.9761542712079745,-0.04756813061444802,0,0,0
-2.103317250687738,-0.01046560316288776,-9.304901290052584,0.07939036267937497,7.8265167110115925,-0.06402426304502598,0,0,0
-2.1187038353613303,-0.009778936657599501,-9.165141043368209,0.08590719050060613,7.701446953106625,-0.07270499540099565,0,0,0
-2.128726054006762,-0.00886939623595424,-9.067655463663385,0.08526067079265687,7.61630405458979,-0.07438198452621521,0,0,0
-2.1330735829294696,-0.007634202777825294,-9.015721465298284,0.07947300231727325,7.573271235394202,-0.07097000709176768,0,0,0
-2.1329425625606433,-0.006111509812257054,-8.999953718561414,0.07117461482337148,7.562163327534776,-0.06498277054846682,0,0,0
-2.1303933867406926,-0.0044709334851759765,-9.002046043040409,0.06296967773083964,7.564683823225252,-0.05895112626182168,0,0,0
-2.127582923914531,-0.0029449077966631878,-9.000761306666774,0.056911821602462,7.560545090266032,-0.05490511480554829,0,0,0
-2.1261320117356775,-0.0017414379471077269,-8.978266618065419,0.05418196258683992,7.533421929467494,-0.05400242801932507,0,0,0
-2.1267678850973653,-0.000989990898089843,-8.924889268427307,0.0550073302109908,7.475056775346687,-0.05638109215065725,0,0,0
-2.1292797550669604,-0.0007434371135204287,-8.841008799273425,0.058801182266809346,7.386643008589758,-0.0612719883914707,0,0,0
-2.1327663286543697,-0.0010117792697812433,-8.735783074027964,0.06443519880676547,7.27746556295611,-0.06731284161463122,0,0,0
-2.1361182148324076,-0.0017804645781538397,-8.62332141749981,0.0705211846052336,7.161422672913375,-0.07292447452355191,0,0,0
-2.1386259629876605,-0.002989884774619611,-8.517582161553477,0.07561846066104323,7.0524931330832175,-0.07662121082850604,0,0,0
-2.140507954064674,-0.004499972357378113,-8.427709642630191,0.07837424064320686,6.960551351479495,-0.07722069889816367,0,0,0
-2.1430603552584557,-0.006087085996425401,-8.35560173049376,0.07766701337472029,6.889034911388464,-0.0740017005417073,0,0,0
-2.148198032522231,-0.007496601931073599,-8.296834196988073,0.07280695436218707,6.835439077989733,-0.06686127886610933,0,0,0
-2.157481771660727,-0.008526776565652483,-8.244576700056342,0.06376640265663128,6.794332981980972,-0.056454952184007826,0,0,0
-2.1711317353094586,-0.009090972013204635,-8.19452421163335,0.051321623923611524,6.761214940485857,-0.04422263855004758,0,0,0
-2.1876387450616193,-0.009219302524790862,-8.148219134680105,0.036958291504696206,6.735039769929614,-0.03217818292834096,0,0,0
-2.2042457743776964,-0.009003972231363377,-8.112939255651554,0.022484812257819443,6.718030219928664,-0.022425723064129953,0,0,0
-2.2180340943108945,-0.008531840760227283,-8.098119047461651,0.009483174677227169,6.712916041116031,-0.016545540571857486,0,0,0
-2.227027934964454,-0.007853781953083682,-8.110105178263694,-0.0011271278403668817,6.719196287412899,-0.01513666482229894,0,0,0
-2.230818988235569,-0.007006586166312445,-8.147999246506515,-0.00917420575909631,6.730711303799808,-0.017761690374270243,0,0,0
-2.2305476763783076,-0.006056371702548802,-8.202861520051997,-0.014952967176962772,6.7362941208381955,-0.023303951147914857,0,0,0
-2.2283787628607286,-0.0051150287015317986,-8.260769983721488,-0.018803665439368445,6.723579505669889,-0.030490402483944478,0,0,0
-2.226735852053068,-0.004308587966025357,-8.308105475391741,-0.020848983754483186,6.6840724297667435,-0.03824970758865902,0,0,0
-2.2275476333238515,-0.0037197639485853527,-8.336318757647305,-0.02105658215850781,6.6167160782382695,-0.045715858929334274,0,0,0
-2.2316954523349466,-0.003345099595999557,-8.344053883402978,-0.019564406800408562,6.528175429006708,-0.05194472677242743,0,0,0
-2.2387890320769372,-0.003090986377145555,-8.336255789073789,-0.01703205871251754,6.430135745090169,-0.05561372220072656,0,0,0
-2.24733165403795,-0.0028066174464072445,-8.321429093196386,-0.014762434716709549,6.335533144042074,-0.05499598834824866,0,0,0
-2.255231733796748,-0.002335906298250734,-8.30868486904673,-0.01447426653261914,6.255757451822689,-0.04832358794293157,0,0,0
-2.2604789309244495,-0.001566426209174665,-8.30574924626778,-0.017805121026378858,6.199749019688625,-0.03439704968319006,0,0,0
-2.2617288520070247,-0.00046050662450767275,-8.31831983363169,-0.025758189096724494,6.174574081792542,-0.013143410504152086,0,0,0
-2.25861385084238,0.0009332976472052224,-8.350485867219092,-0.03831019709736836,6.186334237355709,0.014136943030553083,0,0,0
-2.251737825843236,0.002484977698725288,-8.40551264904768,-0.05431535433632177,6.240343626240573,0.04493247930908382,0,0,0
-2.2424001141448144,0.004006023398750358,-8.48615668565553,-0.07174366577614535,6.340101932934843,0.07602879148927429,0,0,0
-2.2321526995689283,0.005291470562306699,-8.59390064861455,-0.08819269412770722,6.485281973196749,0.1041946976801242,0,0,0
-2.2223624758628944,0.006166549440551705,-8.727155854376662,-0.10150368056615804,6.669544859312239,0.126826474998515,0,0,0
-2.2139392550896844,0.006515143631290243,-8.879409332437007,-0.11025269504870608,6.879460538181007,0.14234823916125947,0,0,0
-2.2072714200504464,0.0062874107505237475,-9.03886575095784,-0.11394622885900248,7.095821058934817,0.15027336081765838,0,0,0
-2.202317028173681,0.00551188076611453,-9.190611810323801,-0.11290716995573433,7.2977044286239305,0.1509882695767132,0,0,0
-2.1988134365189325,0.004332343433904384,-9.32078605192936,-0.10798597359244014,7.4680137696737745,0.14543581684012707,0,0,0
-2.1965774156941222,0.0030503057238860263,-9.420846784118751,-0.1002807712076205,7.598056473405137,0.13488050891426723,0,0,0
-2.1957397433371426,0.0021214441850261776,-9.489948155809117,-0.09097569951020149,7.689067845532293,0.12082378684185499,0,0,0
-2.1966190181820906,0.0020666471858788783,-9.534584348605023,-0.08125940983789093,7.7502263220077054,0.10496961918129699,0,0,0
-2.1990766798057706,0.00331335695255035,-9.566016421579931,-0.07218619596622204,7.794460101336114,0.0890531822565066,0,0,0
-2.201649642330068,0.00604050025659717,-9.596708360690755,-0.06440778268325005,7.834087062339421,0.07445094306492024,0,0,0
-2.2011480340126326,0.010112973808550408,-9.636912849478676,-0.05789888335296496,7.877782727730789,0.061735122464243376,0,0,0
-2.1932727832308956,0.015144472861335601,-9.692003430815916,-0.05191660389637605,7.929156729993977,0.050493143468818856,0,0,0
-2.174137850524943,0.020648067211118358,-9.76072771062006,-0.04531702827321169,7.986352881499883,0.03961950463789066,0,0,0
-2.1419120256077093,0.026175791192554244,-9.834689637156302,-0.03709393865809716,8.042213859273133,0.027971358143176417,0,0,0
-2.0976836984334284,0.031360364335819214,-9.89977488545901,-0.02684042059587739,8.085364994316208,0.015023102260575173,0,0,0
-2.0451326870807662,0.03585537762709521,-9.940012823082512,-0.014895635753413216,8.102987908093326,0.0011656150117616449,0,0,0
-1.989259071225959,0.03925993418829421,-9.943118438541234,-0.0021616236729386173,8.0852628919112,-0.012449352916284795,0,0,0
-1.9348611062565482,0.04112927043504442,-9.905523735185994,0.010212931284672776,8.02993990343947,-0.024327035011165777,0,0,0
-1.8854730364475785,0.04109986470974292,-9.834420627538705,0.02103784337254382,7.944691123941865,-0.033005624398892056,0,0,0
-1.843095866059116,0.03906097501038488,-9.745664718224887,0.029089932428476573,7.845743212457037,-0.03722088994047397,0,0,0
-1.8085486921296905,0.035260320349095764,-9.658529086208063,0.033075659227316125,7.753289198567941,-0.03593935849955301,0,0,0
-1.7819800788804514,0.03026562526848977,-9.589874117969188,0.031787600336291175,7.685886379882319,-0.028474679379895916,0,0,0
-1.7631392034275137,0.024789545469691632,-9.550349276894622,0.024529002843584634,7.6562966375109625,-0.014791201760763784,0,0,0
-1.7513022755038605,0.01946906896688603,-9.543790312871536,0.011606331711884365,7.670004959868393,0.004148093388252505,0,0,0
-1.7450804949424708,0.01471605535161018,-9.569018293185849,-0.005436647096249203,7.725971409320678,0.02626392261177273,0,0,0
-1.7424764343958685,0.010702334683510627,-9.6221368197196,-0.024038209242482365,7.818241114294366,0.048634837156332364,0,0,0
-1.7413636165290427,0.007452549576771617,-9.697828410105387,-0.04121574322492165,7.9373508743035615,0.0680802650089504,0,0,0
-1.740170416587688,0.004961032034526624,-9.78946041806715,-0.05426464024290993,8.071420837321995,0.08180569784684052,0,0,0
-1.7383124829314767,0.0032561084126129457,-9.888787098501197,-0.06127911771611849,8.207330350059593,0.08788624361532556,0,0,0
-1.7360725192240096,0.0023847091418076616,-9.986046810649711,-0.06137990865531009,8.332091584020361,0.0855155469717559,0,0,0
-1.7340231963619743,0.0023455624931713716,-10.07068651845728,-0.05472300735077766,8.434091848657445,0.07508073431234408,0,0,0
-1.7323697585351852,0.0030300114286518466,-10.132520520398288,-0.042423036544917636,8.503943358350725,0.05813276413313275,0,0,0
-1.7305781193013843,0.004218010596639487,-10.163140454055807,-0.02642722617341775,8.535159073664218,0.03722613825596568,0,0,0
-1.727455184085784,0.00563287599365907,-10.157589399424637,-0.009261159026740984,8.525160429585952,0.015540172056834934,0,0,0
-1.721624870010757,0.007017873615953363,-10.116248366693625,0.006408010421412769,8.476778752444119,-0.003719794843568991,0,0,0
-1.71217632010935,0.008192826670335763,-10.046367185168776,0.018293220382238927,8.399568755625694,-0.017963387514029705,0,0,0
-1.6991835105626478,0.009075068977993794,-9.962100671839565,0.024883128835193703,8.309612256863218,-0.02563260938898111,0,0,0
-1.6838416566510972,0.009672529251993467,-9.88207200833456,0.02555289988247722,8.226822557890344,-0.026244660414614884,0,0,0
-1.668133746771943,0.010059001557388569,-9.82470699428707,0.020406273876905346,8.170132401623903,-0.020138778860915352,0,0,0
-1.654144252520652,0.010336584332874566,-9.803114606827322,0.010013069565634681,8.152457708880064,-0.008156755706522745,0,0,0
-1.6432725065820364,0.010593197815192922,-9.821855230105342,-0.004782901958520824,8.177765754767634,0.00855336982991588,0,0,0
-1.6356444660152505,0.01086994692895189,-9.876991521573515,-0.022928333716851056,8.241496754204576,0.028594701187309113,0,0,0
-1.6299881037274986,0.011153590424370918,-9.959077715286753,-0.04317792829267262,8.333771285055064,0.050369909266832734,0,0,0
-1.6240893407570383,0.011399849580671173,-10.05745870376829,-0.06417868727471472,8.443592872520725,0.07224340578782744,0,0,0
-1.6156928918588278,0.011575616095728946,-10.164077386278834,-0.0846348305091027,8.562312450743278,0.09279403012440354,0,0,0
-1.6034768508198312,0.011690506618590746,-10.275650522337287,-0.10344555647580193,8.685515767498785,0.11099566514247386,0,0,0
-1.5876476063189386,0.01178738530660155,-10.393879954766291,-0.11970774255406695,8.813311349531546,0.12618067499141433,0,0,0
-1.5698431608443855,0.011888334766098296,-10.523858881081708,-0.13260773349486357,8.949256615768618,0.13781742195360777,0,0,0
-1.5523775858146536,0.01193102928985752,-10.671055299378096,-0.14134902411883132,9.098072702867938,0.14530510348673573,0,0,0
-1.5372391863347445,0.011747107109124499,-10.837570171585341,-0.14524291788213475,9.262414360304803,0.14798965150803553,0,0,0
-1.5253986535160209,0.011112876026402319,-11.018932655646012,-0.1439465618896861,9.439572504681777,0.14543044414515266,0,0,0
-1.5167611183542675,0.009856794126935142,-11.203068856522151,-0.13770163605284297,9.619670973740654,0.13775157794299703,0,0,0
-1.5106778108289234,0.007965696816057743,-11.372567956475066,-0.12741733195932453,9.786822319922422,0.12584930059124133,0,0,0
-1.5066182696657933,0.005623423536721362,-11.509887882589638,-0.11455464690988038,9.92348938760108,0.11133466261481714,0,0,0
-1.5045641315948046,0.0031565083416467132,-11.603543005175695,-0.10090634593123013,10.016616892194804,0.09627061824184864,0,0,0
-1.5049089095504797,0.0009251687560123401,-11.652666882865717,-0.08840310912276692,10.063031546928755,0.08286111204461122,0,0,0
-1.5079906381583612,-0.0007706906246610856,-11.668053274359536,-0.07897315872374833,10.071804355443959,0.07318618328010444,0,0,0
-1.5136089254771719,-0.0017257295553136486,-11.669405350180512,-0.07434864241915733,10.06260324191679,0.06894107371215483,0,0,0
-1.5208125023981864,-0.0018103137995851171,-11.680118758690398,-0.07571154348145796,10.060778885286425,0.07110415965371146,0,0,0
-1.5279874987746211,-0.0009381843899404884,-11.72160126281301,-0.0832399974652148,10.091025480750915,0.079583928620454,0,0,0
-1.5331055597626317,0.0009427759910479949,-11.808664242883495,-0.09579687934362653,10.171434337482822,0.09304097543365657,0,0,0
-1.534018413907404,0.0038278687892955078,-11.946555280713724,-0.11101222097666152,10.309081710862202,0.10907484376114951,0,0,0
-1.5287809488247746,0.007621041847978916,-12.129683391289646,-0.12582587567253684,10.497863916459536,0.12478968649449058,0,0,0
-1.5160001135651981,0.012118166003503461,-12.342287857241786,-0.13731268477793748,10.71932867380562,0.13754381446461394,0,0,0
-1.4951363716843247,0.01702415030008808,-12.56151179861196,-0.1434692089807527,10.94702664653137,0.14559584827362357,0,0,0
-1.4666302216575247,0.0219972433360212,-12.762789092632332,-0.14367727657668752,11.15377998454025,0.14843542980135424,0,0,0
-1.431780219678572,0.026699844912305083,-12.926312031084905,-0.13873683954647476,11.319701220388865,0.14676039281572315,0,0,0
-1.3924272654421372,0.030836078327226346,-13.042532197959886,-0.13054898074858415,11.43804138656293,0.14220140638921777,0,0,0
-1.3505709993973056,0.03416810535963748,-13.114810848497925,-0.12160744020251144,11.51673736802266,0.13691372438483285,0,0,0
-1.3080150654144092,0.03651736139837851,-13.158374028579885,-0.11442150325484875,11.575379778764457,0.1330946683981807,0,0,0
-1.266107110639581,0.037763657528212494,-13.196032638348242,-0.11094824292835312,11.639038265640053,0.1324579540272211,0,0,0
-1.2256576306351405,0.03785089619860571,-13.252045088199566,-0.11212586636266195,11.73109577475438,0.13575057750488356,0,0,0
-1.1870998952283998,0.03680055101779232,-13.34575779331476,-0.11762481370740545,11.867001160307865,0.14246255164899396,0,0,0
-1.150826499581413,0.03472755714257971,-13.486502889790273,-0.1258949984901065,12.050275357787427,0.1508552866053563,0,0,0
-1.1174997964021998,0.03184353773412028,-13.670994227895491,-0.13449610957468394,12.27160618680358,0.1583177068864515,0,0,0
-1.0881212596714676,0.028426407202135805,-13.884047756258951,-0.14062363760308755,12.511285759589086,0.16194184325239575,0,0,0
-1.063774709500649,0.024750559530130545,-14.10256016815896,-0.14171980589853633,12.744326736878804,0.15916983620992936,0,0,0
-1.0451516940163401,0.021003105347783445,-14.301482182860951,-0.1360573148752195,12.946594252616492,0.1483899453878294,0,0,0
-1.0321356220561029,0.017229643198800205,-14.459771944244764,-0.12317250369306691,13.099914436887175,0.12937909130860845,0,0,0
-1.023750993393051,0.013340254154621789,-14.564610404610761,-0.10401472785673178,13.194798211288415,0.10346858006903688,0,0,0
-1.0186015153382755,0.009174711887045817,-14.613230697333606,-0.08071516687568306,13.230736627739347,0.07330514740092724,0,0,0
-1.015626577157306,0.004597571297979641,-14.61261823695176,-0.05599486906652231,13.214995228632674,0.04218585067274461,0,0,0
-1.0148034632403977,-0.0004192232960818387,-14.57748283024543,-0.032401514939691366,13.16079207339395,0.013163424459847306,0,0,0
-1.0174239580351951,-0.005761935299020138,-14.526650168357591,-0.011679726373348843,13.084961158477796,-0.011704654853070906,0,0,0
-1.0257526775317416,-0.011197596709591551,-14.478145896652322,0.005476750030700828,13.004657660812853,-0.031637381939847845,0,0,0
-1.0421455466916711,-0.016429639923475747,-14.443996446924174,0.01926774928815007,12.933144266316532,-0.04689496518904548,0,0,0
-1.0679669424614673,-0.02115030671899234,-14.426575317555873,0.030431519225156477,12.875960981477277,-0.05828454912989258,0,0,0
-1.1027710470065415,-0.025070595454170074,-14.41827944659444,0.03994985143540504,12.829547704085783,-0.06675767844383387,0,0,0
-1.1441115891520184,-0.027936699948180887,-14.405004443937756,0.04891851958318938,12.783540617488697,-0.07328179937722581,0,0,0
-1.1880473926278086,-0.02955472932204799,-14.37193291172926,0.058487310511043236,12.72584855939796,-0.07889816874211561,0,0,0
-1.2301045825281989,-0.029832692957278084,-14.308915505082041,0.06970545790017298,12.647891136440421,-0.08472591951284585,0,0,0
-1.2663325316990068,-0.028824609621919704,-14.21311972259771,0.08321633551991567,12.547418444194335,-0.09174565789379444,0,0,0
-1.2941704627222066,-0.02674891749420425,-14.088297634413536,0.09892105969385767,12.427974079621691,-0.10042305812320648,0,0,0
-1.312971251255675,-0.023961241707033308,-13.941777063247159,0.11581815279052705,12.29597947105664,-0.11041474066499432,0,0,0
-1.3240796071045224,-0.020883561671979578,-13.781091317650592,0.13215275141301816,12.157398465684395,-0.12057799295949963,0,0,0
-1.3303916429108682,-0.017914393686534424,-13.611833091725018,0.145839507046675,12.015687687378588,-0.12931107668890007,0,0,0
-1.3354561174035098,-0.015353110022462601,-13.437364720617296,0.15499277147644505,11.871730400245212,-0.13505544534922506,0,0,0
-1.3423834640768746,-0.01336060880439902,-13.26009791868917,0.15838207864655657,11.72540029743584,-0.13673547316785317,0,0,0
-1.3529472058718142,-0.011958050136715314,-13.083476929807574,0.15569661251014394,11.5777606878937,-0.13399141273618226,0,0,0
-1.3671913294931528,-0.011050739748586124,-12.91353784126251,0.14757263039874574,11.43273779250896,-0.12717785970416173,0,0,0
-1.383635682752825,-0.010463869794975267,-12.75898779031759,0.13538289073252657,11.29733668294817,-0.11717344848170655,0,0,0
-1.399938619742997,-0.009985470325275969,-12.629298936132145,0.12083212485125472,11.180063712515803,-0.10507268371262342,0,0,0
-1.4137509640893597,-0.009415592975410902,-12.531331509312096,0.10546920952023128,11.088059952259869,-0.0918459119915525,0,0,0
-1.4234786487415363,-0.00861359965824704,-12.466050759259701,0.09029149718352443,11.024200874015023,-0.0780806542849291,0,0,0
-1.428718305054275,-0.007527027149652099,-12.427262410325326,0.07561923158595504,10.98566398086733,-0.06392632361353065,0,0,0
-1.430246346163628,-0.0061881986467170694,-12.40351184321247,0.061309108271255755,10.964960850252353,-0.049295186298472515,0,0,0
-1.4296120471576188,-0.0046797927878103,-12.382672625414983,0.04718501122891894,10.953271280329687,-0.0342237784282716,0,0,0
-1.428519460659345,-0.0030867437342536165,-12.357182946853925,0.03341701829094319,10.944593754586549,-0.0191749231692512,0,0,0
-1.4282174773683352,-0.001457192277842978,-12.327284613948024,0.02060991919499742,10.938497451758394,-0.005081106359283183,0,0,0
-1.4290733159603235,0.0002111426876027167,-12.300446758549953,0.009569753283186344,10.939785929524234,0.006902802109108564,0,0,0
-1.4304336106309279,0.001955625480809431,-12.287137678028401,0.0009420522059201631,10.955098898665454,0.015781626675578763,0,0,0
-1.4308060570855332,0.0038165614756280773,-12.295128753222713,-0.005015965010474588,10.988314480823291,0.021009174227209826,0,0,0
-1.4283228868677895,0.005810353641430765,-12.325232317362122,-0.00839309560854673,11.037248888667037,0.022542480414796274,0,0,0
-1.4213672218655091,0.007922121296527963,-12.370353226427838,-0.009392288717884867,11.093228895106108,0.020693704398556178,0,0,0
-1.4091620502461808,0.01011101917278836,-12.417841888266125,-0.008139346452965412,11.143480247623117,0.015952663958709933,0,0,0
-1.3920807314073471,0.012311775395622249,-12.453671493317216,-0.004725683760706545,11.175052592524452,0.008948500948213223,0,0,0
-1.3715085107433111,0.014430238744559176,-12.46660358150045,0.0005332881384731536,11.17869608447765,0.0005594395974270582,0,0,0
-1.3492982476940654,0.016349932354839326,-12.451105834032774,0.00685846924456115,11.15153079857211,-0.007999623163807711,0,0,0
-1.3271072856404516,0.017963026296961004,-12.408678078477678,0.013040472470777331,11.098024091345494,-0.015301591195712661,0,0,0
-1.305955562004101,0.019213182337902878,-12.347703596157018,0.017798995641817326,11.029270939006366,-0.020062840456276376,0,0,0
-1.2861312231853361,0.02011856164723298,-12.28180479664367,0.02027592770474911,10.960693294639725,-0.021551278122586837,0,0,0
-1.26730673353714,0.020753009447753358,-12.226544060777101,0.02037748583002639,10.908318249185214,-0.01982069316219537,0,0,0
-1.2486926238981795,0.02119297934861635,-12.194827592654349,0.018784759471479617,10.88423297670991,-0.01566243751357632,0,0,0
-1.2292353984864803,0.021461967345065603,-12.192363270009665,0.016650707165160837,10.892600490543344,-0.010323326112606423,0,0,0
-1.207976433773851,0.02150780221758595,-12.215082611218634,0.01515543388548366,10.927967466397249,-0.005125575289464735,0,0,0
-1.1845506369298135,0.021230945275769388,-12.249896635016952,0.015118166095028585,10.976845660902498,-0.0011202801992780565,0,0,0
-1.1595787172571477,0.020551498311058937,-12.278755986785654,0.016781887444190603,11.022071709341887,0.0011468644963315456,0,0,0
-1.1346785742434093,0.01947365194218804,-12.284598762381165,0.019786705584732545,11.048297537446047,0.001725441215204171,0,0,0
-1.112029263464592,0.018101930293728686,-12.257123739622841,0.02330569735251231,11.046768338450846,0.0011849527070836529,0,0,0
-1.0936461092464071,0.016595961852031847,-12.196521935206732,0.026319410687621315,11.018068137013586,0.00035678674335173357,0,0,0
-1.0806162400747468,0.01509548979047537,-12.113985922201763,0.027984475151340858,10.97216193960304,-6.659718356871736e-05,0,0,0
-1.0725702141152595,0.013662881513693038,-12.028677004929776,0.027985935965581632,10.925572661337256,7.666724794148649e-05,0,0,0
-1.0676733209608926,0.012267033639479053,-11.961770619129226,0.026717770102274586,10.896082503780747,0.0002460747854271972,0,0,0
-1.0632757799661618,0.010801117885344524,-11.929169163133452,0.025189391639950997,10.896168357976862,-0.0006377412465269572,0,0,0
-1.0570215358690973,0.009115013814198391,-11.935237859705225,0.024693600394702742,10.927301494561561,-0.0037757980322439266,0,0,0
-1.0479218217928832,0.0070494757042581565,-11.970037275361136,0.026388850374601702,10.977612333381913,-0.01003541756457622,0,0,0
-1.0369083808623571,0.004467987249439887,-12.011578285762909,0.030960021526148296,11.024532457196159,-0.019647756143271522,0,0,0
-1.026667395389964,0.0012887409111357329,-12.032704845981655,0.03843851071985256,11.041920124980777,-0.03211994707934736,0,0,0
-1.0208791253226082,-0.002476907723620059,-12.010187735675814,0.04816562997892078,11.009010358128407,-0.04630583341443924,0,0,0
-1.0231513522038256,-0.006679114588048663,-11.932633431460715,0.05884959697736036,10.917713961367824,-0.06054816615741458,0,0,0
-1.035936367580348,-0.010995565373421811,-11.80438570694028,0.06871046135575369,10.775684378170325,-0.07286347532166956,0,0,0
-1.0596828050039022,-0.014942318778918207,-11.64429189773125,0.07576363463804796,10.604373190543782,-0.08121745445182711,0,0,0
-1.0924423981970932,-0.017953018532264765,-11.480114319340018,0.0782665196466283,10.433024169636354,-0.08392766026608171,0,0,0
-1.1300669258466485,-0.01951341623461218,-11.340673193359848,0.07522756370616435,10.290686696402716,-0.08010808599833012,0,0,0
-1.1669771896033154,-0.019301729474058504,-11.248133246147688,0.06676336622916637,10.198666741344866,-0.06996168280362128,0,0,0
-1.1973450095820652,-0.0172790622878523,-11.212400928980657,0.054120488118341824,10.165437788863642,-0.0547739929222729,0,0,0
-1.2164385661850048,-0.013699904253401484,-11.228913089296626,0.03935392752875799,10.185255854535342,-0.03663574448447378,0,0,0
-1.221801557736086,-0.009049035943793627,-11.280429208920012,0.024831550632633537,10.240839264997476,-0.018052976531537014,0,0,0
-1.2138964200631932,-0.003937920788482074,-11.34255407338415,0.012780157637170931,10.309393530092194,-0.0015839955053266407,0,0,0
-1.1959419750823486,0.0009996837187586038,-11.391428550277297,0.004995473299995013,10.369974032145095,0.010465237282846828,0,0,0
-1.1729354101143628,0.005188684560403089,-11.4108464316527,0.0026947406934084484,10.409326933325588,0.016331567962062365,0,0,0
-1.1501731644418385,0.008172209203897296,-11.395976391404915,0.006404849371159571,10.423843425228412,0.015103901728298296,0,0,0
-1.131821606081914,0.009666348744421783,-11.352312742968309,0.015815070033768565,10.417184214583088,0.007001527983089772,0,0,0
-1.1200700886590624,0.009616051903068978,-11.290718460359898,0.029653155714686363,10.395339069231184,-0.006519811248766416,0,0,0
-1.1150903439992845,0.008233748288623133,-11.221185839213604,0.04574683824355077,10.36198242096549,-0.022980480143191075,0,0,0
-1.1156229175430923,0.00598830615333128,-11.14835243526906,0.06139057584384346,10.316476806146625,-0.03941790952987247,0,0,0
-1.119775078740787,0.003521358223537163,-11.07076238895894,0.07395349421642976,10.25527113436624,-0.053064287546000344,0,0,0
-1.1256410387053961,0.0014973212891561615,-10.983897651773148,0.08148171353195437,10.175641152509812,-0.061870268713919076,0,0,0
-1.1315589371769619,0.0004279156839885445,-10.885085690948642,0.08302178685707702,10.079588728660283,-0.06468046474872295,0,0,0
-1.1360589135490358,0.0005308606565421314,-10.777522791838862,0.07854999135403204,9.97579493684637,-0.06108386208209282,0,0,0
-1.1377218278789911,0.0016736349515639403,-10.671311489488403,0.06862287700692633,9.878684057865584,-0.051139193338966035,0,0,0
-1.1351999515502769,0.0034245198275854706,-10.581159256085371,0.05401214432062318,9.805140738089221,-0.035203444910204953,0,0,0
-1.1275424492420285,0.005198641143057614,-10.522094874397538,0.03555711287595784,9.770379567095858,-0.013973087120669447,0,0,0
-1.1147614820936411,0.0064525827750046005,-10.505218546819577,0.014282179192358057,9.784500448410256,0.011331794485764135,0,0,0
-1.0983539944836451,0.006856276784048987,-10.53495706914434,-0.00838936028816022,9.850590487575829,0.03883484463076314,0,0,0
-1.0813777192672376,0.006375068799330563,-10.608230992062829,-0.03058594312672227,9.964442357044575,0.06610621793846291,0,0,0
-1.0677886673102108,0.005236252308777977,-10.715191260199362,-0.050255143082155486,10.115540263159545,0.09054479932974857,0,0,0
-1.06111521095535,0.0038089295983368744,-10.841075859849568,-0.06565877238959246,10.288959097367453,0.10990314633253462,0,0,0
-1.062996169336472,0.002459291515940265,-10.968979293830245,-0.07581628152178724,10.467937174967915,0.12271804191806268,0,0,0
-1.0723082255557301,0.0014437945046680057,-11.083382223106085,-0.08064036407081972,10.636857116230999,0.12846662820615365,0,0,0
-1.0853593047912113,0.0008782503316993485,-11.173862920309958,-0.08073210976876481,10.78413205116307,0.1274457326978066,0,0,0
-1.0971106555669081,0.0007803947430062407,-11.237746979981296,-0.0770320978159262,10.904172201414568,0.120526524161221,0,0,0
-1.1029495340826259,0.0011421653246856066,-11.28025768961541,-0.0705663778169324,10.997559986276485,0.10894364832954437,0,0,0
-1.100323537046961,0.001973528032509364,-11.311622187527774,-0.06237393486270548,11.069166730471792,0.09416121714512257,0,0,0
-1.0895714911666516,0.00328805772937244,-11.342278166831989,-0.053516189650750334,11.125047814553895,0.0777521662488752,0,0,0
-1.0735737718371752,0.005049137818966187,-11.378551970222091,-0.045010116119057385,11.169707598656785,0.06122337985945734,0,0,0
-1.0563670140633548,0.007123923274980371,-11.420855038368686,-0.03762420212422626,11.204976746454989,0.04579598365537407,0,0,0
-1.0413799306302565,0.009285476762937606,-11.464815208476622,-0.031639075151595364,11.230571268818679,0.03223444523057282,0,0,0
-1.0301155920427476,0.011276460521803245,-11.504141190337748,-0.026769541749065696,11.245458837456667,0.020840820910062518,0,0,0
-1.0218168473660683,0.01291362898323456,-11.533483384296659,-0.022377083023228293,11.249090914825572,0.011651745889797383,0,0,0
-1.0141200720414076,0.0141796166544367,-11.55010494155222,-0.017895570841227483,11.24209188771681,0.004727920261038321,0,0,0
-1.004255887937532,0.015239780670306402,-11.55413773149725,-0.013212283565039229,11.226516653720296,0.0003323133890432928,0,0,0
-0.9901849288645934,0.01635900564369308,-11.547953107106068,-0.008762277430956544,11.20596819537711,-0.0011346673969342192,0,0,0
-0.9711872472146155,0.01775836385302796,-11.535393017760057,-0.0053010184979740416,11.185684189369766,0.0006166982167485457,0,0,0
-0.9477753246222846,0.019490540040310124,-11.521233875244263,-0.003530460273856306,11.172327017164278,0.005525698000880652,0,0,0
-0.9211759651341112,0.021395218121118376,-11.510674805872483,-0.003798408000022846,11.173030732547218,0.013099969966714298,0,0,0
-0.892776957626424,0.023146597478788066,-11.508477812678251,-0.0059826630294679715,11.193630072485647,0.02249734959180074,0,0,0
-0.8637962920999769,0.024365165321083283,-11.517825393456363,-0.009543649366196404,11.236738250986164,0.03267378891233221,0,0,0
-0.8352101916396464,0.024744875059778338,-11.539445793076311,-0.01367168684147373,11.300715817465473,0.042507265359697045,0,0,0
-0.8078646661548845,0.024141537000956247,-11.571467464296887,-0.017464463986323155,11.380090614492715,0.050880814314727726,0,0,0
-0.782654097253527,0.022587410360235084,-11.6099315718469,-0.020110189750229778,11.467065383634818,0.05677729944247005,0,0,0
-0.7606042347266992,0.020239577987742053,-11.649574225159213,-0.02108425508861842,11.553254542843618,0.05945128311972638,0,0,0
-0.74273617826681,0.01730459952295007,-11.684669975520805,-0.0203507117069762,11.63104084897408,0.05867517632081132,0,0,0
-0.729771877205053,0.013982133072295256,-11.710037657623289,-0.01849095095118969,11.694492332517044,0.05494522885248472,0,0,0
-0.7219012210199338,0.010446088869078097,-11.722335772746561,-0.016636503944366155,11.740100011588979,0.04947962268773125,0,0,0
-0.7187801852566906,0.006858159287857291,-11.721517356758667,-0.016151627496211064,11.767543563744482,0.04392384494056358,0,0,0
-0.7197309623969232,0.0033925680924056676,-11.711984929748013,-0.018172777647299652,11.78038183569376,0.039854983278149805,0,0,0
-0.7239749613770243,0.000244204703508899,-11.70273490296826,-0.02322447031272077,11.786190539511011,0.03830831631629365,0,0,0
-0.7307493029488654,-0.0023954999831886426,-11.705810832519973,-0.031085206610309512,11.795512044342786,0.03953373610952724,0,0,0
-0.7392830732763116,-0.004384326333332922,-11.732983739258998,-0.040916709867789794,11.819329063898351,0.04304957843437194,0,0,0
-0.7487284163294703,-0.0056709917201089866,-11.791659348319897,-0.051530526627368546,11.865615216416316,0.047908917520825864,0,0,0
-0.7581621876916103,-0.006313164876452504,-11.881818928286421,-0.06163902014018561,11.936337706006555,0.05302261319890533,0,0,0
-0.7666911780986965,-0.006463887604520835,-11.9955220416239,-0.0700187119006003,12.026378210069353,0.057412807785033236,0,0,0
-0.7736151405383822,-0.006329379960482129,-12.119204756301187,-0.07563142561117786,12.124988116860763,0.06035877584406961,0,0,0
-0.7786111382210237,-0.006115429263864769,-12.237641039020247,-0.07780111226112893,12.219189186797237,0.061477920205406635,0,0,0
-0.7819118340212157,-0.005987601943134279,-12.337907558160524,-0.07646651771723043,12.297769695733535,0.060796852836654126,0,0,0
-0.7843698384421316,-0.0060591004163612185,-12.412172048754016,-0.07237677591922705,12.354509913544092,0.058800394013488244,0,0,0
-0.7872687609818456,-0.006398156182771686,-12.459049159080038,-0.06702517587857812,12.389778297951707,0.05637265333982526,0,0,0
-0.7919035955875131,-0.0070365554420419585,-12.483821955131262,-0.062232660733010904,12.410291246396852,0.05456177595581977,0,0,0
-0.7991590927076544,-0.007968401466540343,-12.497648916431302,-0.05952290805970364,12.427297592264893,0.05421262441772825,0,0,0
-0.8093194204930825,-0.009139897431779787,-12.515427107512167,-0.05957696812775452,12.453619156551198,0.05561027318752991,0,0,0
-0.8221437495193271,-0.010438286768582827,-12.552070687072202,-0.061996523497076336,12.500064239404807,0.05826974332112087,0,0,0
-0.837056732519116,-0.011694066462004571,-12.61784864895401,-0.0654099744477378,12.571995969627551,0.060924108072134685,0,0,0
-0.8532991552037856,-0.012708624550511161,-12.714433836898223,-0.06779317998216641,12.667114361038045,0.06169542321976991,0,0,0
-0.8700101125388215,-0.013299920214636529,-12.833410720297792,-0.06685466554396272,12.775291918672536,0.058418389221596104,0,0,0
-0.8862947017070439,-0.013337859846939183,-12.957872793131287,-0.06042653479379538,12.880467128944744,0.04909043653650258,0,0,0
-0.9013105030621773,-0.012746816334416166,-13.066271793231394,-0.046886084877941415,12.963750994265439,0.03239597220959212,0,0,0
-0.9143550064869572,-0.011483851501959918,-13.136980958901702,-0.025606165164100504,13.006732530149407,0.008186140917332807,0,0,0
-0.9249027977338784,-0.009525054775251363,-13.152368610570889,0.0026921695560574222,12.994475138612813,-0.022269297970478875,0,0,0
-0.9325376911770462,-0.006884121334245208,-13.101914264369256,0.035902137418264604,12.918201957629918,-0.056427673653561786,0,0,0
-0.9367875838372441,-0.003655804014609032,-12.984287956291581,0.07094626452537511,12.77757887864712,-0.09104345122211015,0,0,0
-0.9369822645389263,-5.131823546520309e-05,-12.808132338713207,0.10453847969730105,12.581925648578135,-0.1229698077696085,0,0,0
-0.9323072802716297,0.0036073996057453426,-12.590926953393435,0.1339668109337012,12.349302989922762,-0.1498566871971576,0,0,0
-0.9221403685462377,0.006943146846603554,-12.355412462715577,0.15756267413003258,12.102837624502428,-0.17047233869136563,0,0,0
-0.9065681526849119,0.00960358044799392,-12.12394807504404,0.17473381937671206,11.864857406451435,-0.1846077275317839,0,0,0
-0.886807884061696,0.011324100129647264,-11.912487996158276,0.18569398571336393,11.650769051248659,-0.19275040471377736,0,0,0
-0.8652365070047239,0.011948600891174976,-11.726603683894382,0.19114020639814272,11.465184122293863,-0.1957762322244463,0,0,0
-0.8449235380209217,0.011418940289756563,-11.561354217601377,0.19205568976056214,11.30200914323575,-0.19478947004554356,0,0,0
-0.8288669932539392,0.009764110914601077,-11.405030416803768,0.1896410341165918,11.148397863294974,-0.19106472071646863,0,0,0
-0.8192966898805736,0.007109204346591014,-11.244974407235617,0.1852454177750346,10.990697910492145,-0.1859501081341847,0,0,0
-0.8173015749254944,0.0036966711889817815,-11.072885892310154,0.18018146674824465,10.819816556402657,-0.18064233777470945,0,0,0
-0.8227928616413607,-0.00010806655406554455,-10.887575441107586,0.17544461209954249,10.6340309481227,-0.1758920713486475,0,0,0
-0.8346661711256189,-0.0038539248288216752,-10.694516612227517,0.1714911569764695,10.438655782758076,-0.17181466754457803,0,0,0
-0.8510483250803276,-0.007088947580895422,-10.502958284965231,0.16822651320956367,10.24333654316058,-0.16795368592529486,0,0,0
-0.869601440795094,-0.00946402315989161,-10.322133407561594,0.16520951899036476,10.05843402870434,-0.16357932592381702,0,0,0
-0.8878885496023514,-0.010807992179383063,-10.158041875162851,0.1619216314047776,9.891848337762184,-0.15803635366410304,0,0,0
-0.9037757552929406,-0.01114086543053503,-10.011692114129687,0.1579217362999472,9.747037446848083,-0.1509306674961522,0,0,0
-0.9158130138298759,-0.010627802071938674,-9.87908908550574,0.1528228169084059,9.622472283982802,-0.14207912887305554,0,0,0
-0.9235072248528553,-0.009503050412487824,-9.75293522690012,0.14617094574803957,9.512604604056804,-0.13132261620926755,0,0,0
-0.9273766116744042,-0.007995356554337718,-9.62575809318784,0.13736006517084293,9.410334373851114,-0.11837736680292607,0,0,0
-0.9287102292308447,-0.006274899297940806,-9.493668529310682,0.12565879079338343,9.310509881441135,-0.10283579961006381,0,0,0
-0.9290708823607474,-0.004431383410845058,-9.359347272023527,0.11032706426814229,9.213239659392144,-0.08429448536988246,0,0,0
-0.9296966752504972,-0.0024855175303528654,-9.232807154747121,0.09074254291296172,9.1254296206654,-0.06249148549875372,0,0,0
-0.9310018906237048,-0.0004267683260110289,-9.129357633256802,0.06647977143999242,9.05956287513132,-0.03735260874804993,0,0,0
-0.9323504337745021,0.0017394887552129035,-9.06554549962776,0.037363457782109324,9.030076032603702,-0.008959145865308927,0,0,0
-0.932202383710802,0.00395669682168176,-9.054771232481428,0.003565181957411312,9.04890348406336,0.022456102975257863,0,0,0
-0.9286309305964693,0.006111113773994248,-9.10426668500007,-0.034240191548921925,9.122122591860546,0.05641113220314509,0,0,0
-0.9200806970899862,0.008058330238857537,-9.214291371105816,-0.07475647078506995,9.248946196502303,0.09203554861067716,0,0,0
-0.9061123373007263,0.009665268275679751,-9.379300649079028,-0.11612355776204168,9.423013145403715,0.12803138655539498,0,0,0
-0.8878096434575866,0.010841410614732183,-9.590106273613728,-0.15616989122134442,9.634895403603693,0.16279923157135556,0,0,0
-0.8675990914909022,0.01154762747892164,-9.836070444799901,-0.19269707037930886,9.874621203472586,0.1946334649720029,0,0,0
-0.8484875799721721,0.011797108071070284,-10.106911979874226,-0.2235734438782714,10.133595145498916,0.22181612120042757,0,0,0
-0.8330439924936996,0.01167546984034118,-10.394042732367538,-0.24657071155508276,10.40574348621935,0.24254444615920648,0,0,0
-0.8225877844763829,0.011393402242610762,-10.691056545470246,-0.259161916195734,10.687555190844876,0.2548456355520628,0,0,0
-0.8168741589852857,0.011350827783130058,-10.992516203420848,-0.25868005778194314,10.976410682323731,0.2567766854751724,0,0,0
-0.8142313030000992,0.01215588467920412,-11.290505671264143,-0.24308939333403146,11.267064696067635,0.24708297190150857,0,0,0
-0.8118762321930575,0.014536409556210116,-11.569973800550898,-0.2121476877066982,11.54756705345261,0.22609118005977819,0,0,0
-0.8061466746638786,0.019131743164525972,-11.805910533063155,-0.16827741016507644,11.79740255202293,0.19624882261073964,0,0,0
-0.7926040594694257,0.026239332828123452,-11.96610122689846,-0.11645620035645124,11.99078000015544,0.16178654799180237,0,0,0
-0.7662507966655454,0.03564326918656917,-12.021000206954042,-0.06298206506965584,12.105725122618779,0.12751472097562414,0,0,0
-0.722234995928801,0.046615029319137594,-11.957547321866883,-0.013683295777336468,12.135533004070368,0.09736184736432989,0,0,0
-0.6571701483269123,0.05807679216434991,-11.78968608152499,0.02751178098740894,12.096083371606312,0.07343773352680358,0,0,0
-0.5706506642124651,0.06883713936395282,-11.55860473593205,0.05899595406028198,12.023608966137374,0.05603787270175076,0,0,0
-0.4661550926106912,0.07779980473440559,-11.320877196166805,0.08090745800219139,11.962702400601117,0.04439336111149857,0,0,0
-0.3507238657939098,0.08409363923935728,-11.129349161194213,0.0941498936795682,11.95002915596703,0.03755492439757404,0,0,0
-0.23346338135660005,0.08713083724923934,-11.015387861390053,0.09970223495780459,12.001442031335671,0.034853016076355915,0,0,0
-0.12350483855352934,0.08663368786238408,-10.980014259948078,0.09850719344669585,12.107945780470118,0.03581627610671347,0,0,0
-0.028148627319822594,0.08265890806308107,-10.996835953041241,0.09168720452246219,12.241336163137916,0.03987242017921631,0,0,0
0.04833233292414718,0.07560464398903832,-11.024602290102777,0.08062794675991114,12.36632924413118,0.04623406151084168,0,0,0
0.10505757582684794,0.06615634427889319,-11.023977857375996,0.06671380359342863,12.454255283382338,0.05408207152343181,0,0,0
0.14410188269503976,0.05515506660183291,-10.972475387399925,0.050899933592050674,12.493695765137502,0.06283305409912003,0,0,0
0.16941893230389837,0.0434340480495635,-10.872814036300369,0.03347280987646428,12.494807573398475,0.07222585620188937,0,0,0
0.1853957756779181,0.031699634127825504,-10.752325268332939,0.01417946742566869,12.48594958124579,0.08218236458020697,0,0,0
0.19540835017824065,0.020498078619966976,-10.653739160232519,-0.007384221210494956,12.503523115835435,0.09262594937126067,0,0,0
0.20082680022441934,0.010249530296361798,-10.620349825273706,-0.03138121499465711,12.57835969695823,0.10345377583976187,0,0,0
0.20087709913903495,0.0013042654183365698,-10.68065976262541,-0.05754181531012818,12.723700593354565,0.11469813918261451,0,0,0
0.1934915027247257,-0.006005114785340026,-10.838219585691391,-0.08524981533771551,12.929769426272188,0.12677983277035593,0,0,0
0.17683215887984716,-0.011316303008636907,-11.070678165146191,-0.11386307421649917,13.167595656850523,0.140742269421699,0,0,0
0.15082763588776515,-0.01419745832138517,-11.338414440049348,-0.14310755674913053,13.400867002528798,0.15836156053609188,0,0,0
0.11810023001021364,-0.014143183147722027,-11.599396010477278,-0.1732800993993635,13.601236675208483,0.1819749854507137,0,0,0
0.0840507348416395,-0.010650743954113296,-11.82497354077708,-0.205005351384915,13.761494092841062,0.21385501299873794,0,0,0
0.0562559022175293,-0.0033974858944048948,-12.01144477846536,-0.2385111704045869,13.902230267615465,0.25513703803831617,0,0,0
0.043421192464066394,0.007522328356365904,-12.183400835824244,-0.2727510731285719,14.06956518660671,0.30467147650198567,0,0,0
0.05397651870102038,0.021407455634648898,-12.386540154226154,-0.304954900471823,14.323272970342572,0.3584489080264987,0,0,0
0.09431936068328639,0.03692414869926637,-12.670403339122856,-0.3310420782381314,14.71690982694561,0.41010739289473436,0,0,0
0.166902240194986,0.05229297528748304,-13.06577146667128,-0.3467722763841891,15.275070973737726,0.4524236478102736,0,0,0
0.26871478628838474,0.0656230614291573,-13.56573031697711,-0.3489482053864762,15.976484191292045,0.4790386589957393,0,0,0
0.39090671522633613,0.0752595861433349,-14.120227169864421,-0.3359470205460397,16.75208473711551,0.4855526060870048,0,0,0
0.5200691228804288,0.08003342754252003,-14.648835222430662,-0.3074213646202466,17.501940931476142,0.4696743717577874,0,0,0
0.6410299828850441,0.07938058679921625,-15.06711877431917,-0.26369153899683795,18.12547315331122,0.43084450604376057,0,0,0
0.7402813491332125,0.07336130798040444,-15.314455594641842,-0.20555984672242858,18.551880682798455,0.3700458798638607,0,0,0
0.8088517636508783,0.06262146942684269,-15.370914983925758,-0.134849749765867,18.757756328485513,0.2901575068443577,0,0,0
0.8437554678892667,0.04831667203674215,-15.25761448202671,-0.05525387317375703,18.766308904184584,0.19651047434319935,0,0,0
0.8477823866931828,0.031990478460294014,-15.023455544194533,0.027358742151695026,18.631718030780178,0.09685808703549839,0,0,0
0.8279324404873307,0.015388291728470449,-14.726001806347142,0.10578775573844723,18.417368625584217,0.00019953063248863147,0,0,0
0.7931169344634128,0.00021262225594682606,-14.414268964329949,0.1733277729956228,18.176646042181304,-0.08531395004578143,0,0,0
0.7518815066558062,-0.012134764508535057,-14.11826904871468,0.2256834213207412,17.941588934724038,-0.1544377498701408,0,0,0
0.7108114998292763,-0.020762749250906154,-13.84663974834747,0.262002486346519,17.720665607470494,-0.20585285770564782,0,0,0
0.6739520401651333,-0.025408691186129317,-13.59095766504619,0.2846325036597747,17.503936237801028,-0.24176792795098692,0,0,0
0.6431562054445124,-0.02644254638458534,-13.333841044362941,0.297914836910698,17.272333652853405,-0.26648888356341444,0,0,0
0.618933704047862,-0.02475142029253021,-13.05762138143443,0.30666422672931476,17.007503184097047,-0.28470504724246126,0,0,0
0.6012242711418168,-0.021522963643791117,-12.750890120460568,0.31486198060439674,16.699227751429035,-0.3001057664351592,0,0,0
0.5896685560279735,-0.017981053147985905,-12.411289445428963,0.32478892448080926,16.348629624674714,-0.31457520557300145,0,0,0
0.5833569228473294,-0.01514834056801675,-12.044307175087553,0.33662267094055665,15.966829195146033,-0.32793982012377826,0,0,0
0.5804182375620286,-0.013699483038637083,-11.659359539053995,0.34848910366339253,15.570318153159604,-0.3381797692403211,0,0,0
0.5778872980255017,-0.013932627181438307,-11.265649158285981,0.3569750319768318,15.175588377829712,-0.34204924023929095,0,0,0
0.5720709751759472,-0.015839123925833577,-10.870379803906587,0.3580562400829749,14.795836878994024,-0.33602734209714813,0,0,0
0.5593280941491088,-0.019210751415053552,-10.480413038941904,0.34825570983511367,14.441267406232711,-0.31740940250852956,0,0,0
0.5369572097787625,-0.02371766098651875,-10.106066628412265,0.32569987789196375,14.122138545397817,-0.2852331103776763,0,0,0
0.5038299336301293,-0.02892932463991258,-9.764090724594624,0.2907071398411773,13.851841250460495,-0.24072424119440966,0,0,0
0.4605424647895262,-0.03430450767108795,-9.477058980604681,0.24570638271298292,13.647229763125566,-0.18710097165794934,0,0,0
0.40911675699128125,-0.039202569901343055,-9.26833302210943,0.19459163819073097,13.52513372634374,-0.12884710509422348,0,0,0
0.352491946162786,-0.042954505905895245,-9.154290666509326,0.14187122974679625,13.496298520897952,-0.07079489913733283,0,0,0
0.29406367644820364,-0.04499373147202448,-9.13723577667578,0.09197893610698031,13.559586783201937,-0.01738668412316855,0,0,0
0.23737316085114912,-0.045005877389155555,-9.202295711924165,0.04889394638239395,13.699308436580111,0.027700453346004395,0,0,0
0.1858615990120711,-0.04303541485793829,-9.319732776378672,0.015962722602998268,13.887117326887477,0.061629185423964825,0,0,0
0.14252591611699472,-0.03950166535561976,-9.451667506438625,-0.004281323614060284,14.087887887620695,0.0823762530204732,0,0,0
0.109390779428864,-0.03512239949629503,-9.560623677872101,-0.010406121894830278,14.267400565001026,0.08877762688024404,0,0,0
0.08689843588720692,-0.030786893502404666,-9.617127164588325,-0.0023974681825364996,14.399143078857861,0.08067720058007381,0,0,0
0.07347578505074637,-0.0274284218842638,-9.604463498564641,0.018185477776219726,14.468133104700144,0.05908168534912903,0,0,0
0.06552581123332857,-0.025916052888659634,-9.519872216745284,0.048348472839394675,14.470992293330298,0.026195475208704976,0,0,0
0.057892762028330935,-0.026947472371176673,-9.372394241057734,0.08406827763336935,14.41290999514618,-0.014721728615322149,0,0,0
0.044623011138739344,-0.030916436194596032,-9.17826534833469,0.12082732723474691,14.30307052669869,-0.059648619457878735,0,0,0
0.019779457605565653,-0.03776479248056006,-8.955380998913583,0.1541463017028022,14.150403636693227,-0.10419200841392069,0,0,0
-0.02178736803544723,-0.046884127332165806,-8.718810983530219,0.1800668519278787,13.96126318866716,-0.14403734702569865,0,0,0
-0.08361312469969562,-0.057154696842118824,-8.479050000044978,0.19560003338764317,13.739900040734256,-0.17544836338716152,0,0,0
-0.1666384458289656,-0.06716445575472534,-8.243394234091156,0.19913853643335672,13.491401693041908,-0.19578919495798885,0,0,0
-0.2682571453767366,-0.07555746954867856,-8.01916066084408,0.19073641003255376,13.225480480861819,-0.20397454235219642,0,0,0
-0.3819428374344511,-0.08138261290923339,-7.816458645309538,0.17206825167949374,12.958769608600875,-0.20066656315987358,0,0,0
-0.4980711833704419,-0.08430597691339443,-7.648463164688209,0.14591494610497763,12.713649470828528,-0.1880265905977808,0,0,0
-0.6061187463139248,-0.0846191080825193,-7.528486852411717,0.11525025638507884,12.51310034375041,-0.16899485305156645,0,0,0
-0.6976819334584548,-0.08307564766118532,-7.465030140732196,0.08231430750363558,12.373164571624216,-0.14637548975032644,0,0,0
-0.7692031179535945,-0.08065745442392398,-7.457582831539753,0.0481939521263655,12.296404895099954,-0.12221241860530085,0,0,0
-0.8232803115283787,-0.07836914010928524,-7.496231537863807,0.013186931510109901,12.270137730715419,-0.097808695246232,0,0,0
-0.8679784488606401,-0.07710286396504103,-7.56630841967943,-0.022285550852062387,12.271314658151496,-0.07430086466006572,0,0,0
-0.9143696013115488,-0.07755477489244952,-7.6559069250086225,-0.056848493570508654,12.276145143230991,-0.05329181715240594,0,0,0
-0.9732129900682054,-0.0801519347141479,-7.761454712827501,-0.08800860014407305,12.2692775069889,-0.03700594772932533,0,0,0
-1.051948546469589,-0.0849702315762471,-7.88729134574298,-0.1127868013637979,12.247393528399499,-0.02777627892299961,0,0,0
-1.1529714770848614,-0.09166574886214107,-8.039314153830162,-0.12876380090921485,12.215760962000218,-0.027132820796893498,0,0,0
-1.2736189322949372,-0.09946817514498178,-8.216948100393296,-0.13492087791344431,12.180731299304469,-0.03503272919013654,0,0,0
-1.4076380934554038,-0.10727264362269864,-8.408572853852448,-0.13182873263529443,12.143040866457156,-0.04970263384316524,0,0,0
-1.5473842492209258,-0.11382619673292282,-8.592898154370175,-0.12117756589022832,12.09540178239422,-0.06819738874761186,0,0,0
-1.6858606065750052,-0.11796790856179484,-8.745220840631902,-0.10503636038810242,12.025076687131019,-0.08735986362862888,0,0,0
-1.8179620629781965,-0.11886542406553531,-8.84544031699825,-0.0852845949705241,11.919810438814054,-0.10469679702430881,0,0,0
-1.9407048850876265,-0.11618938978130729,-8.884595746032375,-0.06337367189624957,11.774288319719844,-0.11885945780414034,0,0,0
-2.052631568640777,-0.11017437733292326,-8.867682583910906,-0.04027064055987921,11.594171255754873,-0.12971262618555243,0,0,0
-2.152892075686154,-0.10153654546761004,-8.811818316708525,-0.01641980591899852,11.39567887070261,-0.13810830008151243,0,0,0
-2.240602787124942,-0.0912572179937996,-8.740137295448221,0.008220339766988615,11.200425558156411,-0.1454269314316136,0,0,0
-2.314865374897934,-0.08028704140633067,-8.673050872792658,0.03387445739977153,11.027166383958814,-0.1529201999068505,0,0,0
-2.3753627056241697,-0.06926421582869864,-8.619654505992088,0.06036241423672806,10.883605037448945,-0.1610228726114599,0,0,0
-2.423003548131504,-0.05835638883225016,-8.572770913042433,0.08653544502613783,10.761957865642032,-0.1689705777463729,0,0,0
-2.4599564291589218,-0.047302640996366566,-8.510694756700289,0.11018052019489488,10.641132468078084,-0.17501927240917467,0,0,0
-2.488731020638312,-0.035642805661339594,-8.406476266634186,0.12858365463188476,10.495874688062514,-0.17723575149533985,0,0,0
-2.510604221265183,-0.023024117610408724,-8.24181617463097,0.13946834490214996,10.309581712699455,-0.17442892934457035,0,0,0
-2.524268773410128,-0.00943866918726428,-8.019241295770996,0.14171805015613045,10.084582542256115,-0.1666445104566634,0,0,0
-2.5256579786044426,0.004706843350251688,-7.765877381961957,0.13542294374994981,9.843978531663126,-0.1549017674076083,0,0,0
-2.5093201322995498,0.01869065687935887,-7.525981770389677,0.1212863557150925,9.623321355749212,-0.1403600307783094,0,0,0
-2.4708439632290293,0.03166234225712827,-7.345453846426722,0.09992329539191332,9.456136264710707,-0.12352556804493844,0,0,0
-2.409252066770577,0.042811512696967216,-7.255870371231353,0.07169405380217171,9.36072127939218,-0.10413291011291222,0,0,0
-2.328294272121653,0.051461368460969936,-7.26542506849259,0.037308362241468274,9.334587363372862,-0.08187555576371039,0,0,0
-2.2360969793379155,0.057105579959561226,-7.359907355891508,-0.0012261053447986114,9.358357557858938,-0.05749339203874939,0,0,0
-2.143333006587639,0.05944912906260953,-7.511461802781156,-0.04013726110893003,9.4058767876287,-0.033357823501552274,0,0,0
-2.06061589366864,0.05848809767854561,-7.689535728612469,-0.07450255383805313,9.454545586933392,-0.012971710898128208,0,0,0
-1.9959905366554835,0.05459935347999476,-7.8687325522162865,-0.09981522525852853,9.49082615506235,0.0004542014417452833,0,0,0
-1.9532129738145159,0.04856982491528896,-8.031502349218982,-0.11370090689020884,9.509648621868621,0.005542699353806313,0,0,0
-1.9311666879783473,0.041508895401706526,-8.167249993051257,-0.11685916296217584,9.510400296647603,0.003524131863674995,0,0,0
-1.9244391555140936,0.034643222284186946,-8.271007308770209,-0.11277440792883767,9.49360424676793,-0.0021541610793136103,0,0,0
-1.9248504284290817,0.02905433900310044,-8.343606099012007,-0.10642839977278698,9.46067827912816,-0.007102513454248083,0,0,0
-1.9235538176176874,0.025449186884873142,-8.392879440133441,-0.10269955376850817,9.416148272930243,-0.007439675076059871,0,0,0
-1.9132053181045876,0.02403722078071695,-8.434016698114348,-0.10512929475435584,9.369828682009611,-0.0007604211262474791,0,0,0
-1.889664756496046,0.024540375789689504,-8.487651435179885,-0.11537206546623224,9.336815947065801,0.01361757355685711,0,0,0
-1.8527896165566347,0.026313726607313015,-8.575745800509026,-0.1332272401160779,9.334851653086218,0.03491406306120837,0,0,0
-1.8061240248199084,0.02852592692483711,-8.716531266297551,-0.15695794196466295,9.380148836172793,0.061278215451898176,0,0,0
-1.755618328848314,0.030343605387686524,-8.920025499759845,-0.1836937109970819,9.483221943799876,0.0901071343817037,0,0,0
-1.7078092159176208,0.031077598241930106,-9.185223003881305,-0.2099079970463123,9.645824357437192,0.11834871358496173,0,0,0
-1.6680294219052172,0.030272765073422647,-9.499522394212036,-0.23202819368489855,9.859540927259687,0.14293196819253637,0,0,0
-1.6391798862657225,0.027744922733225506,-9.840586728416838,-0.24713163377716824,10.106386401286912,0.1613317143615845,0,0,0
-1.6214143745522165,0.023578101050578937,-10.180543208982826,-0.25355190853860987,10.361749622945197,0.17209592958575826,0,0,0
-1.6127778351983864,0.01809441686674944,-10.491959410596564,-0.2512075355112785,10.59963540877986,0.17512778992025915,0,0,0
-1.6104776673703611,0.011804633860997171,-10.754298634963334,-0.24157193441400437,10.799148363934975,0.17163899911899136,0,0,0
-1.612215529163791,0.005341803142857771,-10.958967772951567,-0.2273329442345144,10.950133090681646,0.16384988067994613,0,0,0
-1.6170086060508453,-0.0006254230368867297,-11.111264885895125,-0.21185472342582584,11.055810948943801,0.15456900878325258,0,0,0
-1.625179856152414,-0.005500383084554983,-11.228606621410336,-0.19853798295700073,11.131426735375385,0.14671332039328888,0,0,0
-1.6375719902383423,-0.008870188238491039,-11.335744843899889,-0.19012764428143214,11.19961193498979,0.1427310012716859,0,0,0
-1.654391184489043,-0.010586025416502309,-11.458552446226449,-0.18802910500944847,11.284323164236653,0.1439139665483708,0,0,0
-1.6742836522740845,-0.010777847912720517,-11.618069628470295,-0.19180790564544595,11.405231015092212,0.14978080300657268,0,0,0
-1.6941837171112724,-0.009794525700273482,-11.825966557986845,-0.19915986327400786,11.5735196052198,0.1579134620183865,0,0,0
-1.7101162569371269,-0.008088732396961973,-12.081819651797147,-0.20656428713520542,11.789059635662056,0.1645839825940115,0,0,0
-1.7186380893634094,-0.006079508170105896,-12.372250460691049,-0.21052715143181047,12.038775074263569,0.16613393079618533,0,0,0
-1.7182561464975663,-0.004025698698211499,-12.672377691417793,-0.2089720467180868,12.296956394000702,0.1605984599342321,0,0,0
-1.7101607861665258,-0.0019373354590825898,-12.950566405691646,-0.2021947250499892,12.529267710865511,0.14884305484596466,0,0,0
-1.697895930020465,0.000456456609254019,-13.176907757247179,-0.19296243550904676,12.701650774883916,0.13466765805003292,0,0,0
-1.685974937853473,0.003669649672676201,-13.33387813572844,-0.18571232261778903,12.792766043337238,0.12380467131463746,0,0,0
-1.6778289772204573,0.008340200392116515,-13.425465311080757,-0.18517419775826055,12.80559653433211,0.12220995370927312,0,0,0
-1.673764539079869,0.015032607696193167,-13.48049969672634,-0.1949237832057932,12.7727537126963,0.13428212030669756,0,0,0
-1.6697190861815443,0.024003958637234746,-13.547693983560762,-0.2163100753853243,12.751907595592542,0.16158045909279933,0,0,0
-1.6574872203845104,0.0350181474509796,-13.683089784164736,-0.24799729017235989,12.811566318366175,0.2023490615430049,0,0,0
-1.6267142530159617,0.04729743120759196,-13.933561629379753,-0.2861551294056454,13.011159172754788,0.2518548222156582,0,0,0
-1.5683120124014778,0.0596474967283811,-14.321488292748981,-0.3251730985999387,13.381596277330544,0.3033197979437688,0,0,0
-1.4782165601252188,0.07071038941181343,-14.835478445271036,-0.35867258934256085,13.912760984928696,0.3491269774163072,0,0,0
-1.3599793116567298,0.07924244811126328,-15.430539307415245,-0.38057334224754413,14.55275832629556,0.38201501180722913,0,0,0
-1.2249216179445455,0.0843192402051102,-16.038459051303633,-0.3860326337343736,15.220198997040498,0.3960959942892998,0,0,0
-1.089499970569662,0.08543158983605395,-16.585609121727828,-0.37214903851353254,15.825964022774926,0.38763685042869156,0,0,0
-0.9707250831023231,0.08250847729802188,-17.012191204506365,-0.3383777757472416,16.296866308495183,0.3555974080757892,0,0,0
-0.8813400579672361,0.0759261608662527,-17.286233119201782,-0.2866717805941363,16.59290383076859,0.3019313556613398,0,0,0
-0.8265266841304424,0.0665215515389562,-17.408020320904498,-0.2214155032854208,16.71286753848554,0.23162462106038362,0,0,0
-0.8031713220239709,0.05556323068767597,-17.40458016930006,-0.14916063390138845,16.68793482265309,0.15235357875552752,0,0,0
-0.8016294800357429,0.04460630386137865,-17.31733938685217,-0.07802468535208221,16.56713325351268,0.07357947121306693,0,0,0
-0.8090504037389508,0.035196512794541945,-17.188206098690344,-0.01658333766717135,16.400909833943942,0.005024151697432444,0,0,0
-0.8130010447356568,0.02847636406061014,-17.049633478125244,0.02768313218811045,16.22900719553253,-0.04519268806804462,0,0,0
-0.8043470047799701,0.02483023716830246,-16.92214564642913,0.049994690727875477,16.076294113850835,-0.07218639350451639,0,0,0
-0.778858579330759,0.023728141161357998,-16.818705904824455,0.04937653019762962,15.955993709171167,-0.07515709567147581,0,0,0
-0.7375348426242425,0.02386080839594058,-16.75144249839954,0.028844835199301144,15.87620553974925,-0.05720900513028937,0,0,0
-0.6859614424962217,0.023532893116895083,-16.73535988262526,-0.005415256551052039,15.844939427814737,-0.02428071663658784,0,0,0
-0.6330376862842115,0.021169610285605246,-16.786286211923027,-0.04558125726471616,15.871039895723428,0.016378924914735648,0,0,0
-0.5892452725168624,0.01575671875914537,-16.914255018928202,-0.08384751592791843,15.961296581770782,0.057644280086010725,0,0,0
-0.5645632380645651,0.007080832598876441,-17.11613181730705,-0.11359576054783815,16.115844771350197,0.09342457537005089,0,0,0
-0.566300548866792,-0.004274019817680141,-17.37149195236269,-0.1297909987999759,16.3243260871468,0.11892859918991405,0,0,0
-0.5973543008828983,-0.017132176204962945,-17.644018671337506,-0.12878202905443317,16.5646990830913,0.13049299415852858,0,0,0
-0.6554338571442031,-0.030038607612254964,-17.88810863740443,-0.10799052156648088,16.80544999639264,0.12535108032991787,0,0,0
-0.7335386787912057,-0.041573369958123864,-18.05810325190751,-0.06593139134819097,17.010539867551344,0.10165290476988957,0,0,0
-0.8215987775075604,-0.05059719926123023,-18.116615892824214,-0.0027052915223436,17.145279701070308,0.0588426055267476,0,0,0
-0.908856604673872,-0.05640186796606628,-18.039262788943873,0.07924576423152843,17.181135481334536,-0.0017260277006926118,0,0,0
-0.9863475186187713,-0.05876572939389888,-17.81526509829007,0.17455936081098572,17.098450231113915,-0.07623719331858325,0,0,0
-1.0487713858654502,-0.057924833182737244,-17.445600125404937,0.27501373622173875,16.887568943422323,-0.15830763555781716,0,0,0
-1.0952172651291647,-0.054479417252345286,-16.941307934151638,0.37047869129591077,16.549722637038258,-0.23961455393487655,0,0,0
-1.1285819177252279,-0.04926416017572706,-16.323674174991766,0.4506164116508614,16.09858449434327,-0.31124564172568225,0,0,0
-1.1539578428057808,-0.04320710109266059,-15.625898344252832,0.5068131689147805,15.561954153960968,-0.36539022786916175,0,0,0
-1.1766026327102708,-0.03719166031711012,-14.893881309120118,0.533682513162546,14.981622727513127,-0.3967793212053351,0,0,0
-1.200228029667656,-0.03193337874534876,-14.183321724445321,0.5296783807470348,14.409304457043874,-0.403387182123501,0,0,0
-1.2261802805484763,-0.027887704714494532,-13.551939135398896,0.4967708430348722,13.898083450294521,-0.3862704180342007,0,0,0
-1.2536697884341663,-0.02520813146495442,-13.04848420367641,0.4395148139626713,13.49137742237869,-0.3488066362500106,0,0,0
-1.2807732078449732,-0.023771412938319258,-12.702437657318413,0.36398152770757547,13.213342269281185,-0.2957688531265973,0,0,0
-1.305681306072259,-0.023273238345146295,-12.518481290819722,0.2768903964010633,13.064578409878905,-0.2325633238304846,0,0,0
-1.3276484330103955,-0.02336749666076656,-12.477891695056215,0.18500573446910806,13.024864763080316,-0.16469228082974183,0,0,0
-1.347298579778709,-0.023790617672950987,-12.546159794524925,0.09465251525086416,13.061656274538151,-0.09729912437255592,0,0,0
-1.3662960471084205,-0.024414774406413643,-12.68385889791601,0.011193317247314382,13.140895963077298,-0.03465802803108033,0,0,0
-1.3866902262572438,-0.0252188945817025,-12.856994380242199,-0.06153661776380233,13.236320915656123,0.020358234213483685,0,0,0
-1.4102775993179364,-0.026215120790588742,-13.043823964429038,-0.12167290874776597,13.334699919215709,0.06663693194850281,0,0,0
-1.4381342063971658,-0.02738060625077878,-13.23679657193668,-0.1694399994641131,13.436313213318314,0.10481311730824387,0,0,0
-1.4703280246126127,-0.028623476174909967,-13.440005962925753,-0.20684725739084228,13.551503169983718,0.13685072685468783,0,0,0
-1.5058587342511913,-0.029784160149320373,-13.663850381314433,-0.23704288485574096,13.694959764513527,0.1653817667763633,0,0,0
-1.5429244157508606,-0.03065735982062847,-13.919166744796073,-0.26353355010431445,13.879711588766213,0.19305791718635562,0,0,0
-1.5794873685800468,-0.03102077608861009,-14.212881285460853,-0.2894811608692166,14.112709582961344,0.22208877426768794,0,0,0
-1.6138831947594952,-0.0306676145857395,-14.546364268964638,-0.31718605725613713,14.393372031627194,0.2539719026500123,0,0,0
-1.6451401812719126,-0.029446151183466895,-14.916588643082335,-0.347764745407774,14.715473942301784,0.28931683755033644,0,0,0
-1.6728696453147052,-0.027303505685132734,-15.319194398959155,-0.38101961524735656,15.071475134940854,0.3277157567659927,0,0,0
-1.6968979871433447,-0.02431919196947945,-15.751805988934365,-0.41554945040267766,15.457208658333002,0.3677463965088322,0,0,0
-1.7169537451753314,-0.02070929916666415,-16.21568453699041,-0.44915413181490466,15.874418945715831,0.4072440240265351,0,0,0
-1.7325957182318348,-0.01679027776502977,-16.71444402601442,-0.47948607377869623,16.32948158882168,0.4438620450772902,0,0,0
-1.74336308146394,-0.0129103464279126,-17.25020211539932,-0.5047488162060887,16.828660737643645,0.4757350969241273,0,0,0
-1.7490506539459858,-0.009377069404129657,-17.81934488534121,-0.5241549563777681,17.37242372960185,0.5019341678526473,0,0,0
-1.7500174074175021,-0.006413948067975639,-18.41070806294512,-0.5379196092872377,17.952151829031564,0.5224728213981429,0,0,0
-1.7473901462303445,-0.0041571484436673245,-19.007742023247815,-0.5467829324854847,18.551330033734246,0.5378600137970544,0,0,0
-1.7429866590386212,-0.0026728858107873065,-19.593852431025525,-0.5513204242420187,19.150723000868467,0.548458456355214,0,0,0
-1.7389108753132092,-0.0019637608207318637,-20.158138206860016,-0.551444226837637,19.734815620828257,0.5540353446762118,0,0,0
-1.7370091259944616,-0.0019465142139949876,-20.698390491831532,-0.5464042765805501,20.296203348922283,0.5537937405820024,0,0,0
-1.738469471580018,-0.0024128023786957444,-21.21963531378921,-0.5353045940029659,20.835808796303546,0.5468938233521421,0,0,0
-1.7436826032832045,-0.003008918696262697,-21.728888779410596,-0.5178465897089453,21.35900350926797,0.5331871071436843,0,0,0
-1.7522333264391534,-0.0032693747210345236,-22.22888629439079,-0.4948923401035728,21.869835035583797,0.5137733425298358,0,0,0
-1.76282822360389,-0.0027095692693407613,-22.71424488120482,-0.46855472793040603,22.36659814346367,0.4910904047792634,0,0,0
-1.7731786777329432,-0.0009478547905828804,-23.17239082537087,-0.44176552581331097,22.84136196312327,0.4684642619721984,0,0,0
-1.780106594380129,0.0021867239848234023,-23.58917396003457,-0.41750683282472495,23.284022900468408,0.44926662292255487,0,0,0
-1.7800838934406897,0.006596872642097651,-23.956665424283543,-0.3980192687131591,23.689063459032603,0.43598585333817896,0,0,0
-1.7700823517320288,0.01192880394831235,-24.279399710329585,-0.38428184026986967,24.0616270486611,0.4295593914012926,0,0,0
-1.748389423219038,0.017649567678502363,-24.575793464993126,-0.37591394506610526,24.41945824055024,0.42920610142801435,0,0,0
-1.7151418861462275,0.02316102577451886,-24.87345882007878,-0.37145760262326916,24.788869578147832,0.43277142961280857,0,0,0
-1.6725007451590415,0.027914320890313604,-25.199828000920803,-0.3688563387293783,25.195667329685335,0.43737957974145514,0,0,0
-1.624394563800081,0.03150519817818207,-25.571707182109293,-0.36591976420296957,25.654597423280897,0.44010060119364025,0,0,0
-1.5757376496541298,0.033741826866884136,-25.988025745051843,-0.36064143405126714,26.16189604986394,0.4384134498758968,0,0,0
-1.5312179658587013,0.03466700846706061,-26.428820907437512,-0.3513552187407427,26.694312439591755,0.43040407889064125,0,0,0
-1.4940354688298072,0.034516888216600705,-26.86095421266465,-0.33680032161619666,27.21515776053782,0.4147828061951479,0,0,0
-1.4650546125983084,0.03363180404835191,-27.248371602064267,-0.31618281623378125,27.68502891240481,0.39087070932962503,0,0,0
-1.4426656247718483,0.03236720522448877,-27.563079764796214,-0.2892759869706822,28.07319795779157,0.35866321219587577,0,0,0
-1.4234122670614227,0.031040216370624308,-27.792951897737012,-0.25651933170018565,28.365667837567514,0.3189542400170303,0,0,0
-1.403220541053031,0.029905167405502198,-27.943796681155092,-0.21900860417675858,28.56728630250172,0.273381642759292,0,0,0
-1.3788238456627084,0.02912913038088192,-28.035286982416594,-0.1782835644150893,28.697576671444082,0.22424034351970193,0,0,0
-1.3488286929141537,0.028754154066911043,-28.092587870627625,-0.13593352575512654,28.782299451644093,0.17403577752640942,0,0,0
-1.3139924000938379,0.0286630895693591,-28.13690049911115,-0.09317597482602906,28.8441398234512,0.12492530756953571,0,0,0
-1.2766859755991078,0.02858382552382892,-28.17811178681943,-0.050613514396319205,28.89571247745686,0.07828963501793211,0,0,0
-1.2399266620498821,0.02815867028865,-28.211656551588405,-0.008303362318527263,28.936715874788774,0.03463623057865206,0,0,0
-1.2064939281606968,0.02706960891750896,-28.220289470215917,0.03387300571895224,28.955515535801915,-0.006109012901370647,0,0,0
-1.1784237169047174,0.02516626087400482,-28.180131350324558,0.07570096653084164,28.934281988100167,-0.04405286300051543,0,0,0
-1.1568273695335591,0.022528116090091997,-28.069214908759406,0.11622214785452627,28.856094307970892,-0.07879787888311043,0,0,0
-1.1418255641749226,0.019424461710377726,-27.875985520922285,0.15361497409152775,28.712030143354035,-0.1091891445312406,0,0,0
-1.1325244518779414,0.01619480964103843,-27.60506662396557,0.1854132035834027,28.506196173488014,-0.13346799012475472,0,0,0
-1.1271612369226602,0.013119660272084843,-27.278277317108177,0.20895311428486565,28.257048041438928,-0.1497421462513877,0,0,0
-1.1235475320132338,0.010354590893669524,-26.930366392082362,0.2218687256724877,27.99432066281299,-0.15653212824189638,0,0,0
-1.1197477829900606,0.007955227143787625,-26.600750758195872,0.22249977778622565,27.752248378138795,-0.15316159290457917,0,0,0
-1.1147378791887235,0.005955460130758183,-26.3239797509854,0.21018912108984864,27.561032576209314,-0.13991395919909877,0,0,0
-1.1087300593290337,0.0044253418193250125,-26.12212540873975,0.18552340964114222,27.439294412274897,-0.118050309609297,0,0,0
-1.1029480192240015,0.0034572024938796632,-26.00160221349104,0.15053634334287266,27.39019425338295,-0.08981947926589769,0,0,0
-1.0988714454668411,0.0030880107871226413,-25.9551335724623,0.10877127539779678,27.402666059054376,-0.05845776928670645,0,0,0
-1.0972727682259773,0.0032161839983260165,-25.96732369786092,0.0650078144825855,27.456954715979904,-0.028007177165582674,0,0,0
-1.0975721459816725,0.0035808254162915886,-26.020751424510863,0.02451030261193097,27.531527047261065,-0.002753366423760184,0,0,0
-1.0979524269391447,0.0038358324976712765,-26.099703190536843,-0.008122008810468628,27.608001380829037,0.013734496802702978,0,0,0
-1.0962811290514338,0.0036874662018519188,-26.19056456313021,-0.030133111586108895,27.672470348571863,0.019676277407728548,0,0,0
-1.0913856920299736,0.003010969833751176,-26.280288247256507,-0.04128823049705801,27.714248891157162,0.01575638974887781,0,0,0
-1.0839395288271447,0.0018651400735976154,-26.355647732076562,-0.043672108196761886,27.724714713901193,0.0049616714780782445,0,0,0
-1.0763795542120107,0.0003941424380400349,-26.405199839090088,-0.04065803513346396,27.698377544236344,-0.008458991458739717,0,0,0
-1.0718553973105145,-0.0013065201728565512,-26.423456524600837,-0.035548414087094214,27.636057186352183,-0.020456995851817084,0,0,0
-1.0728383208864898,-0.0032529533968101987,-26.41448451846162,-0.03055498446038456,27.54775815087173,-0.02836956928771528,0,0,0
-1.080220044730865,-0.005513780347250474,-26.39185465442992,-0.02655495571704449,27.452282773835158,-0.03131774333200425,0,0,0
-1.093331343845577,-0.008075360831857382,-26.37390404919556,-0.023574919136314064,27.372364801392507,-0.029787676187915935,0,0,0
-1.110637347710238,-0.010739621627710961,-26.376235565381805,-0.02153039742590863,27.326957088742894,-0.024814732035400057,0,0,0
-1.1304819609072467,-0.013140954463035825,-26.40525303514069,-0.02066581833360459,27.324305687951885,-0.017326799262532687,0,0,0
-1.1514189325239386,-0.014878869735997568,-26.456114120300654,-0.0214435479484024,27.35929291525182,-0.007974016430330267,0,0,0
-1.1721393003485474,-0.01567622851794681,-26.516037438619648,-0.024078092217560253,27.416372129278002,0.0026318209520262313,0,0,0
-1.1913357451042543,-0.015458082769934833,-26.57095170633565,-0.028160106751262504,27.476567393547192,0.013624200088568728,0,0,0
-1.207789098842369,-0.014311385873980953,-26.611858022426134,-0.032708218399896793,27.525109551611017,0.02386827972785781,0,0,0
-1.2206440946704902,-0.012373314695064152,-26.63789200408486,-0.03665230932002004,27.55631702204888,0.03230402764992561,0,0,0
-1.229600606065958,-0.009735996240236489,-26.655265440637223,-0.03944927405985368,27.57407636039199,0.03844981661112783,0,0,0
-1.2348008724302133,-0.006425044901106958,-26.673455721942545,-0.04144880289216531,27.588524774720845,0.042747720649310136,0,0,0
-1.2364452025853865,-0.0024437363079144346,-26.700986233194527,-0.043783836161634324,27.611047598671085,0.046502510665599316,0,0,0
-1.2343704946608796,0.002169230184824755,-26.742758658582005,-0.04783888262116136,27.64999736524215,0.051379270871552765,0,0,0
-1.2278419233096116,0.007311489995963427,-26.799745775739225,-0.054577529039663376,27.708803854063163,0.058669765452587085,0,0,0
-1.2156693815350081,0.012818690335924999,-26.870602149222307,-0.06405907393718166,27.786770121744922,0.06867241850656783,0,0,0
-1.1965766634276918,0.018469098251273408,-26.95387580023599,-0.07533242052398634,27.881397235933996,0.0804652068734768,0,0,0
-1.1696434432560068,0.023977204364965133,-27.049340532547262,-0.08668011156325406,27.99036010226272,0.09213688497191655,0,0,0
-1.1346741988827347,0.028992261614480697,-27.157633312822767,-0.09604470514949667,28.111807206136888,0.10133031508283849,0,0,0
-1.0924571913112402,0.033128603588549764,-27.278482743456678,-0.10146258921952267,28.24304120711456,0.1058574709033678,0,0,0
-1.0449096235532238,0.036037706320733776,-27.408589645877086,-0.10141211053144303,28.37872842912676,0.10418711473099052,0,0,0
-0.995028828780562,0.03750223913288124,-27.540256837575086,-0.09507728398754552,28.50989362444001,0.09573323860551639,0,0,0
-0.9465225864405795,0.03751111213723135,-27.661433284689494,-0.08257701785326929,28.62435074949947,0.08099832562968175,0,0,0
-0.9030844587753819,0.03627961564971542,-27.757384550777232,-0.06517852514094358,28.70857207427583,0.061656370031650455,0,0,0
-0.8674648601022739,0.034210449531434504,-27.813866881053656,-0.04541146598721326,28.750675001373068,0.040563853872370714,0,0,0
-0.8406469902061957,0.03182265291818283,-27.821374989097762,-0.026907440843167763,28.744102507800086,0.021552598528116106,0,0,0
-0.8214655420553783,0.02967509852206689,-27.779645978768684,-0.01382142937752633,28.691380492230813,0.008846460475180607,0,0,0
-0.8068472867588525,0.028285849678321994,-27.701125783956698,-0.009880761155091022,28.606923802579225,0.006122267502324519,0,0,0
-0.7925697035683896,0.028038733673496095,-27.6117479726949,-0.017344076774533333,28.517445744860595,0.015487649209620712,0,0,0
-0.7742306621294119,0.02909159045298395,-27.547557151888356,-0.036266660277260596,28.45856719239572,0.036774148972146745,0,0,0
-0.7481586383325549,0.031324492628968414,-27.54680393965235,-0.06436997572687346,28.467193033878566,0.06743911304986697,0,0,0
-0.712170331997342,0.034353500220828434,-27.639064449125996,-0.0975577372450104,28.571116299463256,0.10310112955654986,0,0,0
-0.6661352497056185,0.037593892025310535,-27.834874052434827,-0.13085752363085704,28.779227241595677,0.13847185003889492,0,0,0
-0.6121685542455424,0.040328870244260885,-28.120051153549838,-0.1594369217106447,29.076313563997296,0.16833959893197487,0,0,0
-0.5542199338125897,0.041755424420654205,-28.45756663832239,-0.17939567152475888,29.425066131871738,0.18833999048310446,0,0,0
-0.49711198799791134,0.04102679108725908,-28.796952361547866,-0.18820628352565053,29.775113803365585,0.1954309543340571,0,0,0
-0.44552662180227287,0.03734742339031953,-29.088221215077255,-0.18484142133212772,30.076098992619762,0.18814028123067034,0,0,0
-0.4035585843162437,0.030160750208123942,-29.295495001063145,-0.169690219470462,30.290319791898973,0.16667588519635856,0,0,0
-0.37501545936184755,0.019399942488784915,-29.40570468794249,-0.14432198305243132,30.40084564969164,0.13289101032713901,0,0,0
-0.3639627512568211,0.005694718306325797,-29.42961998714486,-0.11109144711968497,30.41287673573629,0.08999878353769901,0,0,0
-0.3746844044293596,-0.009592578609007774,-29.395218152973627,-0.07259059671049499,30.34859584618527,0.04196288601596691,0,0,0
-0.4105628299161026,-0.024563841805945685,-29.335966643830616,-0.031036749362419867,30.23787515142684,-0.007346213138261959,0,0,0
-0.4721358248177694,-0.03716533609370458,-29.27809388295914,0.012253210744724186,30.108137344867067,-0.0549955520258365,0,0,0
-0.5552213711822844,-0.04561465180200912,-29.230965624746688,0.05719548708153042,29.976301399374286,-0.09961598675418984,0,0,0
-0.6501457199026675,-0.048726774654060986,-29.18347260542734,0.10507607502505607,29.844694992031407,-0.14173609349491656,0,0,0
-0.7427504060573682,-0.046051669543680875,-29.107319855172065,0.1585303773940737,29.701651671982965,-0.18385466875874315,0,0,0
-0.8171799827393187,-0.03782325685657213,-28.965689107630013,0.22132897372706992,29.526143472361397,-0.23024911690934075,0,0,0
-0.8597051023363349,-0.02478566859003024,-28.72354013024784,0.2978345741576135,29.294159924357075,-0.28641683609987467,0,0,0
-0.8622832059024574,-0.007980530329230361,-28.354943937691928,0.39202002291254134,28.983484714742474,-0.35802945837644984,0,0,0
-0.8244794466936298,0.011445322121984703,-27.844316213204124,0.5061339967441227,28.57433004814886,-0.4494337269338871,0,0,0
-0.7529169729950809,0.0323908485676867,-27.181928415702927,0.6393822354488833,28.04610467709186,-0.5620252812431523,0,0,0
-0.658419515816405,0.053914705456554655,-26.35762090225448,0.7871838686528421,27.373706790428095,-0.6930914802312514,0,0,0
-0.551941128110073,0.07531724708981216,-25.357893653833727,0.9414896277941125,26.52784276110257,-0.8357372299807032,0,0,0
-0.4407681499624374,0.0961841737338048,-24.16962565730546,1.0922522372214147,25.481964130035415,-0.9801411272356063,0,0,0
-0.3262372342258004,0.11638006973345938,-22.789650250938507,1.2295762385032674,24.224442179599883,-1.1157672204486204,0,0,0
-0.20360335149182163,0.13598905514182605,-21.235481168643645,1.3456878148126976,22.77073686967045,-1.2336521395666558,0,0,0
-0.06400751184119713,0.15521840274266197,-19.550792829688888,1.4359513844445075,21.168771172554365,-1.3278561163001683,0,0,0
0.10213663500171322,0.17429564799010536,-17.801017758033694,1.4986907629887043,19.492748652001012,-1.395652497471945,0,0,0
0.30151749143213635,0.19338167468522868,-16.059181552659254,1.5341883647638839,17.82581251025627,-1.4367153998320625,0,0,0
0.5354111047246306,0.21249391318184507,-14.387438065077149,1.5435489289760866,16.2378086524823,-1.4520203751394427,0,0,0
0.7992670544315388,0.23142251763494953,-12.822414571257852,1.5279946151964978,14.767543514090178,-1.4431472798128575,0,0,0
1.0845369640846485,0.24965368334742094,-11.37071327236744,1.488762484120977,13.417181815708645,-1.412226813163219,0,0,0
1.3818756187422139,0.2663564076883517,-10.01601000619489,1.427393802141961,12.160688762781945,-1.362232694135964,0,0,0
1.6841709818560133,0.2804873502318642,-8.734136367544593,1.3460669822010858,10.961760378640989,-1.297080972047128,0,0,0
1.987987942123695,0.29101167678155093,-7.509704098973529,1.2477557719113306,9.792969381471309,-1.2212116788810718,0,0,0
2.292933481982388,0.2971667821590572,-6.347856327433874,1.1362061254892424,8.648468738038261,-1.1387851969272789,0,0,0
2.5995565650423202,0.2986597203471476,-5.276854808269277,1.0158087912919327,7.546444231194727,-1.0529430256243146,0,0,0
2.9070101373203556,0.29571319996490786,-4.340347936022837,0.8913878077011589,6.521938931529732,-0.9655474535636699,0,0,0
3.2116342592476457,0.28895286581319934,-3.5816238335459474,0.7678931791914423,5.613695721445552,-0.8775213336985062,0,0,0
3.5070789263152022,0.27921452212074344,-3.0253768101847243,0.6500612973102193,4.849956683209513,-0.7895897689008293,0,0,0
3.7858642579030146,0.2673775539394029,-2.664326658338524,0.5421751637000213,4.238113257847033,-0.7030488906877863,0,0,0
4.041668963733727,0.25427778593970773,-2.4568351953558505,0.447992688835123,3.7617072800719455,-0.6202092495950581,0,0,0
4.2714042768742075,0.2406729005822612,-2.337078214280467,0.3707462061728265,3.3854754257968835,-0.5443328340301449,0,0,0
4.476316203063448,0.22719896657736313,-2.2335233944424004,0.31299181725713227,3.065862689632695,-0.479082676885055,0,0,0
4.661763481517724,0.21428796244966009,-2.087952461973316,0.27613536158761465,2.7624804745934455,-0.42764913887469475,0,0,0
4.835711341379465,0.2020766073669975,-1.8679294390826442,0.2597125030400562,2.4463762420876805,-0.3918176316558757,0,0,0
5.006285570864932,0.1903733221963549,-1.5693927465410127,0.260812606807724,2.103115890893278,-0.3713092176114131,0,0,0
5.178999803093987,0.17873031612373466,-1.2104297634515149,0.2741393559657908,1.7311121626791817,-0.3636843216067135,0,0,0
5.3545138837442465,0.16660482077976724,-0.8202702176698011,0.29292816919752485,1.3372043326986045,-0.3648857609226198,0,0,0
5.527844999985177,0.15354275336293738,-0.42825177978416207,0.31044898940293847,0.9317803666507558,-0.37020406193163635,0,0,0
5.689597479866563,0.1393227800317831,-0.05620059026128388,0.3214843608911437,0.525021081732902,-0.3752797524111017,0,0,0
5.828972124971074,0.12404230809594452,0.2845583643020575,0.32321110815134374,0.12486406400481087,-0.3768131256749768,0,0,0
5.93745248467188,0.10816016322819592,0.5922034776947811,0.31523803212902235,-0.2633821834293144,-0.37284280909182854,0,0,0
6.0117437366928215,0.09250817068758863,0.8709664995869844,0.2989257842420486,-0.6361779296836687,-0.3626389242082496,0,0,0
6.054991281835555,0.07825661512851809,1.1268911469381209,0.2763636246548472,-0.9903170495175715,-0.3463638063424398,0,0,0
6.07613442233891,0.0667954664494033,1.3641816424307933,0.2494247750462776,-1.321755014662088,-0.32467067560755825,0,0,0
6.087887203146892,0.059505796190045146,1.582987574749211,0.21917956918300377,-1.6253122000250073,-0.2983564183598659,0,0,0
6.104081509969873,0.05745543738491392,1.7788280789689708,0.18572823716301629,-1.8952770794033142,-0.268115165323502,0,0,0
6.1370800350294274,0.061121756337438174,1.9433660288786712,0.1483700463592072,-2.1264337307257932,-0.23441109155456274,0,0,0
6.19579966447921,0.07025460227272333,2.065995970678614,0.10599837402772039,-2.3149263894248264,-0.19749324457255285,0,0,0
6.284655441767015,0.08392414771424228,2.1355951015687538,0.057627940053744456,-2.4585431018657573,-0.15755730482923838,0,0,0
6.403526498820213,0.10071198479713103,2.1418407359322202,0.002946837072720143,-2.556287589230209,-0.11500171114703192,0,0,0
6.548670048046262,0.11896736943629804,2.075903941286853,-0.05724522187016419,-2.607493098974942,-0.07067305560422596,0,0,0
6.714289759420055,0.13706407987318556,1.9309502398641882,-0.12084390374773761,-2.611110375409197,-0.025995039746453584,0,0,0
6.894232758977978,0.1536156430089747,1.7031705474755654,-0.1845593824306036,-2.5658900978099553,0.01707319374083909,0,0,0
7.083254270310221,0.16415964451555157,1.3936500131579947,-0.21869152956733096,-2.4717721261324073,0.03991384401193601,0,0,0
7.277560897509872,0.17357262791901995,1.0105353560475692,-0.2547278621245148,-2.332042756067267,0.06285516356854437,0,0,0
7.474722308701729,0.18138713804270878,0.5703890414915946,-0.2920097901942264,-2.15522747686785,0.08579797084468664,0,0,0
7.6732364651191745,0.1874277361788188,0.09777220457263525,-0.329688622785703,-1.9557017933174023,0.10863188427625659,0,0,0
