Pitch_Normalized,Delta_Pitch_Smoothed,Roll_Normalized,Delta_Roll_Smoothed,Yaw_Normalized,Delta_Yaw_Smoothed,Label1_Move,Label2_Bend,Label4_Speed
-0.4685916233872689,0.08391536780039814,3.0430059951081887,-0.4971768824998691,-3.4803858709999673,0.5778984305274548,0,0,0
-0.36441779654936113,0.08740910810347913,2.3798936069948837,-0.5188157645485086,-2.724744008076186,0.6042907809433254,0,0,0
-0.2596819441796896,0.08973308674945153,1.7451833131966055,-0.5475251269402739,-1.9928109298907657,0.6351780765646667,0,0,0
-0.15441376178635835,0.09125499905101009,1.1457823291770808,-0.5854552191716564,-1.28916619615363,0.6727189478106919,0,0,0
-0.049014784385278176,0.09219050648779456,0.5571215826088434,-0.630495808069829,-0.5908937183626932,0.7151932660652831,0,0,0
0.05586302523360587,0.09267372205590049,-0.06988859218286336,-0.6782342300751907,0.14535881465998557,0.7589447879797376,0,0,0
0.1595399838588918,0.10207228088385278,-0.7896698934737287,-0.7961570660163104,0.9658606649527002,0.8800218379323184,0,0,0
0.2614483690208118,0.10070977626940021,-1.6406357582650628,-0.8493959962601622,1.9013657114855675,0.9267465694535417,0,0,0
0.3611229350028822,0.0988866701008746,-2.6314562775202717,-0.9019657064921759,2.9563535235875804,0.9728693366399298,0,0,0
0.4581455971717361,0.09649510016578802,-3.739336305643718,-0.9506857508839985,4.109062008797409,1.0157310867549527,0,0,0
0.5521311854512589,0.09339570760884897,-4.918564665054916,-0.9908276288215034,5.319832508323216,1.051175718823987,0,0,0
0.642679966144641,0.08942260975880742,-6.114066355606738,-1.0165741960278112,6.542721686459231,1.0739552155042347,0,0,0
0.7291847568290564,0.0844297889090015,-7.274473751725154,-1.022215458458625,7.735882436508533,1.078756895376935,0,0,0
0.8105372398715218,0.07838945171496761,-8.361075179662905,-1.0033000154706229,8.868144671395896,1.0611220903272964,0,0,0
0.8849422917032115,0.07150715872261201,-9.351154705606191,-0.9571817351049475,9.920863469877176,1.0178235602204637,0,0,0
0.9500891228216801,0.06427843411255338,-10.235630552460975,-0.8829977989764061,10.884910969702332,0.946862238279536,0,0,0
1.0038378729489068,0.05742307654740557,-11.011824478059978,-0.7815098799242974,11.753429618722052,0.847554405186456,0,0,0
1.0453428861704879,0.051696982402060596,-11.673635912971292,-0.655154525297273,12.512586614758533,0.7209795815049915,0,0,0
1.0761945222290024,0.04765249981647059,-12.203273628569747,-0.5082696057026155,13.134589125792218,0.5706006977839067,0,0,0
1.10092993829727,0.045453917626339546,-12.569314295407779,-0.3471641926942155,13.577684391592769,0.4025709862239452,0,0,0
1.1263619509253147,0.044835969837085085,-12.73366346429789,-0.17972649436451746,13.795376560187776,0.22535166833145723,0,0,0
1.159649790165247,0.04522368469675229,-12.665611608579468,-0.014590423805481123,13.752517501509146,0.048695000900262644,0,0,0
1.2057097549937623,0.04594459634629686,-12.357169808751308,0.13978463901051583,13.4418894143476,-0.11755734666874104,0,0,0
1.2650764161349173,0.04641681559265152,-11.83271710660506,0.27575181963325546,12.893854533635349,-0.2643928013054449,0,0,0
1.3333019900740624,0.04622555708670149,-11.148419649251366,0.3868020975518277,12.174380153191748,-0.38416529259628474,0,0,0
1.402325969789203,0.04508524810282495,-10.381534790515786,0.4678965661712823,11.371860978704959,-0.4710492900520379,0,0,0
1.4632838364118754,0.04276230255270832,-9.61397808795482,0.5161087698057216,10.577856152034641,-0.5217363002232744,0,0,0
1.509511042097003,0.03905045814543939,-8.916117716638738,0.5314977392864279,9.868658601704084,-0.5363326027360031,0,0,0
1.5384500930960172,0.03383758472468514,-8.33525265305147,0.5177486481129947,9.29293619982937,-0.5190056581769327,0,0,0
1.5517824193255194,0.027222985913988397,-7.8903486336949555,0.48206502960086367,8.86719149107239,-0.4778327201536712,0,0,0
1.5539849764523979,0.019598080378864326,-7.572575766240675,0.43409245761754106,8.578013557955032,-0.4235942960288696,0,0,0
1.5501543716196409,0.011621686593419157,-7.350634215715189,0.3840788436955833,8.389191474149115,-0.36771874301329605,0,0,0
1.5440856022406138,0.004084489642028189,-7.179683327621362,0.3407931581250395,8.251832832578273,-0.3199548271147023,0,0,0
1.5373062752748012,-0.0022824082837146877,-7.012066810596423,0.30980926300331646,8.115527332098637,-0.28646480415916215,0,0,0
1.5292827938627056,-0.00697869883035338,-6.807495073075955,0.29262379381797105,7.938437192903052,-0.26887451024690706,0,0,0
1.5185428357233945,-0.009828588433946095,-6.540746353559953,0.2868182796315935,7.694673548571998,-0.2644960436013008,0,0,0
1.5041287328321573,-0.010976333842792485,-6.206046506704425,0.2872076976880379,7.378307880887618,-0.2676099844425067,0,0,0
1.4866869592598562,-0.010796904869711455,-5.818025086605573,0.28767004674184304,7.004010560112462,-0.27143348909554277,0,0,0
1.4686631047924834,-0.009758284979660914,-5.409014714871759,0.2831117661605063,6.6041910973602995,-0.2701926617630647,0,0,0
1.4534965349860585,-0.008281640399282253,-5.022165837379021,0.2708942022249857,6.222231055059382,-0.2606233792795166,0,0,0
1.444221638024473,-0.0066432185165055556,-4.700498789360296,0.25121599951339846,5.901913713529964,-0.2424063980580513,0,0,0
1.4421853229225263,-0.0049518712707495634,-4.4739337482967585,0.22642360495529204,5.674856583193687,-0.21751650684590232,0,0,0
1.4465027524440046,-0.0032145756848422024,-4.348565666016299,0.19972001930861155,5.549906214947626,-0.1889607650667955,0,0,0
1.4544898712819787,-0.001459592816358679,-4.303124788346565,0.17392134463613756,5.509293539303471,-0.15955895460944305,0,0,0
1.46285060869765,0.000161318785093556,-4.295335077941971,0.15069019768666295,5.514373212322539,-0.1311948587269441,0,0,0
1.469024123015899,0.0013761344260615261,-4.276510304007033,0.13027688538798116,5.519508480112975,-0.10456512432808011,0,0,0
1.4719829759837353,0.0019222145933966317,-4.208846313618309,0.11153872543281836,5.4887002302196635,-0.079187218837113,0,0,0
1.4720910310962694,0.001728641883464377,-4.078811640244197,0.09205012365274427,5.408421014018032,-0.053458681489301794,0,0,0
1.470276292643419,0.001025455379438256,-3.9021127380051297,0.06835875213513135,5.292242510090858,-0.0247986614626285,0,0,0
1.4672578792466737,0.0002889803963455506,-3.719396983499209,0.036594844134106096,5.176579811778581,0.00991504259056768,0,0,0
1.4634437839584393,3.5668861140436545e-05,-3.5851115350321123,-0.006504564523839918,5.1100415251588345,0.05349251074085828,0,0,0
1.45947174175717,0.0005795506197245004,-3.5534325117693157,-0.06242072800370835,5.140269768300669,0.10735010546183617,0,0,0
1.4567573062383872,0.0018973038734529269,-3.6649781446649854,-0.12998615283056694,5.301919600321341,0.17063155596177637,0,0,0
1.4573796752454342,0.003674158796985694,-3.9371763470055043,-0.20519360484460236,5.608443965209148,0.23993559719604604,0,0,0
1.4632072973090544,0.005481661111835479,-4.36038072318037,-0.2817931170936802,6.049298319731122,0.30981216129923583,0,0,0
1.474819629213144,0.006958753021216069,-4.900717584044116,-0.3525415411041507,6.593009534731337,0.3739093858277499,0,0,0
1.4909560147182646,0.007890933174589065,-5.508707841923979,-0.4107943030851814,7.195015789837427,0.42644662263838595,0,0,0
1.5088326190661263,0.008179976604435524,-6.130747688690221,-0.45202642221508144,7.807776985978492,0.46358321194491053,0,0,0
1.5250929037617738,0.007782271044821698,-6.720043908941932,-0.4748478021436924,8.390364123083216,0.48426203085184055,0,0,0
1.5368454094588344,0.006699713098593918,-7.244812394540716,-0.48115641469045156,8.91567367005608,0.4902360926931209,0,0,0
1.54235311570433,0.005037361715403676,-7.693054565883926,-0.4752912042242272,9.374507751542694,0.48522844354414757,0,0,0
1.5412715078015253,0.0030645766560482455,-8.07369673392013,-0.46242845211966144,9.776101887749775,0.47350972313918904,0,0,0
1.5345800166866042,0.0012006076331502412,-8.41345616610191,-0.4468782129280228,10.144539908839747,0.45849244585867555,0,0,0
1.5243768062313734,-9.866290630924368e-05,-8.74874049391002,-0.43105936664150735,10.510804892140357,0.44199298215627747,0,0,0
1.5135809144630912,-0.0005019551585846216,-9.113292765422642,-0.4155479154553191,10.901582755172598,0.42443974788572236,0,0,0
1.5054653957736264,6.947689905842936e-05,-9.52500210524073,-0.399918782724977,11.328106766123227,0.4057066785298645,0,0,0
1.502962091049767,0.0014023562569732916,-9.977489971204207,-0.3836532444218122,11.779940248424182,0.3858844753711693,0,0,0
1.5078459900030339,0.003049356132568448,-10.441341355105294,-0.36649779514077496,12.227706807541267,0.3654566007176342,0,0,0
1.5200733521759275,0.004459454173976951,-10.875523063495123,-0.3482027509549425,12.63476160194044,0.3448754079241212,0,0,0
1.5375401784494187,0.0051342958209517064,-11.244000221790486,-0.32809655451383435,12.972740455354725,0.32401569963135446,0,0,0
1.556376678274063,0.004754273262706476,-11.529587010102048,-0.3050691068252661,13.233352505254388,0.3020666718246147,0,0,0
1.5717650691272098,0.0032323651798250807,-11.73867468532788,-0.2781626180973106,13.430667894926117,0.27805315555900306,0,0,0
1.5791745584263737,0.0006911199814766178,-11.895483675651334,-0.24740159464895725,13.593293988080958,0.25163662639653095,0,0,0
1.5757197644408905,-0.0026089730617087524,-12.029706039048364,-0.2142149368499048,13.7509618884539,0.22357594215268078,0,0,0
1.561123647090156,-0.006350812314398979,-12.163983833675303,-0.18105496611395183,13.922249473418745,0.1954555406613821,0,0,0
1.5377890475718772,-0.010216478797063644,-12.306628286213837,-0.15037157133733245,14.108638321713258,0.16881422688428813,0,0,0
1.5098732908645331,-0.013898226148285175,-12.45150591769378,-0.12350685129269152,14.296306512389492,0.14421039804182384,0,0,0
1.4817562593859464,-0.017080149121511568,-12.583490723604342,-0.10009496266109182,14.463466229068075,0.12078504869282795,0,0,0
1.4565652290319377,-0.019438555182100005,-12.686072724634641,-0.07825926968090044,14.58931700855426,0.09658466362766376,0,0,0
1.4353753904787823,-0.020699393913162112,-12.74771593516381,-0.05549999332381361,14.660882724197606,0.06949942933750748,0,0,0
1.4173944167912111,-0.020736427414215088,-12.764655523028964,-0.029844142476046897,14.675456485672626,0.038364860495074996,0,0,0
1.4009635779120941,-0.01964449942963995,-12.739624311938798,-0.0007224173655231425,14.638518381854396,0.003694180262469615,0,0,0
1.3847890066053736,-0.017727343035953424,-12.678076372460339,0.030809961086910677,14.559140624357596,-0.0323212878489386,0,0,0
1.3687258253092693,-0.01539332237851596,-12.5847059722865,0.06257614148421312,14.445956181828976,-0.06657414567107622,0,0,0
1.353759372948005,-0.013009877300156347,-12.462425258435772,0.09225481693133304,14.305898078369495,-0.09624863483148687,0,0,0
1.3413440532754777,-0.010791397554172022,-12.313852459869068,0.11837828570605638,14.145580124337954,-0.11993525668966214,0,0,0
1.332599860504999,-0.008775617195465202,-12.143406306824673,0.14088263760822742,13.973093633900106,-0.13813096225103152,0,0,0
1.3278230356007867,-0.006892102492142271,-11.957729308762211,0.16096614094959277,13.797724772357313,-0.15290092273503575,0,0,0
1.3264664560303743,-0.005073335232577847,-11.763524555321311,0.1803980974905386,13.626830660239392,-0.16692425511948272,0,0,0
1.327461414937062,-0.0033384253082388684,-11.563933078103247,0.20071720311755,13.461530157300984,-0.18246052001562846,0,0,0
1.3296382448365591,-0.0018042960362947725,-11.35582914694669,0.2227423955969982,13.294146863162311,-0.20073503022492362,0,0,0
1.3320425529906714,-0.0006291042588728146,-11.12996290244287,0.2465218883146676,13.109509154504039,-0.22188975379378775,0,0,0
1.3340556542795952,6.989947446101041e-05,-10.874095397554953,0.2715210407727753,12.889898073162769,-0.24525910167497783,0,0,0
1.3353415722268807,0.00027932974733460016,-10.577533941111,0.29673790407601786,12.621350981672691,-0.26958803294413797,0,0,0
1.3357164125850574,0.00011108176028074013,-10.23500130246579,0.3205925233654128,12.298547776120259,-0.2929903800337826,0,0,0
1.3350530106867495,-0.00021734806157098775,-9.848633576722392,0.34072631238765183,11.926682586400077,-0.3127831488001263,0,0,0
1.333298855249609,-0.0004324975131652309,-9.42819589909692,0.3540368380780592,11.520502617150328,-0.3255475036317549,0,0,0
1.3306163330741327,-0.00027146370278785525,-8.990350268002032,0.357182035930289,11.101844442915933,-0.32766971021652014,0,0,0
1.3275772736331817,0.0004486760985187743,-8.557599321667183,0.3474580693692545,10.696926859901566,-0.3162689477991364,0,0,0
1.3252879343213522,0.00177598251167268,-8.156669954226729,0.32365791837048336,10.333698669299721,-0.29010829341184347,0,0,0
1.3253132697049068,0.0036034611242115487,-7.8154607661660975,0.28651255730808173,10.038671826844762,-0.25007078948493844,0,0,0
1.3293279159627929,0.0056973436302968136,-7.558142543139979,0.2385897046417867,9.832812052338838,-0.1990567082085505,0,0,0
1.338542415264783,0.007766986218500449,-7.399514703862408,0.18381787224980145,9.727208595171405,-0.14146360975816066,0,0,0
1.3531013973436075,0.009544538559002547,-7.340954757406166,0.1268878566969022,9.720268047554256,-0.08250739801854792,0,0,0
1.3717510238271728,0.010835657812494048,-7.369875729384972,0.07265751217287572,9.797839881270875,-0.0275221795696595,0,0,0
1.3920264469897177,0.01152439803291827,-7.462736530304525,0.025514377824477207,9.936115504314571,0.01878381024939273,0,0,0
1.4109687174346135,0.011548954672983313,-7.590017176598906,-0.01139525552154197,10.105866519568721,0.053168309953160534,0,0,0
1.4260617186641582,0.010882838151228213,-7.7214717010330105,-0.03701532945198664,10.276770462730454,0.07469878458611987,0,0,0
1.4359338517581222,0.009546734263722101,-7.831024199938426,-0.05299992474359953,10.421705064204971,0.08529465045585312,0,0,0
1.4405319146505349,0.0076484743847231584,-7.901526175981957,-0.06366833890497929,10.521536771793649,0.08958408700263192,0,0,0
1.44080281643474,0.0054206287214512375,-7.929413321381517,-0.0750512880178249,10.570354926376368,0.09389733132596234,0,0,0
1.438156297475075,0.003216191241831723,-7.928295837659846,-0.09323623888852381,10.579799898200037,0.10463198622852161,0,0,0
1.434009757902004,0.0014425299117462487,-7.929513951298404,-0.12261236414880017,10.580155099729936,0.12655945747682723,0,0,0
1.429586141190839,0.0004517580595731374,-7.977638146455959,-0.16465960073098102,10.616108917580576,0.16165217561029693,0,0,0
1.4259573110416852,0.00043447490365053907,-8.120388609563221,-0.21762817579241728,10.736813194530498,0.20872510214876314,0,0,0
1.424188359408035,0.0013640253528251379,-8.395098919189763,-0.2770589376576581,10.982435366599788,0.263837795685545,0,0,0
1.425394016552076,0.003015449175137519,-8.816140818086907,-0.3368320059874577,11.371461094336993,0.32119978682842715,0,0,0
1.4305792992598896,0.00505283327020436,-9.36806770834282,-0.39038193517414327,11.893292218833423,0.3743017120880296,0,0,0
1.4402786007946276,0.007149508093338852,-10.007305957862599,-0.4318355382697419,12.508956085692603,0.41707939046367387,0,0,0
1.4541721681787863,0.009086417915801804,-10.672115552558537,-0.4569874189568125,13.159914728649099,0.4449975441816079,0,0,0
1.4709573081861151,0.010781285822179142,-11.297733381256094,-0.46407673425411244,13.782352794660639,0.45592893208350915,0,0,0
1.4886846301771186,0.012239956688887332,-11.832115189401279,-0.45422213360382385,14.322817019080333,0.4506162603291486,0,0,0
1.5055048388353924,0.013469586557813783,-12.247869333995823,-0.4312630293711209,14.750949004366674,0.4324753214212265,0,0,0
1.520450320348857,0.014417939095696396,-12.547512336024084,-0.40085699492493776,15.066084359396655,0.40666354091836754,0,0,0
1.5337701692634766,0.014985649797006317,-12.761155952104346,-0.36901406807719184,15.29610251536559,0.37866053510981457,0,0,0
1.5465879262969082,0.015106118329028107,-12.937320255228002,-0.34058017207648417,15.488597969891273,0.35287270404144094,0,0,0
1.5600898821302138,0.014832693867271018,-13.128771111798116,-0.31825143057403693,15.696214308549258,0.33177993803491573,0,0,0
1.5747586902168536,0.01435830935450042,-13.376637657592198,-0.30244301043906174,15.959927628017098,0.31587167012308015,0,0,0
1.5901350987646907,0.013938396539943198,-13.697446638634517,-0.2919091435458327,16.29556143679075,0.3042342259605192,0,0,0
1.6052333514690673,0.013762665062957069,-14.07791727332338,-0.2846725713898778,16.68864176906351,0.295373605438796,0,0,0
1.6192842468588253,0.013864689645282624,-14.480247686996464,-0.27877854710610706,17.100152175009796,0.2878513757892861,0,0,0
1.6322677237221228,0.014134156867862657,-14.856545293791896,-0.27265897472981065,17.481533720311134,0.28057247175965044,0,0,0
1.6448888042348244,0.014422421132779561,-15.16696076945415,-0.2652488990248969,17.793291263971867,0.27287365129926117,0,0,0
1.6580769709784278,0.014662210329666437,-15.394238049922862,-0.25612263473278174,18.019820413784615,0.2646398499434369,0,0,0
1.6724170657163029,0.014910053271866276,-15.548941423165417,-0.2457046516992733,18.17461627325845,0.25646152212493406,0,0,0
1.6879294949755348,0.015278412709139388,-15.663910002526109,-0.23530069145588045,18.294322687487778,0.2495849279333669,0,0,0
1.7043140934580094,0.0158102307749175,-15.781260102047085,-0.22663706792416463,18.42495082154187,0.24539948417438068,0,0,0
1.721380793513518,0.016392062551675225,-15.937864004920016,-0.22088384243730416,18.606326127451467,0.24449352614441439,0,0,0
1.7392356314833535,0.016768217145406085,-16.15449315562725,-0.21753427587932492,18.86017665804009,0.24565832932772622,0,0,0
1.7580174785604612,0.016638866189917677,-16.430924187882184,-0.2137158190648833,19.184491048397177,0.2453699194207289,0,0,0
1.7773865546080003,0.01576696083865272,-16.74661836623811,-0.20438989326383278,19.554147016753603,0.23813822218706235,0,0,0
1.796188349238875,0.014025056169521122,-17.065383718164938,-0.18352772992160454,19.926468981755278,0.21776009279378883,0,0,0
1.8125709756888853,0.01137297115733702,-17.3423035282474,-0.14592021926705315,20.24987455724913,0.17912371242946676,0,0,0
1.8244656328776045,0.007819457265722463,-17.531396240571695,-0.08902429042563113,20.473519607991904,0.11999477358226329,0,0,0
1.83008667410283,0.003430768885885982,-17.592840355803745,-0.014290600738156911,20.555998495129074,0.04227047467972937,0,0,0
1.828180056670746,-0.0016059780352861708,-17.499187301742154,0.07234469424367944,20.471923615425666,-0.04759407125218331,0,0,0
1.8180438050313796,-0.0069247292372409674,-17.240462294717616,0.16090988498598194,20.216187945836538,-0.1391026731521265,0,0,0
1.7995753661707425,-0.012000125477746338,-16.828106909176327,0.23880440054205393,19.8062738632741,-0.2192119139151032,0,0,0
1.7735433203422133,-0.01626116986585089,-16.29739916300882,0.29308334254681084,19.282881404837383,-0.2747160066537916,0,0,0
1.7419576982075995,-0.01924326946160306,-15.70747724544539,0.3132868250981602,18.708550335875344,-0.29514913875937765,0,0,0
1.7081392622355906,-0.020697321729747385,-15.13751951637829,0.29411381040191886,18.16312028523234,-0.27546229668570704,0,0,0
1.6761870944614117,-0.020611395992337123,-14.677339712744399,0.23703960485416928,17.734349842604246,-0.21756900396434986,0,0,0
1.6499592770303764,-0.019163318273129448,-14.41147010277929,0.1502290250459822,17.502714490711213,-0.13015113529414749,0,0,0
1.632032938261574,-0.016660133198782033,-14.398527989590093,0.046782344343085924,17.522028220398127,-0.026806818229573537,0,0,0
1.6231134568053562,-0.013507711658941445,-14.651702251784556,-0.0579416147002064,17.801375528272004,0.07670444210235275,0,0,0
1.6220660967473748,-0.01020524509820291,-15.128791253200461,-0.14892732392445537,18.296233575782168,0.16514031659573902,0,0,0
1.6264106223000852,-0.00732016838785512,-15.738172044257794,-0.21335656755134097,18.914676592895063,0.2257143061814574,0,0,0
1.6329740341829222,-0.005408066454144489,-16.360283465745468,-0.24165401474559617,19.538205680978365,0.24920625586901507,0,0,0
1.6384662037527988,-0.004891153505010948,-16.876815310010883,-0.2281302488420877,20.04992582586091,0.23059624575285795,0,0,0
1.6399052472255704,-0.005950201623207363,-17.196750484689943,-0.1716602242005365,20.359953501832734,0.16961957912734107,0,0,0
1.6349375783570395,-0.008481012541969335,-17.2710851918917,-0.07643229128338191,20.420263347046912,0.07129878598805277,0,0,0
1.6221064299199668,-0.012125600967037542,-17.09387986020036,0.04771458852759878,20.226412401294397,-0.053936709711805975,0,0,0
1.601047741980267,-0.016349824999832663,-16.692772591200168,0.18601557385361217,19.808676948239793,-0.19108138260784954,0,0,0
1.5725309220295003,-0.020530951404836628,-16.115130231595458,0.3208228205190437,19.218224011671538,-0.3225471024415157,0,0,0
1.5383033313856629,-0.024034851026414117,-15.416025164618375,0.43454392747904647,18.514363388152532,-0.43096183378860076,0,0,0
1.5008100870769994,-0.02628315457827597,-14.651645367924473,0.5126005132028737,17.756866478664108,-0.5020196240050367,0,0,0
1.4629123723017585,-0.02682147200995928,-13.878016305721673,0.5455748041923713,17.003862766816567,-0.5266273945628612,0,0,0
1.427664520134556,-0.02539382611099512,-13.15205526055503,0.5301208972655814,16.312734656563208,-0.501902823275833,0,0,0
1.3981176934886577,-0.022008143935991598,-12.531376035220418,0.46868702004945534,15.740307487974903,-0.4309757076365045,0,0,0
1.3770737014428107,-0.016959063479843904,-12.070745352661206,0.3684008505916211,15.339757261782367,-0.3218553618343577,0,0,0
1.3667228582574467,-0.01077957179926159,-11.815337149967988,0.2395466716013857,15.1539894014183,-0.18576947141572192,0,0,0
1.3681681688100156,-0.004125788540473252,-11.792670887544546,0.09397832791356393,15.207384168536066,-0.035372470348333705,0,0,0
1.380966302620351,0.002366020830983473,-12.005902390705614,-0.056315942274660816,15.498919871874747,0.11686782491400152,0,0,0
1.4029402872310612,0.008199133011852665,-12.431121725679247,-0.20037268593573004,15.99967039332796,0.2599098206690201,0,0,0
1.430507613393047,0.013072445798961496,-13.020558448604518,-0.329062293795792,16.656668673995313,0.384917965599395,0,0,0
1.4595522016722668,0.0168593786241928,-13.711862088788834,-0.43552546014405635,17.40314177518077,0.4856003391181318,0,0,0
1.4865725806115933,0.019533956432005083,-14.44117572846828,-0.515300249402965,18.172541015956583,0.5582199237860394,0,0,0
1.5096558502530826,0.021098350942273213,-15.155782119912331,-0.5662868884004908,18.91183286325341,0.6014564371611655,0,0,0
1.5288421514782726,0.02156141918770089,-15.821998973178339,-0.5886939838853322,19.589487143968853,0.6162639894697435,0,0,0
1.5456674876847387,0.02097495727810923,-16.42599995410177,-0.584980840645656,20.195760652963685,0.6057342524215613,0,0,0
1.5620624225774975,0.01948618775397648,-16.968339643997638,-0.5596480103078789,20.736188639278694,0.5748244486650791,0,0,0
1.5791516782327477,0.017353370384692823,-17.455539771549454,-0.518697556080977,21.22194854014772,0.5297873525563148,0,0,0
1.5965804944973598,0.014903768585519117,-17.892842229558937,-0.4687472883957554,21.661559766572182,0.477296802918714,0,0,0
1.6126898600121535,0.012458125737519764,-18.280930132135808,-0.4160205825521487,22.057012917543574,0.4234857838878412,0,0,0
1.6253694909328118,0.010269445678633814,-18.617038551683308,-0.36556518805476373,22.404913160646103,0.37323492413213016,0,0,0
1.633085905519195,0.008512572438283428,-18.898837649598605,-0.3209838362009606,22.70101530074392,0.3299710671424208,0,0,0
1.6356102664667844,0.007322473921847461,-19.128648612425835,-0.28471179560012133,22.945509045143723,0.2959836840321074,0,0,0
1.6342371076282802,0.006839593616052753,-19.315987945433818,-0.25857435442753884,23.14669070213182,0.2729722156005522,0,0,0
1.6315366082646108,0.007209976524337946,-19.477650853725976,-0.24417699961366565,23.321836385290155,0.2623807625985265,0,0,0
1.630793212067573,0.008517174678974015,-19.635838316111375,-0.24276455536968483,23.495471324387893,0.2651886638079105,0,0,0
1.635287161795972,0.010675720671120815,-19.81545759999885,-0.2545232588477703,23.69602547959977,0.2811772079790543,0,0,0
1.6475476143932752,0.013355362179582641,-20.041283315824842,-0.2776975982904858,23.951670696153244,0.3080743698740761,0,0,0
1.6686802597407393,0.01599781716884934,-20.334612225695594,-0.3080888892290119,24.285367392557447,0.3411343813627482,0,0,0
1.6978616068018937,0.0179348561473347,-20.708575685832656,-0.33935236536226654,24.70889955562268,0.37352730700059594,0,0,0
1.73212669764402,0.018557379891903737,-21.16227114016101,-0.36409860302532876,25.216685240436647,0.39750893902034645,0,0,0
1.7666395273150215,0.017461596795557456,-21.675813632503463,-0.37538589522737736,25.78175899948468,0.40595663369805524,0,0,0
1.7955884381552778,0.01452074121267657,-22.209537504715954,-0.36802002401169176,26.356852858771205,0.39371167021172226,0,0,0
1.8135856691016272,0.00987756068367247,-22.709511599056484,-0.3392560344268503,26.88196377213778,0.35833810066673377,0,0,0
1.8171104071836481,0.003891785578747431,-23.118636883979264,-0.2888851473512247,27.29692577549362,0.3002651866349339,0,0,0
1.8054091800231475,-0.002914881185944296,-23.38969726838515,-0.21900185418912912,27.555037661368445,0.22256382654374535,0,0,0
1.7804945739227378,-0.009897602818874418,-23.49565784011577,-0.1337669094130547,27.63314218171699,0.13061998942953465,0,0,0
1.74632322123,-0.016328539215936643,-23.433843660093345,-0.03923609833776567,27.53505170282058,0.03175136673709744,0,0,0
1.7075981155282136,-0.021475351669958797,-23.22346369920784,0.056955911014416924,27.288019258906786,-0.06539824163052543,0,0,0
1.6687127949424507,-0.024738529204363147,-22.898594227723947,0.14633862625285304,26.934537821060133,-0.15185876889484148,0,0,0
1.6331506694552758,-0.025819164933608363,-22.499940234291557,0.22085018049105115,26.522885134731993,-0.2196945908029008,0,0,0
1.603354135155655,-0.0248410388145615,-22.06817461588112,0.2743174942165723,26.099272666855654,-0.2634274275044845,0,0,0
1.5808349214556898,-0.02234793101899015,-21.639978394571784,0.30368531069349275,25.70287044246595,-0.28108540604613524,0,0,0
1.5662003770579958,-0.019153864471962833,-21.246125336527953,0.3095690013877871,25.363376083189365,-0.27453691855237705,0,0,0
1.5589187578475645,-0.01610463293045683,-20.910135079068752,0.29599186702655944,25.09997986746461,-0.2490353807882812,0,0,0
1.5569987918775325,-0.013854183870486736,-20.646522326219426,0.26946760821010685,24.9207633863236,-0.21216453111676117,0,0,0
1.5570152637328363,-0.012740183857373211,-20.45880473318084,0.2377416421809798,24.82228812125564,-0.1724923584589078,0,0,0
1.5547845765103716,-0.012781779764540601,-20.338153646215474,0.2084948425094666,24.78968251729681,-0.13820963734441136,0,0,0
1.5465517862236453,-0.013761847404423122,-20.263545028942247,0.18821551354943863,24.797665451023974,-0.11593877830813426,0,0,0
1.5301709562375834,-0.015327652703972206,-20.20391814562288,0.18135119048582168,24.81289250989252,-0.1098374053413977,0,0,0
1.5057488308815437,-0.017063111430756804,-20.12252381248176,0.18981502553654367,24.797961550142915,-0.12110717356850528,0,0,0
1.475536337510249,-0.018536894530687676,-19.983226190786453,0.21291653862001994,24.71717629341154,-0.14800634564529958,0,0,0
1.4432164474114586,-0.019362111513289905,-19.757823259077398,0.24773174663366576,24.54348265938461,-0.18638838047391743,0,0,0
1.4129238500182737,-0.019280197388469845,-19.432613431669736,0.2897939126675794,24.26500202977539,-0.230630888102219,0,0,0
1.3882876435399965,-0.018233706084404843,-19.011984823703315,0.33387056652387487,23.88890813177956,-0.2746715019196898,0,0,0
1.3716298465706558,-0.016378857245790357,-18.517356940019226,0.37462864056457335,23.440699929870604,-0.31287227873952334,0,0,0
1.3633941485999372,-0.014024353950702562,-17.981487266844184,0.4071672777364668,22.958404316516464,-0.3406130087831457,0,0,0
1.3619826026256732,-0.011529178496729742,-17.44021451953968,0.4275355949617051,22.48337363627462,-0.3547018420341061,0,0,0
1.3642147253795969,-0.009207615565665605,-16.924839363703498,0.4332964728777853,22.050950431827076,-0.3537108047117016,0,0,0
1.3663823837796798,-0.007269876296574296,-16.457631739977145,0.4239996158792977,21.684169722497288,-0.3381980258601317,0,0,0
1.365505291374518,-0.005794340109208917,-16.05085103511709,0.40128638591418164,21.39183146231146,-0.31063198112819207,0,0,0
1.3602445525429516,-0.004710485319085933,-15.707870241169402,0.3684129494658137,21.17015787307048,-0.2748368960470785,0,0,0
1.3511402917548025,-0.0037848794755888093,-15.424858530299545,0.32923158861825075,21.006374612267592,-0.23496251300558982,0,0,0
1.3402250870525307,-0.0026317688421812592,-15.19261727287676,0.28696742631249206,20.88302177117407,-0.19425771740118164,0,0,0
1.3303442424479073,-0.000778702852150559,-14.999120964561499,0.24329025000318297,20.782588320497638,-0.15412709008738404,0,0,0
1.3245249933797965,0.0022112683948591894,-14.83322744536109,0.19808878059044588,20.69233096939982,-0.11390573282399714,0,0,0
1.3255453538440491,0.006600680811176573,-14.689171380661676,0.15002731555940585,20.608779186460566,-0.07147690968829039,0,0,0
1.3356649142038606,0.012379052580519101,-14.570540256414759,0.09758292208787793,20.540796462262804,-0.024454388224970102,0,0,0
1.3564276968580913,0.01924601458030679,-14.491936863671668,0.04005985982474129,20.509679530953235,0.02859493896723535,0,0,0
1.3884950677282717,0.026681648426563242,-14.476743934072687,-0.021833926937723902,20.545112394257316,0.08736779765831101,0,0,0
1.4315120994862838,0.03406740930360286,-14.550577879523033,-0.0859798835272926,20.677062365428554,0.14968411530612827,0,0,0
1.4840350783481426,0.04079524360773803,-14.732041020290623,-0.1492694545792162,20.92561399082078,0.2118841183073812,0,0,0
1.5436004375578705,0.046318298109250124,-15.024259932052132,-0.2082002724295336,21.292324001939946,0.26951055878284225,0,0,0
1.6070415713181632,0.050149057646677875,-15.410956542253999,-0.25946008313559477,21.75669974775718,0.31808134542542915,0,0,0
1.6710183354839359,0.051856971435013575,-15.858919799834425,-0.3004467505463708,22.27942947355892,0.3538914716789591,0,0,0
1.7324774294571768,0.051117522863310685,-16.32592199115325,-0.3297541145182336,22.81117215247363,0.37482541711569867,0,0,0
1.7887283349365504,0.04781991415723184,-16.771174104957012,-0.34759968219584747,23.30388477428899,0.38105298377374763,0,0,0
1.8371554906706393,0.042185161345676646,-17.165141087770706,-0.3560191250240692,23.721609916517096,0.37532219082647345,0,0,0
1.874997411208227,0.03481539933001301,-17.496404369135377,-0.3585796920193232,24.048594247742827,0.3625478392165107,0,0,0
1.8996702963613785,0.02661234391512295,-17.774285079255023,-0.35952616177055746,24.293366565414303,0.34864566904490885,0,0,0
1.9097112410586021,0.018571410917768105,-18.026574701481508,-0.3625995787440459,24.48759220316603,0.3389664378068602,0,0,0
1.905886691804909,0.01153972108744199,-18.292232270531315,-0.3699974614680386,24.678835899085513,0.3369402407524177,0,0,0
1.8917544308580005,0.006055056458112063,-18.610056852245364,-0.38188118393210574,24.917802394105053,0.3434305190526118,0,0,0
1.8731650104693927,0.0023292594805369047,-19.006218159959573,-0.39654138678690176,25.24315643820627,0.35690453401143,0,0,0
1.856732444661617,0.000346997759142198,-19.484915587274884,-0.41103198461753865,25.669093851627522,0.37415430225301094,0,0,0
1.8478746403315967,-1.0140108655321e-05,-20.025896605833637,-0.42196339499008106,26.180574559997808,0.3911845228273719,0,0,0
1.849278899517671,0.0011008453250838102,-20.58998594427807,-0.42623427761775334,26.738189964815106,0.40402340278071164,0,0,0
1.8604480854760084,0.003462467695231908,-21.130554955639724,-0.42165153487447354,27.290655256631396,0.4094237743819775,0,0,0
1.878467388799649,0.006732518215308403,-21.606724215310763,-0.4074567742454036,27.790137270272936,0.40549793834710357,0,0,0
1.8995688952748253,0.010417958903963154,-21.993919029155833,-0.3846776647726742,28.205211793688022,0.39221306482680235,0,0,0
1.9207196943094402,0.013942497015725053,-22.28891747765904,-0.35609289814822487,28.527826230973147,0.37151449774171963,0,0,0
1.9405113687572282,0.01679309343782478,-22.50874761927605,-0.3256382934601675,28.77307364290529,0.3468570903101991,0,0,0
1.9590796130110846,0.018666921635352197,-22.6846245946994,-0.297327457374368,28.97278177757609,0.3221728709549055,0,0,0
1.9773445995090242,0.019531364815073005,-22.852994807686315,-0.2740492540814799,29.165287086474294,0.3006257200697675,0,0,0
1.9961574148188674,0.01955987680181721,-23.045844568757133,-0.25672151846669067,29.38423882904472,0.28365568975106753,0,0,0
2.0158055747098444,0.01897820922433908,-23.28227954043531,-0.24413388728602142,29.6491454630998,0.27068027952431634,0,0,0
2.035948115871193,0.017905355558814052,-23.56326051802175,-0.2334901768290095,29.95991867436416,0.25949400996689603,0,0,0
2.0557617336267384,0.01627716874062628,-23.871047496454523,-0.22136178663400158,30.29691245732907,0.24710718174197838,0,0,0
2.074066156817821,0.013895620857252312,-24.17393939997767,-0.20466442601069446,30.62669416778361,0.23066165100613603,0,0,0
2.089350987518216,0.010574991374568299,-24.435257902016048,-0.18139646059360928,30.912014588931186,0.2081709900718806,0,0,0
2.0997732498975807,0.006300338368504299,-24.623819245949136,-0.15108055074660598,31.122766330642108,0.17901462443025337,0,0,0
2.103283056163491,0.001311685367069515,-24.722365485616066,-0.11494488271837752,31.244145460325072,0.14419997985436622,0,0,0
2.0980358215836077,-0.003921976136305716,-24.731268854806345,-0.07582015325769476,31.27939828763745,0.10634590518763076,0,0,0
2.083094513254707,-0.00881585363528643,-24.666959413622408,-0.03764494968369973,31.2469969871931,0.069252797852468,0,0,0
2.0591607985039104,-0.012818192570867382,-24.556650076223193,-0.004532491149100792,31.174385073347253,0.036983571853126306,0,0,0
2.0289224283805396,-0.015543738910577077,-24.431728367619087,0.02041976159081287,31.09114526164346,0.012631417345458829,0,0,0
1.9967283545081358,-0.016855686205312283,-24.321462050598697,0.0361620714338855,31.02337772624047,-0.0027751405029761145,0,0,0
1.9676031972738741,-0.01688558188483995,-24.24749699329152,0.04412161599685902,30.98944043585375,-0.010733757657490628,0,0,0
1.9458842311091473,-0.016005825327665944,-24.219264311468677,0.04782581873006393,30.996529886314875,-0.014868093132245973,0,0,0
1.9339135984124454,-0.01477407054368598,-24.23106028610792,0.051883822242211865,31.038328762385774,-0.019848178086046175,0,0,0
1.931216387844458,-0.013854000466682236,-24.26219853161028,0.06074144909213004,31.095014925612347,-0.030089692403335276,0,0,0
1.9344272373150915,-0.013908587471581768,-24.281149325647476,0.07760562025398912,31.136807883750166,-0.04866868049898443,0,0,0
1.9379775683069482,-0.015474733603328161,-24.253010667505706,0.10370801431152046,31.13071735631499,-0.07663835702549023,0,0,0
1.9353538078178474,-0.01884413407655359,-24.14812119120029,0.13788678407291002,31.048515206332638,-0.11270165030052795,0,0,0
1.920620793837088,-0.02397469422893721,-23.949235585301892,0.17649310037338212,30.8734881493139,-0.15318085259400646,0,0,0
1.889836553664722,-0.030448817795735293,-23.655672165079196,0.21378984057294304,30.604458456653617,-0.19239065613149506,0,0,0
1.8419810184748542,-0.037493409880242724,-23.284381907483493,0.24302639226920775,30.256994155985566,-0.2236004348137442,0,0,0
1.7791618565083382,-0.04407396691373862,-22.86862915256242,0.25809869096953264,29.862423932848472,-0.24057056232844473,0,0,0
1.7061372888197752,-0.04906164527165231,-22.454333307734856,0.25531246883100495,29.46472136037481,-0.23927888327382618,0,0,0
1.6294254204550924,-0.0514526981339273,-22.09316188037849,0.23458752453007178,29.114422201070823,-0.21922935784686076,0,0,0
1.5562822890420307,-0.05059963505658231,-21.831934608918203,0.199627001193943,28.859010577474905,-0.18384016155744548,0,0,0
1.4936875681777053,-0.04639267160695652,-21.70016241595215,0.15700270678450892,28.73110226046572,-0.13975695109088804,0,0,0
1.4473611155904251,-0.03931905005704266,-21.699885979195656,0.11451820502707762,28.737928523576727,-0.0953156034686117,0,0,0
1.4208268264785744,-0.030352521999226667,-21.80224594589957,0.07940716711769795,28.85622162786403,-0.058629391454812205,0,0,0
1.414624443271265,-0.0206961445446737,-21.952965573362462,0.05685638291082569,29.035086533739445,-0.035833481226752895,0,0,0
1.4259098375951567,-0.011478922045134255,-22.085645097234107,0.049106961075708,29.206888945744737,-0.029889560868205933,0,0,0
1.4487905179044276,-0.0035276467929278967,-22.139199857212716,0.0551590729038864,29.30383812129945,-0.040122978366764525,0,0,0
1.4756366365160716,0.0027165948580375244,-22.07455748138544,0.07101858193126417,29.27613001830035,-0.0624732235656353,0,0,0
1.4991758433730382,0.007149009854262545,-21.8857694786266,0.09045098874801738,29.10638654810728,-0.09035042403165505,0,0,0
1.5146362000037499,0.009889883599764459,-21.60209226962141,0.10619504880493764,28.815526592388764,-0.11594111680848015,0,0,0
1.5210058211127517,0.011192452789808271,-21.28034387987934,0.11145257369925048,28.45778079380726,-0.13172734225691302,0,0,0
1.5208535167580806,0.011409327804844337,-20.989976596639508,0.10131923321848432,28.106370024809365,-0.13191926328272957,0,0,0
1.5188512141330506,0.01099472099499792,-20.795376091715482,0.0738069229235336,27.834424283260176,-0.11352867196560368,0,0,0
1.519725662476219,0.010485738968692714,-20.740295457850195,0.030229160630935326,27.69681045977923,-0.0768963089382055,0,0,0
1.5265489711693476,0.010425032206983076,-20.838439836369957,-0.025136378266537918,27.717813111170315,-0.025551717662126806,0,0,0
1.5400031156436,0.011237257510981636,-21.072452765049263,-0.08606416579684861,27.88769631291744,0.03463777837434776,0,0,0
1.5587377278544068,0.013111520794025467,-21.40113062797738,-0.14587115861730524,28.168551401643413,0.09689578631840305,0,0,0
1.5804940262029987,0.01594844202749357,-21.772265875076087,-0.19901493728323771,28.507166928918295,0.1551795589871304,0,0,0
1.603426165442869,0.019404313244274364,-22.13713326129198,-0.24237172861214304,28.850869371486013,0.20555264590837935,0,0,0
1.6270087751135662,0.0230173130921429,-22.462733927589895,-0.2758396904856809,29.16190437613224,0.24688378549209772,0,0,0
1.6521210290530064,0.02635592082791476,-22.739055466052392,-0.30207944940102466,29.42673865699129,0.28069200212668904,0,0,0
1.6803379370330163,0.029118460429745596,-22.980125969471885,-0.32543135109285826,29.65816561468067,0.310217908167823,0,0,0
1.7128943465757942,0.031143775726242495,-23.219093377836913,-0.3502963535118866,29.88995074234397,0.3390125175614401,0,0,0
1.749898793397648,0.03234356196749104,-23.498692362707004,-0.37943055200063613,30.165648314700206,0.36943127258151237,0,0,0
1.7901081794484952,0.03260763500352084,-23.859234330380204,-0.41260984942648093,30.524733132437206,0.4013987314401888,0,0,0
1.831187719941056,0.031746814323742004,-24.326766275977846,-0.44602989137608945,30.98987539459567,0.4317512186136071,0,0,0
1.8701754851168317,0.029518226121517444,-24.904094163096246,-0.4726841090406694,31.558676577257813,0.454415196544835,0,0,0
1.9039296458779091,0.025732602407074978,-25.56657139508245,-0.4837587964486758,32.20147965473342,0.46154897390370164,0,0,0
1.9295025154780774,0.020395239774903474,-26.263231755556788,-0.4707613767390626,32.8648566858879,0.44548090129446083,0,0,0
1.9444769183509862,0.0138083437156169,-26.92303284135079,-0.4277899919287023,33.47941656226831,0.4009215870875494,0,0,0
1.9473032902681808,0.006576628683940555,-27.465896556459086,-0.3532579202605291,33.97089062243964,0.3267369714643792,0,0,0
1.937663961103766,-0.000498141804922625,-27.817713933958643,-0.2505652141974409,34.273655353717686,0.2266748567948426,0,0,0
1.916846744324829,-0.006600612942898465,-27.92670714522754,-0.1275665589708325,34.34475975528858,0.10879751083926692,0,0,0
1.887982230553817,-0.011102599428208747,-27.776592281994027,0.004923664991365229,34.1748641855757,-0.016156263005825622,0,0,0
1.8558744662879008,-0.013714843014930977,-27.391813532985495,0.13507203303514928,33.792102847081,-0.13687823565257418,0,0,0
1.8262063018918298,-0.014533918974593973,-26.832418417952255,0.2518709347844322,33.2566239625441,-0.24338961203199433,0,0,0
1.804169355687847,-0.013963111432893527,-26.17975975280457,0.3465667995177711,32.64665168565048,-0.3283173593849071,0,0,0
1.7929036515958217,-0.012545261472541824,-25.517334745168796,0.41361745631943025,32.03991702467516,-0.38751376295892614,0,0,0
1.7923540853287676,-0.010791551283996625,-24.912511425205295,0.4512299958568292,31.49607432936216,-0.4202007742034823,0,0,0
1.7991377286050465,-0.009081715880378738,-24.404323493506467,0.46145819038297875,31.04552044194837,-0.42878788070742785,0,0,0
1.8076721759392456,-0.007655799212199099,-24.000228561281375,0.44973583107616405,30.68771702859057,-0.4183569300978931,0,0,0
1.8122113463783478,-0.00665988216475597,-23.68153937076434,0.4237459208779626,30.398517724128425,-0.395713215051137,0,0,0
1.8089312314848627,-0.0061844459008227656,-23.414407186659247,0.3917270860953721,30.142752013253755,-0.3679888955901518,0,0,0
1.7971650717500296,-0.006254098274726516,-23.16201037816424,0.360606627116276,29.88698537850142,-0.34104078527368387,0,0,0
1.7793164741659098,-0.006777838836681838,-22.894455222223854,0.3345371293651084,29.608533546102066,-0.31814275972240863,0,0,0
1.75960748024427,-0.007514844164326462,-22.59495920917263,0.31434075393908784,29.299491812032727,-0.2995010887993672,0,0,0
1.7423248966796194,-0.008111760016593906,-22.26248889185085,0.2980199919663221,28.966762729748964,-0.28281431193847056,0,0,0
1.7303626688485565,-0.008217299159446157,-21.911268474006036,0.28204580682507013,28.629509171938324,-0.26461293615371917,0,0,0
1.7245756969619492,-0.007620303781936855,-21.56714013155421,0.26284383909538606,28.314646732138073,-0.24176695824929767,0,0,0
1.7239892869617819,-0.0063365007675614034,-21.26091595411559,0.2379317016320087,28.050509553954697,-0.21256122557467877,0,0,0
1.7265545757733065,-0.0045973177638529705,-21.020028641618154,0.20645577345014204,27.859573909205864,-0.17706303449267438,0,0,0
1.7300383547838862,-0.0027482840674267093,-20.86108130251364,0.16920100231019147,27.752388362591233,-0.13689062046262138,0,0,0
1.7327281936654941,-0.0011124558896966619,-20.785968795705386,0.1282870671259971,27.72508243076078,-0.09468175895376447,0,0,0
1.7338000640744156,0.00011152972756889312,-20.782693361844153,0.086696871519473,27.761373122754634,-0.05349848671204853,0,0,0
1.73334329652738,0.0008741448888400782,-20.829897487722434,0.0476729493011689,27.837903201175322,-0.016246407039194822,0,0,0
1.732124639570003,0.0012266579947578294,-20.902949186070714,0.014027365639377365,27.930585607406513,0.01486806034849053,0,0,0
1.7312003377826528,0.0012397286238083893,-20.97961822059088,-0.012465329809266734,28.01994514021132,0.03873921678006127,0,0,0
1.7314779661242454,0.000937566566463488,-21.044299758811306,-0.03135067013472366,28.09452430481784,0.05545419665825335,0,0,0
1.73331714585035,0.00028129383083239643,-21.090410638542522,-0.04333970142452585,28.152182661746124,0.06601421050506388,0,0,0
1.7362558669093602,-0.0007926067958834437,-21.120642297721815,-0.04987321041989361,28.199190157439602,0.07186065153838825,0,0,0
1.7389518620113904,-0.00230162700818255,-21.14468193971082,-0.05271581755441872,28.246966077006476,0.0745122321160423,0,0,0
1.7394140204485211,-0.004155545163891361,-21.174588003860876,-0.053759235917397064,28.306930329173767,0.07547093126633656,0,0,0
1.735541131973818,-0.006142346455757774,-21.219365809950645,-0.05493169554576838,28.385224535811417,0.0762570919759554,0,0,0
1.7258739961155811,-0.007973712005288291,-21.28142546604309,-0.057995443705817704,28.479979638138516,0.07831241804070004,0,0,0
1.7103270264455546,-0.009365176028913425,-21.35705566326662,-0.06419478606847803,28.583025522335745,0.08270818099844775,0,0,0
1.6905691879310893,-0.010106044178063201,-21.440541545244685,-0.07398082107564505,28.68529492006988,0.0898920972638706,0,0,0
1.669776873225075,-0.010086232446906252,-21.528935176048563,-0.08709513900186465,28.782516059970874,0.09977418766331425,0,0,0
1.6517408460713625,-0.009278853435507984,-21.624254195869483,-0.10308370795088848,28.87764848522484,0.11221808341949498,0,0,0
1.6396653855612158,-0.007704717341522382,-21.732358499227303,-0.1219940900980987,28.979264471730602,0.1276673955232482,0,0,0
1.6351954251287282,-0.005413595950797401,-21.860450508478266,-0.1447873824654778,29.09811113007831,0.1474379279461971,0,0,0
1.638089537542328,-0.00250277587861234,-22.015633329729468,-0.17304151947232355,29.24470795363962,0.1732973934593403,0,0,0
1.6466254860934413,0.0008391743682111041,-22.20542508336976,-0.20790342843882997,29.429111163368717,0.20635057504317303,0,0,0
1.6584939585585943,0.004304542100852871,-22.439306710931632,-0.24878017500720234,29.6618984910439,0.24574827120730874,0,0,0
1.6717380366076071,0.00749261898368303,-22.729299290697867,-0.2925439241554102,29.954358917600487,0.2879772907319861,0,0,0
1.6852992676594312,0.009990817285522268,-23.087470857989857,-0.3338067584864618,30.31599945692915,0.3272481143492058,0,0,0
1.6989609316132004,0.011474649714755003,-23.519575829632984,-0.3662566349236499,30.74880067050161,0.3569376797814243,0,0,0
1.7128222942336038,0.01178548322564552,-24.016736926120586,-0.3845170255280067,31.23999877204396,0.37153241635231493,0,0,0
1.7266670359081928,0.010964899923015992,-24.549693437423585,-0.3857666434728614,31.7574213925447,0.36830514270725845,0,0,0
1.7395735584164385,0.009242732217143158,-25.07042608409192,-0.3705041619502694,32.25174561522266,0.34810911742508777,0,0,0
1.7499419222762782,0.006986309976474559,-25.523016857714765,-0.3422861602304138,32.66748792789255,0.31509544811166706,0,0,0
1.755944369798783,0.004629028584412253,-25.860803585009535,-0.30674425418035867,32.96003211716277,0.2756213334607963,0,0,0
1.7562744853236012,0.002600187650340047,-26.063091518098375,-0.2703710507074348,33.1121625904413,0.2368345054482816,0,0,0
1.7509212807300258,0.0012649171072922627,-26.144348330434326,-0.23937105273584508,33.14298966529478,0.20530357243371355,0,0,0
1.7416011363723527,0.000866556690569098,-26.152160893002005,-0.2185790064155043,33.10531339871716,0.1858134105011601,0,0,0
1.7315895535035537,0.0014672095575363642,-26.154913399793443,-0.21039015934218241,33.07221279153711,0.1803376754769886,0,0,0
1.7249628081166009,0.0029031224495199128,-26.223286336707332,-0.2138606351324043,33.117145724984425,0.1873112111369352,0,0,0
1.7254714653065264,0.0047843996859697315,-26.410447453479037,-0.2243645811452069,33.2930344963811,0.20148597116570954,0,0,0
1.7353326028138838,0.006557800129969848,-26.735483501578628,-0.2341772329795674,33.6155554975563,0.21464965844870107,0,0,0
1.754245653991802,0.00762668190391338,-27.174327677513745,-0.23403804287294605,34.055122369992546,0.21723492224447227,0,0,0
1.7789731467714773,0.007499498153744355,-27.661623209038808,-0.21530743899084684,34.5406000392619,0.20046378472840728,0,0,0
1.8037883666584804,0.005922909761396511,-28.104449396461604,-0.17204852619812386,34.974891828819864,0.158408638008828,0,0,0
1.8218524866232997,0.002952067885594545,-28.40486384789405,-0.1024308558511862,35.25865917492831,0.08939503823789607,0,0,0
1.8271880997691596,-0.0010705134416838292,-28.484728759163787,-0.009187149297908093,35.3153388877395,-0.0035378273316325703,0,0,0
1.8165961179097962,-0.005617193977208501,-28.305235282910473,0.10082052827179382,35.10995124600123,-0.11310492872800353,0,0,0
1.7908186511175188,-0.010114172566744628,-27.875398661774682,0.21773579217911704,34.65629917162539,-0.22900817806738302,0,0,0
1.7544834869725463,-0.014067045661488465,-27.247594895219194,0.3303422929963105,34.011096107363386,-0.3397097362655586,0,0,0
1.714766330889688,-0.017143495187778513,-26.502318946458118,0.4279383725828808,33.25765622306477,-0.43442654036441725,0,0,0
1.6791606630417988,-0.019208208756951707,-25.72727821886069,0.5020921733768603,32.484506210276265,-0.5049309302250962,0,0,0
1.6531039283243558,-0.020315726151025615,-24.996969755722574,0.5479179966693521,31.765040589318716,-0.5467790420747576,0,0,0
1.6383026901565927,-0.02066752226950257,-24.358200279075703,0.5646655951326792,31.143502676606317,-0.5597749804620392,0,0,0
1.6323534147806953,-0.02054368794106125,-23.825065670632796,0.5555966182178423,30.63062642517569,-0.5476854852880294,0,0,0
1.6297703990537826,-0.020227524551087582,-23.383942114125446,0.5272231340297637,30.20934987267735,-0.5173363035864114,0,0,0
1.6240308382589035,-0.019943257039676608,-23.005548792470265,0.48801818865231184,29.847548466991924,-0.4772525530806192,0,0,0
1.6099208952147706,-0.019819661678056377,-22.65857933158368,0.44675942116979284,29.51220144138084,-0.4360243819245412,0,0,0
1.5853817717069063,-0.0198818855943216,-22.31943247959626,0.4107756639811768,29.179444318745098,-0.40064732696894934,0,0,0
1.5522082414616705,-0.020066568185170296,-21.975363554921557,0.3845013547285177,28.837733071499272,-0.3751983275424024,0,0,0
1.515333760492922,-0.02025325922686818,-21.622137059935,0.3687991428537572,28.48513069225858,-0.36026350445876715,0,0,0
1.480964046261235,-0.020305977205188695,-21.25968400716276,0.3613489503028987,28.124262391030854,-0.35338576007006994,0,0,0
1.4542850723811398,-0.020119273836901642,-20.889213115910806,0.3579908165518219,27.758567319629222,-0.35041166660444817,0,0,0
1.4376370083048897,-0.01966116642432496,-20.513186731790526,0.35445567745057927,27.391519401182293,-0.3471867691959318,0,0,0
1.4298208225120135,-0.01900114881425452,-20.137074242095224,0.3477549323364869,27.02799138058802,-0.34089530516873195,0,0,0
1.4267106270018957,-0.018308529059197554,-19.77045261109646,0.33676211261458205,26.67549227197665,-0.33059617502147065,0,0,0
1.422838099889887,-0.017810028208945995,-19.425640626952045,0.3219944033409419,26.343431800947442,-0.3169682104051589,0,0,0
1.413309230971521,-0.017710417688275016,-19.114022557077888,0.30494505664255767,26.04033374942152,-0.3016116482126009,0,0,0
1.395370283564361,-0.018102222563183546,-18.84188315623139,0.28736653809176005,25.77049126705778,-0.2862997147252074,0,0,0
1.369122950869695,-0.018903635033156264,-18.607742428775737,0.27073313094949325,25.531771321284566,-0.2724092618140205,0,0,0
1.337233478403462,-0.01985245970243028,-18.40219302652558,0.2558888637713494,25.31544858820699,-0.2605481403168099,0,0,0
1.3038598693784849,-0.020556110421784977,-18.210233440737184,0.24276158204509954,25.108145908904845,-0.250281592446089,0,0,0
1.2732628467493043,-0.02057748103809587,-18.015547734993206,0.2300838116953173,24.89557017237715,-0.23991529449230029,0,0,0
1.248600657973327,-0.01953339168287016,-17.805855422295593,0.2152563372518685,24.66742678304209,-0.22646445074145163,0,0,0
1.2312962254877107,-0.01718536872045462,-17.57818560438173,0.19461280964699057,24.42250997741992,-0.2060326649598835,0,0,0
1.2211495227840459,-0.013503416395359125,-17.342836790645464,0.16421320309614346,24.17267634751576,-0.17468281365490695,0,0,0
1.2170632895089284,-0.008686104116652871,-17.124802509998872,0.12098377129815815,23.94427885602444,-0.1295854054016516,0,0,0
1.2179753141428193,-0.0031282357372461435,-16.961459184559203,0.06378938052253033,23.775689242007005,-0.07002641729708473,0,0,0
1.223516596359815,0.002661338709840777,-16.895755059761484,-0.005965395222294489,23.710164617458943,0.002104078414870969,0,0,0
1.2340887869161037,0.008173590671660236,-16.965610397814302,-0.084405423106341,23.784943184735496,0.08249812972979953,0,0,0
1.2503724372369334,0.013008609752384359,-17.192355313544,-0.16586876951291032,24.019594534190475,0.16519456060877785,0,0,0
1.2725775120060234,0.016939309619920094,-17.57233963551188,-0.24395839358489724,24.407881735933998,0.24366187274660406,0,0,0
1.2998762338477121,0.019908390141362985,-18.07520168721615,-0.3126486606230031,24.916610956525858,0.3119018745743304,0,0,0
1.3303365646899294,0.021969126961997175,-18.649909653359003,-0.3672041025649051,25.492408080340084,0.36534799980507415,0,0,0
1.3613823230115543,0.023204892471082417,-19.236873299510833,-0.40481052176649684,26.0744555835077,0.401457100101868,0,0,0
1.3905426189832468,0.023670936738338356,-19.782420726494436,-0.4249109005123003,26.6092950749818,0.41998394824427693,0,0,0
1.4161471909225583,0.023388634638914142,-20.251289116228904,-0.4292250074735392,27.063297601767744,0.4229303190525641,0,0,0
1.437666583762791,0.02238625504683256,-20.633500210208254,-0.4213959530792934,27.429169240057746,0.4141324187662917,0,0,0
1.455565521070639,0.020745418040451113,-20.943860277426452,-0.406255070700395,27.724735618477624,0.39849118830259583,0,0,0
1.4707981542994872,0.018613780320092133,-21.214719402937305,-0.38881519017911614,27.984782667178266,0.38096208242494783,0,0,0
1.4842587836260748,0.016180791462743115,-21.48460538827939,-0.37320140531451074,28.248897724716116,0.3655163203427435,0,0,0
1.496440062474349,0.013642778300423685,-21.786299166304815,-0.36176794051262534,28.549205923596915,0.3543140740930724,0,0,0
1.5073304142522232,0.01118125182394607,-22.1377523942201,-0.35464717433847,28.901522839551816,0.3473152363582244,0,0,0
1.5164743678908508,0.008961084089705196,-22.538061555150165,-0.34991712303499156,29.302028904589562,0.3424971711137047,0,0,0
1.5231902376389854,0.007141006470673972,-22.96888735265594,-0.34440770362595,29.729618786935134,0.3366964452350459,0,0,0
1.5269704019874837,0.005877610872886407,-23.40010013162069,-0.3349177215339168,30.152435815912526,0.3268443455909221,0,0,0
1.527959709162019,0.005302359352262443,-23.797760859613604,-0.31940853215359793,30.536449965349988,0.31115013978695033,0,0,0
1.527277424659843,0.005471499845965866,-24.13267144055817,-0.29770232951196507,30.854140951194793,0.2897505183596024,0,0,0
1.5269755857773788,0.006318873926549884,-24.387937313685953,-0.27139274276331377,31.091700070828082,0.26454098971495627,0,0,0
1.5295742630283513,0.007647358475469446,-24.563896618276473,-0.24302518776543564,31.253226123087487,0.2382666325609577,0,0,0
1.5372823771486992,0.009165265986497672,-24.67869070981537,-0.21495462648546634,31.36039912258562,0.21329977597325184,0,0,0
1.5511550609340077,0.01054142592186338,-24.763322461424465,-0.18841513766941348,31.44671110719294,0.19066044253270603,0,0,0
1.570519153517722,0.011451176954697929,-24.85167982185324,-0.16315624355635522,31.54693273670138,0.16966050348776776,0,0,0
1.5929479526455452,0.011610058576906113,-24.96831343280452,-0.13767029930649954,31.68469523019914,0.1482132622045455,0,0,0
1.6148428975039621,0.010811808307298065,-25.118433617510604,-0.10979462366767904,31.862616546667653,0.12357974695511445,0,0,0
1.6323846612061175,0.008983155364757068,-25.284251508314824,-0.07743262344924347,32.059040241239586,0.09324828425886693,0,0,0
1.6424714787089982,0.006244667751271038,-25.429323295177156,-0.03923394297316918,32.233055000227665,0.05572613896914902,0,0,0
1.6433780104289042,0.0029433082586265867,-25.509374433623165,0.004834106638854507,32.33627357324025,0.01113537037192458,0,0,0
1.6350936688503594,-0.00038288618986825895,-25.485883550362743,0.0530988899562999,32.32749754037923,-0.03845922707729983,0,0,0
1.619405816675922,-0.003126151145968947,-25.338222852768908,0.10213958055479395,32.185708965676156,-0.08911209728628222,0,0,0
1.5997290546614096,-0.004791230309564298,-25.071030139547062,0.1472773713109646,31.91766051227711,-0.13559398520933427,0,0,0
1.5805881435202735,-0.005167759764735535,-24.71498139503592,0.183627737139426,31.558064810912185,-0.17253532441400524,0,0,0
1.5666902916190395,-0.004408467786299752,-24.32069092229024,0.20744187515340684,31.16234046592838,-0.19584870958683354,0,0,0
1.5616864411858558,-0.002971073275678293,-23.946917627256582,0.2172391974894495,30.793574257336317,-0.20393517545331577,0,0,0
1.5669305944083192,-0.001456370720298139,-23.645659904400958,0.21428130393354222,30.50667669457431,-0.1982064155878561,0,0,0
1.5807070635587621,-0.0004246988692926834,-23.447974136920564,0.20223762357365302,30.333686997099534,-0.18274097573192022,0,0,0
1.5983868008460007,-0.0002657410990536846,-23.354904543643087,0.18622366786902092,30.27456790435933,-0.1632359764866777,0,0,0
1.6136672776721213,-0.0011509245327545159,-23.33698245872867,0.17155319024876264,30.29692181870709,-0.1456114936879871,0,0,0
1.620529961647378,-0.003050308365433807,-23.34307051102732,0.16251644524611636,30.345433384500666,-0.13462868978029832,0,0,0
1.6151588279829951,-0.005769492513407215,-23.315846617032378,0.16139788318246245,30.358299208356954,-0.1327947019217504,0,0,0
1.5970716436708727,-0.00896750331196472,-23.208793460856853,0.16788913673565845,30.285300747410332,-0.13975361719152773,0,0,0
1.5690788981927284,-0.01215534401037104,-22.999449492548294,0.1790527061239743,30.101949874032314,-0.15232334145788826,0,0,0
1.5361872079647014,-0.014721306483886564,-22.695526469829076,0.18997048927803634,29.816053568125398,-0.1652707820269626,0,0,0
1.5039915160517836,-0.016035874262016137,-22.332938795431957,0.19506044715546836,29.465627238118813,-0.17274301073510542,0,0,0
1.477255561288672,-0.01563655975990059,-21.966768537044373,0.18974953758763036,29.109140522659033,-0.16999547317814317,0,0,0
1.4591536234550517,-0.01341946968684482,-21.65744707568082,0.1719256735242297,28.81045358252065,-0.15483762458219844,0,0,0
1.451173736007135,-0.009731546699659078,-21.455199650862724,0.14260340426331625,28.621860084089704,-0.12825990216000918,0,0,0
1.45330853505196,-0.005296031465543649,-21.386377987173987,0.10558002581704642,28.569491711356036,-0.09405148968355803,0,0,0
1.4641643640483721,-0.0009908568855735212,-21.445575135151017,0.06630392224488305,28.645478652719234,-0.057652935057772935,0,0,0
1.480964131114547,0.002422387610293697,-21.59658988179008,0.03044101883596966,28.80992296253497,-0.024730960450050077,0,0,0
1.499756176674282,0.004501901151415666,-21.78275941822369,0.002605520742204703,29.00270172581024,8.752067700470433e-05,0,0,0
1.516118583537292,0.005190346527388101,-21.94364923437783,-0.01449194585653828,29.161434977196734,0.014106352983202442,0,0,0
1.5262786391089662,0.004747022223004649,-22.032487247380246,-0.020460838158382445,29.239524217547668,0.01705341562435194,0,0,0
1.5282153921547206,0.003615470178169744,-22.02852860707226,-0.01729601214705383,29.218317633618312,0.011200367086868824,0,0,0
1.5222745728028286,0.0023049242877561937,-21.940713329622326,-0.009110039430959204,29.11001572942908,0.0010628929899255013,0,0,0
1.5110570887289327,0.0013209158671656951,-21.802366534246204,-0.0014594601355028658,28.951517112352676,-0.007402311039014365,0,0,0
1.4986439582371816,0.0011224528158621182,-21.65980803244655,-0.0002569243179650016,28.792394240333223,-0.0080634073024612,0,0,0
1.4894632368336573,0.0020620975070400503,-21.559338108644525,-0.010475514940009135,28.681495382224725,0.003940312169993377,0,0,0
1.487213606925934,0.004296455623129703,-21.53667552946061,-0.03502045871638444,28.65610758261849,0.031018882533257398,0,0,0
1.494173289786204,0.007703208439339448,-21.61118448314511,-0.07411650248120764,28.735899852144826,0.0726044883584919,0,0,0
1.5109807048329031,0.011860695009318079,-21.78532866140334,-0.125366792968525,28.92206765278563,0.12541099561861274,0,0,0
1.5367395586076924,0.01612449197802306,-22.04840438377792,-0.18440897567260067,29.200838098896668,0.184334495979887,0,0,0
1.5692431953402632,0.019792854707871753,-22.38269183454409,-0.2459342218270649,29.549713042880242,0.24367851064590695,0,0,0
1.605247476548115,0.022311366944866507,-22.769693631884337,-0.3047936015556161,29.94436251720323,0.2983676289908047,0,0,0
1.6408815228960094,0.023441226503449285,-23.194381259307576,-0.35696476730974214,30.364125685615207,0.34489482697630364,0,0,0
1.6723020085091633,0.023321929066874247,-23.64645629097221,-0.40019818252240924,30.794862072151545,0.3818330863968896,0,0,0
1.696572505315899,0.022403676236707783,-24.119150250717198,-0.4341683752054365,31.229179346792293,0.4097861993488848,0,0,0
1.7125769062823224,0.021284398936980153,-24.607274124200686,-0.4600243530132815,31.66517167213277,0.430737686238308,0,0,0
1.721625871960427,0.020523615745833012,-25.10632320255803,-0.47946185991398665,32.105055852381525,0.4469711863477713,0,0,0
1.7273925804549464,0.020501657624100743,-25.613166308369202,-0.4937179800086426,32.55423071611372,0.45998972912253605,0,0,0
1.735017467199981,0.021359140064090808,-26.127012413457706,-0.5029716765356852,33.01992964627448,0.46992319478796246,0,0,0
1.749583547977494,0.02301247964234534,-26.648647913910736,-0.5064145538276463,33.50821496127975,0.47566933619656027,0,0,0
1.7744793527985934,0.025214995481185554,-27.177310433683957,-0.5028754350884383,34.019424906357955,0.47561235006840974,0,0,0
1.8102640527891225,0.027627824012144232,-27.706873431970763,-0.49159725642576435,34.54425980842859,0.4684812109340129,0,0,0
1.8544729235369175,0.029879013076599393,-28.22409802466443,-0.4727522585677931,35.06335763349483,0.4539222383587315,0,0,0
1.9024268049326167,0.03160993600705382,-28.710601829248674,-0.4475273546866433,35.55155543411715,0.4326293712656053,0,0,0
1.9487224601277546,0.0325211462729527,-29.14790460160158,-0.4179174496145663,35.98530284747639,0.40618903237072457,0,0,0
1.9888551464037647,0.0324294686488102,-29.52324668845833,-0.38647943806974466,36.3499837814729,0.3769013395006908,0,0,0
2.020416002726421,0.031333006545369815,-29.833845788235962,-0.35613835341181643,36.64427823596884,0.34765242136456037,0,0,0
2.0434919405254846,0.02945421577681202,-30.088439855235634,-0.3298912997912879,36.880524428769775,0.32164123530626226,0,0,0
2.060228929929508,0.027214336601203114,-30.30618690960337,-0.31021597547896107,37.08181996998172,0.3017283385274567,0,0,0
2.073878234465596,0.025112950704222214,-30.513442294608183,-0.29823631338221473,37.277228356286656,0.2894609069265499,0,0,0
2.0878094182522915,0.023542505502358323,-30.73869396780212,-0.2930001224925377,37.49594912000356,0.284183508064541,0,0,0
2.1048062105572427,0.0226192793861415,-31.005786429883642,-0.291288654259624,37.760672161491215,0.28273522920590893,0,0,0
2.1266162895489487,0.022116943892450537,-31.32625777945404,-0.28813772465560417,38.0806410187694,0.27997445879170757,0,0,0
2.153556311974839,0.021539199329110657,-31.69296496307082,-0.2778974394614764,38.44616450338265,0.2699622124525064,0,0,0
2.184147515151338,0.020295682394161928,-32.07790582652696,-0.255441270096955,38.8271379281218,0.2473502536912747,0,0,0
2.2150479402651797,0.017897645619042633,-32.43613323105457,-0.21716404950198723,39.17733607353199,0.20851765720936158,0,0,0
2.241585441650926,0.014095632137397729,-32.715223034792004,-0.16161150905779068,39.444022823885916,0.1522354891601651,0,0,0
2.258883933816591,0.008928267715592141,-32.8674142498504,-0.08978213700218163,39.58014655329484,0.07990346303407421,0,0,0
2.2631857538711273,0.002698281952464754,-32.86059961057292,-0.005176418167603458,39.55532250689447,-0.004519562224672313,0,0,0
2.2528546906560223,-0.004091841973797727,-32.685082789628055,0.08645605937173428,39.36240492838027,-0.0948899678542574,0,0,0
2.228765739626269,-0.010823823084848527,-32.35480905838003,0.17781691492561863,39.01830401160521,-0.18366969583946116,0,0,0
2.194088887713164,-0.016861589669566968,-31.90360779990546,0.26124171885100794,38.55970679183196,-0.26315450649485966,0,0,0
2.153599109073596,-0.021657566852532284,-31.378021961130074,0.33012782839545735,38.035445396522675,-0.3269109395807902,0,0,0
2.1126378922368616,-0.02484892232546514,-30.82840436935348,0.3801672655748035,37.49726482484007,-0.3709987299182472,0,0,0
2.0759092843028526,-0.02631904928040001,-30.299736677270772,0.4099907539203699,36.99044096972719,-0.39458666645513174,0,0,0
2.04643204356951,-0.026210018056556806,-29.82371604254449,0.4210852946587707,36.54579100858339,-0.3998070328590103,0,0,0
2.0250097731256034,-0.02488956359606078,-29.41394475083743,0.4171260821764477,36.174913428078014,-0.3909818943890343,0,0,0
2.0103947105619397,-0.0228842748517053,-29.065741594102363,0.40300362093650366,35.870159254112366,-0.37352812095934096,0,0,0
1.9999952610671272,-0.020785120606255703,-28.76069207136922,0.3837948336426805,35.60945584234315,-0.3528347251022012,0,0,0
1.9907545100904542,-0.019127167442997008,-28.474229843040348,0.36380897039370125,35.36433459979017,-0.3332732380225821,0,0,0
1.979870103665661,-0.018258738079883586,-28.18354823661555,0.3457681331875193,35.10848506771487,-0.3173997606557123,0,0,0
1.9652461391961111,-0.018240248058822316,-27.873571590540422,0.33022877327842937,34.82442558223855,-0.30543102029503755,0,0,0
1.9457479030110392,-0.018820847841041655,-27.54007362470327,0.315450627256331,34.50709814550066,-0.2951717138380417,0,0,0
1.9213662178068915,-0.019513388255128918,-27.190314665416466,0.297916790377748,34.16453244461425,-0.2825785270682218,0,0,0
1.8933219035040167,-0.019743075505203933,-26.84205534539558,0.2735053006679166,33.816443363170066,-0.2629645528402079,0,0,0
1.8640295629812869,-0.019016444275349896,-26.521428309760196,0.23899918939588788,33.49148080563302,-0.23255335625496515,0,0,0
1.8368012947151868,-0.017057438310753525,-26.25943847827412,0.19341859375868325,33.2231962896976,-0.18988571073814456,0,0,0
1.8152608280106506,-0.01387549531704053,-26.086573690324883,0.1387057207673763,33.04437398343015,-0.13660092994777245,0,0,0
1.8025645060150879,-0.009754233019667425,-26.025639064690054,0.07953720704599902,32.97981031394107,-0.07732621395189768,0,0,0
1.8005900673369553,-0.0051705905608187665,-26.08423794908147,0.02232344479201771,33.03880103724052,-0.018684514832492026,0,0,0
1.8092957205581257,-0.000666844320033988,-26.249362299028718,-0.02632779120180544,33.20962796033342,0.03232207823154454,0,0,0
1.8264911860257058,0.0032945638535551323,-26.48651438286666,-0.061278876485958735,33.45841628276082,0.07011608422590995,0,0,0
1.848205572814365,0.006452854404012953,-26.744701554243278,-0.08021907796285035,33.733836005981686,0.09201753964680677,0,0,0
1.8696603121987039,0.008803984799375542,-26.96708021749629,-0.08433943075858678,33.97768729628933,0.09894590469959894,0,0,0
1.8866534603036769,0.010570560476877234,-27.105333257413633,-0.07813563345711003,34.13966414548551,0.09515700005590873,0,0,0
1.8969752015168382,0.01210902441063837,-27.134217074619784,-0.06838970800561128,34.19264164789212,0.08713633450542205,0,0,0
1.9013298387553164,0.013795689445444737,-27.061629257902624,-0.06261141619122554,34.143371686165665,0.08201733913792567,0,0,0
1.903300676004406,0.015923652670291232,-26.92996799791075,-0.0673745988496151,34.03383303042614,0.08599326324620904,0,0,0
1.9082701107838602,0.018631483501197012,-26.806995399261154,-0.08699178698546603,33.93138031450016,0.10312454321451411,0,0,0
1.921680311443339,0.02187832079153935,-26.768135029137582,-0.12279790177825305,33.91016438229474,0.13473033730390682,0,0,0
1.947252615012573,0.025462553341947115,-26.875476460940973,-0.17304186680537584,34.02980135171268,0.1792958884700994,0,0,0
1.9857277127286181,0.029061586747370426,-27.16026037136281,-0.23319809539140834,34.31834891522291,0.23270103939767922,0,0,0
2.034520407826335,0.0322736089660566,-27.61461942409794,-0.29653655517393107,34.76508143812683,0.28867230085584195,0,0,0
2.0884435201140974,0.03466268193538298,-28.19505923527882,-0.354957777639153,35.3249906693284,0.33955313535998355,0,0,0
2.141278993723148,0.03581908770533602,-28.83575192546739,-0.40019993036383283,35.932623030186505,0.3775366706362206,0,0,0
2.1875910689905425,0.03544217992024841,-29.466198028533867,-0.4254210007869489,36.51965204186891,0.39631464235529845,0,0,0
2.2240659284158824,0.033441285230172466,-30.026994809641934,-0.4268877478004896,37.030094694724085,0.39278221684604375,0,0,0
2.2499274953582358,0.03002798518159011,-30.47954577430228,-0.40523188365055773,37.42936438402597,0.3682049980062175,0,0,0
2.2664609878372204,0.02574613363429563,-30.808994702899483,-0.36567217896604803,37.706747020862366,0.3282754285931162,0,0,0
2.276102110645823,0.02138901065698775,-31.02234503700707,-0.3168882117516659,37.87331080584772,0.2818314857757912,0,0,0
2.2816654673142978,0.017805245686439264,-31.14435393894587,-0.26879381937265096,37.957623520173115,0.23856599120886415,0,0,0
2.2860075645445193,0.015660106689468024,-31.212579207868387,-0.2299786738313941,38.00039889528509,0.20651739930281962,0,0,0
2.2919817441692913,0.015246532719976358,-31.27134121375842,-0.20572006911199595,38.04783572405799,0.19020752765660234,0,0,0
2.302333626683975,0.01641957416188262,-31.36394135279548,-0.1971363743477113,38.14330552708631,0.18993843286095285,0,0,0
2.3193314505875406,0.018674164262586147,-31.5236901191939,-0.20150249166092635,38.31828294227515,0.202223383392257,0,0,0
2.3441921358852227,0.021321243190867277,-31.765984766847808,-0.21332281797437247,38.584826034897105,0.22093181911607473,0,0,0
2.376531255615646,0.02367548569283855,-32.08419550076189,-0.22566153634983976,38.93216997129011,0.23866145343771733,0,0,0
2.414123236977062,0.02517995535765749,-32.450909517779394,-0.231420076353686,39.3287487126355,0.2480521540143826,0,0,0
2.453202630463082,0.025448851480675216,-32.824019619508746,-0.22449828641518083,39.728980854784936,0.24298346891691552,0,0,0
2.489314542554496,0.02426114996891755,-33.155573216750795,-0.20084965829988022,40.08262899700847,0.2196398767311763,0,0,0
2.5184203242426833,0.021549239579113078,-33.40096930244427,-0.15930444012058304,40.34423805455029,0.1772887919222484,0,0,0
2.537807118121094,0.0174036139122137,-33.52677997140525,-0.10187538557296846,40.480920435428914,0.11849010713735311,0,0,0
2.5464702589760435,0.012082757592511938,-33.51632407791023,-0.033308411881351675,40.477670413227145,0.048532783435629764,0,0,0
2.5449451263731504,0.005996756477770759,-33.37243793579428,0.04007008174916251,40.339704294398075,-0.025818530524065863,0,0,0
2.5348238463786714,-0.000360041633737751,-33.11673452039973,0.11182544748760818,40.09117086149763,-0.09786791745414405,0,0,0
2.5182282750073597,-0.006516987709153455,-32.78473862257749,0.17669303784610832,39.769727106270636,-0.16229974432226868,0,0,0
2.4973588315407653,-0.01213119664193556,-32.41727961957541,0.23130155011798337,39.417497805646406,-0.21588580740780117,0,0,0
2.4740908017547696,-0.01704116695945146,-32.05020870028777,0.2742841310144911,39.07056340739484,-0.2575328782190752,0,0,0
2.4496022141257043,-0.02125166693114835,-31.705765144632664,0.3059539155261845,38.750301680243496,-0.28787084198161494,0,0,0
2.4241446654629613,-0.024865666923813024,-31.388642838289712,0.3277576198899467,38.45963155378578,-0.30863132575308044,0,0,0
2.3971083578233277,-0.028000161786071943,-31.087953801264433,0.34162334317116316,38.18537998047228,-0.3219645570467435,0,0,0
2.3673954485265796,-0.030722398637793448,-30.783938661260336,0.3492593856271696,37.90559165323816,-0.32976045608982074,0,0,0
2.33395358966456,-0.03302198492207822,-30.45678492264838,0.35153244718882914,37.598961993410995,-0.3330792952369251,0,0,0
2.29628845713502,-0.03480967667541961,-30.094861736894813,0.34816486137433034,37.25339103686727,-0.331884825878609,0,0,0
2.254822228517952,-0.03592924041550418,-29.7005010886881,0.3379650460363308,36.871525291030196,-0.32525158768295626,0,0,0
2.211004288629425,-0.036185006901500574,-29.292144766305796,0.3195772850707911,36.47212254537243,-0.3120262276366333,0,0,0
2.167138982319983,-0.03539563433822366,-28.90195514768712,0.29243402419328673,36.086704853277155,-0.29166743187638816,0,0,0
2.1259940350005735,-0.03346635596822693,-28.568560086544466,0.25743877145772415,35.75171514860875,-0.26485975014348356,0,0,0
2.0903098099706625,-0.03044982498440163,-28.326114684269356,0.21704627471571314,35.49778580341393,-0.23361559007829555,0,0,0
2.0622945964479555,-0.026567665127690532,-28.1928699875818,0.17477654925860692,35.33936927741945,-0.2008911696678865,0,0,0
2.043152014441091,-0.022184337434215707,-28.163613559331566,0.13452812836587497,35.268705661708395,-0.17001477555841688,0,0,0
2.03273188884431,-0.017740520792730762,-28.209550946683095,0.10006687912494101,35.256994151803326,-0.14422990299752314,0,0,0
2.0294553398205437,-0.013662318605302915,-28.28632217549125,0.07475838574509766,35.26280609262804,-0.12639946005110972,0,0,0
2.030611805858115,-0.01027130428349352,-28.347096244308744,0.06128754078372225,35.244479340188406,-0.1186643692974286,0,0,0
2.032978854175795,-0.0077238565037959,-28.35521980502935,0.06108761013653634,35.17137753544603,-0.12186605412061624,0,0,0
2.0335990807021176,-0.005998844373658585,-28.291475975056386,0.07352271112978315,35.0298235153972,-0.13483839935844627,0,0,0
2.030515796266954,-0.004933049315907568,-28.154371290236142,0.0952682824646999,34.82271025276606,-0.15399823817706704,0,0,0
2.0232809921656383,-0.004282702973395658,-27.955684678707243,0.12046187483375662,34.56507145563447,-0.17370813915013059,0,0,0
2.0130712449327035,-0.0037777667227487655,-27.715238582903993,0.1418839301720098,34.27912526220777,-0.18754129217888932,0,0,0
2.0023061527113697,-0.0031459356072673474,-27.45764287628397,0.15284342276964794,33.99098528383499,-0.1900454519763059,0,0,0
1.9938215212820154,-0.0021161147955652384,-27.210930734684567,0.14899330329222948,33.728723279937725,-0.1782605060810681,0,0,0
1.9899048591103536,-0.00043806377910442506,-27.00493219834553,0.1293128167404106,33.51991276030202,-0.15234801721370275,0,0,0
1.991677672593056,0.002055654032673715,-26.867482873771152,0.09594768085290326,33.38739317083915,-0.11516490073152283,0,0,0
1.9991524497854414,0.005362274114025923,-26.818662016612265,0.05316951745886485,33.344024820425346,-0.07112931253718102,0,0,0
2.0118177062201426,0.009250620207028248,-26.865286772107055,0.00604637575889484,33.388772474635346,-0.02496835191947753,0,0,0
2.0292184429110733,0.013286615845322558,-26.99834780765228,-0.040640983969036884,33.50634334326017,0.019191223826155124,0,0,0
2.051072336593691,0.01695559715183208,-27.19489448170711,-0.08302324289755063,33.67106124545083,0.058267556331276185,0,0,0
2.0769037333058975,0.019835663789068293,-27.423989504118595,-0.11840493240932659,33.85377833026266,0.09035814041156129,0,0,0
2.105577447002986,0.021736677521371917,-27.654774825315044,-0.14536200362094148,34.029441743012995,0.1147596543712183,0,0,0
2.1351723111645953,0.02272997955050613,-27.86405271597434,-0.16376314687749555,34.18289752209654,0.13192418623264074,0,0,0
2.163377492800336,0.023056105394056205,-28.041163163660073,-0.17465282908554514,34.31139884325049,0.1432622401099195,0,0,0
2.1882614970010366,0.0229710046578802,-28.188981522438795,-0.17989590299925312,34.42349416441763,0.15070393169588386,0,0,0
2.2090444478067752,0.02262139705798063,-28.321102909980567,-0.18157538174376953,34.53498971455133,0.15605474353010038,0,0,0
2.2264522452905027,0.022008840773861494,-28.45629348538722,-0.1812659830280353,34.663266682751754,0.16031541172910124,0,0,0
2.2423787601607046,0.021038988084750087,-28.611815062962506,-0.1793949133129388,34.82139487573454,0.16318828918710154,0,0,0
2.2589284894898753,0.019604025449883978,-28.79730683764481,-0.17492326400377464,35.01338266021901,0.16295891059629355,0,0,0
2.2772863071734974,0.017641937088718862,-29.010648299144805,-0.16552933387347935,35.23160868075183,0.15685549498385853,0,0,0
2.2969921410445124,0.015149627064819527,-29.236649334398948,-0.14833712232024682,35.45693244755367,0.14186651396735783,0,0,0
2.315967327850487,0.012166610936853317,-29.448723958444432,-0.12102643889160732,35.66132463488401,0.11583897492664619,0,0,0
2.331212565663435,0.00876351749151496,-29.613285356012085,-0.08296443308592102,35.812486628059474,0.07852540236931418,0,0,0
2.339796863687525,0.005055385959511227,-29.696456502394867,-0.03591850045745133,35.87995379308907,0.03218019163704185,0,0,0
2.339757767649232,0.0012266960559145445,-29.672352745641263,0.0159862934016644,35.84215930409121,-0.018598061061837257,0,0,0
2.3307105571753084,-0.002466241637289102,-29.53136729889664,0.0671262313187441,35.69337946381779,-0.06781878006993054,0,0,0
2.3140874202056523,-0.005737694514874647,-29.28593781624643,0.11176910516033729,35.448520706444896,-0.10955541150511579,0,0,0
2.292932619755817,-0.008347034217072747,-28.97100006753702,0.14547504527337907,35.14319679210496,-0.13938822749401253,0,0,0
2.271195450049021,-0.010166750860511798,-28.637443903628167,0.16601407111777747,34.827402049600636,-0.15533579794312402,0,0,0
2.2526238908006064,-0.01120933977319254,-28.339385985957364,0.17357503078888642,34.55342088005253,-0.1580325979767963,0,0,0
2.239615195895766,-0.011607069305267715,-28.118958282795575,0.17036803197592576,34.36137833250251,-0.15024548220455927,0,0,0
2.2324969856797594,-0.011567531392523733,-27.993973505710642,0.15991332889087886,34.267442359943885,-0.13604045091010447,0,0,0
2.229545057058317,-0.011334726167676478,-27.95314464483431,0.14629022304628023,34.259128648628234,-0.11991077551286936,0,0,0
2.2277034659555994,-0.011166573629498088,-27.960706194506002,0.13346505100156775,34.29962781332111,-0.10602147383200133,0,0,0
2.2236870745965547,-0.011312018457762463,-27.968672425882005,0.1246827218044217,34.33970448204562,-0.09758070288910972,0,0,0
2.215035243250071,-0.011961809214514573,-27.93223400998785,0.12190417103796278,34.33297495471675,-0.09633073035747941,0,0,0
2.2007401585288875,-0.013172252873020795,-27.82303558578363,0.1253831358760337,34.2494129513162,-0.10223178884538697,0,0,0
2.181266883460836,-0.014801873935411436,-27.636349557521342,0.13356993188854888,34.082982053784946,-0.11347438560463559,0,0,0
2.158075265471396,-0.016515528164089233,-27.39061668558395,0.14348555903064267,33.85159502070954,-0.1269089767507296,0,0,0
2.1330057986554607,-0.017878494502483022,-27.120344275577736,0.15152516380433526,33.590113576477734,-0.13883309795726007,0,0,0
2.107892667165558,-0.018506894625285496,-26.865126924035238,0.15444954195079816,33.33906044404864,-0.14592005572861524,0,0,0
2.084478246325645,-0.018203261673690463,-26.658274186825153,0.150247671592561,33.13269850389753,-0.14601990091466063,0,0,0
2.0643897754174247,-0.01701193714708893,-26.518289054527884,0.13863958229601678,32.99003888112094,-0.13864463306512392,0,0,0
2.048918520930769,-0.015170528125139526,-26.44545455646265,0.12115119539706995,32.91129683374851,-0.12508610592204547,0,0,0
2.0386181283436997,-0.012985736104708679,-26.424177006374023,0.10081150321660459,32.880503924759466,-0.10819453577697971,0,0,0
2.0330026265131664,-0.010697873382589762,-26.42975729406224,0.08154919273362253,32.87277594557014,-0.09184142776412899,0,0,0
2.030620787057998,-0.008397751143373,-26.43663976282346,0.06735142803747748,32.86296662066496,-0.08008394523339746,0,0,0
2.0295616022094407,-0.006022334052569534,-26.424837603550642,0.06127888898080016,32.83212099456449,-0.07612450241301758,0,0,0
2.0282179044243094,-0.0034102358198083494,-26.382501653417904,0.06453713038895756,32.76964966293974,-0.0813083876914618,0,0,0
2.026027064829563,-0.00037804487850081616,-26.30485234824151,0.07591548416557145,32.671699298836444,-0.0945169398778262,0,0,0
2.023915155731828,0.003211772833249427,-26.191612643660463,0.09189605532602059,32.53822099171467,-0.11227332829876957,0,0,0
2.0242549057999497,0.007403118324965874,-26.04548529701715,0.1075223638579729,32.371453479767354,-0.12963286945024208,0,0,0
2.0302874172193413,0.012121626082108605,-25.872917750638308,0.11776183189374763,32.17695500420632,-0.14156644706661298,0,0,0
2.045138072145761,0.017172729871968783,-25.686299714806935,0.11882276578522948,31.966127434970247,-0.14428258186505047,0,0,0
2.070735856676194,0.022257631050598546,-25.505216453113817,0.10891546500903644,31.75777064177177,-0.1359770100250543,0,0,0
2.107033809762825,0.02700002516102984,-25.354533655482513,0.08827538452515,31.57644725106772,-0.11683938281701386,0,0,0
2.1518370478790843,0.030980361830710023,-25.259021443885985,0.05865285299110212,31.447302149998833,-0.08853793053068557,0,0,0
2.2012889009291285,0.03378341182658602,-25.236609945698348,0.022663064847259308,31.389295175913986,-0.053580820635801274,0,0,0
2.250794214930295,0.03507282315855491,-25.29334700332754,-0.016686692095981927,31.4098795626892,-0.01485766169649878,0,0,0
2.2960273164398615,0.03470041508865762,-25.42209850299001,-0.05620848635544462,31.503305470666305,0.024569959753080184,0,0,0
2.3337187740389282,0.03282719034659891,-25.60508411374944,-0.0926229786841219,31.65284168640781,0.0615627895827231,0,0,0
2.36208902406581,0.029992141984699572,-25.81885464854456,-0.12274267345056841,31.83564527340934,0.09307668039204486,0,0,0
2.3810156488048904,0.027055980369628686,-26.039784671598127,-0.14385380469936565,32.02837838724133,0.11650303853542851,0,0,0
2.3921422230323373,0.024996169357794428,-26.24838457836138,-0.15420325057297787,32.21182703250105,0.13009121412160313,0,0,0
2.399007760142183,0.02461213079339757,-26.431446239955037,-0.15338419040398463,32.373398537599,0.13327263185916963,0,0,0
2.406955229609821,0.026260106243806546,-26.581960389988197,-0.14245812259358387,32.50721405498817,0.12675639126220517,0,0,0
2.422396851575371,0.02973541860108213,-26.69755949087964,-0.12377176564685896,32.61233253535312,0.11238331517108975,0,0,0
2.451250594507073,0.03435183053489652,-26.778642451428126,-0.10052139478616055,32.69020731713002,0.09279895590635476,0,0,0
2.4969155228642705,0.03916830364525339,-26.827188907367386,-0.07616085113791797,32.742605881280895,0.07100843555746791,0,0,0
2.558628378877927,0.043244337900212315,-26.84667972892585,-0.05376912263648705,32.77086938328836,0.04986063846292836,0,0,0
2.6310729600497496,0.045816201962138335,-26.84280177021803,-0.035504417641504915,32.77667483811871,0.0315292184200473,0,0,0
2.705607329414775,0.04636783763180006,-26.824068596406164,-0.022271072107056967,32.76363483247289,0.017110460283106477,0,0,0
2.7726986852574242,0.044649365618985824,-26.801393182977307,-0.013700018539404368,32.73846274281601,0.006489119724798797,0,0,0
2.8245856020344604,0.04070501060906793,-26.786075804726252,-0.008474477285001569,32.71043341713033,-0.0014270859548730641,0,0,0
2.8571697797635665,0.03491668324055297,-26.786490416370086,-0.004918203943394417,32.688690721799475,-0.008144356654295849,0,0,0
2.8706336059278215,0.02801387249799774,-26.804671111058767,-0.0016396456588537943,32.67831865781923,-0.014901727275452003,0,0,0
2.8688905077652294,0.020995249164525377,-26.834559676273685,0.0020392350232398826,32.67722373260111,-0.022187760138518798,0,0,0
2.858300700597752,0.014950806972606756,-26.863387224278142,0.006074964022111828,32.67593645758129,-0.029720328170128596,0,0,0
2.8460823552698002,0.010829558768854497,-26.87637094680133,0.010111207179423331,32.661162314737936,-0.03691997666039981,0,0,0
2.8387671038579043,0.009227640196327514,-26.863076185514387,0.014047727450693515,32.62185211053384,-0.043596319842291106,0,0,0
2.8410254516950033,0.010257890317052442,-26.822409419985632,0.018400781267233414,32.55479723673352,-0.05040197295014366,0,0,0
2.8551153991408427,0.01352134081076457,-26.763318956185046,0.024221901662909318,32.4664315507716,-0.05874306303634569,0,0,0
2.880994272945969,0.018168434278202028,-26.700281111183074,0.03264197424321509,32.36926297621201,-0.07019186989327579,0,0,0
2.9168620039977355,0.023033020893844024,-26.645598530219317,0.044354907075218365,32.27447021870742,-0.08576659847923337,0,0,0
2.959748682934091,0.026831420461751066,-26.60248260369775,0.05937096067755476,32.18467099229804,-0.10549671890618413,0,0,0
3.005847014035467,0.028410598863094095,-26.562452094429673,0.0771414449514353,32.090888027455776,-0.1284556691452096,0,0,0
3.0505748505472496,0.02699518879313274,-26.508139933841534,0.09685594925621359,31.97530503366835,-0.15310388313513243,0,0,0
3.0886309095361923,0.022353767175387416,-26.41983815352596,0.11758539128060193,31.818270472788953,-0.1776021197917558,0,0,0
3.114396559887311,0.014817758275388827,-26.282661340025783,0.13810731836122728,31.606195125676095,-0.1998638240410827,0,0,0
3.1228730924888453,0.005146404241233427,-26.091661736000034,0.15657042927998505,31.33729541908174,-0.2174128369611296,0,0,0
3.1109773396263307,-0.005693792337358161,-25.853849927423497,0.170352254420645,31.023758405382196,-0.22733767264266333,0,0,0
3.078653070894717,-0.01672715778643692,-25.587465043379026,0.1763693520187232,30.690410352854045,-0.2266015664673148,0,0,0
3.0291718556998575,-0.02706590449559627,-25.3192079275708,0.17180604232652003,30.370624735801186,-0.2127262115050243,0,0,0
2.96832604641007,-0.03590966341133992,-25.079894237419467,0.1549772874723118,30.100341849096125,-0.18461994182286362,0,0,0
2.9028107595605093,-0.04252503582567187,-24.8989600594913,0.12599781942154492,29.911294265871405,-0.14323601743853942,0,0,0
2.838575436171098,-0.04629110465417767,-24.79875857424244,0.08706905446643845,29.824872362782628,-0.09183898395760792,0,0,0
2.779915805591287,-0.04683304659849199,-24.790079510576334,0.04236561684109006,29.848042918618106,-0.0358104986202477,0,0,0
2.729534275422793,-0.044180951022083546,-24.87006527880284,-0.0024330509307446844,29.972071054560317,0.017986807974918407,0,0,0
2.6891462016305923,-0.038849836108533965,-25.022683145810333,-0.04096425630055052,30.1738349512907,0.062261566141137335,0,0,0
2.6599620459470685,-0.031767562758849975,-25.22097119133565,-0.06737496395981424,30.41890557950566,0.09070515670275939,0,0,0
2.642646873641411,-0.02405737405472195,-25.430193759012596,-0.07778134322403787,30.66565341917972,0.09956452338357451,0,0,0
2.6368435606738814,-0.016761058358494552,-25.611795552686473,-0.07165654629052795,30.87027843260323,0.08898041357293351,0,0,0
2.640673494614518,-0.010620399045090777,-25.728850490576306,-0.05263790559489223,30.99324039721256,0.06360103180318219,0,0,0
2.65065041882157,-0.00599919124832553,-25.75364387701761,-0.028306363260429634,31.00739341612372,0.03210664476084872,0,0,0
2.66223701901329,-0.00294636532735808,-25.67677349173168,-0.00879732546468972,30.90693949970715,0.005594146437138648,0,0,0
2.6709648525861525,-0.001325902005349633,-25.51532403714772,-0.004504182745213825,30.714676498511963,-0.004864261439978179,0,0,0
2.673711815140379,-0.0009220033239174085,-25.316458566525256,-0.02345546309010018,30.484053236649927,0.009107190229680383,0,0,0
2.669542362939538,-0.0014740468942534336,-25.153128911407137,-0.06908314854226347,30.293137502168804,0.05099310208916137,0,0,0
2.6596825483570115,-0.002661412093578974,-25.11065640045723,-0.1390181281524491,30.229776415662087,0.11827714303938422,0,0,0
2.646703025893572,-0.004093571348643366,-25.26601301878779,-0.22525453185863142,30.37026296510588,0.20272257889236442,0,0,0
2.6334268404022367,-0.005349030010088995,-25.664748389913598,-0.31560501678387,30.756725321476523,0.2919355779528289,0,0,0
2.622103091731347,-0.006062719652126703,-26.302627038109108,-0.39600297284678876,31.380209453494842,0.37175133183097414,0,0,0
2.614059373678728,-0.006016511775985123,-27.119031772100797,-0.45305807460790104,32.1760118276064,0.4288406424520204,0,0,0
2.6097147053351364,-0.005176565398170396,-28.006189195603923,-0.47635706122459426,33.03461920504736,0.45301896562377236,0,0,0
2.6087467189124,-0.0036579986120315764,-28.83282365957038,-0.46019565584753225,33.82629527923544,0.4389354976110752,0,0,0
2.6103376560648854,-0.0016527652246026037,-29.47535376561561,-0.4045843269217926,34.432189816821705,0.3869872832988321,0,0,0
2.613546697380528,0.0006198747266822124,-29.847039312604267,-0.3154337238207745,34.77245966117013,0.3033778959672645,0,0,0
2.617776708957834,0.002910614101006104,-29.91669952365308,-0.20383915338445746,34.82332715840653,0.19926185818000022,0,0,0
2.6231025622366957,0.004910723706385056,-29.712612958932553,-0.08444520723283092,34.61913139177284,0.08898964050702603,0,0,0
2.630175373647546,0.006254963010053416,-29.311856288005714,0.026947072043236632,34.2401357980942,-0.012338703186489396,0,0,0
2.639625587669059,0.006597296679136377,-28.819085628121343,0.11611147986228047,33.79050428114917,-0.091552400108219,0,0,0
2.651209232741408,0.005738272662037502,-28.341018571953683,0.17286999042599974,33.372828035294845,-0.139716300830338,0,0,0
2.6631666107425787,0.003726785721971737,-27.963483844429106,0.1927464428641173,33.06590823267666,-0.15353814444302144,0,0,0
2.6722643354356705,0.0008641118730508879,-27.736718475171557,0.17747317165069632,32.91123217318247,-0.1356185342955797,0,0,0
2.6747196857037636,-0.002394037551779604,-27.671708860947575,0.13431908972964807,32.91077127815325,-0.0935894930771326,0,0,0
2.6677203826852605,-0.005574193653839643,-27.74665386135561,0.07443626940103627,33.035026808518325,-0.0383931891711569,0,0,0
2.6508145546002453,-0.008287398884176867,-27.919574883963094,0.010561110011798292,33.23707821673992,0.017955560946998617,0,0,0
2.6264178276883428,-0.010265192064908035,-28.141967807146116,-0.04549421514626317,33.46714181545073,0.06472548336005843,0,0,0
2.5991621867188996,-0.01134339691171391,-28.369422061636072,-0.08504756276551717,33.68323646100151,0.09448399123401999,0,0,0
2.5744334371091497,-0.011427900185901762,-28.56749359399535,-0.10394855389905047,33.85620390638263,0.10430730438922922,0,0,0
2.55675159882729,-0.010472502743623125,-28.71347452800336,-0.10285600373871802,33.970059890619154,0.09588574040493256,0,0,0
2.5485573120923277,-0.008482218878701531,-28.795960723416314,-0.08640753424411826,34.02008286889543,0.07455725860928623,0,0,0
2.5497326416254396,-0.005533721226596811,-28.813959472084278,-0.061643267138603616,34.01074814501686,0.04764636133142517,0,0,0
2.557985333576653,-0.0017891621097433585,-28.77620401416206,-0.03621659146245406,33.95430521707476,0.022649283896907946,0,0,0
2.5699946582675324,0.002515777579775147,-28.700268898334755,-0.016850815233073035,33.869628682202574,0.005726808088115831,0,0,0
2.582898193898245,0.007106892437472823,-28.610729203796794,-0.008277642833981247,33.78059939461119,0.00074382717893684,0,0,0
2.595477342334277,0.011711826616739529,-28.53600755534913,-0.012689775854498464,33.71354183005417,0.008885131338229258,0,0,0
2.608526206590909,0.01609411945562016,-28.504133721770657,-0.029649253604087277,33.69363465441981,0.028764580911899883,0,0,0
2.624319962516651,0.020078244759345408,-28.537930213966803,-0.056390632689884514,33.74050454188267,0.056919598497759696,0,0,0
2.645502361483878,0.023557226862315872,-28.650270022335164,-0.08846964551256634,33.863642178172,0.08859165598959465,0,0,0
2.6738698649946855,0.026469845394233006,-28.840372286548345,-0.12068278884507322,34.05891120400145,0.1186866264976345,0,0,0
2.7094985066485293,0.02875378529567314,-29.092453259457187,-0.14811404154113178,34.30772867801443,0.14276406318106466,0,0,0
2.7505150892188936,0.03031031240652169,-29.377865798983123,-0.16709018809369952,34.57994412999446,0.1578522960148689,0,0,0
2.7935576021998116,0.031016584042630767,-29.660900469287725,-0.17581644915872233,34.84022177697071,0.16290043513646993,0,0,0
2.8346931122098624,0.030785359740646355,-29.907096786785488,-0.1745591621649311,35.05649494717892,0.1587915886434871,0,0,0
2.8704360468549766,0.02963670183528393,-30.09186961920811,-0.1653955580453214,35.208240026421834,0.14798646334375007,0,0,0
2.898580466399494,0.027744344668413135,-30.206909436286125,-0.15166469709724736,35.29206479020286,0.13394356729552043,0,0,0
2.918692047017217,0.025439267050947477,-30.26229821335788,-0.13727321641023876,35.32263900578451,0.12044655797903658,0,0,0
2.9321735599231147,0.023169117912843262,-30.283521835616114,-0.12596458484482156,35.32842042831754,0.11091702473927398,0,0,0
2.9418693798367173,0.021418231611541216,-30.304225602788378,-0.12062007567468669,35.3435068116095,0.10776408460221205,0,0,0
2.951313311678817,0.02059701045081397,-30.357019257520818,-0.12266315888566907,35.39834687695665,0.11184140678473398,0,0,0
2.963891177158004,0.020920081087918162,-30.465185423559575,-0.13167503128214975,35.51219425780479,0.12213264635011001,0,0,0
2.9822062683473263,0.022309157765313614,-30.63751164743134,-0.14535419492683843,35.6891143773872,0.13581961795958933,0,0,0
3.007739918315224,0.02436490926222774,-30.867101226034592,-0.15991838852044965,35.91786262299283,0.14883473239914052,0,0,0
3.040663216718002,0.026437375624310276,-31.13372837564218,-0.17092891439268526,36.17490901502626,0.15683315876573545,0,0,0
3.079636857734158,0.027786075845955337,-31.40861993202961,-0.17434745559426829,36.429566489922934,0.15631125035249624,0,0,0
3.12167204405263,0.02777633318446533,-31.66045138555451,-0.16750282898761243,36.65026096979875,0.1454830584866585,0,0,0
3.1623411396394943,0.02603554177837424,-31.861482098562377,-0.1496430876651317,36.810986329775915,0.12460323398112791,0,0,0
3.1965473161662175,0.022511456350238747,-31.992810979542966,-0.12189757831597063,36.8967520159749,0.09565513303135731,0,0,0
3.2197301382962706,0.01742687081926846,-32.04770015873106,-0.08669957256606438,36.90661931513446,0.0615660205940884,0,0,0
3.22907664352347,0.01117887285443402,-32.03204754739694,-0.04691226454930444,36.853177461823236,0.025253007758837497,0,0,0
3.2242465949417465,0.004247742395702403,-31.961616300210892,-0.004984357845307841,36.75822659761607,-0.011176873215171667,0,0,0
3.2073208318497137,-0.002853015509931822,-31.856487430591045,0.03757824319688865,36.64566570770077,-0.046827690289632073,0,0,0
3.1820086265079084,-0.009605198644800339,-31.734096951695236,0.08027170938321007,36.53352282893371,-0.08192228144813214,0,0,0
3.1524519452623423,-0.015530135650070064,-31.602851021135223,0.12321028190967667,36.427439092614634,-0.1172980649482355,0,0,0
3.122114281691182,-0.02025770663971116,-31.458463510482687,0.1664880006538894,36.31779775777122,-0.15370505676912954,0,0,0
3.093141888953312,-0.02359380842018055,-31.284668953585623,0.20955854881913466,36.18198406690243,-0.19115974381168713,0,0,0
3.066289153191491,-0.025552767851904433,-31.058765004730276,0.2508744634826002,35.99176351529459,-0.22855920091997745,0,0,0
3.041245959665517,-0.02633790984450286,-30.7607081604462,0.28790631340887246,35.72377136649254,-0.26365848009423587,0,0,0
3.017153071899159,-0.026273492068523297,-30.382820152192167,0.3175186281860206,35.36956874744317,-0.2933969157887333,0,0,0
2.9931385593216646,-0.025710491761948617,-29.936462059205596,0.3365713948161499,34.941580023706365,-0.31446350994582417,0,0,0
2.968718916422702,-0.024944603658718735,-29.45287166538489,0.34256841893980833,34.4726345884163,-0.32395208341568493,0,0,0
2.943941733404685,-0.024177631488117867,-28.97742429650232,0.3341893828663089,34.00908090675841,-0.319971586885913,0,0,0
2.9192737058226754,-0.023519451437357473,-28.55891066983503,0.31161056511981255,33.59955367104638,-0.3021107786856419,0,0,0
2.895347027642856,-0.02300268756778081,-28.237137072973724,0.2765999831973602,33.28280399315639,-0.2716833299526485,0,0,0
2.872668245103995,-0.022593800662502873,-28.032779321084604,0.2324140447181776,33.07827692361437,-0.2317039862895797,0,0,0
2.8513655740721333,-0.022207910289027667,-27.942775124922534,0.1835157160622103,32.9822681980433,-0.1865835964909337,0,0,0
2.831094638817916,-0.02173331719954632,-27.94265935353215,0.13511685278141955,32.970655728438174,-0.14157651500471785,0,0,0
2.8112190839877087,-0.021052871625364844,-27.994708328472598,0.0925530843963486,33.00693806696606,-0.10205043821303547,0,0,0
2.7912150652741303,-0.020047187303799775,-28.05867970501039,0.06053556284621919,33.05252888454737,-0.07267503617814271,0,0,0
2.771059456431388,-0.018585605088129852,-28.101304898583493,0.04238626198474264,33.07574405879703,-0.05665754044303526,0,0,0
2.751385744427239,-0.016530606448795025,-28.101703137570695,0.0394301556330106,33.05686943836912,-0.0551856850536808,0,0,0
2.7334130171510367,-0.013781947665390249,-28.051893452538835,0.0507297024565105,32.98857652462806,-0.06722642313411313,0,0,0
2.7188018327846777,-0.010365005753715194,-27.953555041372837,0.07325625230240859,32.87280330926495,-0.08973739170905617,0,0,0
2.7094909767615576,-0.006526802547497823,-27.813274453126297,0.10244143703506836,32.71622858872604,-0.1182199850315584,0,0,0
2.7073621806160446,-0.0027663526422131214,-27.638477764754498,0.1329486517155715,32.52642007307756,-0.1474709383723365,0,0,0
2.713546097418231,0.00026250801372356135,-27.43547810035743,0.15950390906881892,32.31000396670217,-0.17240500936320444,0,0,0
2.727444581280764,0.001962850949018957,-27.210096830508064,0.17767560400642282,32.07328181134761,-0.1888617122174267,0,0,0
2.7459510585127305,0.0020215044571145315,-26.970293958121914,0.1845227039728158,31.824738216650474,-0.19430507410639847,0,0,0
2.763551538851999,0.0005291998841485679,-26.729193187854676,0.1790281585522237,31.577819500824006,-0.18828010824311292,0,0,0
2.7736845365686236,-0.002066031135861124,-26.506265807895304,0.16222979220427333,31.351693965164984,-0.17246640438683158,0,0,0
2.7710142539174285,-0.005138889356011589,-26.324947097506467,0.1369875595392557,31.168252316194852,-0.15023475648818022,0,0,0
2.753628061722182,-0.008105172825314356,-26.206666412810677,0.10740431919170276,31.045525783564074,-0.125782519665853,0,0,0
2.7240938316261634,-0.010578349648282881,-26.1632734558506,0.07802822476680263,30.990002226833823,-0.10311722909786454,0,0,0
2.6888306654029464,-0.012412142484696177,-26.190976531083564,0.05303252274752879,30.991564544857724,-0.08522442469409555,0,0,0
2.6559732870559287,-0.01365078045906074,-26.26860216936194,0.03553253844398938,31.024072508195758,-0.0736169641026109,0,0,0
2.6324943691650873,-0.014454497327494664,-26.3614349084404,0.0271058854109981,31.05217877004364,-0.06823508607726439,0,0,0
2.6216610847979354,-0.015050183759561265,-26.429814582840038,0.02753618780400302,31.042109520368967,-0.06755171657486159,0,0,0
2.6218296336657687,-0.01570658716409241,-26.439968730646626,0.034833994431249946,30.972493969709518,-0.06880597251476246,0,0,0
2.6270437342613917,-0.016709846271196226,-26.373867803414782,0.04562690486286556,30.841649859797897,-0.06842682319051505,0,0,0
2.629139563293677,-0.018329913801092345,-26.235206953785323,0.05597091025542653,30.66934310439234,-0.0627628262373662,0,0,0
2.620512416321816,-0.020782094217992153,-26.049585219466437,0.06250064129106078,30.492735150446237,-0.049131209109081905,0,0,0
2.596562190081258,-0.024180713292976462,-25.858326468498177,0.06364706994154971,30.35746605841645,-0.02697057869259254,0,0,0
2.556995368914201,-0.0284806628702583,-25.707004407221945,0.06048325627774602,30.305733994928673,0.00135805770224664,0,0,0
2.505531527392023,-0.03342422747805074,-25.6312674285293,0.056740274494819685,30.36393628248406,0.03063883467615227,0,0,0
2.448152344876007,-0.038529568274422846,-25.643595756451333,0.05779226735990619,30.53276041710494,0.0539783655922804,0,0,0
2.3906872362353226,-0.04314838872995921,-25.724964209024904,0.06889909943178622,30.782472983117714,0.06478531935990191,0,0,0
2.3368544560953524,-0.046591066792196045,-25.824982020062578,0.09342716620085127,31.055690097391434,0.05876359426219437,0,0,0
2.2875873588852613,-0.04828734093380689,-25.87256598569843,0.13181217797832545,31.27888231647104,0.03507929682330228,0,0,0
2.2417480515171633,-0.04793254988404101,-25.79594512981572,0.1816378493849001,31.3814335157207,-0.0037193384820525923,0,0,0
2.197655675994085,-0.04557239164825262,-25.54621595946746,0.23867026112022954,31.31719629799136,-0.05286981052662867,0,0,0
2.1546017483998554,-0.041603419594552805,-25.115313557457924,0.2983304057727267,31.08037109306818,-0.10709041277291789,0,0,0
2.113688780743189,-0.036697698149959025,-24.540204688714923,0.35701349448235364,30.708259026649472,-0.16214194520967026,0,0,0
2.077669870073791,-0.03168241976870547,-23.890625913372944,0.4128165483804068,30.268540610108147,-0.21575075919515568,0,0,0
2.0498076109094967,-0.027413929265283344,-23.244564817327003,0.46552566067222756,29.835238177217775,-0.26770175824625825,0,0,0
2.032118148930479,-0.024678711663705145,-22.660291698724066,0.5160255856449865,29.46185628937576,-0.31924866248152456,0,0,0
2.0237102547357324,-0.024130325497100102,-22.154829264201368,0.5654953966840808,29.16105353102101,-0.37221047129642104,0,0,0
2.0200302584082976,-0.02624198166119527,-21.69681653625851,0.6147761843996236,28.898182505439877,-0.42815861014253614,0,0,0
2.013448066232428,-0.0312410566493611,-21.217309378976154,0.6641464695885986,28.60186473400846,-0.48795840384326256,0,0,0
1.9949609348801118,-0.039010463307761256,-20.635689273365855,0.7134648985310278,28.188946890905456,-0.551669942879181,0,0,0
1.9563524210230838,-0.048988479660914665,-19.891261992626653,0.7623714584416206,27.59509158502715,-0.6185738904622156,0,0,0
1.8921819317879027,-0.060142850752482956,-18.967551713461688,0.8101917180009792,26.79878499164282,-0.6870481151353601,0,0,0
1.801278214249578,-0.0710930632822027,-17.898739992828936,0.8554590665095845,25.828674988216846,-0.75423820795871,0,0,0
1.6875652369961784,-0.08038522471897806,-16.755976928062665,0.8953766761989257,24.751841181316337,-0.8157785973633309,0,0,0
1.55992281430035,-0.08682321912414466,-15.620850232910797,0.9257543055700651,23.64949927259562,-0.8659775508741532,0,0,0
1.4306896414056496,-0.08971035656401796,-14.558374518714274,0.9417755255303775,22.59137513802216,-0.8987293166407625,0,0,0
1.3127796219137053,-0.08890930727845756,-13.600238599105523,0.9394656011217976,21.61867145143391,-0.9090188175907187,0,0,0
1.216178011218517,-0.08474325532187663,-12.743049774269252,0.9172613351609143,20.740396531806567,-0.8944923499281543,0,0,0
1.1452158749909813,-0.07784208125070222,-11.959766323275502,0.8769673866058255,19.942089225266926,-0.8564684281091104,0,0,0
1.0978573692399323,-0.06902682498025996,-11.217934018062081,0.8236874605529352,19.20165372449783,-0.8000124675407221,0,0,0
1.0672593482385082,-0.05924874498195436,-10.496605981408678,0.7647786948656077,18.50490340911996,-0.7330624970000386,0,0,0
1.0447493785691364,-0.04953056408458849,-9.794938361852545,0.7081919395428755,17.853861492361276,-0.6648416093514484,0,0,0
1.0228574017425558,-0.04193284681710452,-9.129066126770681,0.6804203862022228,17.263990707125743,-0.6306347118806931,0,0,0
0.9972969871935788,-0.03509925133234404,-8.519102322533314,0.6583243313729668,16.751716505909116,-0.5996796859123616,0,0,0
0.9674353644808065,-0.029975982061602378,-7.973063284254721,0.6404730285699978,16.318874302595233,-0.571304311537036,0,0,0
0.9353840005597647,-0.027078894780027934,-7.476455123285518,0.6235798157960938,15.942959044507674,-0.5431157799983595,0,0,0
