Pitch_Normalized,Delta_Pitch_Smoothed,Roll_Normalized,Delta_Roll_Smoothed,Yaw_Normalized,Delta_Yaw_Smoothed,Label1_Move,Label2_Bend,Label4_Speed
1.023909564438469,-0.1843725317320633,-4.889420642695612,0.8478191862437654,3.4700714812902405,-0.5913472780848721,0,0,0
0.7963226462550637,-0.19263214921917893,-3.8557077245582576,0.8939581219405829,2.7584326881170185,-0.6277601798432523,0,0,0
0.5672736984076039,-0.19794762831644772,-2.8109780037827505,0.930688078102926,2.0353178688859543,-0.6582878118827276,0,0,0
0.33578720477611057,-0.2006662750950099,-1.7447950230220357,0.960270139182656,1.2895502137083668,-0.6842090339595392,0,0,0
0.10204690577815256,-0.20093161781305469,-0.6503247114767845,0.9831612507078122,0.5133350908658798,-0.7055826654650446,0,0,0
-0.13188333087660453,-0.19897467872399516,0.47432808894788536,0.9989151670817946,-0.2964895977692734,-0.7218572726218341,0,0,0
-0.36172383377666506,-0.2147626478232297,1.6253959040248702,1.1075138701693263,-1.1379432018888522,-0.8055504968790764,0,0,0
-0.5814206363216101,-0.20569023159826827,2.7927404707656365,1.1045641822381143,-2.0036007903860735,-0.8127333777524008,0,0,0
-0.7844749958790231,-0.19500713717275886,3.959030613674699,1.090821964397037,-2.8801725078951605,-0.8121125419888713,0,0,0
-0.9658372228014827,-0.18346845355229108,5.099731028122335,1.0658513116654604,-3.7485012449281,-0.8029392289362732,0,0,0
-1.123716913793828,-0.17189923934044202,6.185718058997651,1.0320742359539679,-4.585433487500524,-0.786842468491254,0,0,0
-1.260579669727619,-0.161014332527094,7.189934097822885,0.9944124693241662,-5.3689010894069895,-0.7675994890369047,0,0,0
-1.3827976733199847,-0.15130489796966345,8.097241640187619,0.9590574103784988,-6.085807551002759,-0.7501146939083547,0,0,0
-1.4988973307468,-0.14301281807586008,8.913718093632568,0.931807856978034,-6.739842075654366,-0.7389500435868953,0,0,0
-1.6169454876262677,-0.13618281579375663,9.670417648062895,0.9165168343407629,-7.35508959404666,-0.7369065235784553,0,0,0
-1.7420266561475444,-0.13075513346686735,10.418452782189547,0.9140914269106701,-7.972484488138321,-0.7441199215829108,0,0,0
-1.8747728134732995,-0.12664064714396517,11.215970007809858,0.9223012507471651,-8.6390901409724,-0.7579532273498316,0,0,0
-2.011548817080211,-0.12373206326518726,12.110819040545977,0.9364469628348161,-9.393101226255027,-0.7737253743637013,0,0,0
-2.1463031538165893,-0.12185105638146751,13.124198957082328,0.9507583027281938,-10.249237743679714,-0.7861030192185126,0,0,0
-2.273388557470156,-0.12067384476975462,14.240645297229037,0.9601980565021876,-11.189700460757209,-0.7908039661872905,0,0,0
-2.39012338523348,-0.11969365517231126,15.408730566469302,0.9620946484715163,-12.16496576099884,-0.7860602789878712,0,0,0
-2.4979003023794917,-0.11827168465624567,16.554403726171046,0.9568409378251517,-13.106154833044002,-0.7731485454984522,0,0,0
-2.60130823713466,-0.11578992466819642,17.604824667469558,0.9471043313062382,-13.946837743187885,-0.7554930512994644,0,0,0
-2.7056357784443463,-0.11184445113096331,18.515698658654443,0.9357398189209064,-14.647881737527271,-0.7365360570678533,0,0,0
-2.81388203934938,-0.10636050856588355,19.291364132778057,0.9234963986724779,-15.215692383925372,-0.7174193564399147,0,0,0
-2.924743502710001,-0.09954853226683155,19.986862160441063,0.9079615566086886,-15.703969943122843,-0.695886425395112,0,0,0
-3.0326720601552637,-0.09173867808319329,20.68701332087224,0.8846084605700384,-16.194020653967044,-0.6672925809984079,0,0,0
-3.129993328389844,-0.08321790817430355,21.46821722975504,0.8495591748093674,-16.75846179693356,-0.6274007885094264,0,0,0
-3.209908239475425,-0.07417631071216846,22.359162943807107,0.8025100126784082,-17.42343130807886,-0.5754495746639108,0,0,0
-3.2688738801384716,-0.06478405324680096,23.320260863315923,0.7479755412701323,-18.14856471470833,-0.5156152213294589,0,0,0
-3.3075101660654127,-0.05533269037668589,24.254815172169685,0.6939080502808664,-18.83789157098292,-0.4558260212974957,0,0,0
-3.330079384122527,-0.0463249160375625,25.04999547426472,0.6483583378156453,-19.380162718138266,-0.4044937655427702,0,0,0
-3.3430713442563444,-0.038419184206995284,25.62992479425364,0.6161012849300264,-19.701333489826993,-0.36705494799957705,0,0,0
-3.353476310912356,-0.032235295629199356,25.995454071355766,0.5971670577824796,-19.80403395082186,-0.3443219345740758,0,0,0
-3.367208943116239,-0.028132445303133125,26.23044463558672,0.587975811337607,-19.77395259690033,-0.3334370565845092,0,0,0
-3.387992663085626,-0.026085242498191975,26.470445538597517,0.5841231727485706,-19.748907598550545,-0.33053522257227996,0,0,0
-3.4168639022252165,-0.025699665325720388,26.848026170172503,0.5829120377172131,-19.864570133962815,-0.3332175566741086,0,0,0
-3.4523462846818376,-0.026321443860418015,27.439887807579836,0.5840906737076252,-20.201681142674317,-0.341283898419195,0,0,0
-3.491232692506756,-0.02716772331302053,28.238921057183177,0.5886316632896325,-20.757801873923952,-0.3555449540225652,0,0,0
-3.5297263051203913,-0.027445328710940943,29.16149259080163,0.596750640174406,-21.453916940431128,-0.37589288083907635,0,0,0
-3.5645068193226166,-0.02645317981911859,30.083935549341817,0.6067509765771589,-22.170067137724004,-0.4001969703238231,0,0,0
-3.5932938227267073,-0.023678264850930476,30.890902211340972,0.6154994870425128,-22.793001702330216,-0.4248272636519218,0,0,0
-3.6147485773865498,-0.018887365619644925,31.516241427149964,0.6200801977974649,-23.256783030052645,-0.4463606797758729,0,0,0
-3.6279295980217654,-0.012194501545329217,31.962960473099827,0.6194080101224515,-23.562962759212624,-0.4632434124551722,0,0,0
-3.631740741307425,-0.004061441703153435,32.29795440135831,0.6147694074579846,-23.77592230013856,-0.4763543775253282,0,0,0
-3.624775311594931,0.004802398944489994,32.625440409022644,0.6090672620901983,-23.997180235069763,-0.4882411241494736,0,0,0
-3.6057375584216658,0.013623441707652261,33.04882814814715,0.6052768097491225,-24.328176931721543,-0.5015585356226765,0,0,0
-3.5742913001351297,0.0217571193822792,33.63396790880435,0.6048352891400072,-24.83411526722604,-0.5174589836966235,0,0,0
-3.5318471095382904,0.028803228940297743,34.38661513176302,0.6065083121974311,-25.521345649177235,-0.5344760590815512,0,0,0
-3.4817023156754914,0.03459698516690821,35.25216521170361,0.6060573487670154,-26.336328181925865,-0.5481968695834979,0,0,0
-3.428272402246094,0.03909722810119405,36.13670364683304,0.5969141476651117,-27.18565249395077,-0.5518984754167391,0,0,0
-3.3757226289039153,0.04225132244422412,36.93925510274104,0.5719192535301773,-27.96759153929645,-0.5382075327467305,0,0,0
-3.3267162879835723,0.04393559926469379,37.581324549124275,0.5258481823579018,-28.601543620868156,-0.501551984670526,0,0,0
-3.2819597463526833,0.04402723924796561,38.02353396076998,0.4579642386839794,-29.044931455047603,-0.44071111839706417,0,0,0
-3.2407684602954845,0.04256791014737331,38.26709587800943,0.3734844298324447,-29.294907054305952,-0.3603941995900371,0,0,0
-3.2022620871526897,0.03989977651484651,38.34463294432442,0.2830077382375464,-29.379255562537068,-0.2708717504587369,0,0,0
-3.166381565774728,0.03666255512627714,38.30730997172617,0.19977454720410037,-29.343696778426803,-0.18542954129631822,0,0,0
-3.1340189076554736,0.03362965200026195,38.213610295644145,0.13573243880021835,-29.24122645119668,-0.11650775914202142,0,0,0
-3.1061680080645573,0.031457813148796275,38.12145943008747,0.09806284779121768,-29.125287645077606,-0.07213770325053445,0,0,0
-3.0827045505270263,0.030466939130214143,38.08224259407908,0.08759356853703934,-29.045045686513234,-0.05415901858091558,0,0,0
-3.0616468509833226,0.030545945314216283,38.134449118874045,0.09955230677745419,-29.03994790691395,-0.05877456879761809,0,0,0
-3.0394261089012957,0.03121728957181631,38.29657949074323,0.12604126521046624,-29.132669130716664,-0.0788903349808507,0,0,0
-3.0121381564956096,0.03181867445665461,38.56195302703645,0.1590106720745382,-29.3229206533735,-0.10702682402207273,0,0,0
-2.977290355050542,0.0317169426820854,38.899469646140375,0.19256711048325031,-29.58652164085676,-0.13761437127621007,0,0,0
-2.9353090071533217,0.030479844454737302,39.26261894578397,0.2239816513254965,-29.882652742282133,-0.1680116825722223,0,0,0
-2.8900891914345266,0.02797286103652823,39.60504559642908,0.25340970405963503,-30.168158912345575,-0.19824748796166175,0,0,0
-2.848194821208182,0.024378865300195684,39.89741669247155,0.2827965349347437,-30.41396501864753,-0.22996623860161663,0,0,0
-2.8168494808346196,0.020148804927197263,40.13928140047665,0.3145861469829441,-30.617370163958782,-0.2652085540933896,0,0,0
-2.8013695635171842,0.015901888924922503,40.361275943342434,0.35072210771197376,-30.80540447079983,-0.30550781421448364,0,0,0
-2.802975940161744,0.012308948386443318,40.61633963467543,0.39216622234705767,-31.02752056612985,-0.35149313210797006,0,0,0
-2.8178581979813657,0.009993382598879918,40.96241446822148,0.4388850480908445,-31.339610292930118,-0.40290912752482344,0,0,0
-2.837938059629323,0.009461866128602026,41.44244096057267,0.49004185241498704,-31.78475467165056,-0.45877935876841747,0,0,0
-2.8531192672463845,0.011049141788819838,42.06917410415619,0.5440693286062015,-32.37799879551834,-0.517415055202352,0,0,0
-2.8542008711861087,0.014850403458049754,42.82113186961095,0.5984640950674673,-33.10145296193646,-0.5761520387231542,0,0,0
-2.8353751811645225,0.020633612974222615,43.651469426692415,0.6494823377557026,-33.91174401753037,-0.6310238669021573,0,0,0
-2.7954705301485063,0.027767403315816352,44.50546412057895,0.6921874567844156,-34.75595250002975,-0.6768250637790161,0,0,0
-2.7377034033199834,0.03523571983863718,45.338109978533566,0.721240668937216,-35.58811557067105,-0.707940622798364,0,0,0
-2.668345446254122,0.041796423221902045,46.12392235115132,0.7323908101176215,-36.378890551190324,-0.7198821460956069,0,0,0
-2.595033433774958,0.046269865192810754,46.85609932089946,0.7240765512590542,-37.1156431398214,-0.7109366331957616,0,0,0
-2.5253019070035805,0.0478596726807055,47.53821420251958,0.6983056596603291,-37.79577120392001,-0.6830907737318654,0,0,0
-2.465500999594994,0.04637512145730653,48.17482115759364,0.6602565164992,-38.41901652091376,-0.6416731825930129,0,0,0
-2.4199738274103026,0.04226785854499866,48.76634906174888,0.6167251167169638,-38.98357613260663,-0.5938317950608678,0,0,0
-2.390420615318277,0.03648366708037827,49.30993961674673,0.5741766542002835,-39.487365127475954,-0.5465917070628962,0,0,0
-2.3756041443790537,0.03020775360068484,49.80418846621424,0.5373145687772677,-39.93236069925511,-0.505382230268016,0,0,0
-2.371623966591457,0.024609817105954335,50.254034591684416,0.5086615033367139,-40.328475843460495,-0.47350961157406884,0,0,0
-2.3727919446985197,0.02066357787044524,50.67271528774859,0.4889870273781014,-40.69427045063843,-0.4524237636519331,0,0,0
-2.3728667325162007,0.019050402911244647,51.0798765205364,0.4779798746543008,-41.05403264130001,-0.4422248895813752,0,0,0
-2.3662679102472737,0.020107070876039756,51.497068038924,0.4745898113707,-41.432712853870484,-0.4418939278521137,0,0,0
-2.3489352627154148,0.023779509218022098,51.9427143542666,0.4768608745785684,-41.85073925556209,-0.4491088518746508,0,0,0
-2.318666128299128,0.029588535751946664,52.4280844763006,0.48154717781623047,-42.32000884043934,-0.4599419174612137,0,0,0
-2.2749969704825475,0.03665548862429233,52.95461990413665,0.48404687616881575,-42.84126541672751,-0.46894053443544975,0,0,0
-2.218903118649905,0.04383721922521886,53.51224717545588,0.4790500855207995,-43.402515411127766,-0.4699356267409982,0,0,0
-2.152625523138056,0.04997546546560443,54.078548362532416,0.46184493337912613,-43.97845364622246,-0.4574787421045855,0,0,0
-2.079718786859587,0.05419567636587601,54.61966024437655,0.4297602744805317,-44.53177987386725,-0.42837359620789073,0,0,0
-2.005069080348534,0.05613663480888107,55.09450335337257,0.38306877805358397,-45.01788118781499,-0.38263848835687353,0,0,0
-1.9344197524463311,0.056003239554799224,55.46321614295658,0.32492763510071254,-45.39362671804841,-0.32348731157616867,0,0,0
-1.8731120778601564,0.05441937522941202,55.69832585432766,0.26041229575937735,-45.628820062345866,-0.25637204521628265,0,0,0
-1.8243111465885136,0.05215943293553806,55.794670783729316,0.19509963409525427,-45.71644881594939,-0.18751738353458336,0,0,0
-1.787568914626604,0.049881979980273175,55.77340213480244,0.1337623366116702,-45.677124139130825,-0.12249892622886165,0,0,0
-1.7586337327511359,0.04795554164307845,55.67736082730772,0.0795351416865799,-45.55488195620103,-0.06525006260778668,0,0,0
-1.7308032181884272,0.04639458554762967,55.55874286173042,0.033600328341060505,-45.404985868890336,-0.01759817897321625,0,0,0
-1.6973087892945244,0.04487010953725985,55.463243516408426,-0.004740780538492117,-45.2776892464736,0.02075143802713626,0,0,0
-1.6538057233353243,0.042754656746778606,55.41617172864912,-0.03770653151315173,-45.20344290851108,0.0518660923639203,0,0,0
-1.6001633704288025,0.03919788052854898,55.415011661242346,-0.0683643272027524,-45.18428049994512,0.07888470807007905,0,0,0
-1.541123224872237,0.03326378533989498,55.43050663678318,-0.09963918344895717,-45.193862977547155,0.10500338564627612,0,0,0
-1.4857186570737326,0.02414896392347572,55.41580833757166,-0.13316708624819285,-45.18611233777705,0.13233103764720938,0,0,0
-1.4455655103923704,0.01144161917848976,55.321260539196146,-0.1683530556384369,-45.11015913870666,0.16094739092890506,0,0,0
-1.4323323413030238,-0.004673424040240093,55.11102751170179,-0.20202502962497704,-44.9276017352486,0.1885101793928982,0,0,0
-1.4549310612276543,-0.023354536456687926,54.77701030031287,-0.22890081652182345,-44.627090282668064,0.21060254911360515,0,0,0
-1.5171440935163787,-0.04321632377143061,54.345689964825795,-0.2428008192539494,-44.231571579728936,0.2217612934772461,0,0,0
-1.6163870264035296,-0.06257310418250057,53.875212305346054,-0.23826719685436332,-43.795511959601285,0.21689618318228981,0,0,0
-1.7440430296969254,-0.07973734889974224,53.442993220158655,-0.21208754630227702,-43.39258745254462,0.19268595143425812,0,0,0
-1.8873510879022035,-0.09330840855113536,53.127163563430884,-0.1642442200920584,-43.09741741737503,0.14855628410372787,0,0,0
-2.0323266081431086,-0.10241246477598054,52.98700346870285,-0.09802721804089173,-42.966667565172656,0.08699521986826397,0,0,0
-2.166854266697243,-0.10686903153848135,53.047834668239545,-0.0193382067457037,-43.02490114572426,0.013161817196630921,0,0,0
-2.283092146071155,-0.10726152839205128,53.29493287454889,0.06459836708706064,-43.259252823434466,-0.06611456884187702,0,0,0
-2.378649595903724,-0.10489212777084304,53.67881833827556,0.146875527616578,-43.624596297669385,-0.14380912823519337,0,0,0
-2.456456989062829,-0.10160985787580187,54.130755331292875,0.2226977511533761,-44.05764953656596,-0.21451178425339634,0,0,0
-2.5236213766124678,-0.09951770570333167,54.58362823285583,0.2911154266723571,-44.495472110701755,-0.276355632344864,0,0,0
-2.5897593774368914,-0.10059396850579105,54.9916736356964,0.3563605813568955,-44.892717268147706,-0.33265807236945333,0,0,0
-2.66530830411196,-0.1062989117588998,55.34396758151183,0.4282719439649327,-45.23360324195322,-0.392661553135612,0,0,0
-2.760141608454944,-0.11725833737663294,55.669970731692416,0.5212604135231913,-45.53770529507858,-0.470734708475527,0,0,0
-2.8825281449355202,-0.1331045930951305,56.038317830154455,0.6515705282326053,-45.86097374082367,-0.5837396416610219,0,0,0
-3.038266293201019,-0.15251588039475053,56.55060928227181,0.8332522710827931,-46.29324828886719,-0.7469690840473646,0,0,0
-3.229843384286241,-0.1734431130533281,57.33055410788887,1.0739806022513705,-46.95151667708038,-0.9698094048639788,0,0,0
-3.4556755198374844,-0.19346755069829982,58.507537009780805,1.3722148635737255,-47.966599908189735,-1.2526673215386084,0,0,0
-3.709695526855029,-0.21020390124303107,60.194523620601615,1.7168942556698057,-49.4619927142796,-1.586416449230181,0,0,0
-3.9816157930103344,-0.22165770004703803,62.463278042120805,2.0899769465553164,-51.52734037703961,-1.954710275163049,0,0,0
-4.258052507145749,-0.22646033086862333,65.32343425536953,2.4710184337650816,-54.19356615934154,-2.338350959526275,0,0,0
-4.52443488441989,-0.22393964544352657,68.71382227143366,2.8421340214234987,-57.41939048353379,-2.720027596067541,0,0,0
-4.767347316542271,-0.21404409233742996,72.51291013820989,3.1914702164992432,-61.09776773425503,-3.087544017785568,0,0,0
-4.976718608925324,-0.1972082962945123,76.56974019724558,3.5138298591702553,-65.08480804670907,-3.4342447862428656,0,0,0
-5.147131453621753,-0.1742756390293394,80.74850216780527,3.8081909383634525,-69.24448333608642,-3.7565104492944683,0,0,0
-5.277662747636285,-0.1465315152702388,84.9719494965068,4.073160746319618,-73.4935242495426,-4.04949895671692,0,0,0
-5.37028430766054,-0.11577305227677641,89.2452562728813,4.302472971264106,-77.82695685493606,-4.30327326075123,0,0,0
-5.4277584827826075,-0.08424698698501061,93.64583560148336,4.483106340149911,-82.30904777061839,-4.501751978059327,0,0,0
-5.452451917148423,-0.05432343490246723,98.27643300423614,4.598217530561638,-87.02709720722429,-4.626403555300395,0,0,0
-5.446930945712722,-0.027943534453189044,103.19488550531699,4.635588153499384,-92.0223299442088,-4.6651152422511,0,0,0
-5.415783029913513,-0.006085185036319274,108.3481639680106,4.599704214859125,-97.22629876685384,-4.624205121321788,0,0,0
-5.366904754269996,0.011411594801917602,113.54488567293276,4.522768940458965,-102.43691026412706,-4.538876772624514,0,0,0
-5.310581665566943,0.025439547175987797,118.49508544382627,4.468486829727962,-107.36180328725898,-4.476080512953308,0,0,0
-5.256153953457215,0.036737263549169084,122.92562173223942,4.523487418962873,-111.73596046922007,-4.5248695111080535,0,0,0
-5.207983303984946,0.04494658117334893,126.74554431639652,4.774495187701126,-115.4865345493043,-4.772620314792245,0,0,0
-5.163546799617109,0.048146254903484474,130.19963890109645,5.273645860276142,-118.88229197578774,-5.269764303461109,1,0,0
-5.1158888359006625,0.04319191804843285,133.93012457016093,5.998927903746162,-122.58776198446914,-5.990199335767985,1,0,0
-5.060385847290917,0.026811401480632924,138.88070979111208,6.821296183221835,-127.55774288169893,-6.799036686149582,1,0,0
-5.002986105414934,-0.0029369119617982165,146.0213848812474,7.493511915228583,-134.75330035514673,-7.4427136798947675,1,0,0
-4.965468396677878,-0.04539171758493552,155.9313441080784,7.675499069346134,-144.7199729788199,-7.576047021396606,1,0,0
-4.983863849429184,-0.0966938877769195,168.3374430054722,7.003491795619342,-157.1282921245337,-6.833085877555452,1,0,0
-5.0987907394636665,-0.15012832756126498,181.75784750515112,5.193916276570948,-170.42727712562288,-4.932180003175368,1,0,0
-5.339950785184925,-0.19733114119763256,193.4302045961121,2.1515848926100944,-181.78894008620665,-1.7843799542624126,1,0,0
-5.71007112930657,-0.22996959829895616,199.68061242570076,-1.9632838483233628,-187.49643068318613,2.44049731432533,1,0,0
-6.174922181754141,-0.24132740472790318,196.78046227258994,-6.747752020737468,-183.8173933248588,7.328428376616834,1,0,0
-6.664830075229759,-0.22731981866583767,182.13880166680593,-11.651367997049428,-168.20409200754142,12.318567527959,1,0,0
-7.089200247876988,-0.1868116399856902,155.44597349626187,-16.11059042407708,-140.43156152709327,16.839442895265464,1,0,0
-7.360081830280478,-0.12149915031371421,119.24787130787846,-19.659338903417172,-103.15276973844563,20.420424525150644,1,0,0
-7.416260152693965,-0.03575340662008273,78.54386467387272,-21.97776602981518,-61.46901658897839,22.740577822281473,1,0,0
-7.238666583336254,0.06340388486608077,39.417664137584126,-22.888953247404693,-21.53429769922988,23.624986518394866,1,0,0
-6.851980249286086,0.1664259549680267,7.231538764701369,-22.343258740100776,11.266136828120956,23.028681207101723,1,0,0
-6.313782242600809,0.26194621805524176,-14.835541529020574,-20.42311567141987,33.776968125883556,21.0410847081859,1,0,0
-5.697484851385752,0.33838396159964645,-26.347455702039696,-17.367664227001843,45.61683813660806,17.91011293849926,1,0,0
-5.076032280645762,0.3862457960971909,-29.208920048346158,-13.583061048161587,48.75343450076254,14.051419175683886,1,0,0
-4.510662632073874,0.4003362421484127,-26.652125128417808,-9.59745451495407,46.469418746158425,10.001671664192063,1,0,0
-4.045367894677341,0.3808794226680462,-22.092355047392758,-5.950713022305175,42.206755074317584,6.306312271622649,1,0,0
-3.7053606318805237,0.33295427442222375,-18.23066877375655,-3.058839053813139,38.66956785789935,3.382421853983312,1,0,0
-3.497623869308569,0.264469605336113,-16.582739173737423,-1.120435128988116,37.36142201839322,1.4247139147773473,1,0,0
-3.4128977312098385,0.18363434884723376,-17.43068047566797,-0.11265339881460931,38.54770005294223,0.402342746103357,1,0,0
-3.4298723566557925,0.09706333534611673,-20.08946608546762,0.1266415958516916,41.528825016996606,0.14296621539307566,1,0,0
-3.5224375050638486,0.00923260956011802,-23.356851773430023,-0.22217155939132738,45.090355367954075,0.4560432258963999,1,0,0
-3.669086189239678,-0.076747061104993,-26.039892818901734,-1.0586959962321671,48.02410727365703,1.2329230503993096,1,0,0
-3.861141362913415,-0.1577253953548734,-27.47398969018579,-2.3918788043877215,49.64026559764163,2.4772411714216114,1,0,0
-4.105398927184595,-0.2294198947321064,-27.942504089829242,-4.2891516973208486,50.183096654693294,4.254273373399835,1,0,0
-4.418336536472694,-0.28632971059078044,-28.87384072233108,-6.773456983855148,51.029851005122424,6.587706029875673,1,0,0
-4.812838505727271,-0.322733948844008,-32.67931500971443,-9.72477905500534,54.53598557831068,9.360856306343178,1,0,0
-5.282614585429258,-0.33421366636371486,-42.14945681763376,-12.844975366022215,63.441979572115464,12.281346312805484,1,0,0
-5.791822816629633,-0.31885686128980384,-59.47425614694591,-15.712657116855004,79.90415575239157,14.935889589800178,1,0,0
-6.276194837117643,-0.2775553093923307,-85.16525031421945,-17.901281950162517,104.42476035169896,16.908089809576854,1,0,0
-6.657211845095873,-0.21340757590205328,-117.33725663552103,-19.094414919771907,135.1373880804284,17.89302696900163,1,0,0
-6.864574168700997,-0.1307811773067627,-151.80660543365218,-19.13969076439222,167.9038184960089,17.75020764996228,1,0,0
-6.857654802137716,-0.0346723361420274,-183.16646398745178,-18.031346451018457,197.3830031716588,16.484935652200132,1,0,0
-6.636694456836722,0.06940838213491958,-206.48680919181095,-15.859455736085133,218.72116369341018,14.196397090016163,1,0,0
-6.239474686205128,0.17532794813679545,-218.8866532875483,-12.776553837380945,229.11336634470962,11.04323296107377,1,0,0
-5.726148309540321,0.27648021413645124,-220.27074836625326,-9.00576414377167,228.53192750474523,7.250810298033779,1,0,0
-5.159561867147545,0.366362272130074,-212.99277951989902,-4.87143735059279,219.38534210031202,3.141408917286836,1,0,0
-4.588530764080062,0.4392740451414099,-200.7440141784851,-0.8046386234596696,205.40595047227708,-0.8600678509423403,1,0,0
-4.038543335261679,0.4906515887653512,-187.23979452075537,2.71522162676591,190.33648536312927,-4.283414987759369,1,0,0
-3.5113926957531305,0.5168172229074586,-175.22289175193615,5.276987824603779,176.93286333203676,-6.728050962508831,1,0,0
-2.9935891237951324,0.5144396065807229,-166.05163014144892,6.660856201259691,166.55147725329675,-7.984391451388722,1,0,0
-2.4718337172868985,0.48033697458418345,-159.85299166824888,6.906543544106239,159.3031399865855,-8.100939845824826,1,0,0
-1.9511389144842042,0.4121336265063107,-156.01424771979268,6.296627499019055,154.5488532940651,-7.367568989566331,1,0,0
-1.4685222277621364,0.30972626312524343,-153.71693094577316,5.268197522378654,151.44065406832186,-6.2279279567375285,1,0,0
-1.0950786203978993,0.17690375786954177,-152.2780912749514,4.291269144282984,149.2694518308224,-5.158765095387713,1,0,0
-0.9227785636984862,0.022234525408131846,-151.20531292519087,3.754255977739922,147.52252904649697,-4.55576028622981,1,0,0
-1.038225602084438,-0.14136027491753395,-150.02650452970846,3.8852013362159044,145.7096522046487,-4.654246467929812,1,0,0
-1.4912681328276278,-0.2983284706449993,-148.06203895469855,4.722800786122941,143.1266709049018,-5.499069475295862,1,0,0
-2.269505756566261,-0.4329591235818839,-144.32710307792553,6.137912550617857,138.74883440925214,-6.964853713893395,1,0,0
-3.289047441671812,-0.5318481854840457,-137.68033197453693,7.893886727205026,131.37526046973866,-8.815529441786984,1,0,0
-4.407191872970472,-0.585740007096686,-127.19961677928988,9.72261283298291,120.00901257399863,-10.780175520281514,1,0,0
-5.4551184237368915,-0.5905090704924489,-112.62498380701946,11.38779439700049,104.31244523362689,-12.616462930377104,1,0,0
-6.280730150303043,-0.547441029885627,-94.63512221361411,12.714611634012966,84.90031615513116,-14.140559800414115,1,0,0
-6.787004082602593,-0.46312552933297013,-74.7780636737229,13.584659439498708,63.28535965045202,-15.22234644064397,1,0,0
-6.95247869136476,-0.3490972266884157,-55.051962945122305,13.91501489409435,41.467696628007246,-15.76509390793073,1,0,0
-6.827869268622976,-0.22102619000969667,-37.32736895518597,13.647298099788662,21.357899742725934,-15.69584930613588,1,0,0
-6.512635900940708,-0.09706841155247617,-22.880388189578795,12.762552340596931,4.304054200507544,-14.982424547447142,1,0,0
-6.122523426157329,0.004833608646231368,-12.215444559711472,11.317223987329228,-9.096793501537903,-13.671813824018823,1,0,0
-5.760478023450418,0.07037563561464424,-5.176954136982047,9.47682166052689,-18.90210467005518,-11.92576407857598,1,0,0
-5.499309341768779,0.09212398082948141,-1.2073509766503037,7.5189439852073034,-25.583232591620146,-10.024344657081837,1,0,0
-5.377875988495234,0.07140636437018628,0.4259066266794349,5.790821601476285,-29.815232900472765,-8.322294229876999,1,0,0
-5.406782337274578,0.018065513188045657,0.5472560662728227,4.630578043756049,-32.40569300656138,-7.167695963868136,1,0,0
-5.576973794156601,-0.051951726574361604,0.13309439165477954,4.280623474151009,-34.35732463062864,-6.8123226453180905,1,0,0
-5.865764274307779,-0.12041884608698439,0.41137617835013884,4.825278453534065,-36.95808692036634,-7.346842889286705,1,0,0
-6.2384150476628975,-0.17086861717579466,2.8562530696405446,6.173812332575027,-41.75524567076273,-8.682881220460732,1,0,0
-6.6472141367425195,-0.19166371589088413,8.978411482374526,8.092036702178433,-50.31905989595542,-10.585312605432526,1,0,0
-7.032153166684324,-0.177358875915904,19.9258465519313,10.267616077422652,-63.819172252673354,-12.739571307019931,1,0,0
-7.326711887027173,-0.12829619192973354,36.03733997562918,12.38280938617445,-82.56522239440496,-14.82683074064949,1,0,0
-7.469164195208364,-0.048994136051175016,56.56116918876822,14.169229833247545,-105.7309168746625,-16.580640886628174,1,0,0
-7.41594650067762,0.053809384225390035,79.71301604513403,15.432698900315547,-131.4363586459454,-17.812396791490194,1,0,0
-7.151464747654273,0.1726842172037905,103.10206740090595,16.053983690519534,-157.21094597067207,-18.41135519359822,1,0,0
-6.689744256571913,0.3002100875446573,124.37534992801733,15.98155825203968,-180.67400041305626,-18.3358602035179,1,0,0
-6.066915154668351,0.428963334523651,141.8253927241302,15.22979759843513,-200.16373349691037,-17.60988867201316,1,0,0
-5.327670432053878,0.5512731977284545,154.7383651815056,13.883814723413781,-215.08205483526825,-16.326533530905806,1,0,0
-4.511572875624992,0.6592527250874213,163.3960899748359,12.100038905805807,-225.86879760674492,-14.647457428936871,1,0,0
-3.645113261295947,0.7452977786431262,168.79399400277134,10.088838665576517,-233.67766193113442,-12.78431965658471,1,0,0
-2.7425198214478144,0.8028834511650444,172.22382253628263,8.07487471583003,-239.91805897280494,-10.957786257839183,1,0,0
-1.8139799097426277,0.8273307921490372,174.87548720976702,6.246115772939123,-245.830557703463,-9.34550172745856,1,0,0
-0.8766369443341517,0.8162916892597323,177.56155824682628,4.712119790923117,-252.20549116403123,-8.040439622993649,1,0,0
0.037031285753641896,0.7698645358543175,180.6014027008992,3.489067890489835,-259.2795552117925,-7.037755072160001,1,0,0
0.8773697639961711,0.6903858958531999,183.85081455920624,2.5159501852035815,-266.7888085490639,-6.254439067591955,1,0,0
1.583563664918458,0.5820027699628796,186.83650765740856,1.6922832936665486,-274.12901768764186,-5.57119271227989,1,0,0
2.0960017379289724,0.4501334599714625,188.94659063336138,0.9202012435167546,-280.56812972684685,-4.877963727705804,1,0,0
2.3709749264892963,0.3009292310685936,189.62904408640395,0.13480047788894467,-285.45960555686827,-4.1058869638157605,1,0,0
2.392286082907006,0.14088607365167577,188.5555918268717,-0.685929749207537,-288.41318828266446,-3.236612640900205,1,0,0
2.1749144383328485,-0.02324078176463047,185.71682693943683,-1.530527007516315,-289.3895890539333,-2.2906108074044313,1,0,0
1.7588147782668102,-0.1842028732048405,181.42583497145017,-2.373930619898067,-288.697696249863,-1.304401430662648,1,0,0
1.1953124009433083,-0.3339495428550663,176.22349198865646,-3.19593869993349,-286.8894273416206,-0.3096586968586621,1,0,0
0.5322237921826058,-0.46368847491611687,170.7022607547509,-3.9892023762992608,-284.5716175730333,0.6760890334651549,1,0,0
-0.1953765318926628,-0.5646771941546362,165.29613262573605,-4.754799870430153,-282.1856632858368,1.6451150244252744,1,0,0
-0.964658968052234,-0.6296964364029847,160.11150836022557,-5.490882656627713,-279.8328228556904,2.587422990293601,1,0,0
-1.755931763632205,-0.6546539005941184,154.87712065807366,-6.183274378566855,-277.2256046562285,3.480511518881883,1,0,0
-2.5408830112321965,-0.6395492138201462,149.05456687036877,-6.804253370317622,-273.8072393921953,4.287816538615556,1,0,0
-3.2757970150570657,-0.5883043079091322,142.08104538210242,-7.319139149217722,-269.0084553126155,4.965739915792085,1,0,0
-3.904678281122841,-0.507574373995304,133.64676526059458,-7.694572778872873,-262.53895837972846,5.473041607937722,1,0,0
-4.371624567608336,-0.40519913041545835,123.88408315376827,-7.901894641692098,-254.5844738651145,5.775603580790727,1,0,0
-4.636677359934652,-0.28905979913993035,113.38330126827395,-7.9143446093594605,-245.81953086370743,5.844831273117194,1,0,0
-4.687730678148014,-0.1666975506951914,103.03210049647925,-7.703601099126007,-237.23202818369975,5.654857953254611,1,0,0
-4.543519947770434,-0.04543260118626904,93.75653296602218,-7.243296280408762,-229.84120149365606,5.185999486662422,1,0,0
-4.247367836047246,0.06762373900746468,86.27718620881507,-6.522136631257311,-224.42962747792956,4.437056307675777,1,0,0
-3.8552569594515376,0.16609331584633366,80.96806226663097,-5.560888079609654,-221.38451012451844,3.440854560883781,1,0,0
-3.422907270584119,0.2452876825516725,77.8411096668136,-4.422560913123166,-220.67702512368237,2.272651795281024,1,0,0
-2.995209023094887,0.303046400522048,76.62160406628115,-3.207649363258244,-221.94724452557108,1.043636459565704,1,0,0
-2.599559624982419,0.3398981203173278,76.8596790695293,-2.0343592782150184,-224.63789223585775,-0.12020117547011751,1,0,0
-2.2437451226595044,0.3584068793652989,78.03788446449803,-1.0117012970587695,-228.13041277089064,-1.105726560905964,1,0,0
-1.918747742091611,0.3620726736703233,79.65847402253661,-0.21626372449850068,-231.85795591230425,-1.8359753346252945,1,0,0
-1.6062133547141713,0.3543533564373519,81.30680763569151,0.31956624179867676,-235.3831662680504,-2.2814592249122256,0,0,0
-1.2887494749747361,0.33814886613906053,82.68850771432906,0.6063708258961157,-238.43403993840093,-2.4580960998300894,0,0,0
-0.9594511541174455,0.31568936477804216,83.63951999543448,0.6871314608474194,-240.8984671027157,-2.4156138024320115,0,0,0
-0.6266410993440132,0.28855536129155157,84.11454896383006,0.6227802726581046,-242.7893808241825,-2.2219944268597542,0,0,0
-0.31172339507801894,0.25765849616995523,84.16372468461773,0.4781216076288473,-244.1991023736407,-1.9482983614106957,0,0,0
-0.04141860919351359,0.22325737051346692,83.90481792577475,0.3103432545451824,-245.25798612198327,-1.6562515521310899,0,0,0
0.16168462468553457,0.18521121609052216,83.49291867475534,0.16118059965179157,-246.1033825498912,-1.3898906498200574,0,0,0
0.2859939879330966,0.14355148489951972,83.08748179611035,0.053434224577299,-246.8578365044553,-1.1721496000792229,0,0,0
0.332839839040048,0.09916945269984864,82.81910054078651,-0.008080423650287116,-247.6133963849976,-1.0064815773475118,0,0,0
0.3138259630430582,0.0542255121739359,82.76190656798843,-0.032212488994454704,-248.42047143361515,-0.8822698583835461,0,0,0
0.2458988061910503,0.011974382008550322,82.91861363220943,-0.03565063299226665,-249.28207276625096,-0.7818187126675354,0,0,0
0.14676537402046108,-0.023975946714152485,83.22284996010205,-0.037292931734305056,-250.15553593919316,-0.6868115795732933,0,0,0
0.032243372881040955,-0.0506344285236338,83.55871575893161,-0.05371079349311003,-250.96328287619082,-0.582989045947113,0,0,0
-0.08438597760465427,-0.06639128847400855,83.79242407388551,-0.09588325223681977,-251.61207940801796,-0.4627486304770912,0,0,0
-0.19197957499251572,-0.0712957284121174,83.80721835469507,-0.1671079869825661,-252.01728950031605,-0.3259676302475725,0,0,0
-0.28117807633503844,-0.06683657539467873,83.5318886084317,-0.2621244090790782,-252.1261019177162,-0.1795070797912217,0,0,0
-0.34465966055080344,-0.05542871204575874,82.95581073982424,-0.3677120684287701,-251.93327300936232,-0.035713376799355954,0,0,0
-0.37791889680698887,-0.03986508524308334,82.12864927374216,-0.46501452474662985,-251.4853228092262,0.08993152456317262,0,0,0
-0.380117445081126,-0.022905531064355954,81.14802067096085,-0.5334359224072273,-250.87307268747333,0.18182725316495407,0,0,0
-0.3545397909037291,-0.0070295987925248936,80.14066247719765,-0.5553185503738177,-250.21554223152737,0.22750161671278873,0,0,0
-0.3083883142665371,0.005719471534737864,79.24149294792173,-0.520079445054472,-249.63920653424452,0.22033532435129927,0,0,0
-0.25188547841037234,0.013879003832580849,78.57270471263575,-0.42642154533483845,-249.25622069356143,0.16090114213012613,0,0,0
-0.1968119377625186,0.016710384675455714,78.22435653485934,-0.281856696217676,-249.14501034454128,0.056394764886493934,0,0,0
-0.1546819655299032,0.014277588091474058,78.23923857014734,-0.09992712899170045,-249.33706324089007,-0.08158069508788798,0,0,0
-0.1347848596451371,0.007385611221985755,78.60642390415035,0.10345253951464031,-249.81393625680306,-0.2398377381149203,0,0,0
-0.14238803800922994,-0.0026296964390752466,79.26767315508332,0.31291282858543923,-250.51709049641494,-0.40581675371552706,0,0,0
-0.1775558137962463,-0.014188065915899984,80.13724377764748,0.5149527912294076,-251.36932536049738,-0.5685357715390638,0,0,0
-0.23514301589224829,-0.025731963822035197,81.12937798382515,0.6979314518532362,-252.30112976010508,-0.7184895645564211,0,0,0
-0.30626133286126844,-0.03591804530354921,82.18254606610725,0.8516864419191819,-253.27145006862253,-0.847270175514177,0,0,0
-0.3808367552944816,-0.043729990233482854,83.26979076305204,0.9676894725905754,-254.27370976868264,-0.9476571093649625,0,0,0
-0.45026897342553696,-0.04853989845462507,84.3910208602158,1.040019938356781,-255.32456424963516,-1.0144198882742956,0,0,0
-0.5092051166307243,-0.05014289182785205,85.55201923116812,1.0666530475175222,-256.44111633912564,-1.0454150721662927,0,0,0
-0.5559923907980107,-0.04875925130276215,86.74122095405116,1.0501138832183614,-257.61771209968305,-1.042171303880258,0,0,0
-0.5919818678647317,-0.044965322040877706,87.91613329605309,0.9968019148974264,-258.8136343345397,-1.009365777277526,0,0,0
-0.6201838441913878,-0.03952498743392567,89.00662328771816,0.9151323591791793,-259.958135139546,-0.9533134853936758,0,0,0
-0.6438169562877505,-0.0331612574830487,89.93420363025854,0.8134451581018027,-260.97124121807786,-0.8802728192288839,0,0,0
-0.6651483268238678,-0.026370568175993016,90.6383826098311,0.6987633698025519,-261.79103839929996,-0.7954776179242231,0,0,0
-0.6847962363010254,-0.019369172348338282,91.09739713279941,0.5768631965230014,-262.39478753288034,-0.7032787933776831,0,0,0
-0.7015112072005252,-0.012182456243408524,91.33386965789904,0.45323922614386164,-262.8045849225593,-0.6080298406788927,0,0,0
-0.7124493301249686,-0.004815307602173391,91.40424234407007,0.33401560881160036,-263.0764379609715,-0.5148850311434046,0,0,0
-0.7139746551854671,0.002583168117139678,91.37865455824132,0.22596721684942053,-263.2793404288774,-0.4297677958619204,0,0,0
-0.7028968401141071,0.009632258430409024,91.32065119639813,0.1354567645860328,-263.4739042729025,-0.35833542130303614,0,0,0
-0.6778169532320959,0.01574338823059094,91.27361321548977,0.06684770917347863,-263.698010506472,-0.30445528213616624,0,0,0
-0.6401349438864656,0.020241003366186304,91.2562893841691,0.021330238302971337,-263.96248464597375,-0.2690677626927481,0,0,0
-0.594352163019991,0.02253139198759868,91.26629545621236,-0.0031559849038472975,-264.2558130981652,-0.2500963554311227,0,0,0
-0.5474943719836602,0.02226550276165682,91.28877127611887,-0.010905105502970969,-264.5545954311082,-0.24343655224540725,0,0,0
-0.5077144445179584,0.019456102083465508,91.30685970156588,-0.006945789543178193,-264.8355912206616,-0.24445989565003287,0,0,0
-0.4823862026391623,0.014519623229432455,91.31069951582913,0.0041928741751576125,-265.0854651598078,-0.24928356247210104,0,0,0
-0.47619728732453837,0.008220865862182337,91.30230980886057,0.019027702663979084,-265.3055484768705,-0.2553201221536824,0,0,0
-0.4897943025084004,0.0015240396061429351,91.29519128904036,0.03502285812116668,-265.51080348342555,-0.2610833376042422,0,0,0
-0.519413634350812,-0.004606380881642736,91.30919666280954,0.05017497510421265,-265.7239393853777,-0.265577752939339,0,0,0
-0.5577006078197826,-0.00938626029211207,91.36257993814971,0.0626210509045535,-265.9667398976235,-0.2676922058646937,0,0,0
-0.5956082946102725,-0.012316683712019483,91.46389024212957,0.07045917083275413,-266.2512117280088,-0.26589454040056354,0,0,0
-0.6248945478250363,-0.013199287209812383,91.60651796538076,0.07181726172015886,-266.57331802201617,-0.25831783389051566,0,0,0
-0.6404159718364184,-0.012095479533530806,91.76804520725449,0.065105416250438,-266.9115906275586,-0.24314282341962326,0,0,0
-0.6413569749047809,-0.009280711601194013,91.9149817851644,0.049339242548924744,-267.23151748975516,-0.21908056941930454,0,0,0
-0.6308812816381533,-0.005220892590553206,92.01145140989343,0.02442953297894803,-267.49453662466726,-0.18577855390842615,0,0,0
-0.6143790747372861,-0.0005544044288072314,92.02887213303072,-0.008611417464419447,-267.668643498713,-0.14407974824400185,0,0,0
-0.5971520826598464,0.003962521319482448,91.95336397136495,-0.04755598109535697,-267.73697671106675,-0.09615026577243953,0,0,0
-0.5826014185203405,0.0075760222206454845,91.78858371452961,-0.08897810411779687,-267.7016091776186,-0.04547234598265959,0,0,0
-0.5716225602563441,0.0097060911352159,91.55349199259902,-0.1284996810253176,-267.581724924462,0.0033856167808949066,0,0,0
-0.5632446521078549,0.010108940680632372,91.27646576350551,-0.1613521517943724,-267.4075373800635,0.04532918458745598,0,0,0
-0.555983081415448,0.008950024032395731,90.988330431176,-0.18320589546306962,-267.2127143857332,0.07560735826372707,0,0,0
-0.5491343256185814,0.00673474776248213,90.71673692420279,-0.19104502541762827,-267.02804148184276,0.09076849622590544,0,0,0
-0.5433550604842594,0.0041147612726476265,90.48304839700131,-0.1837817861411395,-266.87773445974966,0.08936534013565164,0,0,0
-0.5402675680984572,0.0016599076268718703,90.30146026722068,-0.16238394349155386,-266.7782256438806,0.07214278419373273,0,0,0
-0.541381041314196,-0.0002959781307481535,90.17939245526273,-0.12948974539893357,-266.73846304203,0.04165943261298821,0,0,0
-0.5470315971124649,-0.001677395036450946,90.11842187885443,-0.08868991929494996,-266.7609585364539,0.0015290357988476445,0,0,0
-0.5560044699333702,-0.0025772425489122954,90.11554610995356,-0.04374625945138746,-266.84332330971023,-0.044413583023424505,0,0,0
-0.5660023422516218,-0.003127611895028792,90.16474427961407,0.002046696987207497,-266.98018133568127,-0.09277511661150015,0,0,0
-0.5745823415638256,-0.0034099704136835384,90.25859453860969,0.04629501674063761,-267.1651305983321,-0.1410191856677784,0,0,0
-0.5800186024723644,-0.003446078987111889,90.38956657055601,0.08777522099228463,-267.392247022075,-0.18770235265741347,0,0,0
-0.581755506904571,-0.0032517671339675758,90.55086783666212,0.12657315059907717,-267.65685021596744,-0.2326098795800476,0,0,0
-0.5804104445688694,-0.002890064289429972,90.73720389407487,0.16403880183006264,-267.95579264795776,-0.27676557917308175,0,0,0
-0.5774547646210948,-0.0024639949602359933,90.94599856440769,0.20244873626822937,-268.28792631642744,-0.32218611333107106,0,0,0
-0.5747283579695761,-0.0020431561210244808,91.17921247714352,0.244325987993264,-268.65524917045474,-0.37126846924631424,0,0,0
-0.5738987126538717,-0.0015762779626470546,91.4451239612535,0.29152698362025264,-269.06456183783047,-0.4258688764330941,0,0,0
-0.5759322400067646,-0.0008568810182850939,91.75880989715506,0.3443657669646143,-269.52861432818474,-0.48635160627202934,0,0,0
-0.5806444195357301,0.0004233216672673734,92.14003347263585,0.4010916394166742,-270.06518444302094,-0.5509848823096377,0,0,0
-0.5864339034618666,0.0025492769802056615,92.60800415954671,0.4579198289956679,-270.6928660281444,-0.6159382026335833,0,0,0
-0.5903451211902961,0.005641477337421463,93.17386437481221,0.5096005629108902,-271.42381936266304,-0.6758662500869207,0,0,0
-0.5885874126552153,0.009565624606152312,93.83322424020216,0.5503273340708148,-272.2557630847953,-0.7248314923184921,0,0,0
-0.5775222902318973,0.013933744985277486,94.56178423082886,0.5747180242811538,-273.1666990390638,-0.7572487544734997,0,0,0
-0.5549176747668128,0.018185635044071093,95.31640218403155,0.5786525477539584,-274.1151746742936,-0.768632277315163,0,0,0
-0.5210399912468802,0.021698017156106177,96.04200419351659,0.5598609795393031,-275.04658881729665,-0.7560989278936177,0,0,0
-0.479072111908053,0.02387047599669643,96.68248581785167,0.5182618451464748,-275.90356409363966,-0.7187101316959058,0,0,0
-0.43456126280109686,0.024174404120073233,97.19230420406504,0.45609935335544377,-276.63704938256546,-0.6577348075980126,0,0,0
-0.39407588956605366,0.022184992999399356,97.54533537469464,0.37789431500284537,-277.2149371013364,-0.5767972703912563,0,0,0
-0.36366424797466834,0.017625212430294822,97.73864326802888,0.29013580387951377,-277.6261737219571,-0.48174756958843545,0,0,0
-0.34772914349490236,0.010442938922352596,97.79062261101146,0.2005902839372567,-277.87996734510347,-0.3800788999576469,0,0,0
-0.3486010799895638,0.0009217414469404161,97.73485790836665,0.1171760523632571,-278.00116743864317,-0.27985257846380024,0,0,0
-0.36673748266122175,-0.010213103398238842,97.61216739023061,0.04653953079426003,-278.0237357887079,-0.1883087902294335,0,0,0
-0.40127016592894904,-0.02176816900656888,97.463142269624,-0.00731606237184792,-277.98417473494817,-0.11052855997160123,0,0,0
-0.4504882855432868,-0.032203074070028495,97.32230502340411,-0.043877333421963274,-277.91596367387007,-0.04857681656768591,0,0,0
-0.511822576777476,-0.03990967930509441,97.21376471714916,-0.0660377255933156,-277.84511460193465,-0.0014576214380610964,0,0,0
-0.5812031458904414,-0.043584955851768824,97.14788112579427,-0.07898307619018965,-277.786651995934,0.03404745933212894,0,0,0
-0.6522429528667857,-0.042578433657944004,97.11914358034656,-0.08840392936500621,-277.7423349822815,0.06195050586788966,0,0,0
-0.7161066302663386,-0.037084651650309296,97.10656204047501,-0.09875361002696366,-277.70070526701323,0.08562606498034597,0,0,0
-0.7627610410256125,-0.02810133337760732,97.07826601209572,-0.11224053477825749,-277.6407499363377,0.10695836057030875,0,0,0
-0.7835787020125906,-0.017173804019027728,97.00079184910956,-0.1287885834104543,-277.5394927517822,0.12627522467250288,0,0,0
-0.7743854165690038,-0.006038697391085179,96.85081861471659,-0.14665293716042244,-277.38166237996427,0.14280177912617092,0,0,0
-0.7375839991643147,0.003699045278405322,96.62463128996097,-0.16315207918247268,-277.1674751389044,0.15516328149064407,0,0,0
-0.6822834997050222,0.010780897596147554,96.34073692184143,-0.17517552578853496,-276.9145911292451,0.16165158149997297,0,0,0
-0.6222263257335641,0.01440972790479691,96.03441918929957,-0.17950279652492043,-276.65321142714504,0.1603235355350307,0,0,0
-0.5722095506883278,0.01431604957280257,95.74723534554494,-0.1732002280647947,-276.41709681067294,0.14922127806342472,0,0,0
-0.5442126931063882,0.01080288483400409,95.51636033396954,-0.15429990365788057,-276.23501918102755,0.12694492031627078,0,0,0
-0.5444339769053101,0.004738672981378045,95.36738832246121,-0.12267099587620862,-276.12581916728175,0.09350939303283781,0,0,0
-0.5720093512183695,-0.002559679508193824,95.31153407522581,-0.08068239429362337,-276.0974699116629,0.0510769730529546,0,0,0
-0.6196005452975868,-0.009574500225058102,95.34626373144778,-0.0331887577560309,-276.1485371557035,0.004055938148258065,0,0,0
-0.6755498536725497,-0.014917565710779002,95.45779281253076,0.013338635857846271,-276.27004354861947,-0.041658170647804124,0,0,0
-0.7269986867552234,-0.017646785733366244,95.6241086559545,0.05225363586601759,-276.4465684496359,-0.08002872828079148,0,0,0
-0.763180794246253,-0.017470219348527393,95.81780734702474,0.07817648315500207,-276.6567054083749,-0.10622053954544981,0,0,0
-0.7780285019556032,-0.014776277208964928,96.00884934428112,0.08792864698873473,-276.8740317477625,-0.11741794475067877,0,0,0
-0.7714019828413541,-0.010491145571525352,96.16780554787803,0.08076837208490702,-277.0697931336231,-0.11294537559492142,0,0,0
-0.7486774080219902,-0.005820828059108862,96.26977170420511,0.05804446443914628,-277.21738409348086,-0.0938647189841106,0,0,0
-0.7189148865916621,-0.0019603277587648903,96.29812516551956,0.02254382540825759,-277.29722457648205,-0.06238519848753867,0,0,0
-0.6921967489949594,0.0001502054866065805,96.24667479234856,-0.022187526258483102,-277.29999861478854,-0.021375367118628218,0,0,0
-0.676920806933623,-4.419408609095399e-05,96.11921779607488,-0.07237578845873145,-277.22692366761214,0.02592026956981499,0,0,0
-0.6778088258886754,-0.002735134152690932,95.92670837583924,-0.12440203005909609,-277.0871843455446,0.07608252717872688,0,0,0
-0.6951531312601986,-0.007908172600440366,95.68323106661333,-0.17518944780002813,-276.89389553349486,0.12588447493065474,0,0,0
-0.7254966318891576,-0.015559450297426735,95.40223339336967,-0.22276814346461152,-276.6603221208222,0.1729931701365956,0,0,0
-0.7636227351071625,-0.025876660795938734,95.09404946243743,-0.2670532603915802,-276.3975027126767,0.21694514598219145,0,0,0
-0.8053798434825126,-0.03931594317252092,94.76482904369016,-0.3107084294369031,-276.11320647597523,0.260148899698072,0,0,0
-0.8504837088457577,-0.05654160373061075,94.41591106987775,-0.3599118975459817,-275.81094838431653,0.308663050489821,0,0,0
-0.9042719109962576,-0.07822050432873481,94.042090269559,-0.4248603763733911,-275.4874523921149,0.372596930871282,0,0,0
-0.9776814945510495,-0.10469259961557213,93.62759256160376,-0.5197875712319103,-275.12777311666014,0.4659951828948408,0,0,0
-1.0853561807201686,-0.13558351552220244,93.13959049797953,-0.6621240908512703,-274.6985096178078,0.6059501563746267,0,0,0
-1.2423368442397305,-0.1694682403184089,92.52009882061506,-0.8703779926833392,-274.14029316271393,0.8106026081346045,0,0,0
-1.4600138691760236,-0.20371316526065897,91.67810461210533,-1.1605791335242912,-273.36121503683177,1.0958598172474978,0,0,0
-1.74207912741592,-0.23460203534203572,90.48535535429423,-1.5417077133934298,-272.23394370454645,1.471139255444939,0,0,0
-2.081331787111182,-0.25778376196640806,88.78099248485697,-2.0111801883053744,-270.6008205570759,1.9350563428741339,0,0,0
-2.4583051382912515,-0.26897604929669966,86.39026953560403,-2.5518185554482384,-268.2914766313307,2.472355500053408,0,0,0
-2.8425114960891023,-0.2647588509860867,83.15903770844724,-3.131458325158081,-265.15460830350025,3.0531925859640126,0,0,0
-3.196504062266115,-0.24325526404683728,78.99883393594345,-3.7054693077531424,-261.09955582986714,3.635109335703487,0,0,0
-3.4821095306603382,-0.2045540661450957,73.93028838650525,-4.221484759898624,-256.13688896337356,4.16718426031361,0,0,0
-3.667441987518046,-0.15083901557208038,68.10940700712138,-4.625286830801795,-250.40421811612606,4.595565921290813,0,0,0
-3.7329446905810357,-0.08627487262518514,61.82500724639871,-4.867355420072275,-244.1665837581677,4.870094640641031,0,0,0
-3.6748894847081033,-0.016709046086143077,55.465405743083636,-4.9104500446993935,-237.78919980567906,4.95237892703293,0,0,0
-3.5055545306269806,0.050799371561654996,49.46325701311909,-4.738676168422091,-231.68937243369567,4.825515107842006,0,0,0
-3.2504692831367237,0.10865069064498982,44.232487046276276,-4.367185452835346,-226.27828449163832,4.5041736620015795,0,0,0
-2.9440805133630334,0.14957838389223638,40.10743828413422,-3.8494590198016,-221.8998741506656,4.041644520599459,0,0,0
-2.6253955991526823,0.16763154325828963,37.285769088610095,-3.2773552360966676,-218.76768736100138,3.528987860689193,0,0,0
-2.3345177804725523,0.15906074857594205,35.77227602422633,-2.7691945209438984,-216.8994572250802,3.081959000762322,0,0,0
-2.1099971558162167,0.12287263958466924,35.32697940758999,-2.4439464080171347,-216.05781920985135,2.8144533261984632,1,0,0
-1.9863256917379744,0.06093620508966637,35.435698188489255,-2.3849066016086224,-215.72044375737897,2.80245962741738,1,0,0
-1.9911265549351498,-0.022259495373661765,35.3358546461547,-2.602586876703602,-215.11433950923413,3.0483851888637674,1,0,0
-2.142337204821615,-0.11993980014374302,34.13306203695973,-3.011034301752365,-213.34699375054447,3.459509141433449,1,0,0
-2.446163088861411,-0.22326737646937148,31.025941662912288,-3.4312190347990907,-209.64466654369443,3.8533612791338157,1,0,0
-2.896192479730317,-0.3215155077353941,25.614190997032864,-3.6277271997469867,-203.66477615952186,3.995484568007015,1,0,0
-3.4730642368733413,-0.40255450562708434,18.20661827924026,-3.37212773958332,-195.79443260300064,3.6626162038663894,1,0,0
-4.143478514800464,-0.45408805476618425,9.997095266610572,-2.5129012720538086,-187.3047827363311,2.711377134153679,1,0,0
-4.858069363846397,-0.46576286443483494,2.973578740619189,-1.0248724134098026,-180.23407456966322,1.1259531778809162,1,0,0
-5.5496728578264936,-0.43167998837197247,-0.5049959732435383,0.9829775184324433,-176.94461154501005,-0.9757869349559257,1,0,0
-6.13554221208706,-0.3523413836587267,1.6057020117567902,3.3033631054593426,-179.43165717118745,-3.379431092026368,1,0,0
-6.527206239399817,-0.23509493027372627,10.30668546795117,5.689993854519838,-188.60667241584218,-5.834133138103221,1,0,0
-6.6487551992834995,-0.09278679956042879,25.087130512056675,7.91026899569137,-203.85480773042497,-8.105735528044159,1,0,0
-6.45913708854134,0.05881328509706805,43.96283722128416,9.771675072251977,-223.10486310010373,-10.003280601636225,1,0,0
-5.969576925448678,0.20377799445877542,64.05957271750572,11.12417427848332,-243.4389774639581,-11.381151419475595,1,0,0
-5.24714178246758,0.3281344453511295,82.51412954223125,11.857208061361568,-262.00610754055407,-12.135372930310092,1,0,0
-4.400932232477629,0.4210871591168413,97.30930823615395,11.909505783173401,-276.8517878834422,-12.212239201762873,1,0,0
-3.555345663829783,0.47565567851981144,107.71384598913033,11.294596385655199,-287.33758875269336,-11.632259270243997,1,0,0
-2.8202894192586427,0.4891452256521177,114.2153215254524,10.126304700117915,-294.04558876441916,-10.513921691645056,1,0,0
-2.2683284043151986,0.46353756270525964,118.06708464037214,8.620155087017569,-298.29834084811097,-9.073562136867912,1,0,0
-1.924670620918647,0.4054194442828802,120.7007598434908,7.055885841126337,-301.5540491888162,-7.587013040147388,1,0,0
-1.7706494542017026,0.32491163456730876,123.25264932450315,5.7080974429811615,-304.92926511828216,-6.320475708965887,1,0,0
-1.7573029427623226,0.23346658638317877,126.35017751323582,4.771113062893027,-308.9940246468755,-5.456805258392587,1,0,0
-1.8237614614887434,0.14113396276885765,130.16438809145984,4.307439252404853,-313.84048446878285,-5.0462692855984415,1,0,0
-1.9153824826198758,0.054398099669928965,134.6184311287691,4.236827748360108,-319.309107865432,-4.998102449252263,1,0,0
-1.9980254367944923,-0.024429214275684785,139.59510397204286,4.365224077898498,-325.21086463021294,-5.111383637526865,1,0,0
-2.0662663686458416,-0.09597691646241344,145.02043886508423,4.4399601742084425,-331.4198404673681,-5.131090000585192,1,0,0
-2.1440060361412066,-0.16134717719808692,150.78823851317887,4.213203007988469,-337.8002816086778,-4.811321781641709,1,0,0
-2.276308422559353,-0.21962894568329433,156.58359900905347,3.498227580181512,-344.0266132569418,-3.9706920478407084,1,0,0
-2.5126205470720464,-0.26663962450935796,161.71932541935712,2.2084820404501584,-349.4121772233796,-2.5304077682685717,1,0,0
-2.8844397855427815,-0.29556003542597153,165.10036158557523,0.3740794190036155,-352.8649491946681,-0.5300067071299338,1,0,0
-3.3841212261825717,-0.2992054047548976,165.38467940438784,-1.866537045458705,-353.04248293469925,1.8815514691482291,1,0,0
-3.9535923995952658,-0.27287609822580094,161.33245331505094,-4.298301307847043,-348.7009451252826,4.478272431622218,1,0,0
-4.490157706582323,-0.21649051929125135,152.24920849596143,-6.676932423619482,-339.14456215146856,7.005548209553609,1,0,0
-4.870982836879591,-0.1351571855086675,138.35922531880524,-8.777888020841848,-324.60917493673134,9.230387368752707,1,0,0
-4.990079484343468,-0.0381948968534175,120.92973351745582,-10.431572202544569,-306.39534993873065,10.977775122333195,1,0,0
-4.795027350903851,0.06270014386389988,102.0374257866138,-11.536714859880314,-286.6371161511459,12.144599725711362,1,0,0
-4.30891122905372,0.1553104177879348,84.01891427698405,-12.055559105571444,-267.7447995131417,12.69453748114338,1,0,0
-3.627880277646028,0.22831880954451123,68.80471880063499,-12.002765128946333,-251.72273956941473,12.64598462030404,1,0,0
-2.8945695156062214,0.2723250504212885,57.403603393911425,-11.439147239012684,-239.63442600004765,12.064655235927768,1,0,0
-2.2574383469037826,0.2807269061762483,49.73321298677209,-10.472453065131603,-231.41895193755448,11.063558340104288,1,0,0
-1.8310170483032238,0.25062766606588127,44.829088348673395,-9.25738543954686,-226.09710812326546,9.802746746822226,1,0,0
-1.6704043041501535,0.18361052065403669,41.304802025587605,-7.984364636350769,-222.2410989222422,8.478119288206665,1,0,0
-1.7669072023694383,0.08595782607544038,37.85773610583459,-6.854225683813851,-218.49800979219089,7.296028779902963,1,0,0
-2.063713775117108,-0.03204849289886482,33.634694667489214,-6.048090271195717,-213.97359153568846,6.44261345503075,1,0,0
-2.4838028236846554,-0.15768759655920234,28.355879121987215,-5.706960576785248,-208.3678824705084,6.062481296464091,1,0,0
-2.958922144363484,-0.277671987569866,22.193779423106108,-5.928148640275746,-201.85592326907926,6.25434929822207,1,0,0
-3.4493329682993163,-0.37964452154793094,15.476657438845535,-6.7709243448089875,-194.78451171411206,7.076596819242491,1,0,0
-3.9483652066346764,-0.45298619659589007,8.323816088677816,-8.254499574442601,-187.29660501910723,8.546090482329157,1,0,0
-4.471445481198245,-0.48920966079033973,0.33399762605894523,-10.337203270909537,-179.00961303540674,10.61882664616575,1,0,0
-5.034158222602443,-0.48251356253416733,-9.548273415985378,-12.884715341920204,-168.87545895533378,13.159553427808259,1,0,0
-5.627462263782533,-0.43080125886710335,-22.880155099416484,-15.653823815187966,-155.33113993084055,15.926127908274946,1,0,0
-6.200266270109054,-0.3368168514789147,-41.24019371883841,-18.318368014195663,-136.78019409895063,18.594942326687097,1,0,0
-6.659003810272836,-0.2085810406047955,-65.51429660326079,-20.538915851927143,-112.30974333053338,20.829202988918816,1,0,0
-6.888849400458781,-0.05850767021523069,-95.21245875171283,-22.04406850214988,-82.37805725760585,22.35867454697788,1,0,0
-6.791815412355689,0.09861314975813258,-128.18235902989244,-22.67951781083169,-49.10660338775891,23.027875095338985,1,0,0
-6.327090659152631,0.24782679456114068,-160.98990071885055,-22.4041214719992,-15.906500002208318,22.792511838262087,1,0,0
-5.535143374347271,0.3754687022745188,-189.9125010804259,-21.250377832559614,13.507518175076108,21.68140761800555,1,0,0
-4.533441908786983,0.46968128555780453,-212.116868932821,-19.287882022847818,36.290140450671565,19.761781969396715,1,0,0
-3.485313983616919,0.5206995930078904,-226.46118048225793,-16.61831429901736,51.2691379179831,17.135541540424093,1,0,0
-2.555890276991036,0.5218194331175013,-233.58948813597738,-13.399521991340984,59.04965942728709,13.963543132467217,1,0,0
-1.8727752410373455,0.4712581652112874,-235.3839334250126,-9.86776632066369,61.48293624921497,10.486894395501459,1,0,0
-1.503453414531009,0.374040374678836,-234.1190139473166,-6.323202069178981,60.837625595016505,7.010934671903238,1,0,0
-1.452007880193932,0.2424745090768468,-231.69743959343438,-3.0699648382174956,59.04567207370759,3.8440917685368,1,0,0
-1.670655069283768,0.09426645192825589,-229.20767866512267,-0.33946039689943464,57.25737406706631,1.2207539287061948,1,0,0
-2.079233760242815,-0.051418228675535714,-226.86002223652935,1.7584049601439518,55.76234056725568,-0.7472088648529394,1,0,0
-2.5866869123642715,-0.1784487192412442,-224.22192141064036,3.2298728012459237,54.20284671682405,-2.0647439946484254,1,0,0
-3.110398283578803,-0.27698291312023426,-220.61214946260085,4.1466546431139,51.94843586044411,-2.8031902595933103,1,0,0
-3.5907773895044244,-0.34439252768590195,-215.51147290181535,4.581767558136926,48.49767973773351,-3.037099347095947,1,0,0
-3.9994962703722763,-0.38393686143627975,-208.8771308808184,4.563432076547912,43.79704926945371,-2.7993263129263997,1,0,0
-4.340377469403478,-0.4021477415594745,-201.29076012351814,4.062880824716942,38.402219480802835,-2.0693779020816763,1,0,0
-4.642604372239688,-0.40610628437156604,-193.9173869938736,3.0142602349396896,33.45103365328187,-0.7925543339697014,1,0,0
-4.947378691390028,-0.4014500920908489,-188.30133836594734,1.353880671139504,30.466632124057032,1.0828504575739095,1,0,0
-5.291376494556729,-0.39140163539985623,-186.06311882795526,-0.9361941056979447,31.052408944443595,3.5645387230753753,1,0,0
-5.692132484878513,-0.37666899613354443,-188.57887041795325,-3.7918783882032785,36.563595046249546,6.581891256911763,1,0,0
-6.140296603958475,-0.35590246901669076,-196.71741988713245,-7.045908708285447,47.83679722755866,9.965236804095435,1,0,0
-6.6011878332727605,-0.3264764349705075,-210.68311469924532,-10.428229227313656,65.03135129256314,13.445068153617587,1,0,0
-7.024414637577365,-0.2855115757688367,-229.9740905195803,-13.593041196068077,87.59382309119786,16.67715564595197,1,0,0
-7.357467350839869,-0.23105200976158358,-253.43025678384814,-16.171370998295686,114.31659230685113,19.29362148694162,1,0,0
-7.558520960539184,-0.16315637826623403,-279.3362179636729,-17.837414754520452,143.44941731040805,20.96906398912771,1,0,0
-7.605141819108553,-0.08453133076352799,-305.5730523966547,-18.36972572391467,172.8529010169787,21.482768914870153,1,0,0
-7.497720129928055,-0.0004051172913577261,-329.8477989545544,-17.690193645420123,200.22259011280158,20.759163252897135,1,0,0
-7.257898789005864,0.0823805055508231,-350.0150483489042,-15.872428923875237,223.40284699347325,18.877112127659537,1,0,0
-6.92294027721907,0.15675404377512764,-364.4372663731598,-13.121163003493333,240.74304883572074,16.049034673895967,1,0,0
-6.537445792513793,0.21680237746705727,-372.27612765709995,-9.732159913330397,251.39128419495108,12.579370188634254,1,0,0
-6.144347776872053,0.25877496362338376,-373.6193563413337,-6.045440694209714,255.42842975653002,8.8157956724922,1,0,0
-5.7773827777645295,0.2815467875140968,-369.4074039379977,-2.4016329911627734,253.8024725691585,5.10378676265276,1,0,0
-5.456874199826089,0.2865776377300577,-361.18572055451364,0.895288445043974,248.08416983015752,1.7483470203082105,1,0,0
-5.189443576169296,0.2774713583259555,-350.7518559171521,3.609134397715877,240.11029419319368,-1.017205804066259,1,0,0
-4.970771324305346,0.25922721275071015,-339.79062490577,5.594762241942851,231.60737403533005,-3.053818915128494,1,0,0
-4.7896739439675855,0.2372723652425975,-329.58938230828244,6.808961940102108,223.8907686435063,-4.326425435942957,1,0,0
-4.631943752627478,0.21640358297137965,-320.89491450411464,7.3056672092932615,217.7060603158837,-4.897767834201102,1,0,0
-4.4831852057463095,0.19983668892302262,-313.92370437174543,7.216233954570901,213.23078895281066,-4.907280965660914,1,0,0
-4.330668149711968,0.18861031080826648,-308.4896439537313,6.719135051629712,210.2048596844358,-4.539535258718786,1,0,0
-4.164722140087818,0.18153660710050587,-304.18650825607887,6.005528535417772,208.1270298355215,-3.9887481939034273,1,0,0
-3.980311947158256,0.1757177157703012,-300.56268424840107,5.247870883913765,206.450751414519,-3.4265193155854545,1,0,0
-3.7790158885343033,0.16744164198580477,-297.24506439228867,4.5776913087347,204.72966291254937,-2.9789548894984135,1,0,0
-3.570771091743424,0.15315339738120742,-293.9943700382165,4.075744681309061,202.68881724296966,-2.7166267245375364,1,0,0
-3.3740775051642373,0.13021612671066835,-290.6965705629744,3.7740273306172583,200.2228122541594,-2.657185443462512,1,0,0
-3.213594166602334,0.09730658149311466,-287.31191606663236,3.666049022766515,197.3421808794755,-2.7772321838631684,1,0,0
-3.1152575241095377,0.05446838098282427,-283.81246922093544,3.7204008127954977,194.10121974852217,-3.028350963424015,1,0,0
-3.100409778815404,0.0029901178977098652,-280.137467691024,3.8933146128442218,190.53979307050832,-3.352473315912616,1,0,0
-3.181023938639626,-0.05470734905605923,-276.18343106557285,4.137851730330323,186.65893451818553,-3.693475043583541,1,0,0
-3.3576023347808217,-0.1151227807989443,-271.8291537260661,4.409319561413136,182.43253784580412,-4.003938368700753,1,0,0
-3.6200383302595753,-0.17379678800786139,-266.9825001281239,4.667747812407117,177.84352020128136,-4.247575810464554,1,0,0
-3.9504107681811576,-0.22570462571435143,-261.62953811995885,4.87886142976989,172.92601825539285,-4.398874017690718,1,0,0
-4.3260893790948955,-0.2659926779486398,-255.86654708898544,5.015119876814256,167.79491247671396,-4.4420355034569186,1,0,0
-4.721998899732867,-0.29089366701370667,-249.90117442408516,5.057778120357208,162.64943355596213,-4.370828718874199,1,0,0
-5.112045385242851,-0.2984917741239073,-244.01909243890321,4.999467248226011,157.74705414951387,-4.189358599337263,1,0,0
-5.470640423745849,-0.2890489024790043,-238.52330176893346,4.8451868244158165,153.35344070256832,-3.911850457576486,1,0,0
-5.775184303595935,-0.264817481141624,-233.66127045279288,4.609092360425086,149.68086471395299,-3.5587477255531894,1,0,0
-6.009346448952471,-0.229492500436055,-229.55968648745196,4.305992385270793,146.83150588176633,-3.1478589988386316,1,0,0
-6.165941679878699,-0.18753909704762606,-226.18875858331273,3.939762420036357,144.7653485248129,-2.6826934476288558,1,0,0
-6.248091359570864,-0.14354789924883277,-223.37728548190796,3.494099341763112,143.31403327003926,-2.143535246334591,1,0,0
-6.268213141675815,-0.10163399778057709,-220.89157652387303,2.931706363625625,142.25604294574947,-1.4875644462841933,1,0,0
-6.245335772541708,-0.06484995360844721,-218.56961426725093,2.2049184021931607,141.44742826700653,-0.6610982753657936,1,0,0
-6.201480349571156,-0.03467480769852358,-216.46892288862188,1.2752401057482614,140.9679780004254,0.3788710267485527,1,0,0
-6.157477892221195,-0.010776537683457831,-214.96018100645404,0.1342800944245255,141.21408109261623,1.6419951696059258,1,0,0
-6.128385363048622,0.008734082287868716,-214.70202880264696,-1.1830900458304314,142.87140968667194,3.0906133350957647,1,0,0
-6.119139959830321,0.02651508274589389,-216.47411774700186,-2.599725627892488,146.74245794891038,4.641282414832171,1,0,0
-6.121932380581171,0.044908272930368295,-220.90886939531026,-4.0115542300821065,153.4695749814385,6.18185943938659,1,0,0
-6.117111825787049,0.06498590903626678,-228.2168855432067,-5.311066954604144,163.2514575778256,7.597291789382458,1,0,0
-6.078600857000012,0.08611826547846277,-238.01965904161705,-6.409771367276784,175.67148187577055,8.794069134660257,1,0,0
-5.982940532111925,0.10621022273174958,-249.37454176083284,-7.252437495823432,189.72685741836096,9.715460489419936,1,0,0
-5.819130412372132,0.12246122392557623,-261.0071188246941,-7.82093300102805,204.07463733961538,10.345090254442908,1,0,0
-5.59547668217904,0.13230619265627155,-271.68028381329236,-8.12969248541204,217.42034616083112,10.701179830554196,1,0,0
-5.340297694786528,0.1341695282477815,-280.5666365613897,-8.216378378214426,228.90866934702797,10.82558892557818,1,0,0
-5.095375664903699,0.12780016140616085,-287.48455596468835,-8.130564730953378,238.3686859868156,10.771026165207138,1,0,0
-4.90377312379286,0.114179426871479,-292.91135881292746,-7.921848754851089,246.32231223110102,10.588130883436907,1,0,0
-4.796078033267605,0.09519629298002456,-297.77104260112225,-7.628025479637946,253.75425625445234,10.313126683142048,1,0,0
-4.780237098103356,0.07335970726894203,-303.0726531774545,-7.26463087178779,261.7254642372203,9.957323134088574,1,0,0
-4.8391102117254405,0.0517161869283342,-309.5225328527405,-6.8188454562468905,270.96171922989697,9.501469078063115,1,0,0
-4.936806588285222,0.03391224251235343,-317.23814659012794,-6.251574153995591,281.5527907101396,8.898848176034756,1,0,0
-5.03097760231168,0.024124640514691008,-325.6547965572123,-5.509679381597079,292.85812424978144,8.08910545780886,1,0,0
-5.085533339682712,0.026539900947888384,-333.653427542572,-4.54620164777474,303.6478686805011,7.0204094374380075,1,0,0
-5.078314812895698,0.044283535417646645,-339.86873837576127,-3.342355914669173,312.4350369414623,5.673224688293596,1,0,0
-5.001175269662994,0.0781012429285937,-343.0823781013456,-1.9235380223786707,317.8971511073755,4.077314561358827,1,0,0
-4.854129259756789,0.1254365997869044,-342.58134978065914,-0.3634719547237125,319.2597405649042,2.3156840428684973,1,0,0
-4.638374114313976,0.18054901479913923,-338.37337529067486,1.2247873329422874,316.5264066054811,0.514156595470564,1,0,0
-4.353242679091139,0.23586345126790462,-331.194601747814,2.7074166935692574,310.4865031373883,-1.1794513623399154,1,0,0
-3.999224668817419,0.28406542483034514,-322.30803340124123,3.952073854439368,302.4986098508086,-2.6200486703177317,1,0,0
-3.5847442138563963,0.3200016065478678,-313.1572523999776,4.8490410403266875,294.11855965858194,-3.6884426600695464,1,0,0
-3.13131644029383,0.34154396835494366,-304.99027326070507,5.328819134266615,286.69435666484526,-4.310076594203343,0,0,0
-2.6723430896326335,0.3491640187165103,-298.58062962151973,5.374639686681428,281.0636106263823,-4.467670902063435,0,0,0
-2.2448790913792607,0.34466415554038293,-294.1326889981783,5.027519701877646,277.4473819773238,-4.205558062319341,0,0,0
-1.8782987474170199,0.3299029742844965,-291.3783279724944,4.3808734024862925,275.5506103407668,-3.623048059032135,0,0,0
-1.5857355861135574,0.3062124021601704,-289.7941867586795,3.563218614886176,274.7963851653421,-2.855695980655298,0,0,0
-1.3624890725916856,0.2746481017696539,-288.83495291384486,2.7113777550951226,274.58303154426983,-2.0471238925471598,0,0,0
-1.1917325589101466,0.23663330026234064,-288.0981782718984,1.9411773184415893,274.4708259822877,-1.318550512281064,0,0,0
-1.0542129362461736,0.1943588300674378,-287.38586772295105,1.3251808360479118,274.25602254706695,-0.7456591398803084,0,0,0
-0.9371006472157148,0.15059081914419892,-286.67584725237947,0.885005487573369,273.9416500442556,-0.35046898746178956,0,0,0
-0.8382631961598577,0.10803395860277334,-286.0434748490264,0.5995654761377182,273.64732073311035,-0.10969910947211474,0,0,0
-0.7649834376704234,0.06870684053016447,-285.5785000762892,0.4237659801123016,273.5088515420346,0.025767766758434618,0,0,0
-0.7287547889582555,0.033721542093871903,-285.3288212610406,0.30888190719742853,273.6070192275792,0.10919816345430036,0,0,0
-0.7389708999372715,0.0035376929039102833,-285.2826341224446,0.21731814943642574,273.9426921027059,0.18176275914312895,0,0,0
-0.7979591613892865,-0.021555977282315553,-285.3826732111172,0.12862913243270668,274.45361924604566,0.2653797343269105,0,0,0
-0.8986671808119127,-0.041084130858894244,-285.55652695755646,0.03775857842887831,275.05406283292643,0.36413579465026374,0,0,0
-1.0252736516529666,-0.05436171041960023,-285.7461338418706,-0.051151752374659056,275.67501317881283,0.4710375183768122,0,0,0
-1.1563556298710438,-0.0607673209360172,-285.92499677753415,-0.13159039361557917,276.288453573719,0.5759533375886463,0,0,0
-1.2697727090693292,-0.06010526506832008,-286.099576398624,-0.19935911598455505,276.90981989033605,0.6713743030307853,0,0,0
-1.3479419558046573,-0.05284405314690162,-286.2982614680907,-0.2540184887356588,277.58300799075823,0.7544305328225335,0,0,0
-1.38188030035586,-0.040132703891239886,-286.554992372773,-0.2976080603828223,278.35769591687847,0.8255591418677909,0,0,0
-1.3726566470305954,-0.02362193625892104,-286.89440401244497,-0.33213927255909537,279.2683849179211,0.8855416394109739,0,0,0
-1.3298074396414563,-0.005184454325433308,-287.32241242088617,-0.3575134535388429,280.32076225788705,0.9329321222822159,0,0,0
-1.2674114314062876,0.013367670999828362,-287.8228190098012,-0.3709522135888278,281.48699743093124,0.9632628740285838,0,0,0
-1.1992862003016853,0.03049692469136147,-288.35875381494543,-0.3681183081249742,282.70921066472357,0.9702893459221343,0,0,0
-1.134886543401123,0.045044935856537904,-288.8779196831474,-0.34530099654847957,283.9094792270362,0.9485269667897285,0,0,0
-1.0771181949072997,0.05622227660483361,-289.321268377259,-0.3016554521390219,285.004334401635,0.8958834073019943,0,0,0
-1.0226789198727602,0.06352243019043727,-289.6345189134224,-0.24059396803544358,285.9210823140048,0.8153558823343531,0,0,0
-0.9648034621557144,0.06663607289879962,-289.7807594798737,-0.16986713941196285,286.6127133495574,0.715268008149593,0,0,0
-0.8974925972392782,0.06543861247198493,-289.7512714335755,-0.10036721359867329,287.0682776586555,0.6080371253442649,0,0,0
-0.8196575343075239,0.06006673421783404,-289.5715468941632,-0.0440197558085174,287.3165299898984,0.507827468654483,0,0,0
-0.7374323451262228,0.05102280125808108,-289.3003436927994,-0.011270788153183275,287.4219437412646,0.42766083464945837,0,0,0
-0.6634467106534601,0.039212329338683106,-289.0210838150058,-0.008718442918348047,287.473442339383,0.37666955038464495,0,0,0
-0.6130253066864384,0.025861035362781594,-288.82649114578794,-0.03744297615985488,287.5673686843739,0.35817436736377317,0,0,0
-0.5986188581233449,0.01233822118962422,-288.7989513730306,-0.09250178682859769,287.7874853512684,0.3690904654069186,0,0,0
-0.6246585308203123,-3.4931051067133013e-05,-288.99062756467924,-0.16378846747208514,288.18608757353076,0.40079294247882447,0,0,0
-0.6849949015204686,-0.01012443781588388,-289.4084528064425,-0.23803726693582233,288.77102990548144,0.44112665574105564,0,0,0
-0.7640685662449442,-0.017056003026856104,-290.008948675021,-0.3013805276861149,289.50282598764255,0.47693495591999524,0,0,0
-0.8414212502594722,-0.02025738089141669,-290.7057773481597,-0.3417585556518702,290.3036180036266,0.4964547954193563,0,0,0
-0.8978419077499495,-0.019517165228540988,-291.38915610829633,-0.35068657361846933,291.07620708344376,0.4911425220220565,0,0,0
-0.9209019124663627,-0.015070203933180436,-291.9519195635214,-0.3242263512474096,291.72779654730897,0.4567723282936015,0,0,0
-0.9079923753947838,-0.007665622873899736,-292.31414896966055,-0.2632591716196657,292.19129330046457,0.39382658260956305,0,0,0
-0.8660205195676269,0.0014550505715064332,-292.4386693715245,-0.17321091500905367,292.43799029357655,0.3072471266219566,0,0,0
-0.8081969589718483,0.010720487143730395,-292.33335688197263,-0.06329802756857816,292.47879390459445,0.2056072563106966,0,0,0
-0.7493208974551493,0.01852356415025156,-292.0412148855047,0.05472216194232828,292.3552086342044,0.09976569176866405,0,0,0
-0.7013147595593097,0.023571965119603532,-291.6232192808759,0.16828170994783703,292.1243533996264,0.0011210136047566266,0,0,0
-0.6704443958054043,0.02518117599401535,-291.140561956533,0.2660094029131301,291.843501171701,-0.0802861270027961,0,0,0
-0.6568636948076403,0.023403212714944742,-290.64192895070676,0.3395672540502517,291.5588985507495,-0.13743153718095868,0,0,0
-0.6561856087569566,0.018942475969882366,-290.1585557287364,0.3847813916653536,291.3012749213132,-0.16730742580262473,0,0,0
-0.6621222565539142,0.012894430846640149,-289.70633900881796,0.40175031015601803,291.08741721949133,-0.1710246334373437,0,0,0
-0.6690901525262092,0.006409999131682298,-289.2918255343901,0.3940414403506679,290.924935277281,-0.15309680948769255,0,0,0
-0.6739602482453364,0.00040708576198653643,-288.91847642915803,0.36744362748831916,290.816977928655,-0.1202527783440189,0,0,0
-0.6765957598688033,-0.004582751491690828,-288.59085545487096,0.32880655468787834,290.7649160355503,-0.08019622253074203,0,0,0
-0.6792526505054468,-0.008410193248678866,-288.31585378041245,0.28527640963409906,290.768547570221,-0.04061716656852923,0,0,0
-0.6852209061383263,-0.01118761910874042,-288.100800481998,0.24390704062868168,290.8242405393275,-0.008550843823587683,0,0,0
-0.6972439019394443,-0.013122798502423904,-287.9487830059927,0.21137892112300846,290.9218256161862,0.010024491722310814,0,0,0
-0.7162719107223126,-0.014370019894103336,-287.85249640965424,0.19352412006217037,291.0415389463936,0.010561525327364051,0,0,0
-0.7409656272944289,-0.014937814299328523,-287.78916485436577,0.19455731911968427,291.1527268850642,-0.00956547213892236,0,0,0
-0.7680617998443608,-0.01467079345372042,-287.7194853224496,0.21620885763474007,291.21576648307735,-0.05049800555137836,0,0,0
-0.7933502415781533,-0.0133069121214632,-287.5925497975879,0.2571132168957547,291.18766213671444,-0.10947036726368538,0,0,0
-0.8127903514672425,-0.010591557949634022,-287.3565843337684,0.31272275096478097,291.03055053055465,-0.18077147960247544,0,0,0
-0.8233383912386216,-0.006404901480065917,-286.9729032379612,0.37580827519518606,290.72132320726575,-0.2562483060939485,0,0,0
-0.8233036944060075,-0.0008482752381141267,-286.42876687852356,0.4374414227983948,290.2599359800365,-0.3263595621252307,0,0,0
-0.8123217717200788,0.005743890825252151,-285.7447216114549,0.4882722246947708,289.67384389758416,-0.3816151897663076,0,0,0
-0.7911364856346665,0.012860902684872144,-284.9735729723502,0.5198790391502314,289.01652574330274,-0.4140806344316047,0,0,0
-0.7612929167401035,0.019908430744172277,-284.19070025404085,0.5259672380545851,288.3593425552467,-0.41857379488392327,0,0,0
-0.7247546631034538,0.026302520123336136,-283.4780821816703,0.5032456838022312,287.7779433251413,-0.39329934716566867,0,0,0
-0.6835267190419074,0.03154463115088788,-282.90644260741806,0.4518938240298212,287.33657498740115,-0.3398931373857465,0,0,0
-0.6394527729956394,0.035272847920536775,-282.5206949309473,0.3755970621225913,287.0749601387613,-0.26303820741057393,0,0,0
-0.5942659341364305,0.03729593225820906,-282.332877417042,0.2811555632522527,287.0019241878752,-0.1698491784169164,0,0,0
-0.5497651502338812,0.037617971116372925,-282.3241274957461,0.17767894884140106,287.09755705889796,-0.06911468278204325,0,0,0
-0.5078920797297428,0.03644719272589327,-282.453964997663,0.07539531618872956,287.3223918334083,0.029641758621153258,0,0,0
-0.4705752152006397,0.03416863611943342,-282.67279625729765,-0.015832805033994646,287.6295539059308,0.11733494088354632,0,0,0
-0.43936244913798816,0.031270132647041746,-282.9331659789324,-0.08806072922259318,287.975352113415,0.18662830918797796,0,0,0
-0.41495677447093726,0.02824033844911611,-283.1967834839362,-0.13651631987233373,288.3253789154823,0.2330739938006218,0,0,0
-0.3968209894811707,0.025476646466911744,-283.43674709215355,-0.16016921703663342,288.65576014145825,0.2556855321679336,0,0,0
-0.38306830190911967,0.023232273175619867,-283.63641023201023,-0.16141265418475542,288.95129273397674,0.25669585849452686,0,0,0
-0.37082539257148994,0.02160654991367892,-283.787049899644,-0.14499467009923137,289.20285807928093,0.2405863825601557,0,0,0
-0.3570493885044783,0.020562016346960376,-283.8858581296706,-0.11663420230707403,289.4057000767675,0.2127831551137831,0,0,0
-0.339499469467313,0.019949352043877867,-283.93456958740836,-0.08182617207781959,289.55877950955454,0.1785060307323249,0,0,0
-0.3174424184776825,0.01953325159309003,-283.93825403759365,-0.04514633345004313,289.66451564384323,0.14209096872268107,0,0,0
-0.29182658059295363,0.019024851875677484,-283.9039116986553,-0.010058886511166066,289.72825565900985,0.10681567208696947,0,0,0
-0.26495505173103595,0.01813050782350132,-283.8391382803684,0.02098969533824402,289.7573854570686,0.07503042184530387,0,0,0
-0.2398689286992095,0.016622679357560344,-283.7514276997106,0.04642905852432477,289.76041242073825,0.04834584275255338,0,0,0
-0.21962425854003698,0.014422945121586395,-283.64824681843663,0.06547964459681452,289.7462886027091,0.02774249784974927,0,0,0
-0.20657247072439588,0.011660068507906374,-283.5373359572652,0.07807418869030584,289.72391686232794,0.013624209166488299,0,0,0
-0.20176322367410648,0.008653834892734835,-283.4265132786278,0.08468647267696952,289.7015969524298,0.005911257543715465,0,0,0
-0.2045985989958865,0.005810532720035155,-283.32275931440074,0.08604387900933261,289.68631650680646,0.004223830646412807,0,0,0
-0.21281993728861437,0.0034823988739134393,-283.2310616837025,0.0828182748058282,289.683125055265,0.008107058854380966,0,0,0
-0.22289878438824928,0.0018755928032305746,-283.1538277005053,0.07543577124694138,289.6950216012194,0.01719191441349608,0,0,0
-0.23090406955033416,0.0010511840206049784,-283.09138931082396,0.06408118270879867,289.7236282192804,0.03121139112263336,0,0,0
-0.23372125339260208,0.0009907460431804794,-283.04347290856197,0.04886078627903316,289.770493965474,0.04986922214734477,0,0,0
-0.23013106299190156,0.0016592401279254432,-283.0109555323101,0.030017837373952715,289.8384560456124,0.07263112331151547,0,0,0
-0.22111300066690376,0.0030136752523091557,-282.99706998724116,0.008106723419359696,289.9323315648732,0.09853459039720747,0,0,0
-0.2091124183339872,0.004952954945309784,-283.00743499134865,-0.015910931020516727,290.05840251393545,0.12609278666821525,0,0,0
-0.1966650102925911,0.0072541875165498485,-283.0487280944749,-0.040651309030783976,290.2226090838014,0.15333606557396137,0,0,0
-0.18517082239485205,0.009565010261216856,-283.12633490488827,-0.06439594532147339,290.42790818554494,0.17801359840430564,0,0,0
-0.17446184647279495,0.011491615185856573,-283.24169208020714,-0.08531739495340389,290.67166241077854,0.19794594330278414,0,0,0
-0.16329038783551653,0.012746431060155317,-283.39017099390765,-0.10182421149312973,290.94405292194716,0.21145423726077867,0,0,0
-0.1503569092227508,0.013258988387906356,-283.56034079081314,-0.11291285581742158,291.22838225695904,0.21772644790539744,0,0,0
-0.1352539669381656,0.013168412364765913,-283.7353487640387,-0.11838243458877855,291.50376420332344,0.21698438094814493,0,0,0
-0.11880510153403634,0.012698113231633102,-283.896646858096,-0.11884451253730503,291.7499533985018,0.2104070997704241,0,0,0
-0.10266675239034839,0.011992575409574612,-284.0291976472414,-0.11557529518739784,291.9529984182202,0.19988252473297052,0,0,0
-0.0885231167878402,0.011013861066317077,-284.1261985454154,-0.11030931319944556,292.1095960439272,0.18771220808134217,0,0,0
-0.07742829468632806,0.009552307961328665,-284.19125933723643,-0.10503686762382358,292.2282463234169,0.17635559062060224,0,0,0
-0.06968387797626008,0.007340715040123768,-284.23717321984793,-0.10179383386638392,292.32668008150563,0.16821011245298223,0,0,0
-0.06524506829910592,0.004209720578479903,-284.28208785676225,-0.10238639818143724,292.42673343287464,0.16535469492454807,0,0,0
-0.06432323580962418,0.00020455458387402814,-284.3447852122016,-0.1080167930263201,292.54878449159196,0.16919701700968517,0,0,0
-0.06776730822222987,-0.004392078661609844,-284.4405396701459,-0.11887107637380723,292.7076088281532,0.18006475373830427,0,0,0
-0.07694975882151311,-0.009131946966152781,-284.578279129477,-0.1338352615936799,292.91048338148886,0.19689637099143625,0,0,0
-0.09315676115336657,-0.013521226402299646,-284.75921274585306,-0.15052161784179816,293.1573111525689,0.21721770899991383,0,0,0
-0.11675955569529606,-0.017132405790411552,-284.9768147883592,-0.16566899019845777,293.44192356859867,0.23749691425450123,0,0,0
-0.14658753900644683,-0.019676168157708673,-285.2179084109795,-0.17580748876412144,293.75364595560325,0.2538120651315808,0,0,0
-0.179842586449368,-0.021028117702020666,-285.4645511613522,-0.17797814536913847,294.07855975384155,0.2626438251782929,0,0,0
-0.21264055870932452,-0.021219531631905396,-285.6964755156544,-0.1703192030578009,294.40042341341604,0.2615754612616058,0,0,0
-0.2410079358803756,-0.020407788313750074,-285.8938631218325,-0.15241194830878727,294.70164922405064,0.24973080941974785,0,0,0
-0.26200674987619266,-0.0188425436802504,-286.04016274440346,-0.12534874764573373,294.96485408419045,0.2278650103355801,0,0,0
-0.27460441282983084,-0.01683526438993681,-286.124566665893,-0.09153313552773738,295.1752227433749,0.19811540630759622,0,0,0
-0.27996262454128384,-0.014729254856160879,-286.1437317007239,-0.05426789146325177,295.32336344076924,0.16350870736724232,0,0,0
-0.28102764195901386,-0.012866391245206898,-286.10239861256485,-0.01723225444458194,295.40779147568634,0.12738581054035195,0,0,0
-0.2815821979558706,-0.011552547050150963,-286.0127002223104,0.01603259364374594,295.4359612559247,0.09291320192837701,0,0,0
-0.28511219959466416,-0.011021906891038213,-285.8921461436366,0.04253991384447318,295.42307763167463,0.06277836705655773,0,0,0
-0.2938800875680556,-0.011392979633892252,-285.760587325612,0.060145383659437356,295.38873302927567,0.039051581893858156,0,0,0
-0.308506498901437,-0.012616906099194126,-285.636873705798,0.06771930442818075,295.35241785924507,0.02312194134858032,0,0,0
-0.32816602921083415,-0.014443905399723178,-285.53614957921695,0.06521401974189303,295.3295554326998,0.01563185464557364,0,0,0
-0.35122700479075775,-0.016446538557461567,-285.4684639833878,0.053614286046757796,295.3294328946162,0.01640673740679972,0,0,0
-0.3759365462151152,-0.018115296302809725,-285.4387089078091,0.03475571018919368,295.35536990312903,0.02443730463317593,0,0,0
-0.4007734738217721,-0.018997499256857963,-285.4473736216112,0.011027065009312765,295.4064421568607,0.037985264393955734,0,0,0
-0.4244016785385156,-0.018821257786989065,-285.49159150330496,-0.014983789675562775,295.479681987225,0.054844777909085,0,0,0
-0.4454930275336295,-0.017553684135810953,-285.5662557520973,-0.0408132273370768,295.57185884975434,0.07271503101945882,0,0,0
-0.46273516098396783,-0.015378264377319794,-285.66514312041846,-0.06434469301247532,295.6803343022565,0.0895715311974243,0,0,0
-0.4750871921632438,-0.01261678395083976,-285.78187549354345,-0.08392820624665091,295.8029302756142,0.10392587476083577,0,0,0
-0.48209266543794627,-0.009643714005790116,-285.9104252223676,-0.09845688886887274,295.9371808083665,0.11493281981021256,0,0,0
-0.48404334025954654,-0.0068304712601971575,-286.04500597916876,-0.10744671679719317,296.07956816943965,0.12236504011398779,0,0,0
-0.4819486729840321,-0.004519410620424935,-286.1795965093417,-0.11107952419287699,296.22527074467405,0.12648470604751197,0,0,0
-0.47739484429915535,-0.00299562310720205,-286.3077460458543,-0.1101108117336139,296.3686916422246,0.1278353549879455,0,0,0
-0.47237368627301635,-0.002431209448492666,-286.4232777964978,-0.10559747283514867,296.50469810123116,0.1270019345401238,0,0,0
-0.46907818642374366,-0.0028175370654878406,-286.5218407895831,-0.09853753559323764,296.63009255800057,0.12442119141286981,0,0,0
-0.469595784742765,-0.00393608083967365,-286.60238674523373,-0.08961389558591008,296.7445290477001,0.12032010756144018,0,0,0
-0.47544925860565,-0.005411523852822597,-286.6673638694334,-0.07919340364968548,296.8502123996338,0.1148011415830581,0,0,0
-0.4870472554688945,-0.006842731989843287,-286.72111784876995,-0.06756066054846883,296.9503536476577,0.10800765281125564,0,0,0
-0.5032625628181222,-0.007953193814195458,-286.76725084947583,-0.05518677094756867,297.0471421897429,0.10024550747632474,0,0,0
-0.5214534738346828,-0.008683036637901865,-286.8065641782267,-0.04279472638089601,297.1403818839809,0.0919577092407053,0,0,0
-0.5381585787877725,-0.009175154175726164,-286.8369400156656,-0.03113365033449895,297.22757958527023,0.08354999496347659,0,0,0
-0.550375992882465,-0.009669001331927518,-286.8552031148264,-0.020610717856442307,297.3053472727866,0.07518547636288417,0,0,0
-0.5569267824411099,-0.010369448058382602,-286.85961375533,-0.011073223014909673,297.3711467169878,0.06672177955472876,0,0,0
-0.559204052652035,-0.011370397032506219,-286.8512250603068,-0.0019634428301401386,297.4242751936382,0.057900854364521595,0,0,0
-0.5608297281810053,-0.012671031428037337,-286.8331772929281,0.007192364798180506,297.46559250763534,0.0487296483819307,0,0,0
-0.5662857980620402,-0.014251886024617022,-286.80849392379815,0.016278351659479995,297.49638381132894,0.03981047727289137,0,0,0
-0.579143739189476,-0.016132800771760002,-286.7780960995825,0.02444804653562187,297.5174301951811,0.0323508628368188,0,0,0
-0.6007512257939567,-0.018352769023302073,-286.74075227707135,0.03048832323643751,297.52936219130294,0.027770790765526954,0,0,0
-0.6299728770984956,-0.020875282387508777,-286.695327201494,0.03346345491700049,297.5344386735622,0.0270997223591678,0,0,0
-0.663972334080853,-0.02347917203711205,-286.6437806616319,0.03322653941154954,297.53848665670984,0.03049578259120267,0,0,0
-0.6994865865053725,-0.02570993659719676,-286.5924595503094,0.03051127062125829,297.5510882136384,0.03712844577339638,0,0,0
-0.7339036831154857,-0.02694182896444062,-286.550319882462,0.02661769886248635,297.5830551804419,0.045438464278157654,0,0,0
-0.7656796063161977,-0.026549517345787876,-286.52497920615997,0.02293511213803754,297.6421439405795,0.053595039119988995,0,0,0
-0.7939957730231555,-0.02412721587594433,-286.5189596661913,0.020570844396388566,297.72923301955024,0.059919468161461965,0,0,0
-0.8179290941529729,-0.01965631087320645,-286.5280645867155,0.020213522188987552,297.8368769653693,0.06313546874164899,0,0,0
-0.8357040877064463,-0.013540945893856815,-286.5423169351733,0.02218104223935029,297.9507684541105,0.06244861692016457,0,0,0
-0.8446389126473548,-0.006497846566550436,-286.54874497820214,0.026512696122881606,298.05338058638097,0.057540913740484714,0,0,0
-0.8420233845534,0.000641339239923866,-286.53504383310747,0.033010190886733425,298.12855687291756,0.04855052470416581,0,0,0
-0.8265359858305601,0.00712084517194711,-286.49319197960415,0.041248790840268154,298.1657933609787,0.036041025760283674,0,0,0
-0.7993817930194211,0.012365313900490093,-286.4219702392384,0.05064435997726946,298.1629728259115,0.020921024296205813,0,0,0
-0.7644650521708769,0.01597737258761356,-286.3273325890806,0.06061726212651024,298.12649735104327,0.00428181144200721,0,0,0
-0.727490290716247,0.01768075065946988,-286.2202179735947,0.07080556692654341,298.06856042748353,-0.01284201701736265,0,0,0
-0.6944711545967266,0.01729832665070461,-286.1124912977573,0.08125056024542232,298.00255419818234,-0.029751058610844438,0,0,0
-0.6703426340182546,0.014818494007039362,-286.0125160664186,0.09251690594763887,297.9384432625123,-0.046344760103193036,0,0,0
-0.6581553682768373,0.010515976592677135,-285.9218919654504,0.1057333031738267,297.87969507978937,-0.06329641446309324,0,0,0
-0.6588965811117475,0.005026267418823238,-285.83426126590786,0.12250334959891233,297.8223482839369,-0.08203355622235904,0,0,0
-0.6716556461403087,-0.0007157310734143607,-285.7362393757479,0.1446136553692554,297.7558700002725,-0.10442815678352986,0,0,0
-0.6938384444830064,-0.005682716857295133,-285.6098747736311,0.17354501514870435,297.6651092718856,-0.13222104990170463,0,0,0
-0.7213762199037888,-0.009034848800112627,-285.4358589478659,0.2099412636909733,297.53282921634775,-0.1663914085703823,0,0,0
-0.7491191188311888,-0.010368586460793949,-285.1969367432493,0.2532788863039741,297.3426372636879,-0.20677358325638692,0,0,0
-0.7716223629050205,-0.009853949028651244,-284.88119603538803,0.301917090219888,297.08221578320797,-0.2521110268907421,0,0,0
-0.7843174592891984,-0.00822540779472547,-284.48476782210764,0.3535276216653358,296.7463499284665,-0.30049875989649877,0,0,0
-0.7848196425978529,-0.006631506174443302,-284.01307866084755,0.4057283822610316,296.3386401124785,-0.3499847417095168,0,0,0
-0.774028498626194,-0.006376484263270754,-283.47972720337884,0.4566798613308265,295.8707074299484,-0.39908276831910144,0,0,0
-0.7566948585633497,-0.00861134678775386,-282.90272106325153,0.5054647692062645,295.35858481088195,-0.44706063758892467,0,0,0
-0.7411506590590022,-0.014050604936123534,-282.2989850492545,0.5521963616023526,294.8173606849719,-0.4940027174476029,0,0,0
-0.7379707078847417,-0.022788920425126945,-281.6789555531376,0.5979089027009422,294.25602258317736,-0.5407211301474717,0,0,0
-0.7576032871157139,-0.03425964963616934,-281.0430761603228,0.6443283245159364,293.6742815886946,-0.5885854933611313,0,0,0
-0.8074896877813273,-0.04732665854672291,-280.38121125580324,0.6936062558442927,293.0622228404585,-0.6393012973088446,0,0,0
-0.8896251681924241,-0.06045977014705528,-279.67497312722577,0.7480574679343931,292.40261008921186,-0.6946483489842535,0,0,0
-0.99951156715629,-0.07193922168638381,-278.9021070083786,0.8098977377413348,291.67500448173325,-0.7562031879630127,0,0,0
-1.1269139556508918,-0.08006658567313281,-278.0414845769483,0.8809598153465685,290.8604949948552,-0.8250824534163712,0,0,0
-1.258086228065082,-0.08339756071899274,-277.0770161024046,0.9623903087326084,289.94562713939007,-0.9017457279762141,0,0,0
-1.3786262000967469,-0.0810174088459931,-275.9991525240349,1.054389020988242,288.9242239401059,-0.9858981264972101,0,0,0
-1.4760870754271878,-0.07283716426739346,-274.8037436858382,1.1560920948978946,287.7965529312518,-1.0765277321687279,0,0,0
-1.5418165157903303,-0.059821623263141534,-273.4893868957888,1.265677783963821,286.5665361508082,-1.1720852162870243,0,0,0
-1.571946315074669,-0.04402461210911639,-272.0550524658115,1.3807067407154137,285.2385653034152,-1.2707797442909907,0,0,0
-1.5677773755756448,-0.028346316134314976,-270.4991859504404,1.4986441614428259,283.8153003237225,-1.3709431173707174,0,0,0
-1.535861330455262,-0.01602823919294565,-268.8202903068243,1.617433974364917,282.2969455187712,-1.4713544109490613,0,0,0
-1.4878414008238394,-0.01001075008728094,-267.01819528758756,1.7358575525148183,280.6817579263416,-1.5712834687180248,0,0,0
-1.4397576882474539,-0.012343846970124162,-265.09503960122447,1.8533152815428253,278.96720703882335,-1.6699564521516777,0,0,0
-1.4103771169940416,-0.023827012754075838,-263.05504296252,1.9688888802596238,277.151063821148,-1.7654506140256898,0,0,0
-1.4183686199945384,-0.04395536640751772,-260.90267635875546,2.0801712116674933,275.23208302989946,-1.853709864201403,0,0,0
-1.4787337009695563,-0.07111823024714851,-258.64057699888673,2.1830188215444535,273.21138925292564,-1.9289628580759939,0,0,0
-1.5995255451284294,-0.10291534047130284,-256.27059087040993,2.273433590046551,271.09698840973505,-1.9866374449860416,0,0,0
-1.7800866433310887,-0.1364710060565116,-253.80049809319257,2.3517856642479074,268.9120300105513,-2.028583659816735,0,0,0
-2.0114999791498462,-0.16870631630572602,-251.25334034913658,2.4278104217979886,266.7014666614012,-2.0684993772448252,0,0,0
-2.27895967804713,-0.19660572192175324,-248.66899773499586,2.523264349868404,264.5256717429626,-2.1340573561365717,0,0,0
-2.5650147351682904,-0.21754450751435428,-246.08595440635878,2.669082175133849,262.4305710689108,-2.2626003920638085,0,0,0
-2.8525514613889555,-0.22971068051637927,-243.50033864510849,2.8959435073583935,260.39592132817427,-2.4897932071681965,0,0,0
-3.126820851304714,-0.2325519739984557,-240.81693538324458,3.2204861946468895,258.2822132663751,-2.834182541753512,0,0,0
-3.376434336211574,-0.22705475341675765,-237.82239946383598,3.6319604771440366,255.81049025978228,-3.283039455040938,0,0,0
-3.5938136951380812,-0.21563257106340358,-234.21185460741697,4.084238357732403,252.60607910926137,-3.7845650521036704,0,0,0
-3.775840506133349,-0.20154244024235482,-229.6811419253028,4.495974287282541,248.31345718124368,-4.24900962607735,0,0,0
-3.9250452851129864,-0.1879856192832335,-224.06572892394104,4.759097032026662,242.75516299219993,-4.5584857916385655,0,0,0
-4.050634177498665,-0.17722170671895726,-217.4808933217522,4.754177993174466,236.0816354601419,-4.583757337672518,0,0,0
-4.167825689783882,-0.17001940809997365,-210.41095677181255,4.37057776515046,228.85581614036448,-4.205856221481912,0,0,0
-4.294384080470678,-0.1656025861633168,-203.70925486217044,3.5286925881588216,222.03557548218907,-3.339848223273884,0,0,0
-4.4448709280006256,-0.16202736180747762,-198.49498408609216,2.2005706073816724,216.84571315252515,-1.9568398330548007,0,0,0
-4.624768528578528,-0.1567621860115395,-195.95855871336383,0.42411076469286113,214.5583479514491,-0.09902483150431181,0,0,0
-4.827014932304451,-0.1472292398167184,-197.11115773173998,-1.6939444493011309,216.22365105155598,2.117493373176859,1,0,0
-5.032460197844742,-0.13120430160251145,-202.53547358224776,-3.9890549890361626,222.41200802704344,4.515170057993328,1,0,0
-5.214087313212858,-0.10713746026518436,-212.20614853360024,-6.262868869296483,233.03768077871337,6.881453898143263,1,0,0
-5.343462366248744,-0.07449416054576119,-225.44003427837418,-8.31453270472581,247.32320886620056,9.002927407829981,1,0,0
-5.3973376832801705,-0.034102564907465195,-241.00517341695235,-9.971084554341573,263.9300967239685,10.698126600281489,1,0,0
-5.36267719352378,0.011646786134890874,-257.37144321211383,-11.109784299372663,281.2333360400752,11.841303560512518,1,0,0
-5.239200292435726,0.05893906325974143,-273.0396454647774,-11.669322948310088,297.6703551217971,12.373846868899658,1,0,0
-5.03932568592829,0.1030993729993341,-286.85458190942853,-11.650979111724833,312.0648495604889,12.304530891925662,1,0,0
-4.7858965770752775,0.13948252963189275,-298.2058296295079,-11.11266470575473,323.82697915534004,11.70182321954049,1,0,0
-4.508300667229619,0.1644077807926024,-307.05640170709046,-10.158596478815832,332.97138355657427,10.681344952400178,1,0,0
-4.237624299707036,0.17579824947272726,-313.80438721484086,-8.926365399657811,339.96211974055257,9.390657925188822,1,0,0
-4.001466467851401,0.1733015684912928,-319.0452646994961,-7.572091371447686,345.45731694630007,7.992507655561667,1,0,0
-3.81926201689393,0.15790045816479364,-323.33279559114754,-6.253366690698959,350.05591297411826,6.646637374797223,1,0,0
-3.69938455832272,0.13123552876317177,-327.0259990665325,-5.109513503193336,354.13665839020234,5.4899449783256555,1,0,0
-3.639355188552898,0.0949541557992987,-330.26882741353046,-4.2398971496318385,357.83667597585674,4.615685918784959,1,0,0
-3.6296615086108517,0.05035142550515559,-333.0923569265907,-3.6831772990123794,361.15841259569186,4.054272402924369,1,0,0
-3.6601957107877894,-0.0015618063640459924,-335.573312371767,-3.402490559750544,364.13672886976934,3.7601737411998784,1,0,0
-3.7269703982965723,-0.05956377692903203,-337.9497169413619,-3.2829745875258594,366.96429934374544,3.610892901192602,1,0,0
-3.8363550190822906,-0.12140739135770814,-340.60480112582627,-3.147693137178538,369.98383834318963,3.42386181493809,1,0,0
-4.004786412178063,-0.18291029308795287,-343.88817469721425,-2.7941568083352193,373.51410758581795,2.9934705463853275,1,0,0
-4.253242363347496,-0.23731995486718915,-347.8292928123463,-2.045778272919614,377.56385715255135,2.1427043044141896,1,0,0
-4.597104237141721,-0.2754199075418285,-351.8750105747547,-0.8035966639099797,381.5662459582261,0.7748153450604377,1,0,0
-5.0333359304710115,-0.28673041762813656,-354.8097269629329,0.9210231183022757,384.29453112349916,-1.094286017689194,1,0,0
-5.528487489202249,-0.26175695333667337,-354.9675671498847,3.0072820576793107,384.0713638540556,-3.337555573414005,1,0,0
-6.012554737224789,-0.19469398856836903,-350.7266101427266,5.259652986208698,379.26371901999863,-5.752439729890045,1,0,0
-6.3838605840291365,-0.0856338144370298,-341.1283235656905,7.459832499934794,368.90656604629623,-8.113785720821,1,0,0
-6.527499887069155,0.058553279179275816,-326.3630811887442,9.411672769030787,353.1938686928774,-10.219398656388602,1,0,0
-6.344539931663306,0.2249470909581376,-307.8768963645688,10.962720684675066,333.5887436096054,-11.91162671655033,1,0,0
-5.783294904765981,0.39656939225653504,-288.0082712637393,12.003858953850905,312.4594410442892,-13.0765836106763,1,0,0
-4.861124556548361,0.5549734754174679,-269.2898496978663,12.462829495507616,292.37625037760796,-13.637251798363309,1,0,0
-3.667709571554738,0.6828280151004961,-253.71256512203843,12.308039576804683,275.3698705886653,-13.557372857896535,1,0,0
-2.347633327560345,0.7661572171479264,-242.24780372800404,11.566547885739698,262.4499787927228,-12.86018230015397,1,0,0
-1.0676420079056612,0.7961241133119288,-234.77113742442387,10.344027257464498,253.52869501673615,-11.649438353864264,1,0,0
0.021247264972430457,0.770272757738276,-230.33927219480853,8.826631631509292,247.69884587042253,-10.112026920994207,1,0,0
0.8157254137801715,0.6929984947743492,-227.64621437467977,7.251687816660132,243.68999044103327,-8.488550658837664,1,0,0
1.2777115874501277,0.5749079365643581,-225.46284470829352,5.85219016951479,240.30474304475655,-7.016839077754651,1,0,0
1.4337412460501326,0.43090688235297847,-222.92280861409924,4.796620183426683,236.69948515423476,-5.87035150013782,1,0,0
1.358187645719454,0.2773224956164384,-219.61058004947586,4.14904928094848,232.4684743996633,-5.1170867487418885,1,0,0
1.1466900429775109,0.1288311058097392,-215.49139309713797,3.8636796703733096,227.57393445591254,-4.713637137784514,1,0,0
0.8879548090952198,-0.003909893261642594,-210.7679480027184,3.811678900498626,222.20785960006145,-4.532326098253333,1,0,0
0.6413592519750466,-0.11532091105528082,-205.7463632877716,3.8263077413445528,216.66635558728711,-4.407152859112824,1,0,0
0.4255916286040389,-0.2045729805634892,-200.75731091851924,3.7492629224787946,211.2791113053039,-4.181052075935736,1,0,0
0.22066905019173078,-0.2742892852898137,-196.13434072069077,3.465321645969547,206.392323638891,-3.7412291655652155,1,0,0
-0.017851667643995484,-0.328929749755261,-192.22248318982227,2.91959015564089,202.3755848878892,-3.0367394839765836,1,0,0
-0.3374836967726367,-0.3734117206111122,-189.38313696123424,2.117969260973962,199.61846184990503,-2.0789620243256026,1,0,0
-0.7680182181847641,-0.4121682986465075,-187.97021548350557,1.1147923279881042,198.4942222853992,-0.9290439602402387,1,0,0
-1.3091516068480047,-0.4484981507823463,-188.26959215440377,-0.007633073527318857,199.2871934985826,0.3228579843262537,1,0,0
-1.9311098518331562,-0.4839794457059668,-190.41467849306696,-1.162673215954655,202.10107955989747,1.5816500268880305,1,0,0
-2.5874271631336114,-0.5179578190269438,-194.31170048739835,-2.2804368265844177,206.7843142126565,2.7690491593243562,1,0,0
-3.233728177369855,-0.5474275726479447,-199.62002472283737,-3.3199617621432624,212.91741999765907,3.836823582030064,1,0,0
-3.843622255848416,-0.5676600588118162,-205.8226940230448,-4.268326488477544,219.89493543054965,4.767255423196531,1,0,0
-4.414202828455629,-0.5735903544583436,-212.3840430780658,-5.128070166085235,227.0956115741842,5.561844722367624,1,0,0
-4.958909140077708,-0.5615063385092796,-218.93870898653495,-5.900904688759169,234.08281523213458,6.225698529162344,1,0,0
-5.492127394123443,-0.5303521033346869,-225.4221008112549,-6.578411265538591,240.74382070818984,6.757849514569017,1,0,0
-6.014084284890799,-0.48211620818973416,-232.06640184600968,-7.145315723110793,247.29101608187034,7.153003341157495,1,0,0
-6.503921762768201,-0.4212140121499175,-239.2509171443579,-7.589882577013801,254.11266950907543,7.4096284585606496,1,0,0
-6.924214991940801,-0.35324285777352743,-247.27863904199546,-7.907821843450057,261.54417879020605,7.531517915114051,1,0,0
-7.2346308851800245,-0.2837347899231418,-256.19879114845287,-8.089846847617926,269.67957470558764,7.513756690646761,1,0,0
-7.408589245030953,-0.2174082030567078,-265.7648577185063,-8.09781765339307,278.31434762423146,7.318539789498533,1,0,0
-7.44586829886903,-0.15800459724572988,-275.5188504929754,-7.848496172446318,287.01370458326556,6.859899158960525,1,0,0
-7.37605083358369,-0.10838201564712477,-284.90091245754536,-7.224830807515621,295.21011458169016,6.01684426509853,1,0,0
-7.251550727687047,-0.0704198687515003,-293.28251155424505,-6.119841245587503,302.2331784806518,4.679325493198695,1,0,0
-7.132991170644786,-0.04453939313737152,-299.91688552046566,-4.496627417277648,307.2682131271199,2.8098875712628284,1,0,0
-7.072173366580742,-0.029070897520624327,-303.90706253571807,-2.433741590272871,309.3428122977951,0.4898264833898395,1,0,0
-7.097904441362047,-0.020004698801281508,-304.3147099211659,-0.12817573425514298,307.45945873285564,-2.077966920982033,1,0,0
-7.208120450283204,-0.011608519842468468,-300.44932960023294,2.1515821957599712,300.9059244410624,-4.616775659018214,1,0,0
-7.369608923314516,0.002057600904130652,-292.24491321477194,4.143559008394081,289.64305450283433,-6.855202497515779,1,0,0
-7.525339860386268,0.025300269274734433,-280.5362070511816,5.665721658425059,274.57783953948604,-8.601770439507117,1,0,0
-7.608636233043768,0.05952461147566197,-267.0466150610577,6.652627543813597,257.53467841441113,-9.782722247167635,1,0,0
-7.561953497293715,0.10319842767720502,-254.00302853537568,7.144696477795773,240.84594799308343,-10.432457801496014,1,0,0
-7.355474824542384,0.15300501945215075,-243.46532237360455,7.2451350154132,226.65808960653237,-10.65157197422759,1,0,0
-6.998548034939702,0.2054423832353521,-236.62529496999446,7.073003856418078,216.21547408558064,-10.560674024611018,1,0,0
-6.537745055888166,0.2579322984050137,-233.3906100823297,6.735508460454926,209.44099065544356,-10.272630695276888,1,0,0
-6.040189089808692,0.30894587390432804,-232.46009775776034,6.324560978853318,205.01823428283495,-9.888015577587828,1,0,0
-5.56785424684054,0.35737554882805683,-231.8633597670339,5.92486278218397,200.94373899057973,-9.501178208755794,1,0,0
-5.153696617929683,0.40184120646127186,-229.71929103605217,5.614250538091895,195.2991841949522,-9.198284559892096,1,0,0
-4.790285939264379,0.4405097359120461,-224.88982861022268,5.445682535880652,186.91674755006545,-9.037512467396784,1,0,0
-4.435881121342987,0.4714769126601624,-217.2905972626484,5.418113861859584,175.69768376360776,-9.019288879703607,1,0,0
-4.0348807447632,0.4932550785882512,-207.797987239218,5.457306855559662,162.52289632685319,-9.06778655939342,1,0,0
-3.543541432680996,0.5048290989302273,-197.86052315445673,5.425971774140848,148.86310239416247,-9.042696886689235,1,0,0
-2.950377465421923,0.5051303547992874,-189.00849701479802,5.16603407963729,136.28296493256454,-8.783321004364012,1,0,0
-2.2837789083380784,0.49229874939729823,-182.44415635139862,4.556333933366486,126.02258528854456,-8.167481487513815,1,0,0
-1.6051942700056543,0.4633309391620955,-178.81754152673307,3.559580476109821,118.76312506150936,-7.158532354641491,1,0,0
-0.9918981005064182,0.41449679987625243,-178.20038001635186,2.237337141989019,114.5912654159426,-5.8191383124403036,1,0,0
-0.5165506988476665,0.3424572577131002,-180.203018970661,0.7267348480680994,113.11052894693961,-4.285900459193357,1,0,0
-0.23070912395670007,0.24566646124093694,-184.1559517023873,-0.8109029808426129,113.62436931981405,-2.7158085090961492,1,0,0
-0.15697654764342417,0.12556313892607845,-189.29402384912447,-2.248697614674086,115.33142400365054,-1.226352082565056,1,0,0
-0.29091312258046287,-0.012799852693224523,-194.9172258427582,-3.537967506419929,117.50630063920472,0.14769407377969798,1,0,0
-0.6103081676321978,-0.1608326306720528,-200.530638758537,-4.721951364621861,119.66389173491962,1.465331936110556,1,0,0
-1.0868768202716268,-0.3071801574139215,-205.96955296288286,-5.9157945849284745,121.70501730320098,2.854985303200742,1,0,0
-1.6947460761611381,-0.43905752905638024,-211.49547316153888,-7.2605751193142085,124.01944410691398,4.463662343031183,1,0,0
-2.4117774352703236,-0.5438824620559544,-217.8238314155979,-8.867489976176824,127.49952602634154,6.397266930551642,1,0,0
-3.2135205767261823,-0.6108183736895711,-226.03705517295168,-10.771666560058941,133.41644442261492,8.672883118460025,1,0,0
-4.063699674645633,-0.631833778330325,-237.3583258656366,-12.911875997207725,143.14111844795002,11.200067224450514,1,0,0
-4.907125989411469,-0.6020448020943221,-252.80877016380308,-15.141822414682412,157.74715237725144,13.796696821179903,1,0,0
-5.669533744516244,-0.5194079393205527,-272.83085146415556,-17.263857572399285,177.59703862533047,16.229207771844294,1,0,0
-6.265160284539135,-0.3841685668189257,-297.0106894497139,-19.06653115218719,202.06025518825078,18.257040605577423,1,0,0
-6.609250905883712,-0.1986604873191709,-324.03598581483544,-20.352105167261737,229.50697288370986,19.665809635176345,1,0,0
-6.630756188575418,0.03211339504567405,-351.9488629053611,-20.954644304477103,257.63085994671866,20.28861979997426,1,0,0
-6.280956213477154,0.29921893933576343,-378.6081286868757,-20.758249932968884,283.99709502164393,20.0245100737504,1,0,0
-5.536431744350395,0.5885561538135733,-402.1607846834108,-19.720353891527193,306.5898501626882,18.858961102543333,1,0,0
-4.398382308462033,0.8806673847097883,-421.3448830882153,-17.89388304540799,324.157622378105,16.88091221371574,1,0,0
-2.8923866262694418,1.1523560773562038,-435.5834982177227,-15.43545995218119,336.3026424223575,14.284576161418766,1,0,0
-1.071510281287999,1.3800757744167556,-444.94082519532543,-12.588805783532456,343.386219185454,11.34648073088357,1,0,0
0.9784355487242635,1.544051625521122,-450.012309079075,-9.642152350434817,346.33676340268477,8.377599536033909,1,0,0
3.1371401025816397,1.6315935340170469,-451.76968191823545,-6.871910787908638,346.40616076248784,5.663581200930099,1,0,0
5.258400489022904,1.6384828462654937,-451.3652889715258,-4.4935001445289,344.90601680243844,3.4145115513969015,1,0,0
7.191506838283843,1.5683429068785941,-449.92404365016,-2.635490070640975,342.97178019254557,1.7406118159072492,1,0,0
8.809760066635803,1.4307830656349836,-448.3703864097093,-1.3382830469259772,341.40685530705775,0.6549122136687402,1,0,0
10.034979126693315,1.2393598433575264,-447.3272365659621,-0.5676655803750691,340.6329070309449,0.09254183055579687,1,0,0
10.848396718304542,1.010039520593871,-447.0957861286998,-0.2344244733200071,340.7349656766572,-0.06332361441523063,1,0,0
11.285046760323908,0.7601703114667331,-447.69978379462503,-0.21705156042452245,341.56374053717747,0.046675063325881186,1,0,0
11.415444030080394,0.5074442797759104,-448.9663286869825,-0.3862636126967004,342.8517645590449,0.285680579410365,0,0,0
11.322088152287265,0.26837548904126296,-450.6174809990761,-0.6275514187901592,344.311637491012,0.5431144974604593,0,0,0
11.078830754662974,0.05640157292322954,-452.3565538122751,-0.8565837677619867,345.70352725853246,0.7472288017133224,0,0,0
10.73884321724897,-0.11974168259235256,-453.9401975224807,-1.0245719285699066,346.87291139574666,0.8660832767205818,0,0,0
10.332843286782008,-0.25671707011185135,-455.2279250984928,-1.1146710295006528,347.7628225965421,0.8995246663303135,0,0,0
9.875261728696472,-0.3561273358090375,-456.1995578380616,-1.1332143751145225,348.40292516715016,0.8670681541454315,0,0,0
9.373775795868099,-0.42311692269098844,-456.93622408732915,-1.0998956992761009,348.879143324191,0.7962910524845483,0,0,0
8.83756230076979,-0.46450243607880565,-457.57295585166116,-1.0395326485404894,349.29373979815074,0.714366461865336,0,0,0
8.281226017186029,-0.4869827395926933,-458.2424964237063,-0.9761101781542209,349.73021233996036,0.6431260803188877,0,0,0
7.723773402233533,-0.49589379779064585,-459.03192754577026,-0.9286704270864163,350.2344220786318,0.5967586268751119,0,0,0
7.18427480317051,-0.4947286019376335,-459.9652856797435,-0.9086864944444131,350.8146750838904,0.5812508220820064,0,0,0
6.677063791499208,-0.4853476059515344,-461.012807484481,-0.9191616469747487,351.45530210966535,0.5952520726065984,0,0,0
6.209003358736041,-0.46859543697868133,-462.1176555938173,-0.9558238253383706,352.13478806172134,0.6322361422714607,0,0,0
5.779905239342511,-0.4449826245037144,-463.22690179334484,-1.0101085323163432,352.8404976644978,0.6834186489094577,0,0,0
5.385557267405673,-0.41517545512802057,-464.3147900429369,-1.0727535402561217,353.57533081736216,0.7404557655115809,0,0,0
5.021785669181128,-0.3802014110746896,-465.3911743078091,-1.1365845383029183,354.35544589321614,0.7970727385267707,0,0,0
4.687821426081285,-0.34143607839338586,-466.49446234071286,-1.1976332178190205,355.2015047469056,0.849375434891698,0,0,0
4.3877360557326455,-0.30050933119411527,-467.6740411748246,-1.2546109597907502,356.1279262872453,0.8951916621343458,0,0,0
4.129471465905823,-0.25922831428572407,-468.97003182626753,-1.3073997259744032,357.13476999507617,0.9330408857122222,0,0,0
3.9217592914866373,-0.21951840089196395,-470.39777292879944,-1.3554074617424816,358.2051494638995,0.9612619661003748,0,0,0
3.7699140192366514,-0.1833222383641612,-471.9416178579337,-1.3964723370553542,359.3084294328074,0.9776125998162286,0,0,0
3.6719704795580554,-0.15241557962723817,-473.5589170823885,-1.426674561495446,360.4072187310088,0.9794194274184349,0,0,0
3.6167202158788,-0.1281625686736234,-475.1916528535613,-1.4410649581955397,361.46519691884356,0.9641594487726024,0,0,0
3.584721230422872,-0.11127795816109795,-476.78097641076965,-1.435032204859158,362.4531173255015,0.9302229972738985,0,0,0
3.552334883764061,-0.1016630909779039,-478.27951341349046,-1.4058533440215797,363.35145681552444,0.8775696533164137,0,0,0
3.497629872908746,-0.09835756609865172,-479.65791992276354,-1.3539266759755548,364.1496401674005,0.8080520429268858,0,0,0
3.4061957393450513,-0.09962494756736931,-480.90511192266825,-1.2832854526766482,364.8430992346316,0.7253353722327972,0,0,0
3.274956474121666,-0.10317502274417337,-482.0243632234162,-1.2012179730513766,365.4301562599843,0.634513096740551,0,0,0
3.112840556126784,-0.10651410747980776,-483.0285652664833,-1.117100433651757,365.9104665282403,0.5416036209430558,0,0,0
2.93818363050012,-0.10740010414415906,-483.937039688555,-1.0407831236867024,366.28566989316835,0.4530635416109135,0,0,0
2.7736645435629583,-0.10434541993080444,-484.7744723847002,-0.98097995136755,366.56178315513534,0.37533869037239354,0,0,0
2.640220252116322,-0.09705946615873132,-485.5710968129023,-0.9440538352126282,366.7523496984143,0.31440173008671196,0,0,0
2.5515791410807225,-0.08668754568673762,-486.3626571900789,-0.9333853235493905,366.8812331282741,0.27523277988951805,0,0,0
2.5107201889812814,-0.07572314852434232,-487.1888076476367,-0.9492706237027108,366.98375274161066,0.26125461458500465,0,0,0
2.5088806844560168,-0.06754869875655486,-488.08931292716596,-0.9891636154565504,367.1048437192484,0.27379380406075027,0,0,0
2.527035211321433,-0.0656665293787384,-489.0984582748898,-1.048100130526467,367.2936574682676,0.31166768141029594,0,0,0
2.539320282477675,-0.07278486611128301,-490.23896515816216,-1.119236623503724,367.5954270335268,0.3709772530532803,0,0,0
2.5177249888782427,-0.0899933393659353,-491.5170694604433,-1.1945062899446384,368.04270240583435,0.445168522375792,0,0,0
2.4373535685612353,-0.11626894170771891,-492.92020142104883,-1.2654276728713285,368.6484045688478,0.5254743298461335,0,0,0
2.281518336712736,-0.14847948543142736,-494.41804099381966,-1.324091876406402,369.4023467072713,0.6018977917748373,0,0,0
2.0458158824501282,-0.1819111157596552,-495.9668386197374,-1.3642668483394744,370.27155568566815,0.664773453669062,0,0,0
1.7402868584569688,-0.21118429430521815,-497.51615971234867,-1.3823985422083638,371.20403492217224,0.7066094360676629,0,0,0
1.3888897240035334,-0.23129739365094365,-499.0169339187922,-1.3781743759519258,372.13597642673545,0.7235941530802734,0,0,0
1.0259253346670079,-0.238495870655548,-500.4297264117007,-1.3543772091237145,373.00273065935903,0.7161324413736395,0,0,0
0.6897695268594646,-0.23072980218448008,-501.7319814105607,-1.316021500921994,373.752578255939,0.6881617782399132,0,0,0
0.4151922682692515,-0.20762263148713772,-502.92244369697346,-1.2691003405134722,374.35975182894424,0.645605986723649,0,0,0
0.22634634596823844,-0.1700724833246497,-504.0207089176814,-1.219449665543874,374.8313685643295,0.5947427652694387,0,0,0
0.13276628232276266,-0.11974542945227853,-505.0608415516804,-1.172070860488941,375.20402681957074,0.5411360615606213,0,0,0
0.13005554671643438,-0.05871013095015058,-506.08041643026877,-1.1308217962702827,375.53002235124694,0.48917958051378607,0,0,0
0.20529202184135897,0.010694459069760853,-507.1090443989544,-1.0980464476080498,375.8584065745078,0.4417363287155297,0,0,0
0.34509104920363143,0.0858653894860609,-508.16133527517616,-1.0738287451325164,376.21898333836253,0.3993800877632282,0,0,0
0.5428325639341836,0.1640238528681408,-509.2368683172381,-1.0551366245052123,376.61539553777845,0.3593943273858201,0,0,0
0.8017884145020275,0.24252487077201437,-510.325151881495,-1.0356847877416953,377.0277722318733,0.315403028738973,0,0,0
1.1328699253646164,0.31933188984531,-511.4101908877812,-1.007248676607179,377.4200939465143,0.25854875122057025,0,0,0
1.5484234217200736,0.3934056614989984,-512.4702688618859,-0.9622671528445949,377.7463791335713,0.1802561604415473,0,0,0
2.0554307969506596,0.4647127037437329,-513.4738099420256,-0.8965373445759098,377.95369510280244,0.07544711079029867,0,0,0
2.651595053688382,0.5337247914859589,-514.3775567950984,-0.8105516696929612,377.98539885171925,-0.055392975485352734,0,0,0
3.3260851807758627,0.6005656513760869,-515.1333283177522,-0.7088392888966155,377.78951433177645,-0.20623287537404736,0,0,0
4.064112161706419,0.6641763633683595,-515.7030879587147,-0.5979228372370244,377.3325839556624,-0.36727941497809413,0,0,0
4.852419059278688,0.7218789416076632,-516.0744178447135,-0.4842411448038149,376.6128776824108,-0.5273143673493564,0,0,0
5.68233896406322,0.7695299429082908,-516.2668519721058,-0.3731370065341707,375.665053583509,-0.6753964220197191,0,0,0
6.548489077695052,0.8022023280980235,-516.3252612062042,-0.269024625911311,374.553066784038,-0.8015598390462003,0,0,0
7.443552048185623,0.8151531470542637,-516.3043802538652,-0.1759118376334186,373.3549780820924,-0.897082274594095,0,0,0
8.351659341441248,0.8047902564699101,-516.2526023358193,-0.09732153134107194,372.14695027302076,-0.9551626445493241,0,0,0
9.243722850802982,0.769416762972709,-516.2016389272276,-0.03542874177752538,370.9924149133741,-0.9722032289267588,0,0,0
10.077454077930895,0.7096347300655538,-516.1640562011387,0.00985682964121679,369.93809671234044,-0.9489798475888562,0,0,0
10.803126524231018,0.6283732320413336,-516.1366751714326,0.040972980887215724,369.0145761057783,-0.8907487317447874,0,0,0
11.373987745474963,0.5305669141680098,-516.1065436311629,0.061751936452844804,368.2378878862832,-0.8060022050377768,0,0,0
11.758279791433509,0.4225745768485723,-516.05737537649,0.07603976920177047,367.6105516663948,-0.7044752541535502,0,0,0
11.948766359934226,0.31148119304673116,-515.9758495483013,0.08670062321102705,367.1230792065222,-0.5953521669941211,0,0,0
11.966071284476556,0.20441895210307023,-515.8571221632336,0.0953783119899299,366.75756626606113,-0.4862825514422354,0,0,0
11.854158219375151,0.10795752589000215,-515.7077418416758,0.10280475052500151,366.4930447336602,-0.383201104672537,0,0,0
11.669297816671346,0.027520488896084317,-515.5439825618475,0.10919510919410413,366.31022554055687,-0.2905285836668895,0,0,0
11.46647127190856,-0.033214874934390085,-515.3855961037091,0.11444949306052195,366.19342860307955,-0.21132455741266085,0,0,0
11.287912371833684,-0.07285725506395693,-515.2478558073283,0.11823198751010296,366.12958939895174,-0.14726867318755693,0,0,0
11.157029336830917,-0.09255961520128864,-515.1360086958887,0.12016552288595221,366.10608566561507,-0.09866505217003123,0,0,0
11.078331413191862,-0.09575212777948963,-515.0447240794915,0.12022297501797538,366.1092902691094,-0.064718938939194,0,0,0
11.041838996131062,-0.08727355855621396,-514.9620487005577,0.11910905621356278,366.1246423121566,-0.04411993209943717,0,0,0
11.02970724079394,-0.07211484740385003,-514.8750555013889,0.11834464118741153,366.13786493451926,-0.035734351950412704,0,0,0
11.02317020792134,-0.05422490731511402,-514.7741943194418,0.11999277467555203,366.1364286848219,-0.03916796181845257,0,0,0
11.00855000668166,-0.03584228296126355,-514.6548924130539,0.12626994165984798,366.1103768766692,-0.0550521996226621,0,0,0
10.981422633813011,-0.017576549558411612,-514.5166512795402,0.13934684450340457,366.05184541266584,-0.08495702052065894,0,0,0
10.948149342632846,0.0008856963806820773,-514.3605361499734,0.1613881029874392,365.95288202105274,-0.1308128082192809,0,0,0
10.92422219875742,0.01982370500327164,-514.1856683569536,0.19454460368740456,365.801748984895,-0.1937652237247221,0,0,0
10.929489542221049,0.038680164155785235,-513.9851563907298,0.2405085729144048,365.5790674027251,-0.27259203424938505,0,0,0
10.9812638412468,0.05568151698340103,-513.7425402508546,0.29950360965579537,365.2565154604085,-0.3621276860876037,0,0,0
11.087188376998682,0.06796952862154768,-513.4308430496171,0.36906909088572776,364.8011621869166,-0.452398794073963,0,0,0
11.240076046163779,0.07219407984964618,-513.0166026636837,0.4433824353472858,364.1869900749094,-0.5291748929912898,0,0,0
11.416508882351792,0.06541152981178015,-512.4699697722449,0.513830781606248,363.4119445920254,-0.5762591979860361,0,0,0
11.57998537775535,0.04603417872018269,-511.77915822288384,0.5710149761914807,362.51515182394587,-0.579149526737558,0,0,0
11.688245292897136,0.014520989791169826,-510.9642015041966,0.6075909449178027,361.58638893592956,-0.5289912291028372,0,0,0
11.703363432309473,-0.026439394952502936,-510.0828269260673,0.6207828556865025,360.76009648275294,-0.42542164324732423,0,0,0
11.602264640750647,-0.07232089500530633,-509.22222833391095,0.6134276839427628,360.1902900411924,-0.2772281535715365,0,0,0
11.384563985959247,-0.11759416895232136,-508.47551859503875,0.5930803821092582,360.01025371751945,-0.10063100660682948,0,0,0
11.074699440132747,-0.15675740018875217,-507.90924694155177,0.569641075173729,360.28915511169674,0.08400911143152143,0,0,0
10.716869891721771,-0.1853077885691846,-507.5347116939896,0.5525855545622903,361.00229902793524,0.2557783609776777,0,0,0
10.363979426945619,-0.20044378623124715,-507.2965662101895,0.5488579485837022,362.02888065120123,0.3960986765038513,0,0,0
10.064134356640565,-0.2013773560723493,-507.0857988425911,0.5619544608376088,363.1806800088411,0.4906389202287187,0,0,0
9.84893488046427,-0.1892584877967977,-506.7735590205076,0.5920925590699824,364.2520357063406,0.5304979817988794,0,0,0
9.726907492063503,-0.16680589743498758,-506.25330267726093,0.6369687107919901,365.07293543372265,0.5129276297849288,0,0,0
9.683807430584665,-0.13774912223985042,-505.47562201835956,0.6926041267167136,365.5473757009681,0.4415256325896621,0,0,0
9.68958987158598,-0.10616501931660735,-504.4632823176912,0.7540807483035052,365.66648568504013,0.3255418258515249,0,0,0
9.70967976278267,-0.07580035990358738,-503.3013027432111,0.8162807289999762,365.4952698591812,0.17803909930484565,0,0,0
9.716505011609371,-0.04949273574446948,-502.10583148711885,0.8747416343359589,365.13953001536873,0.013185022452341854,0,0,0
9.697208217734243,-0.02878874530590423,-500.98320567438464,0.9264533235515046,364.70441143759336,-0.15644896869297326,0,0,0
9.655219698555698,-0.01383280348331084,-499.99390421095455,0.9702558065918595,364.2577172864505,-0.32160900982547674,0,0,0
9.605975827909745,-0.003590740882785326,-499.13375892018973,1.0066956458286653,363.8092716442497,-0.4767126558941982,0,0,0
9.56920699919587,0.0035792399908103787,-498.3383824992315,1.0374922257552897,363.3125302333645,-0.6191828755718973,0,0,0
9.561047427405228,0.009146453725553273,-497.50902578499256,1.064810565109616,362.6875460194109,-0.7483705533726607,0,0,0
9.588579457230395,0.013718508716665667,-496.55074461134234,1.0904292656803762,361.8568453354679,-0.8644528413422166,0,0,0
9.647900021756811,0.016758016991404646,-495.4086655600729,1.1149132437995206,360.7802491420261,-0.9674414422860025,0,0,0
9.725382271494084,0.016848904878891346,-494.0883600601383,1.1370386932801921,359.47465692932116,-1.0564036596439395,0,0,0
9.801144300038203,0.012405635171168683,-492.65319709211497,1.1537706518077413,358.0115643254546,-1.1290927771385726,0,0,0
9.853690098776028,0.0025283205553023437,-491.2015388303151,1.1610219326910112,356.49500160194657,-1.18224844441919,0,0,0
9.86478838764829,-0.012341891464600963,-489.83407323638943,1.1552653524168988,355.02999701473334,-1.2127521226290014,0,0,0
9.823708747344611,-0.030215302675620136,-488.62351727815263,1.1357204406655454,353.6936806900111,-1.2194736409049654,0,0,0
9.730032179621432,-0.04786159472014191,-487.5960524021123,1.1062841825982672,352.51834387286397,-1.2050733207632391,0,0,0
9.594490204748894,-0.06152931027590256,-486.7281631723214,1.076049766709184,351.4900457891726,-1.1766829389523252,0,0,0
9.437628512759218,-0.0678679291882375,-485.95637226082357,1.0576430361334246,350.5600247931209,-1.1447363049883563,0,0,0
9.286426430474194,-0.06480381364556535,-485.1935402046869,1.0635880714371297,349.6621089264182,-1.120116062971465,0,0,0
9.169284074555392,-0.05213225119172336,-484.34582373409023,1.1018670095694858,348.7295159343937,-1.1106183410407482,0,0,0
9.110089168735058,-0.03165324631870305,-483.3278623930465,1.1722808963666922,347.7078275397979,-1.1180768818729916,0,0,0
9.122465008155828,-0.006799293012826979,-482.0767667307807,1.2650398240869436,346.564201275571,-1.1372867831932183,0,0,0
9.205651962320374,0.018146916702305303,-480.5656581159438,1.3622769865033775,345.2938409722319,-1.157229853856387,0,0,0
9.343465875731056,0.039021107472596836,-478.81540314069457,1.4421105306871822,343.92381360432586,-1.1642241620709683,0,0,0
9.50717628415758,0.0526604099361478,-476.9007083144857,1.483926929823997,342.5129118712812,-1.1458752524424312,0,0,0
9.662039249493162,0.05747311919270146,-474.9456541612429,1.4731918518780902,341.1454760409318,-1.094474210230692,0,0,0
9.775959371771947,0.053580113737108095,-473.1053933072876,1.404422190376249,339.9177472506087,-1.0088366917697897,0,0,0
9.827839587485187,0.04255551163119975,-471.53526695395175,1.281725246518215,338.9177831724112,-0.8942479706907023,0,0,0
9.813030529835672,0.026914691735021277,-470.3542709064469,1.1171591399916736,338.2033564019939,-0.7608399957512291,0,0,0
9.744015266482407,0.009537564208874017,-469.61390521530933,0.9277726703763847,337.7847738320868,-0.6211479164388664,0,0,0
9.64589030610614,-0.006838453591738869,-469.283640489284,0.7323394981370882,337.6194606221,-0.487661495220317,0,0,0
9.548020124467826,-0.02000931067962881,-469.25951426559857,0.548523611655412,337.621721568664,-0.3709284229973321,0,0,0
9.474798879670587,-0.028584003789764268,-469.39406671602706,0.39074959499459394,337.68544101471963,-0.2783714714614007,0,0,0
9.438841517819796,-0.03215783561378345,-469.5376764369307,0.2687075739382351,337.7123344399372,-0.21368859274645616,0,0,0
9.438791748240192,-0.0313620994315059,-469.57731333311483,0.1863690458925305,337.636296919078,-0.17665048240892817,0,0,0
9.461946142696874,-0.027752113637312448,-469.46041804468877,0.14159692713579375,337.43619181095846,-0.1632659374616594,0,0,0
9.490119333874304,-0.02349252960854642,-469.1978973573417,0.12666668856965657,337.1340325359947,-0.16646696914468748,0,0,0
9.506261231347352,-0.020846127926775183,-468.8481912145694,0.1299618688472833,336.78089724494663,-0.17744345697150835,0,0,0
9.499409535520613,-0.021573722327401866,-468.4905804475216,0.13868123153523584,336.43685157790463,-0.1874822729563846,0,0,0
9.466494130109282,-0.0264402040826468,-468.1979359439514,0.1418780107557609,336.1521144574702,-0.18985120563506258,0,0,0
9.410965010020675,-0.035015478045086465,-468.0169736035874,0.132912716577772,335.95479093065313,-0.18116292131508657,0,0,0
9.339558845200074,-0.045853530506049366,-467.95989557712574,0.11056399929827876,335.8472869989489,-0.16180606711599238,0,0,0
9.259061656396568,-0.05698707709526758,-468.0072544006747,0.07849784048579522,335.8106182851558,-0.13532895210452695,0,0,0
9.174439476993328,-0.0665528102245517,-468.1188963293731,0.04336655834412682,335.81382238358657,-0.10699573910021627,0,0,0
9.088636967789327,-0.07331068375127074,-468.2481861673371,0.01228399719425397,335.82466770592714,-0.08201124166388922,0,0,0
9.00341083763638,-0.07687005362804485,-468.354778051706,-0.00941692458743546,335.81813113979854,-0.06401115631324501,0,0,0
8.920248562921628,-0.07757554256459542,-468.4129189524837,-0.019461660999365905,335.78074301494945,-0.054275743605859364,0,0,0
8.840733129101835,-0.07616637201596746,-468.41452563112813,-0.018708847223786053,335.71093985394447,-0.051824494315002315,0,0,0
8.766302698007905,-0.07340790386827364,-468.36774047557907,-0.010213614716906249,335.61673916126574,-0.05424117070640477,0,0,0
8.697793593828834,-0.06985493656722923,-468.29210518982575,0.0022501402073146436,335.51200289433774,-0.0588615863230757,0,0,0
8.63520958437472,-0.06578549395105568,-468.2115902135811,0.015643715200411634,335.41203349459454,-0.06386863314567108,0,0,0
8.5778951250404,-0.06123756097331352,-468.1469840493636,0.028631663762934068,335.3290420557989,-0.06891756874647967,0,0,0
8.524982617713832,-0.056059594607104656,-468.10939054784376,0.04185968696336886,335.26820657809174,-0.07515135629996621,0,0,0
8.475890111321036,-0.04993931868624202,-468.09639492729997,0.05761674056312245,335.2252065203558,-0.08473673460052282,0,0,0
8.43078202827877,-0.04243368353643433,-468.091749015333,0.07911953946405674,335.18598137447043,-0.10019376032319087,0,0,0
8.391035227903245,-0.03302906739457399,-468.06846141407664,0.10968088396936082,335.12895545233374,-0.1237578794658134,0,0,0
8.359652616850582,-0.021222545769001046,-467.99432208285003,0.15196724899043942,335.0292294519498,-0.1568966798674694,0,0,0
8.341339942239415,-0.006581099059080486,-467.8383582254969,0.20747140338194187,334.86357250793924,-0.2000102081214777,0,0,0
8.341965862643562,0.011259099528862749,-467.5765450809385,0.2762469557457791,334.61480155803383,-0.25230346040507357,0,0,0
8.367502919883094,0.03264972576113223,-467.19529635013214,0.35689440953840973,334.2744240996796,-0.3118155073639798,0,0,0
8.42298412668471,0.05799077126179526,-466.6919177236767,0.44676679295703253,333.84306669591984,-0.3756074923104393,0,0,0
8.512084134449594,0.08771755758252482,-466.0722700155442,0.5423599266603446,333.3289399745841,-0.440127487300731,0,0,0
8.63757361300246,0.12216043528018475,-465.34692099038597,0.6398310750684516,332.745171974041,-0.5017432821944396,0,0,0
8.802387368932358,0.161286529418237,-464.52745083191587,0.7355417432868648,332.107051446716,-0.5573554000051842,0,0,0
9.010689740896723,0.20440041031236972,-463.62408108576267,0.8264788093198376,331.42990645136604,-0.6049212169406815,0,0,0
9.268210803728493,0.2499144169728879,-462.6448621474732,0.9104041353095227,330.72768057932643,-0.6436951204801119,0,0,0
9.58125696965243,0.29528576175427046,-461.5960113321655,0.9856272978361403,330.0117966300054,-0.6740397879451848,0,0,0
9.954205236421785,0.33716696179320566,-460.48294079262826,1.0504084852419624,329.2900185078874,-0.6967915067414537,0,0,0
10.38596996576726,0.37174998166341877,-459.3117569877401,1.1021873792452936,328.565589388627,-0.7123589116825713,0,0,0
10.866647089611973,0.39522889817455537,-458.0912549970369,1.1370228625059782,327.8374728948785,-0.7199296144869549,0,0,0
11.375841744227415,0.4042875945925474,-456.8356447453153,1.1496604339594172,327.102668816468,-0.7172087523146103,0,0,0
11.88375375238165,0.39654668883995753,-455.56818516312455,1.134418963554367,326.36102490716956,-0.7009121718781784,0,0,0
12.355073429636647,0.3709521289932326,-454.32504719793303,1.0866972230349519,325.6215828572153,-0.6678635323932269,0,0,0
12.754676350677912,0.328110742080726,-453.1572222068561,1.004579654083517,324.90775530184646,-0.6162388032503656,0,0,0
13.053565686822196,0.2705415904580505,-452.1274767461685,0.8899560854482672,324.25781892821993,-0.5464578155691242,0,0,0
13.233677692128069,0.2027270911692085,-451.3006725119295,0.7487705407556348,323.71855886054465,-0.4614313024344369,0,0,0
13.290778259584755,0.13078712425124905,-450.729039101816,0.5903508190753598,323.3331613060731,-0.36616714755529645,0,0,0
13.235312657229045,0.06165667954851273,-450.4371442517931,0.4260779049510859,323.12763047538374,-0.2669534499545307,0,0,0
13.091385870347764,0.00184693631236712,-450.41219613325745,0.2678078902718937,323.1010112329358,-0.17039999232368927,0,0,0
12.893918001304058,-0.043884842873015376,-450.60354958948056,0.12642847832475468,323.2231598705341,-0.08256551902601358,0,0,0
12.683712986739906,-0.0735031123444216,-450.9321365545617,0.01078195185746722,323.44099734091503,-0.008298867025382605,0,0,0
12.500320547866778,-0.08794884575377467,-451.3074061136137,-0.07299679438393128,323.69149040762426,0.04917385023379097,0,0,0
12.373542792760318,-0.09063084989776513,-451.6469682952141,-0.12183668649174706,323.9175829339784,0.08846730494519192,0,0,0
12.315827921947758,-0.08642070371640784,-451.89293742360854,-0.13595527573673394,324.0821001115863,0.11015844728480602,0,0,0
12.31853456337798,-0.08054865760714165,-452.0196572275938,-0.11901854223285682,324.1748302579661,0.11685726875776367,0,0,0
12.354189234590322,-0.07767955214905839,-452.03064045576883,-0.07805918581643709,324.21029736288256,0.1131196288396211,0,0,0
12.384469760607104,-0.08122120528899898,-451.94740596673347,-0.022805641691655866,324.21783435552504,0.10497394695794356,0,0,0
12.371105620064967,-0.09279130991950665,-451.7966970091604,0.03581144101744371,324.2292149482318,0.09889900112773375,0,0,0
12.285899294276348,-0.11182961332371236,-451.602381555586,0.08780540875667384,324.2695839205134,0.10035882510953797,0,0,0
12.117122479813474,-0.1354977107648594,-451.38414144764494,0.1263004452342784,324.35435615893033,0.11233403487822216,0,0,0
11.871500933849916,-0.1590828849354679,-451.16019297147824,0.14887288043294689,324.49073681049447,0.13447324608612235,0,0,0
11.572407448671711,-0.17699873574120203,-450.94929170343926,0.1574570925835758,324.6804804189016,0.16334061407478656,0,0,0
11.255246659523195,-0.18419547349324147,-450.76891420764736,0.1568350134852153,324.9211711850738,0.19375341379885072,0,0,0
10.960850814299164,-0.17754074433106978,-450.62993297126576,0.15239246482449859,325.20544046036855,0.22065695273203687,0,0,0
10.727705714023301,-0.15669398341268276,-450.53092842326436,0.1480960679006614,325.51956271882733,0.2407470617133697,0,0,0
10.584201877178302,-0.12420427965646041,-450.4560695299331,0.1453881373217598,325.8437035036304,0.25326292097633996,0,0,0
10.542515025674689,-0.08486807915147665,-450.3790558318813,0.14317278485711996,326.15536849351355,0.25982668080824284,0,0,0
10.595698176754269,-0.0446050370428452,-450.27277236091544,0.13863607270075134,326.43578447555217,0.2635848206119363,0,0,0
10.71895946014952,-0.009174779562196988,-450.1214208765794,0.12846805457174354,326.6770545376471,0.26805526215327974,0,0,0
10.87507968324887,0.01697978520927137,-449.93026007442734,0.1100772782867125,326.88698536869373,0.2760441085603361,0,0,0
11.02282014233515,0.03153231929048417,-449.72846512290704,0.08248642059535313,327.0890036185769,0.2888823329003344,0,0,0
11.12635707824326,0.0345497967785164,-449.56293097643174,0.04670291875245312,327.31632862502096,0.30613003790007837,0,0,0
11.163498863901225,0.028205128312504258,-449.4842336619299,0.0054815110385447955,327.60172380660657,0.3258066356959716,0,0,0
11.130648666391878,0.01607253494998275,-449.52916018839863,-0.03743117543801873,327.9658815459719,0.3450826840010507,0,0,0
11.043028906928143,0.0022947838045226376,-449.7060642173108,-0.07829461297465627,328.4083860478307,0.36121233993653734,0,0,0
10.929699844963466,-0.00910605538678766,-449.98904034240854,-0.11425450022309747,328.9050038826312,0.3723731763020339,0,0,0
10.824566308799731,-0.014664851391755463,-450.32424072149587,-0.14382552532073306,329.41343485047327,0.3780961899966826,0,0,0
10.756423526254096,-0.011725517398045327,-450.6470841152956,-0.16688773860070683,329.8866113155627,0.37913306421425547,0,0,0
10.741907298194747,0.0013506768771677003,-450.90436700632597,-0.1843010571819093,330.2891779370125,0.3768661926977643,0,0,0
10.784019129380994,0.024956330506824997,-451.0728050766583,-0.19736556885657136,330.61071713171407,0.3725911324306878,0,0,0
10.876171628417595,0.05808796101373872,-451.16672037611437,-0.20736590040343686,330.8699655185437,0.3670357459357831,0,0,0
11.009101904262806,0.09848285638393009,-451.2318083624388,-0.2153322448970414,331.1076592671635,0.36028556433709014,0,0,0
11.177005632672902,0.14317222204424668,-451.327244233749,-0.22200162135310392,331.3703857335842,0.35201466623881855,0,0,0
11.380211971460128,0.18932508309906523,-451.50281587696435,-0.22787600173834335,331.6917928702788,0.34178240317031056,0,0,0
11.62390851706553,0.23500938308731634,-451.7797232213452,-0.23328035268379493,332.0787435071885,0.3292088630919693,0,0,0
11.914528408802767,0.27946654988336234,-452.14236279137896,-0.2383757494194299,332.5078595260021,0.31399215158351695,0,0,0
12.256288529242198,0.3227348706921617,-452.5442569350269,-0.24314343488698,332.93358151286145,0.2958638538338221,0,0,0
12.649674357244749,0.3648197709251306,-452.92584413267906,-0.24740914049698973,333.3044353472658,0.27462457211972835,0,0,0
13.09200112906791,0.4048727255200063,-453.2371705331639,-0.25097523882388373,333.5812665679322,0.2503250059055745,0,0,0
13.578684628214617,0.44084847127945465,-453.4565625708526,-0.25383550246115194,333.75063864754924,0.22349836073036614,0,0,0
14.103520335339212,0.4698539641485894,-453.59815472498417,-0.2563285870729146,333.82860405688194,0.19523689551889448,0,0,0
14.657299613514112,0.4890249457158731,-453.7058997674087,-0.2590584052855888,333.8539049883608,0.1669496011603087,0,0,0
15.225732887872965,0.49648394012724706,-453.83699662198785,-0.2625041625669041,333.87363579263996,0.13980881138780318,0,0,0
15.788696684254674,0.49191401536839763,-454.04117090157587,-0.2663970458290635,333.92677647758245,0.11406946527088735,0,0,0
16.322448158551424,0.4765355873930325,-454.34300909207434,-0.2690939519974904,334.03111246237745,0.08854668220249665,0,0,0
16.804777865961498,0.4526272468762265,-454.73294684423485,-0.2672792067970192,334.1773555376052,0.060538916764187434,0,0,0
17.22112793051467,0.4229438901172095,-455.16929856069595,-0.25628313617463616,334.3316696267395,0.02635369852592362,0,0,0
17.568814510928725,0.3903329009210005,-455.5898145909697,-0.23107771109910685,334.44512999997465,-0.01765561400289357,0,0,0
17.857357002998235,0.35761457990589635,-455.9281100531388,-0.18770220266071078,334.46673338995714,-0.07387271954043513,0,0,0
18.104957096976882,0.327571021032837,-456.1293546388228,-0.1246636671566705,334.3560278151911,-0.1424327651712872,0,0,0
18.332959236511307,0.3028288472132104,-456.16098608673053,-0.04383559930794263,334.0921410421412,-0.22078187224489626,0,0,0
18.560628622724117,0.28554637274798295,-456.0166768783998,0.049479468762649505,333.67734884833186,-0.3039106165194198,0,4,0
18.80187868693193,0.27701623214237403,-455.71401864859496,0.14740274643822318,333.1349085972356,-0.3852022482192183,0,4,0
19.064406894583044,0.2774039400920543,-455.2878075731426,0.24102164658834796,332.5024488258696,-0.4576746063939538,0,4,0
19.350736630683528,0.28576795694200074,-454.78136508515377,0.3221542172350212,331.8232937399285,-0.5152883907574392,0,4,0
19.660241593441327,0.30032216321796457,-454.23815215660835,0.3848130839001612,331.138249372411,-0.5539886412784654,0,4,0
19.99129025193841,0.3187778441229604,-453.6952710963137,0.42600064762810347,330.4796471445473,-0.572246849679351,0,4,0
20.342853911849268,0.3386274327875739,-453.1795981250862,0.4457274997366255,329.8683839360351,-0.5710296913001798,0,4,0
20.715036572418242,0.3573437881029605,-452.7065678807886,0.44638737783652116,329.31384948238275,-0.5532811760983918,0,4,0
21.108178729156528,0.3725521411108296,-452.2812237998212,0.431775512074762,328.81614140240646,-0.5231242980830018,0,4,0
21.52073767774091,0.3822316387244015,-451.9009796104495,0.4060812676318449,328.36967254534767,-0.4850261667458483,0,4,0
21.946902950599856,0.38494210177932403,-451.5594018810335,0.37312522297465306,327.96705193533006,-0.44311667584510134,0,4,0
22.375316567961534,0.3800112063640519,-451.25014487022975,0.3359745221840626,327.6020968362517,-0.40074656169520606,0,4,0
22.78992830569134,0.3676119473570701,-450.97005245239495,0.2969115887966268,327.27120584503956,-0.36027899722939194,0,4,0
23.173053017927543,0.34871251222919286,-450.7205524088353,0.2576168783868127,326.97303207247,-0.3230666458463247,0,4,0
23.509662611234567,0.32493682345142005,-450.5068999268618,0.21940221117844202,326.70708261396,-0.2895663337164308,0,4,0
23.791402315578928,0.29838073044057084,-450.3355258744731,0.18338550963150055,326.47218152759524,-0.25955177585378236,0,4,0
24.01897338541997,0.27139071778429696,-450.21048223711995,0.15057555762083438,326.2655939637412,-0.2323772981643401,0,4,0
24.20216169471017,0.24628134317407416,-450.1303990969205,0.12188801811880126,326.0831830239195,-0.20723176252836312,0,4,0
24.35754696367073,0.22498685552870298,-450.08720168803677,0.09812412300334472,325.92047806524215,-0.18332675652196712,0,4,0
24.50454498214662,0.20870327340940448,-450.0671245141345,0.07992257131623433,325.77415478680985,-0.1599934936242846,0,4,0
24.660810128442826,0.19762927179768042,-450.0536463048252,0.06767389941652482,325.64327895368666,-0.136702775925977,0,4,0
24.838129999702275,0.19090983503559328,-450.03126468904173,0.06139558146857667,325.52977921096806,-0.11305352804818085,0,4,0
25.03979686097837,0.1868224266619613,-449.9888112223615,0.060605954701787826,325.4379382798199,-0.0887839921654745,0,4,0
25.26008575202159,0.183164142207346,-449.921326695673,0.06426881371297669,325.37309713622716,-0.06383335551657296,0,4,0
25.48595532921137,0.1777464168434534,-449.8301609326966,0.07087230257392889,325.3400548547002,-0.03842962397366136,0,4,0
25.70050066593486,0.16889115035858637,-449.7215700597873,0.07865713206028317,325.34164624711343,-0.013143209081164287,0,4,0
25.887197652039582,0.15582983822174015,-449.60442269010207,0.08594683502750514,325.37775404208645,0.011142071663311982,0,4,0
26.03380311678363,0.13892381035955664,-449.4877109597907,0.09148389699885229,325.4448494687538,0.03334253853412861,0,4,0
26.135011132105262,0.1196550382743979,-449.3784786622975,0.09466519306940882,325.53618182550554,0.05233330191712184,0,4,0
26.193456485732483,0.10038737777775353,-449.28055319353166,0.09561263167784091,325.6427226959982,0.06709512613343804,0,4,0
26.219108510660227,0.08395499009405114,-449.1941779545501,0.09509018929815624,325.7546996703198,0.07679825750108762,0,4,0
26.22736810329784,0.07317548330601795,-449.1164257190532,0.09433640825160979,325.86320459630934,0.08080014752820261,0,4,0
26.23634724372235,0.07039203345364697,-449.0421592916674,0.09488854605982056,325.9612712989911,0.07857231706394714,0,4,0
26.263959529799124,0.0771172111778526,-448.96520037889456,0.09844152892780471,326.04404839756154,0.0695904665783246,0,4,0
26.325505230151883,0.09379712217626021,-448.879259039715,0.10673603533044229,326.1080374297111,0.05321557838003059,0,4,0
26.43225549899504,0.1196719775632559,-448.7782059772712,0.12141910511215884,326.14964772239546,0.028598689378105745,0,4,0
26.59111798657605,0.15271123093057923,-448.65553722950386,0.14379040754204767,326.1634772127259,-0.00531884240222098,0,4,0
26.804975228562157,0.18964913455966723,-448.50329567051267,0.1743741256910198,326.140754134537,-0.04960470408013862,0,4,0
27.072982353867864,0.2261980417086356,-448.31111830899306,0.21235158874121113,326.06833760930584,-0.10486780037769564,0,4,0
27.390176261365042,0.25751375407596555,-448.06636214241007,0.25501215444305103,325.92870958977926,-0.17057983338073654,0,4,0
27.74622081996602,0.2789042342305059,-447.75627387912965,0.2974613127642499,325.70151124629757,-0.24439709620422717,0,4,0
28.123859448894514,0.2866461775477752,-447.372684462143,0.3328206268510939,325.36715755550796,-0.3217951626616241,0,4,0
28.498327660808705,0.2786803670493356,-446.9186434042553,0.35305859810907236,324.91259329521415,-0.3963078144064241,0,4,0
28.83909707055878,0.25496372498668407,-446.41507883446405,0.3504153351869547,324.3382500637542,-0.46048346866936074,0,4,0
29.114547572456942,0.2173777352096792,-445.9046459120725,0.3191499082574808,323.6640664676688,-0.507375830981249,0,4,0
29.298717274472793,0.1692709411691659,-445.4499997087603,0.257121623624937,322.9316960957792,-0.5321041819152299,0,4,0
29.377921657069408,0.11484005903764186,-445.12495124841314,0.16664608061039984,322.2003990686617,-0.5329257795231854,0,4,0
29.354612478428997,0.05855071588028053,-444.9991423186431,0.05424411061797514,321.5359194478434,-0.5114454799190582,0,4,0
29.246759705964656,0.004683626951189268,-445.11961922641825,-0.070710417609871,320.99457929949335,-0.4719650678733899,0,4,0
29.0828856730567,-0.043032458535699904,-445.4951459061607,-0.19801894975748838,320.60766777062696,-0.4203329909129877,0,4,0
28.894621410342438,-0.08177411059757986,-446.08981307302565,-0.31870318423960387,320.3722534510657,-0.3627793220998285,0,4,0
28.70936660769732,-0.10996219631318879,-446.83024335596326,-0.42647806709728686,320.2527027563174,-0.30505181995296765,0,4,0
28.545163930320598,-0.12747240291943668,-447.625747580354,-0.5183881913277446,320.19294261648025,-0.25186294124324604,0,4,0
28.40877248520178,-0.13555028234922517,-448.39526833203894,-0.594705366941821,320.1349201546243,-0.2064691136574197,0,4,0
28.296806466481144,-0.13633988474069128,-449.09167775446855,-0.6583514386779541,320.03627324667053,-0.17027440791904383,0,4,0
28.199095311340905,-0.13212234256104055,-449.71478037973316,-0.7140285465327679,319.88117789624954,-0.14258603067734726,0,4,0
28.10319762787504,-0.12454212826662285,-450.3088331616906,-0.7670868299608117,319.6817696562292,-0.12080096146061123,0,4,0
27.999109654936746,-0.11413994145552878,-450.94619598806133,-0.8221474688170816,319.4712283112692,-0.10119416665436347,0,4,0
27.883360858557744,-0.10037641825229002,-451.7031336131978,-0.881657171157309,319.2918352203029,-0.0801566104516894,0,4,0
27.761662247446296,-0.08210549433120065,-452.6354313714884,-0.944732829151451,319.1818074638535,-0.0554291118547269,0,4,0
27.64920012767621,-0.058269458457446174,-453.76068137263377,-1.0067019254739307,319.1642438364596,-0.02682670471892834,0,4,0
27.56796719314203,-0.02852505406019503,-455.0517180441341,-1.0596038933449905,319.24076108977374,0.003812225630707644,0,4,0
27.541399747797698,0.006419195321985427,-456.4423192919271,-1.093644532712841,319.39137651196336,0.03335657819248468,0,4,0
27.587717541889774,0.04482127283688157,-457.84259662355345,-1.0992940145730246,319.580629036077,0.058439292177246215,0,4,0
27.714111881906682,0.0841948332727597,-459.15869700920786,-1.0695067593487693,319.76800619948125,0.07644994993947307,0,4,0
27.913844770738955,0.12171074846913328,-460.31081931318306,-1.0014995637593245,319.9193001525566,0.08621429928280691,0,4,0
28.167389581094895,0.1545787609782508,-461.245278488819,-0.8976403268834474,320.01533543815407,0.08828258852208819,0,4,0
28.44732238330556,0.18035898672937378,-461.9391361337916,-0.7652031288135277,320.0556212330417,0.08483286817962607,0,4,0
28.72530919128534,0.1972199650792028,-462.3982012066855,-0.6150030512261878,320.05633471969765,0.07920913537971046,0,4,0
28.97876973213763,0.20416729924090332,-462.6504270090816,-0.459234797325729,320.04395045668156,0.07515504999816472,0,4,0
29.194987737458717,0.20122027362932043,-462.73708464146824,-0.30912520260631027,320.0470697216805,0.07591017644296016,0,4,0
29.37155706043577,0.1894581765616003,-462.70374933226935,-0.1730998827987264,320.08908977157,0.08343173926734267,0,4,0
29.513599398589726,0.17084866070738017,-462.592349804189,-0.05595054589592223,320.18346786576046,0.09799457349478757,0,4,0
29.629390534298807,0.14783603816016253,-462.43494459681074,0.040932794151831334,320.3321795360587,0.11829105900856689,0,4,0
29.726314618199886,0.12278451486442207,-462.24994903527096,0.11859915290278308,320.52710796391085,0.1419663027450781,0,4,0
29.808426536354958,0.09747299819342174,-462.0418181411703,0.17936682665244916,320.75361754523004,0.1663690502888528,0,4,0
29.875876188168697,0.07285013533632992,-461.8047839477782,0.22590416976740926,320.99528117310194,0.1892407605825781,0,4,0
29.925682764907187,0.04914868224566575,-461.52980819227326,0.26077193951804817,321.23853182312735,0.20912017389215407,0,4,0
29.95315433992956,0.026276668823969375,-461.21220967765765,0.28635178443598763,321.4759977471484,0.225378232396082,0,4,0
29.953499714071846,0.004261837699038295,-460.85675874255713,0.3049077344534112,321.7076409595701,0.2379622739723402,0,4,0
29.923489090822017,-0.016482263796332573,-460.47804294379415,0.3185376132493786,321.93947732750627,0.24704705877884975,0,4,0
29.863043882892427,-0.03517881099924196,-460.0960299370889,0.3289319139386578,322.18029151049154,0.25279620728589974,0,4,0
29.77636608682942,-0.05094624362282758,-459.7288319598291,0.33704785579224106,322.4372501897213,0.2553233709163294,0,4,0
29.67200891128919,-0.06312935191160349,-459.3858672522766,0.3429075895742926,322.7118022757821,0.25478910026712925,0,4,0
29.56149198023656,-0.07152622251481162,-459.0645729027772,0.3456923912741615,322.99757855169935,0.25149019262506156,0,4,0
29.456638426362538,-0.07641559405250149,-458.75249900178375,0.34415460439512346,323.28157961808904,0.24584483143980834,0,4,0
29.36641375194042,-0.07841649014030594,-458.4343053898558,0.33718389208005417,323.54851488226524,0.23829973954871092,0,4,0
29.29438924579115,-0.0783044968204841,-458.10073229653034,0.32425524841444825,323.78642282579864,0.22927516415481364,0,4,0
29.237892114781445,-0.0769072171628153,-457.75528576491604,0.3055505636294754,323.99089967339904,0.21923318679902196,0,4,0
29.18934377354683,-0.07511831002025673,-457.4152126986059,0.28177734758514816,324.16608927396817,0.20881457232009099,0,4,0
29.139324189418957,-0.07397380259722937,-457.1062040229936,0.25395329807976735,324.3224747229934,0.1988563303544879,0,4,0
29.079998914687586,-0.07468663833967355,-456.8534774529444,0.22347501098807357,324.4730431520397,0.1901184055243391,0,4,0
29.007293915201267,-0.07855393008385363,-456.67332632353435,0.19255589823965238,324.6295820577115,0.1827489500136153,0,4,0
28.920825811086623,-0.08672092069026575,-456.56809377642514,0.164737023449311,324.799947998983,0.1757694288540165,0,4,0
28.821753954264267,-0.09986656823012936,-456.5250399219795,0.14493705924176653,324.9861418552442,0.16695133116072042,0,4,0
28.709772042965803,-0.1179189614187223,-456.517748891903,0.1386508045902076,325.18276367333243,0.15328624976621655,0,4,0
28.580874451101884,-0.13989557461932306,-456.5087464074593,0.15039178165204134,325.3760043824014,0.1319352209851786,0,4,0
28.427180038888494,-0.16392176087614557,-456.45336206203723,0.1819838474385051,325.5441171143388,0.10129615184176259,0,4,0
28.23922643248015,-0.18744766770186275,-456.3059151724984,0.23148850147987332,325.66041298500625,0.06176768840841192,0,4,0
28.010154159359608,-0.20766023688365892,-456.0287046527038,0.2932960238029125,325.69895177163033,0.015887549465674056,0,4,0
27.740368443225726,-0.22204642509470177,-455.6022862064732,0.3593782519926947,325.64182693284516,-0.03227291472352931,0,4,0
27.44078130592613,-0.22900129844564815,-455.03363897855934,0.4211791718804648,325.4860046704573,-0.07828299251314093,0,4,0
27.13281723818264,-0.22832895650119553,-454.3584413087356,0.47134516445257757,325.2472589417956,-0.11860708880123524,0,4,0
26.844223442250033,-0.22149108138608184,-453.635133538396,0.5046253247287268,324.9588234936397,-0.15133113447722052,0,4,0
26.60128970331725,-0.211501045838164,-452.93125740205255,0.5177980505152447,324.66341270800893,-0.17602481252476992,0,4,0
26.41975905850932,-0.20240682289279305,-452.30595717309836,0.509119825953951,324.399933748201,-0.19296159906407978,0,4,0
26.29758488608993,-0.1983660299544546,-451.7952947629335,0.47809535001675274,324.18993349438904,-0.20235459660512448,0,4,0
26.212269225027676,-0.20243101576037006,-451.40710881474996,0.4260758187220631,324.0308057695666,-0.20422604036774034,0,4,0
26.12421597409851,-0.21532219313133893,-451.1279346673459,0.3574685835979551,323.90016485975855,-0.19901898450508498,0,4,0
25.986085930431678,-0.23459904376937074,-450.9375063931643,0.2806494284731002,323.76933578098954,-0.1884211754308751,0,4,0
25.75670814368118,-0.2546445212693932,-450.82133270630567,0.20748409326363912,323.6182809667939,-0.17555549690974886,0,4,0
25.41647114832243,-0.26768960512624956,-450.7728807913387,0.1509385674264422,323.4437442667799,-0.1640131823946774,0,4,0
24.97959530686925,-0.2657285395733105,-450.78375547275607,0.12138870615983137,323.2570690967448,-0.15605582009279145,0,4,0
24.498233004556326,-0.2427577258740797,-450.828639253665,0.12321644968711212,323.074611739331,-0.1510615427289906,0,4,0
24.054844490623317,-0.19656264586253017,-450.85641646941616,0.15333004048534918,322.90785773891145,-0.14526629375218364,0,4,0
23.742863007246825,-0.1294471203699814,-450.79657149883394,0.20226481011051192,322.75980192425425,-0.133041336871878,0,4,0
23.640299490356824,-0.04776066389955247,-450.5814077013352,0.25721666173415086,322.6293752934611,-0.10903501716079518,0,4,0
23.78469196628688,0.03945763507558979,-450.17494431787884,0.3055860890985457,322.5201903422767,-0.07013893280541765,0,4,0
24.15858951547321,0.12219019782890612,-449.59463426249243,0.3376940045779975,322.4475019222367,-0.0165000185231861,0,4,0
24.691614726731864,0.19106305749148406,-448.9148582920592,0.34802913372028,322.43892241227076,0.04862022851633015,0,4,0
25.279101504685656,0.23866555870943812,-448.24916608896416,0.3352140636867887,322.52793079518597,0.11978482788757674,0,4,0
25.811047499078327,0.2605331259987544,-447.71701990035325,0.30136806987877096,322.7423549387257,0.190504255566168,0,4,0
26.20149728515831,0.2557777382423218,-447.4068154269761,0.25146994293141917,323.0920689115129,0.2540804203014943,0,4,0
26.408863579471166,0.2272496256991566,-447.3483479164622,0.19285767066018025,323.5608140244943,0.30410525162743623,0,4,0
26.4415000777177,0.1810359398094441,-447.5042758325483,0.13457857531141143,324.1057060177872,0.3348486320620907,0,4,0
26.34819426723437,0.12518421525197426,-447.78289080004623,0.08622215305570649,324.6648444799159,0.3418018949094005,0,4,0
26.198076872780042,0.06779908160417562,-448.066708272021,0.05611239321219728,325.17017949647607,0.32248498821434735,0,2,0
26.057188223278445,0.014970389799887584,-448.24636761127704,0.04913150726000026,325.56124285855105,0.2773923425716248,0,2,0
25.96894891356765,-0.03084023696968643,-448.2488485093783,0.0648115604572979,325.7959882428576,0.21070804315572786,0,2,0
25.943456879251606,-0.07141293920271892,-448.05263676150213,0.09648229608860107,325.85694136136476,0.1303006740435535,0,2,0
25.957092320727412,-0.11215485007440477,-447.6880421568422,0.13205488868824772,325.75278067732944,0.04668454922824026,0,2,0
25.960751397077203,-0.16043869940997696,-447.22570482775325,0.1564748887759606,325.516278364442,-0.02891906864411453,0,2,0
25.893094915461447,-0.22341859224777708,-446.7586998224031,0.15523646545791508,325.1991493430702,-0.08685090556137993,0,2,0
25.694734187443977,-0.3059889363728082,-446.3835249555762,0.11792890596790358,324.8638207649298,-0.12090232256210812,0,2,0
25.31995157697365,-0.4094551527680018,-446.1837269456658,0.04076718170121012,324.5725515100696,-0.12931550930081812,0,2,0
24.7438072731346,-0.5312116725141329,-446.2181419122866,-0.07258958687779682,324.3756537934748,-0.11475641780570527,0,2,0
23.96389095030227,-0.6653920921122953,-446.51434361744185,-0.21208830750065885,324.30167044086227,-0.08342950876595409,0,2,0
22.997298859550362,-0.8041827743366106,-447.067078551598,-0.3638407983373554,324.35221963293,-0.043621560720657725,0,2,0
21.874397385887633,-0.9393507739895867,-447.8411766923662,-0.5134712493765278,324.50283314984944,-0.003932674243725387,0,2,0
20.631340154110276,-1.063557189058327,-448.7785326302801,-0.6493669730921738,324.7093771833077,0.02856850980267609,0,2,0
19.30317139960446,-1.1711864088192585,-449.8089252318488,-0.7649778079006865,324.9184855896699,0.049940875058837264,0,2,0
17.918923653711097,-1.258645125216804,-450.8641128111268,-0.859541804418626,325.0800627572354,0.060271273564416104,0,2,0
16.49958717556558,-1.3242645079707642,-451.8934123161684,-0.9370404437570926,325.15982260063294,0.06346445407659758,0,2,0
15.059162296860706,-1.3679992263916396,-452.87719468649794,-1.0037353500642439,325.1495058629566,0.0658189136924193,0,2,0
13.608087488781067,-1.3910633956946086,-453.83350502467266,-1.0651515682571415,325.071960260658,0.07379620671460999,0,2,0
12.15735602096656,-1.3955469988497442,-454.8135599564729,-1.123631577480353,324.97836652911894,0.09183228567131892,0,2,0
10.721245870594629,-1.3840017034536367,-455.8847480550128,-1.177409694413143,324.93631498162824,0.1211129175413305,0,2,0
9.317306595633966,-1.359013594177491,-457.10443205224044,-1.2215399818251569,325.01040876985417,0.15982035214512394,0,2,0
7.963763428941547,-1.3228549021530682,-458.49269237493763,-1.2501944235577753,325.24079521699554,0.20463199353607706,0,2,0
6.675870165612835,-1.2773377157422658,-460.0148484050836,-1.2592565651626386,325.6277000400209,0.25263334142318855,0,2,0
5.4631543650680925,-1.2239186063048906,-461.5830221759802,-1.248129970994978,326.1296147650832,0.3027030926076691,0,2,0
4.328787711936187,-1.1639580692764013,-463.07951262937837,-1.2202616309779786,326.67826627868664,0.35590060863009965,0,2,0
3.2710381540348976,-1.0989364034184192,-464.39535655174615,-1.1826155828438913,327.2061425359937,0.41504817311781605,0,2,0
2.2857851394380475,-1.0304604867639384,-465.46976033812433,-1.144678219887254,327.67583927718846,0.4840296038520194,0,2,0
1.3689014257321617,-0.9600441251796653,-466.31480473462244,-1.117354974808069,328.0989911867347,0.5671345827824098,0,0,0
0.5177753282025463,-0.888799147849251,-467.01617626625267,-1.1116430572695435,328.53737261541994,0.6683375702375599,0,0,0
-0.26811816358956264,-0.8172361475805758,-467.7109038834517,-1.136720521325674,329.0867967128064,0.7901445816735816,0,0,0
-0.9872982720054182,-0.7453160940175309,-468.551214251113,-1.1973646641056064,329.85070480837436,0.9318385942966643,0,0,0
-1.6366778228551055,-0.6727592228264925,-469.6662421230183,-1.2913580128985926,330.91214104481963,1.0875991278566233,0,0,0
-2.212121312879674,-0.5994806605416528,-471.13127897777906,-1.4083462724882907,332.3110757423965,1.2457320004737937,0,0,0
-2.7092071107376654,-0.5259489655164942,-472.95022738923694,-1.5317545440146092,334.031060581819,1.390461891925702,0,0,0
-3.124373228239122,-0.45328794018225127,-475.05315927043443,-1.644260110971112,335.9966522216533,1.5068213416759875,0,0,0
-3.456554074230027,-0.38305999047447015,-477.3089366807321,-1.7352502536034422,338.08213381455994,1.587307854665363,0,0,0
-3.7090214659784806,-0.3168320156952632,-479.55322306300724,-1.806954604547019,340.1331592819264,1.637331029930823,0,0,0
-3.8905882294327796,-0.25574598415329464,-481.63235017476853,-1.8758929897908843,342.0036101059917,1.676324726148664,0,0,0
-4.015104073619966,-0.20031696024086046,-483.4587773759638,-1.9682322016280467,343.6055860321798,1.7331378375933184,0,0,0
-4.098718068334264,-0.15054842011261654,-485.0634064194861,-2.1106098659969463,344.95987525946003,1.8370937081756495,0,0,0
-4.15561842895805,-0.10626835083817525,-486.62076029658317,-2.320252142238064,346.2240151076826,2.008302029591954,0,0,0
-4.194137664388052,-0.06747987824452366,-488.42517202092716,-2.598359415113765,347.6753883063063,2.25100276308022,0,0,0
-4.2152909152882785,-0.03456319340189538,-490.8136009940595,-2.9287149821490344,349.6424541183297,2.551844095985632,0,0,0
-4.214691311863831,-0.008305919426102547,-494.0563260492064,-3.2808781284620694,352.4019976635755,2.8825783279687984,0,0,0
-4.187056736620875,0.010167037429724246,-498.2556806928151,-3.616038296478666,356.0796725175728,3.205495832590344,0,0,0
-4.131352856675264,0.01952981622994656,-503.2925308318697,-3.894002957171472,360.59216144536214,3.4803004874245915,0,0,0
-4.054653399997434,0.018513738910600354,-508.8403728844976,-4.080606800423515,365.6516002417827,3.671784625089822,0,0,0
-3.973647423693805,0.006332507955650613,-514.4411314593892,-4.154858913409379,370.8293933856797,3.757461150920676,0,0,0
-3.9134336993227237,-0.01682172429249391,-519.6191603407505,-4.114513858985282,375.66054435808326,3.733528221029405,0,0,0
-3.9034199060347987,-0.049430581416594066,-524.0034359912008,-3.978387898258177,379.76288013370595,3.617237391584632,0,0,0
-3.9704810398520465,-0.08862229829590831,-527.4268283008183,-3.7842097732121602,382.9418613585808,3.444475648634352,0,0,0
-4.130812584831546,-0.1304492066606528,-529.973761155021,-3.5819745248368577,385.24999981551304,3.26284055547045,0,0,0
-4.383508158213218,-0.17029347086718616,-531.9587395839123,-3.424136456479755,386.97773632862373,3.1219091452796817,0,0,0
-4.708997126029772,-0.2032286230142347,-533.8402050317882,-3.354898620634367,388.57437157942184,3.0630637775249907,0,0,0
-5.073279719579958,-0.22432879115524998,-536.0977784249367,-3.400938593969613,390.52442900391634,3.110942914813063,0,0,0
-5.435844923281792,-0.2291004779456074,-539.1122760802383,-3.565359807366576,393.22056700006664,3.267842422920194,0,0,0
-5.757588108669296,-0.21421815454370402,-543.0817374492951,-3.82607021776422,396.87069169457953,3.511964156054421,0,0,0
-6.005933653836152,-0.17849364156520692,-547.9901176657329,-4.139325207162369,401.4600311609296,3.8003449361531922,0,0,0
-6.156721610875223,-0.12367215150407133,-553.6285462804466,-4.448253719218338,406.7699735062139,4.0767261239740495,0,0,0
-6.194424685490873,-0.0545471695188553,-559.6570340648666,-4.694539226456527,412.4413043629079,4.2830063071681534,0,0,0
-6.112662585289087,0.02182485802483285,-565.6875304784605,-4.830002970351439,418.061502919125,4.371193852416809,0,0,0
-5.915749000483615,0.09754883676468892,-571.3670132266446,-4.824917733872473,423.25344917704496,4.312458403290185,0,0,0
-5.620229673253931,0.16538329575751476,-576.4412767760957,-4.671466900421296,427.7449975683642,4.1012553842832515,0,0,0
-5.254468821218325,0.21978276678870828,-580.7855972963534,-4.382577588332742,431.4044346511034,3.7543931865842866,0,0,0
-4.855031139331629,0.2572920352346458,-584.3978081284511,-3.9873367087126668,434.23636752808443,3.306148860484433,0,0,0
-4.4603565556349025,0.27643371002854594,-587.361453418963,-3.5243821184278206,436.3451510329685,2.8009504754131624,0,0,0
-4.103755151094148,0.2773931100723317,-589.7964064535081,-3.0346023862113953,437.88324553741205,2.2851752756466794,0,0,0
-3.8081059859490693,0.2617452010955077,-591.8158935490603,-2.554448918112405,439.00396302677245,1.7995641713329291,0,0,0
-3.5838012585287657,0.23228138806847198,-593.5019133675733,-2.111098437841463,439.8314621110582,1.373647420767611,0,0,0
-3.4300875852054133,0.19282909633431303,-594.9008552491448,-1.7204133882276893,440.4508091170395,1.0232600298734156,0,0,0
-3.33873148456577,0.14792132370622255,-596.0335543405745,-1.387941449792288,440.9132556755918,0.7514826113829429,0,0,0
-3.298296989528538,0.10226812280213693,-596.9115024077687,-1.112174005889301,441.24909089037425,0.5522540995452516,0,0,0
-3.297415792569211,0.060118410592315284,-597.5522611545103,-0.8884947194090387,441.48147177604034,0.4150260981413396,0,0,0
-3.3261778578751944,0.024682121597413696,-597.9897311786303,-0.7122342298747413,441.6370349498375,0.32873203133647166,0,0,0
-3.3758179022694037,-0.0022227099678588046,-598.2772226263739,-0.5799839489234273,441.75119364191386,0.2840323468480278,0,0,0
-3.4376753276135332,-0.020199357314990608,-598.483193477856,-0.4892847821951591,441.867692028421,0.27376313980724376,0,0,0
-3.5025710451709955,-0.029975419392611967,-598.6813536475985,-0.43745511605324056,442.03350651882545,0.292219482881228,0,0,0
-3.5612847699749324,-0.03288481493602404,-598.9382358478077,-0.42044215086837083,442.29128334013717,0.33410674006536284,0,0,0
-3.606028358207354,-0.030322579030737984,-599.3017528568075,-0.43229100785484886,442.6717855795385,0.3937830746191594,0,0,0
-3.6320811583553194,-0.023381261512868436,-599.7937030710964,-0.4653980423913481,443.18844051511195,0.4650535272047989,0,0,0
-3.6384856784918895,-0.01278896483225651,-600.4081055011069,-0.5113730305935406,443.8354505044041,0.5414776899401886,0,0,0
-3.6271451388887783,0.0008854031263538786,-601.1159239164524,-0.5621730166217617,444.5901582910279,0.6169939585590043,0,0,0
-3.600641582876591,0.016924607935280278,-601.8751712330588,-0.6111758962437193,445.41930252223193,0.6866250804955711,0,0,0
-3.5599904730038787,0.03425144779736087,-602.6437116025438,-0.653960127801031,446.2875702218855,0.747064406073639,0,0,0
-3.503707550591969,0.05143508444697886,-603.3909529323093,-0.6886590127603199,447.16597054131574,0.7969921750973186,0,0,0
-3.4288212963499944,0.06689819949960452,-604.1049236440737,-0.7158200082355733,448.03763161401105,0.8370047183190821,0,0,0
-3.3333249658181927,0.07918963254339673,-604.7931126100357,-0.7377521488354774,448.89975732378116,0.8690882093171638,0,0,0
-3.2187702920013237,0.08717117198865054,-605.477837125818,-0.7574430895410842,449.76192740087356,0.8956860811504953,0,0,0
-3.091677513737565,0.0900631008483785,-606.1883429844107,-0.7772727015592636,450.6417073305117,0.9185820442745296,0,0,0
-2.9630991633592743,0.0874146047518849,-606.9519031534521,-0.7978727194686257,451.55848769830277,0.937950525822572,0,0,0
-2.8465893530579223,0.07910583719802275,-607.7856269894617,-0.8174887952622157,452.52633259757573,0.9519075191669117,0,0,0
-2.755433419002273,0.06542571618091131,-608.6903548118632,-0.8320434263771744,453.54701910253283,0.9567021263675997,0,0,0
-2.700010574392806,0.04717502911773579,-609.6478982486515,-0.8358310273958522,454.6051229649772,0.9474162366336032,0,0,0
-2.6858444254850298,0.025699862195010324,-610.6224387972301,-0.822556487698239,455.66707548011124,0.9188610587791345,0,0,0
-2.7126491786117413,0.0027896771412002862,-611.5658408849315,-0.7864023986567303,456.68504573298486,0.866402220572229,0,0,0
-2.7745641345408814,-0.019551004338701716,-612.4253579078454,-0.7229740131076824,457.60465287768704,0.7866595321426757,0,0,0
-2.861574674640835,-0.03937778269959722,-613.1514228839942,-0.6301475338804948,458.3739196901172,0.6781993123395693,0,0,0
-2.9617716700512204,-0.05503048274678548,-613.7034020028004,-0.508845797286881,458.9505379886649,0.5422826022489347,0,0,0
-3.0637807423255623,-0.06525729154522253,-614.052366970978,-0.36358610340050745,459.30572953623397,0.3834888836153539,0,0,0
-3.1586092067462914,-0.06926368101187279,-614.181643284529,-0.20248170073888333,459.4250830197295,0.20982875053895214,0,0,0
-3.2403671800538945,-0.06674189815804539,-614.0871023282666,-0.0364188718305968,459.3083257209714,0.03199741866363866,0,0,0
-3.3057382464701277,-0.05790545999344658,-613.778812784732,0.12259558408070462,458.9698451250222,-0.1382627413089324,0,0,0
-3.3525834898450313,-0.043503375331557945,-613.2837592826565,0.2635372139820674,458.44001180113077,-0.29027664917642826,0,0,0
-3.3784812356037577,-0.02477018336459196,-612.6472558046189,0.3782430294654205,457.76536298550076,-0.4162923935775666,0,0,0
-3.380068160192195,-0.003286560781420178,-611.9300296032375,0.46240358278002985,457.00501991962125,-0.5123853815871768,0,0,0
-3.353618734475347,0.0192380062216543,-611.1994020670384,0.5154123164838665,456.2220254645977,-0.5781784622735756,0,0,0
-3.2966084279564143,0.04120552569881113,-610.5160507441735,0.5394063959469804,455.4711531983529,-0.6157600949810785,0,0,0
-3.20947350369714,0.061305408304193065,-609.9209717081462,0.53816447928466,454.78761405288924,-0.6285057823770274,0,0,0
-3.096646350139764,0.07855664483616778,-609.4283311431777,0.5163515503466556,454.1818757203622,-0.6203205523584302,0,0,0
-2.9662291445297484,0.09222668777096174,-609.0275201196903,0.47913131247985347,453.64329839699377,-0.595340595128721,0,0,0
-2.828311923065783,0.10171942908436478,-608.6930383687968,0.4318302084469451,453.15072477116064,-0.557771362943663,0,0,0
-2.692684163428197,0.10653605802673667,-608.3971679918855,0.3793641311950296,452.6847873012519,-0.5115327898041244,0,0,0
-2.5670170414833535,0.10635072876036418,-608.12024377919,0.3254440040481995,452.23680627754646,-0.4596734134870587,0,0,0
-2.45621435789414,0.10116448976008599,-607.8559426798204,0.27190755562805863,451.81195703421355,-0.4038613251733807,0,0,0
-2.3628738693485474,0.09145236773410517,-607.611727518768,0.21863110667361524,451.4273062901846,-0.3443831257801605,0,0,0
-2.2882581542079805,0.07821427546981567,-607.4057607550881,0.1642398794367182,451.1066975665565,-0.28084245906048294,0,0,0
-2.2331011403527725,0.06288270421791822,-607.2616107036915,0.10738491144447834,450.8744190634823,-0.21329470394653072,0,0,0
-2.19782860609628,0.04711126103938028,-607.2018961518656,0.04800887462522496,450.74900080115543,-0.14323874422476593,0,0,0
-2.1821226727987124,0.03252043115858072,-607.2420200764416,-0.01197025162078944,450.7380444625606,-0.07395092896248912,0,0,0
-2.1840863898315916,0.02047726003588366,-607.3851213253231,-0.06880816690188567,450.83487380638894,-0.010010530605205759,0,0,0
-2.199484880886601,0.01195177448894782,-607.619189254352,-0.11777905631340672,451.01777773169533,0.04374137203776627,0,0,0
-2.2215715530343942,0.007458231086091871,-607.9170792456332,-0.15434463092958595,451.25239985900424,0.08336541838915537,0,0,0
-2.2418127298975463,0.007063112292311757,-608.2399462953979,-0.17525579417576864,451.4972969879216,0.10671212933899596,0,0,0
-2.2514417575353036,0.010424399040415722,-608.5440243488392,-0.17932104364181214,451.7118517281615,0.11384546182182476,0,0,0
-2.243356124459069,0.01682797178017381,-608.7895180819021,-0.16773419563180597,451.8647200105623,0.10702174372331683,0,0,0
-2.213675843347062,0.025213170205934433,-608.9492070643839,-0.14396640756243642,451.94035175044803,0.09033466023673782,0,0,0
-2.162470017429655,0.03421756217042571,-609.0141686454492,-0.11327530029687978,451.9415403568723,0.06911425673785629,0,0,0
-2.093584615692123,0.042294011788952444,-608.9951065882838,-0.08188749159370445,451.8874554193737,0.049117757089271664,0,0,0
-2.0138429549969743,0.0479373070436651,-608.9193620327596,-0.055912353728695054,451.80826189979376,0.035546530287064115,0,0,0
-1.9319546877722473,0.05000083028537006,-608.8247854009475,-0.04010172680604,451.7382204087563,0.032001371605656456,0,0,0
-1.857309259182344,0.04801449488507501,-608.7519422573208,-0.03670988079589961,451.7089202990739,0.03963455569992789,0,0,0
-1.7986314351448698,0.04237681235102144,-608.7359541615702,-0.044854571179917,451.74357742989696,0.05686909276136021,0,0,0
-1.7624396594608953,0.03431650294358803,-608.7990698326848,-0.06076464005366233,451.8527622907922,0.0799710816213917,0,0,0
-1.751433454681603,0.02560065013593089,-608.9450416168996,-0.07901289840229993,452.03186544421806,0.10442250279108975,0,0,0
-1.763211175608319,0.018071652976507833,-609.1566168898611,-0.09437599544453405,452.26106556756156,0.12661325518384955,0,0,0
-1.7899077198368474,0.013171344034344657,-609.3977527761831,-0.10360379725910888,452.50904267806163,0.1451339521831585,0,0,0
-1.8193049879937746,0.01161508350413527,-609.6218150459858,-0.10635440925145759,452.7412511730862,0.16108155864163792,0,0,0
-1.837578114332814,0.01330516440273044,-609.7852355723068,-0.10490313793297901,452.9316804472846,0.1772434507894559,0,0,0
-1.833126425231896,0.017461898245076667,-609.863121987205,-0.10280763498244597,453.07439445163226,0.19657496792781898,0,0,0
-1.8002412474288008,0.022868353953479924,-609.8608233735386,-0.10321961184896508,453.1895599305879,0.22073001252429664,0,0,0
-1.7411584241409912,0.028117161755706378,-609.8154863498354,-0.10767778272411306,453.3197358854903,0.2493236795429709,0,0,0
-1.6655797911175654,0.031809197600406944,-609.7849855409,-0.1158777251702304,453.5160119377915,0.28013731326744845,0,0,0
-1.5878206770101286,0.03273083397556178,-609.8271461825093,-0.12629560463196868,453.8185119700704,0.30993516392022114,0,0,0
-1.5227499151468038,0.030063223872610935,-609.9772377353893,-0.1370661466425304,454.239165569461,0.3353112965051082,0,0,0
-1.4820395580512553,0.02362519244976511,-610.2333947171022,-0.14649904235582198,454.75430236299127,0.35315333332595744,0,0,0
-1.471815743832778,0.01406034385870072,-610.5565300278854,-0.15302861837810725,455.3104158107361,0.3607129637686796,0,0,0
-1.4919966482381568,0.0028329623863442067,-610.8847710923055,-0.1548884784418192,455.8406028122884,0.3555894749736922,0,0,0
-1.5369458756067047,-0.008047697742709659,-611.1558970387321,-0.15001347602443502,456.28479341233566,0.3359469004554569,0,0,0
-1.5968745007342449,-0.01652372897263348,-611.3281124107632,-0.13646458420014368,456.60592778489183,0.30102677179550597,0,0,0
-1.6596378088417936,-0.021033089618612166,-611.3911095573196,-0.11323133973298809,456.7966895682747,0.25171109182753637,0,0,0
-1.7128288002775491,-0.020899850578484803,-611.3643711342536,-0.08092552477893378,456.8756306352272,0.19076242783233965,0,0,0
-1.746056768544662,-0.016447218226717554,-611.2851203011444,-0.04186977106853647,456.8754809423461,0.12248308190075363,0,0,0
-1.7530579667364634,-0.008843877653698939,-611.1917920245107,0.000599959537680661,456.82877968802546,0.05179876458223589,0,0,0
-1.7330808113329255,0.0002061359195764112,-611.1095511327192,0.04335393616414649,456.7562764877364,-0.0169506415459864,0,0,0
-1.6910380638361033,0.008807813640703443,-611.0426499648916,0.08462421378750377,456.66192664131466,-0.08105223829454644,0,0,0
-1.6362879260999534,0.015185573826298083,-610.9752277385708,0.12449472070236425,456.53524662974365,-0.13983672511362216,0,0,0
-1.5804354247751462,0.017943949545498585,-610.8787714969287,0.16443662506462714,456.35859045811077,-0.1942325677202689,0,0,0
-1.5348845164109406,0.016275412049252223,-610.7223576770906,0.2060777734578096,456.1152869968758,-0.24559096925908647,0,0,0
-1.5087963643272104,0.01009837664080777,-610.4818702728882,0.24978421969328793,455.79540540194637,-0.2942825619131838,0,0,0
-1.5077820705788127,9.15116388853221e-05,-610.146162350296,0.29373607858374273,455.3983223171385,-0.3387391843244359,0,0,0
-1.5333893048225633,-0.012414297657905138,-609.7200048836073,0.3339554235910782,454.9333049580245,-0.3754577381634192,0,0,0
-1.5833026480521397,-0.025696787139192167,-609.2243425665663,0.3652967924212362,454.4195712497552,-0.40002008277190837,0,0,0
-1.6520742003283857,-0.03800119096905661,-608.6939498275779,0.3829518097034679,453.8859540688936,-0.4086422823962835,0,0,0
-1.7321656949440722,-0.04788522092468099,-608.1721903468817,0.38378877225765107,453.368884644492,-0.39948494891511926,0,0,0
-1.8151810404151547,-0.05444522321425467,-607.7030957289808,0.36698721330517403,452.9073492596805,-0.3731325204759969,0,0,0
-1.8932557974918751,-0.05738366324388409,-607.3222598143584,0.3338557417190032,452.53504580202457,-0.332163811093659,0,0,0
-1.9604473344657123,-0.05694294356751044,-607.049253399894,0.28715381872402757,452.27216763414793,-0.2802306423414052,0,0,0
-2.0137367256577505,-0.05376239334574677,-606.8844699545141,0.2303970083722106,452.1204375077246,-0.2212216241900137,0,0,0
-2.053248596469757,-0.04872005443090899,-606.8119981398364,0.1674665871799334,452.0640801971864,-0.15887643364441714,0,0,0
-2.0816187030176536,-0.042799399160173834,-606.807604933106,0.10254996125177059,452.0766842062019,-0.09684617179958081,0,0,0
-2.1028187404976677,-0.0369764849891709,-606.848466696367,0.0402125603950708,452.13099853461046,-0.03892206135489573,0,0,0
-2.1209265815096074,-0.03209237099781603,-606.9203724828442,-0.014661801159081733,452.2073550078551,0.010892808895943063,0,0,0
-2.1392747446374756,-0.028697166991928213,-607.0192839557785,-0.057224145920690715,452.29718973244945,0.04863672822390299,0,0,0
-2.1601596865458106,-0.026909439081433107,-607.146690734364,-0.08326038119118948,452.4004229264962,0.07089577591181637,0,0,0
-2.1849458903068637,-0.02636840261389466,-607.3009701250301,-0.08980729847659177,452.5181286461315,0.07532911305749508,0,0,0
-2.2141795074700354,-0.02632939675958994,-607.4688778259492,-0.07555206519959938,452.643973890984,0.06100975896446244,0,0,0
-2.2474190043849944,-0.025884290328315275,-607.621494859101,-0.04098703455338182,452.75853491638696,0.02857657206330373,0,0,0
-2.2828311164720816,-0.02422473455767431,-607.717073766426,0.011489681407147146,452.82939526684277,-0.019627815069054578,0,0,0
-2.3169326226087037,-0.02084583022324722,-607.7100711246023,0.07734211898460899,452.81737132776135,-0.07929855860581939,0,0,0
-2.344912670613553,-0.015624419481477502,-607.563125585102,0.14960260224706873,452.6867817958465,-0.14390811183606617,0,0,0
-2.3616616437808204,-0.008779172888480957,-607.2583370419009,0.2188757104924207,452.4167642552435,-0.20480391007229742,0,0,0
-2.3631739270863505,-0.0007797426411428887,-606.8054756687727,0.27407582686627163,452.01107685716454,-0.2520390628357461,0,0,0
-2.3477330468699478,0.0077223874629282815,-606.2458627659324,0.30410811966714846,451.50420414639126,-0.2760633977940984,0,0,0
-2.3164038813605856,0.015919475655493898,-605.6506647118933,0.30026231992453634,450.96134180813556,-0.270001095865058,0,0,0
-2.2727376191916733,0.022874731455590335,-605.1122130201059,0.2586439872919527,450.47008954540854,-0.23186354226074285,0,0,0
-2.2219769338814643,0.02762443118531053,-604.7281195572865,0.18178661475312766,450.12358326262654,-0.16591116014740806,0,0,0
-2.1701951297557116,0.029388755231508412,-604.5804136624295,0.07882788273520873,449.997900938446,-0.08262074762839688,0,0,0
-2.1236363599171426,0.027846087050750156,-604.7144505671806,-0.03583271198735929,450.1293843081922,0.0027891450078357137,0,0,0
-2.0881853080528003,0.02336465392207714,-605.1236312516828,-0.14498965461882563,450.4987359051539,0.072890033506809,0,0,0
-2.0686683587604477,0.017077824707560297,-605.7452594375707,-0.23159828795917292,451.02767019437243,0.111080440819876,0,0,0
-2.0677740914657363,0.010735256009515127,-606.4700582145488,-0.28169829331951635,451.5905567789595,0.10459605984128757,0,0,0
-2.084713056578849,0.006344535544280916,-607.1638027886463,-0.28683755592588794,452.0389683072429,0.04700422763311849,0,0,0
-2.1140865076491764,0.005705541446222639,-607.6957593121207,-0.24561060990324676,452.23310448145935,-0.06025538273582924,0,0,0
-2.1456256342849827,0.009986848996443597,-607.9666475914851,-0.1640354635327185,452.0721462163343,-0.20758561743284645,0,0,0
-2.165385059096522,0.019468844398824105,-607.929195953301,-0.05467361513067317,451.5160501438214,-0.37829766473626025,0,0,0
-2.158531578438655,0.03349663627540309,-607.5964951165454,0.06541725678684998,450.5936255389577,-0.5509431170120308,0,0,0
-2.113139715293485,0.05060160353653202,-607.0365197614619,0.17767015995300425,449.3953471110877,-0.7026992451074193,0,0,0
-2.0237678699527066,0.0687142831709437,-606.3548052025078,0.2655678661717957,448.0535281338637,-0.813435769543986,0,0,0
-1.8934968640645593,0.08541352361929314,-605.6703674029895,0.3182025996926086,446.7157592577913,-0.8698370168321276,0,0,0
-1.7337019960064168,0.09820455122991803,-605.0910868697022,0.3330638782252436,445.5182390242521,-0.8686983309587163,0,0,0
-1.561758056100416,0.10484236036397902,-604.6933566150187,0.3172864222934891,444.56356432788533,-0.8184931308778971,0,0,0
-1.397570224869412,0.10368669539220007,-604.5081241269284,0.2869205009483494,443.90461061180304,-0.7386631486163594,0,0,0
-1.259951271456245,0.0940090813896532,-604.5137333151946,0.2643107287593921,443.5347343131381,-0.6566951549204589,0,0,0
-1.1635801219858024,0.07613231151202057,-604.6360088092326,0.2741181639494812,443.38516290674715,-0.6036109816459998,0,0,0
-1.1169614554567318,0.051321382797674175,-604.7563317303661,0.338735038932532,443.33111883504245,-0.6087762226786083,0,0,0
-1.1216646245166544,0.021454285692976784,-604.7272901070619,0.4738414690300033,443.20699405279413,-0.6948846901680952,0,0,0
-1.1730489013969532,-0.011383963081415515,-604.393412473868,0.6847371238122151,442.8283955618831,-0.873729516045762,0,0,0
-1.2624447548325008,-0.04519747286382483,-603.613623563013,0.9639350854767486,442.0174183174037,-1.1431372372034843,0,0,0
-1.3802830360878175,-0.07814948880909611,-602.2830170136642,1.290390204106575,440.62799703100524,-1.4853865106674846,0,0,0
-1.519159139076649,-0.10844478864360099,-600.3526721794021,1.630665435592141,438.5693921225712,-1.8675555818257918,0,0,0
-1.6755976869145712,-0.13420382002973952,-597.8459853768966,1.9422530105118312,435.8262691674277,-2.244341111784854,0,0,0
-1.8495449535076602,-0.1535260834128806,-594.8687732721609,2.1790511493265057,432.4732382397682,-2.563705789615085,0,0,0
-2.041446159547206,-0.1648084688896759,-591.6098312741289,2.2985807465369477,428.6808692064632,-2.7751078712650044,0,0,0
-2.2480280084218123,-0.16719388620659287,-588.3293544533112,2.2699378026002934,424.70960708848924,-2.8391241691098004,0,0,0
-2.458999655754127,-0.16091510493951375,-585.3338016252478,2.0808674866026196,420.8877077171939,-2.7363219199214313,0,0,0
-2.6569254586454605,-0.14734288953292776,-582.9367786137968,1.7420049437992475,417.5699361566433,-2.472774686195959,0,0,0
-2.8211335902937122,-0.12871479415789083,-581.4076050084985,1.2866037704477322,415.07731684923306,-2.0801115208819057,0,0,0
-2.9343836168984296,-0.10770260897884043,-580.9142455370101,0.7651214165500619,413.6261766263057,-1.6094764825628658,0,0,0
-2.989434085482955,-0.08704504057133278,-581.474342147638,0.2355791278311699,413.2647778317909,-1.1207128086487785,0,0,0
-2.9925880344059266,-0.06937058052319571,-582.9326227414097,-0.2479803263506369,413.8416452606116,-0.6696170990471273,0,0,0
-2.9627456284934794,-0.057144218008694736,-584.9799476724193,-0.6460076851518124,415.02515395860866,-0.2965694322258116,0,0,0
-2.9265710432960645,-0.05255439218728668,-587.2175591066602,-0.9404827768302766,416.37847341413953,-0.01911143376335076,0,0,0
-2.911896565260534,-0.057208679435603926,-589.2540399958172,-1.1372871301366216,417.47374111997544,0.17041373397285042,0,0,0
-2.9417338136537694,-0.07167265755150823,-590.8091577168176,-1.2640381561828122,418.01343609801796,0.30240319713441294,0,0,0
-3.0304418358410743,-0.0950347445914744,-591.7938784767659,-1.3641577468769128,417.9220133949358,0.42356798395205714,0,0,0
-3.1824693805183273,-0.12472442587475854,-592.3416063820996,-1.4879038830420313,417.3788218190098,0.5873006776166051,0,0,0
-3.3932203846497515,-0.1567455821818015,-592.7804763098648,-1.6810428584051351,416.78145418896156,0.8415569277958014,0,0,0
-3.651110192413512,-0.18635205128461507,-593.5546270988382,-1.9724390811999342,416.65020859764985,1.215626993178995,0,0,0
-3.939781531397699,-0.20904735711896477,-595.1159196164072,-2.362930686598804,417.5004576713115,1.7083285000801027,0,0,0
-4.239832293153512,-0.22167757333222085,-597.81166157183,-2.818587562793925,419.71465203677764,2.2808988623650692,0,0,0
-4.530201450311495,-0.2233137286598776,-601.7903762564706,-3.2710781970197784,423.44072323656667,2.857448373552961,0,0,0
-4.790091556142215,-0.21559502349845444,-606.9419499186596,-3.626291952157453,428.5347433459295,3.334173876659565,0,0,0
-5.002370136450182,-0.2022793446169814,-612.8833468618052,-3.7800751849400287,434.55702612077647,3.5961711396778924,0,0,0
-5.158509546975978,-0.1879861909698363,-618.9950333447568,-3.6379650748627,440.82242472166865,3.5386320439404413,0,0,0
-5.26357912243985,-0.17647559893212872,-624.5046604469637,-3.1351935536250948,446.4964971304654,3.0884765916873844,0,0,0
-5.338419615502872,-0.16909174168184507,-628.6045259036741,-2.253929400924085,450.7205605856054,2.2230132462130143,0,0,0
-5.4160138308195656,-0.16400442288732647,-630.581228159265,-1.0352672485447556,452.7431655857405,0.9826984723560827,0,0,0
-5.530972102111875,-0.15656772777531244,-629.9342778474652,0.4172608025341219,452.03652903705427,-0.525520282772186,0,0,0
-5.704537520718986,-0.1406483987521881,-626.4678551526581,1.9466896483622123,448.38522358818534,-2.138253842691546,0,0,0
-5.930749709971963,-0.11040504141976157,-620.3509555810708,3.3663304260197946,441.9447844989078,-3.660841301287917,0,0,0
-6.1702456791847595,-0.061900132807053865,-612.1430487419182,4.494826416630372,433.2677079601275,-4.903632531665613,0,0,0
-6.35576883389534,0.005888761310400526,-602.7693418933184,5.192759290320964,423.2795405182076,-5.719121683328217,0,0,0
-6.408854123972063,0.09077569222867794,-593.4164503781831,5.388519786064125,413.174487693861,-6.027671589257698,0,0,0
-6.262559961173594,0.18765930995423902,-585.3317290845589,5.085302799599617,404.2140117087895,-5.8242056354625165,0,0,0
-5.882580450510389,0.2891858070298724,-579.55639628066,4.349852423954053,397.46017181380927,-5.167148032892913,0,0,0
-5.2795320023988666,0.386598965318656,-576.6769330004645,3.2914735769798655,393.52934375232326,-4.158438841418695,0,0,0
-4.508256908532786,0.47065822967274046,-576.6960302986238,2.0417859031214447,392.4664496931635,-2.9248013516726474,0,0,0
-3.6543790025694847,0.5325609040466673,-579.081249851469,0.740875880207318,393.7944726824291,-1.605190995920293,0,0,0
-2.812679450420262,0.5648490174811485,-582.9693309131176,-0.4719180897257729,396.7137432592562,-0.34200112043416764,0,0,0
-2.0647600567854028,0.5623046932287338,-587.4362198112722,-1.468262828229149,400.36039608472083,0.7298176743882664,0,0,0
-1.463663382457355,0.5228135925484395,-591.7251897107037,-2.145126511158878,404.019694443401,1.498366640655729,0,0,0
-1.0301597934286661,0.4480854806493809,-595.3605830912452,-2.439604540348023,407.2276305590047,1.8910875875677846,0,0,0
-0.7603639491605776,0.34399179718348166,-598.1356312754408,-2.336698376149468,409.75447648951933,1.88381811109291,0,0,0
-0.639513028886256,0.22021271609874732,-600.0143573668504,-1.8648941743280374,411.51218845267215,1.4974543446179098,0,0,0
-0.654444525025994,0.08899944899726649,-601.0076613922488,-1.081622591175676,412.44383822036656,0.7844405608075533,0,0,0
-0.7986771959050571,-0.036838610300912934,-601.0729784039447,-0.05715354206838583,412.4402196280011,-0.18637449267216652,0,0,0
-1.0683389366979696,-0.14626039917434497,-600.0630140601185,1.1336012163085343,411.3046308040926,-1.3373413951241333,0,0,0
-1.4522518415820116,-0.23195323222657863,-597.7301915947494,2.4073161591400094,408.7690161286082,-2.578440772784944,0,0,0
-1.9226849604475973,-0.29127184364760267,-593.7855568248743,3.660798053024132,404.55814886733174,-3.79704880819686,0,0,0
-2.433146159794532,-0.32580872315435416,-588.007755231956,4.762091035658841,398.49665115799917,-4.851060730684094,0,0,0
-2.9262673742008047,-0.33977913438985896,-580.3891775476184,5.5541080711322595,390.6462804921597,-5.574774803926232,1,0,0
-3.3496921156944524,-0.33794127527745843,-571.2874214998451,5.874667084160729,381.44322283115525,-5.80083231819844,1,0,0
-3.6730823856366044,-0.32399737833398773,-561.5276507451995,5.589073842219011,371.78398840755074,-5.394010640054324,1,0,0
-3.8976002604297975,-0.3001493026263759,-552.393447010262,4.62623122901415,363.0015811458312,-4.287738256497289,1,0,0
-4.052235868924583,-0.26783458606508787,-545.4665806809262,3.0079449304319157,356.69609018110424,-2.512980904623265,1,0,0
-4.1780899486796415,-0.2290157503506009,-542.3263075623374,0.8626039201370759,354.4318964460167,-0.2106726166632086,1,0,0
-4.308312720037847,-0.18712321796730008,-544.1722756379284,-1.5824130303354196,357.36452440354935,2.3778923316783733,1,0,0
-4.453744867845771,-0.14702724765737116,-551.4678793046079,-4.0310668946243595,365.8916335636353,4.943936195216713,1,0,0
-4.601030821098476,-0.11405819838357445,-563.7061075205552,-6.168666973169115,379.4283398210991,7.1638258916985595,1,0,0
-4.723303663300541,-0.09267397243273479,-579.3817160305853,-7.724274167418161,396.3899249913671,8.763523569114891,1,0,0
-4.797499553873806,-0.08550862957557256,-596.2133078509726,-8.53451731739633,414.4252038089434,9.583240661754695,1,0,0
-4.819964592268164,-0.09317647745053108,-611.5980904460887,-8.594880304118533,430.8825847833224,9.627992747006374,1,0,0
-4.813664369472349,-0.11464307462777583,-623.2143204768906,-8.082959458845608,443.42224732453633,9.088645484527252,1,0,0
-4.824339984757145,-0.14762931238098959,-629.6361886844436,-7.33955307498419,450.63681683698013,8.319840960593035,1,0,0
-4.907322164680309,-0.18863525467236997,-630.8117538548895,-6.800495535995401,452.5284967986512,7.768530775437176,1,0,0
-5.109854723184952,-0.23262128517502417,-628.2751106035228,-6.887427070645344,450.71182391608045,7.862177230091146,1,0,0
-5.454743466315605,-0.2727598469089216,-625.0018702263844,-7.886965503229272,448.25097924882186,8.886733906671589,1,0,0
-5.9300379916556665,-0.300677336551648,-624.8634100544498,-9.864043792905637,449.09004316956566,10.900364395530222,1,0,0
-6.487383367822176,-0.3073101309740537,-631.7110628805092,-12.649713861525857,457.11364757547085,13.722926956079823,1,0,0
-7.049516515050783,-0.28420714172186196,-648.2559867370387,-15.908433250957568,475.01169729227854,17.00569736910729,1,0,0
-7.5250980229630215,-0.2250331867224844,-675.0829628832653,-19.243530679618924,503.2925428756593,20.33946179952766,1,0,0
-7.826737957784644,-0.1270900038670419,-710.238528375145,-22.281153332769804,539.8862287386246,23.340847755352968,1,0,0
-7.8867656792128855,0.007336024787696261,-749.7114590921492,-24.701448291777545,580.6515168853346,25.685349590618056,1,0,0
-7.666411401975765,0.17014677795845898,-788.7205211940193,-26.234574847777004,620.693790528053,27.104421025503108,1,0,0
-7.157654031905153,0.3476252725843523,-823.2470606510788,-26.664768640132092,655.9231147939278,27.389671344186684,1,0,0
-6.380754761855371,0.5220381852321253,-851.0866439312208,-25.870342507999272,684.1203014696101,26.43198374315408,1,0,0
-5.381383218438643,0.6745535635806362,-872.0163531441599,-23.88738534577815,705.1044751550024,24.283476637933045,1,0,0
-4.228570212071077,0.7887323927808254,-887.2091585322198,-20.951024639715616,720.1342534245967,21.196528329296427,1,0,0
-3.011130641978653,0.8534724773366122,-898.3587492818301,-17.467271802609368,731.0103610173377,17.593253804581174,1,0,0
-1.8291346627295297,0.8644760005671188,-906.9594118170314,-13.907600248324751,739.3315347238193,13.957840311038728,1,0,0
-0.779562387156659,0.8239977260006427,-913.9568163410468,-10.672285946766715,746.1273092549898,10.697993158283214,1,0,0
0.06058597002360955,0.7393704861921563,-919.7487747723012,-7.992454916474503,751.8515120315889,8.045793067249212,1,0,0
0.6479590941532365,0.6211198628934469,-924.3841771182429,-5.913482041722728,756.5840549311463,6.041103816234977,1,0,0
0.978348603695423,0.481238072506531,-927.7965236772668,-4.350054411205588,760.2721936384403,4.5882124671049835,1,0,0
1.0823232281012736,0.3317026127240098,-929.9699201187459,-3.168551322793337,762.9030463767599,3.5412465191608478,1,0,0
1.0129501000661918,0.1830624027843058,-931.0111930959658,-2.2522366963087963,764.5782321421023,2.773117290610787,1,0,0
0.8298154104958257,0.04307329016570662,-931.1511735613872,-1.5266529742420971,765.5155133173522,2.2041892963235683,1,0,0
0.5838105129942335,-0.0842699351880853,-930.7097026442757,-0.9470027005739212,766.0163780956466,1.7913200236484728,1,0,0
0.30589548526144483,-0.19878935845108855,-930.0442625097635,-0.4645794939096504,766.4228262089462,1.493740925479085,1,0,0
0.0014893651135281516,-0.3029944088383957,-929.4817787801194,0.006583738831864139,767.0627076299272,1.2371223974540613,1,0,0
-0.3488294854995928,-0.4000138211829764,-929.2233460834677,0.6053134265602012,768.1692022182255,0.89414817029201,1,0,0
-0.7821133818572434,-0.49131125850951635,-929.2188017780404,1.5108375665002995,769.7647122680736,0.29296453828992525,1,0,0
-1.339934490357649,-0.5750737524897218,-929.0299720573394,2.9008268621268143,771.5214641859371,-0.7440276275019186,1,0,0
-2.0515954846885336,-0.6459363105591948,-927.7306862889482,4.888870367124037,772.6434176129809,-2.3392007366658616,1,0,0
-2.9178149837284906,-0.6961836716604622,-923.9167858531439,7.461389400210578,771.84452807968,-4.496187019154206,1,0,0
-3.9001624850289716,-0.7179765492002901,-915.9028174309628,10.441687437604491,767.5078775250015,-7.061665887972628,1,0,0
-4.920922114401392,-0.7057463593076093,-902.142904940119,13.505814206384366,758.075237042333,-9.737747830455941,1,0,0
-5.875552592597714,-0.6578809449537573,-881.8209989730353,16.25551619402688,742.624370728988,-12.151104698298184,1,0,0
-6.655941231343178,-0.5772069532112823,-855.4303685076577,18.323445619076985,721.4609560174041,-13.95483608190474,1,0,0
-7.178276126889372,-0.47035300884916464,-825.0649044040745,19.465160637494296,696.4460487502009,-14.91807721022534,1,0,0
-7.406293078575686,-0.34650303731914106,-794.1652040196241,19.599970274795737,670.791723913666,-14.965449059813647,1,0,0
-7.3609228313948165,-0.21609458083322863,-766.6636398377716,18.794487736143356,648.2536652850918,-14.160048286153858,1,0,0
-7.112004022470472,-0.08974774718241747,-745.7955158665695,17.214440984652946,631.9731033668897,-12.655500036873434,1,0,0
-6.75512557318018,0.02261790716499661,-733.0790799140052,15.080071380607501,623.4626455107275,-10.652677054354717,1,0,0
-6.382845356919901,0.1126723388051289,-727.9170831051865,12.64519701907734,622.1900374815435,-8.381508778053524,1,0,0
-6.061108293361258,0.17464717441473568,-727.9579400695293,10.19308976291354,625.9073946634629,-6.101019355566711,1,0,0
-5.818399586225567,0.20618405857944708,-729.9984950935896,8.023831045265842,631.5202366735987,-4.091598920651256,1,0,0
-5.649373520947748,0.20865563277797747,-731.0202851669603,6.41311397934071,636.0976001854408,-2.6182165841220124,1,0,0
-5.529217843291889,0.18667673149269745,-728.9783983168843,5.549096549805631,637.6458682368689,-1.869720773564063,1,0,0
-5.4318043827420155,0.14691553769455226,-723.134006774939,5.478983844066806,635.4358551945338,-1.904856396245043,1,0,0
-5.344452492781215,0.09664701681008551,-713.9268935669656,6.097079423256583,629.8757347071535,-2.636663589629518,1,0,0
-5.274366503615042,0.04250342906222215,-702.5325000443645,7.181814632921601,622.0714994438716,-3.8638560800707977,1,0,0
-5.245236707543498,-0.01032926635270428,-690.3045503685132,8.463232427876687,613.2758956312491,-5.332556186658519,1,0,0
-5.285970196234658,-0.05836760621383661,-678.2892414733371,9.693126985143635,604.4140815482771,-6.802514687366999,1,0,0
-5.416375188819046,-0.09946145005031752,-666.9462888726207,10.696885646142686,595.8234015852483,-8.097952082721292,1,0,0
-5.636074002739036,-0.13182245770312448,-656.1397937403133,11.397407544114321,587.268833862755,-9.133159704495494,1,0,0
-5.92169224975261,-0.15281912264930356,-645.3661708148227,11.809562318159578,578.1946748070135,-9.909963314839057,1,0,0
-6.233049583086114,-0.15832519160300365,-634.089015315524,12.00947407157272,568.0724533117708,-10.48965891748162,1,0,0
-6.523832343795064,-0.14341271836938177,-622.0095418554574,12.08959068328851,556.6663474096559,-10.949335035678825,1,0,0
-6.75002895977326,-0.10447855918267948,-609.1599313337958,12.11599144981517,544.1042581495789,-11.339131375592501,1,0,0
-6.872643719274251,-0.04188055260821244,-595.8312703853699,12.103069833545486,530.7761015587629,-11.656583588390191,1,0,0
-6.857618419645078,0.03834707736830865,-582.4377593286373,12.011312473555654,517.1749102690554,-11.844886404353492,1,0,0
-6.679363891237315,0.12472582955302158,-569.4086435356281,11.762632103240822,503.78254527446086,-11.809902172853452,1,0,0
-6.3307557880614524,0.20257322117303717,-557.1293269751854,11.262124698005573,491.02276779235206,-11.444188464519886,1,0,0
-5.8351807149011705,0.25741996942458767,-545.9155905371658,10.416929215059577,479.25756570134644,-10.64772176536228,1,0,0
-5.25260322905595,0.278360036155685,-536.0266690047567,9.148776562543754,468.81996981922003,-9.341304213831046,1,0,0
-4.674433954222394,0.2602590366963128,-527.7398497824145,7.402566415733372,460.09565307847896,-7.475093834019401,1,0,0
-4.207317371355742,0.20435583717267605,-521.4677683354682,5.1551412140614845,453.63056866657195,-5.03686856650242,1,0,0
-3.949632649549187,0.11745323530055458,-517.8402497048617,2.425253843676546,450.18912975603314,-2.0612964876568185,1,0,0
-3.9664285982164103,0.010235827185584866,-517.6721657083583,-0.7183211920232679,450.6912160112684,1.3628682501795766,1,0,0
-4.270053352311123,-0.10471940229717518,-521.8056062280361,-4.153051651493911,456.0251632185689,5.090306570504725,1,0,0
-4.814060047918318,-0.21474589473418176,-530.8863471880225,-7.701851177543335,466.80622460403123,8.9199444874765,1,0,0
-5.50483153823177,-0.3083753265970316,-545.1561050988627,-11.134131994338759,483.1695803978927,12.597864695060384,1,0,0
-6.228397516205604,-0.37613802331983665,-564.3125388954181,-14.175070012647893,504.6514502941478,15.828603205301993,1,0,0
-6.882374737872922,-0.41124968319766,-587.4461070521049,-16.53449128945565,530.1606314063937,18.306189360007398,1,0,0
-7.400062176397768,-0.41051248661286055,-613.0451807801901,-17.958640359317723,558.019414693985,19.76804084927074,1,0,0
-7.75818722019271,-0.3752638873373527,-639.081169725802,-18.290580345240823,586.0743000290828,20.0570731326196,1,0,0
-7.968697604554109,-0.3116911952620981,-663.2184684619472,-17.513790458272798,611.9166007195919,19.165958858229722,1,0,0
-8.062129481525787,-0.22983156898038287,-683.1851625994182,-15.759115192796106,633.2510233561071,17.243082346270263,1,0,0
-8.071553464345016,-0.14122903272549933,-697.2585693015355,-13.273478304737637,648.3716245039758,14.558446275596918,1,0,0
-8.02269222568465,-0.05608032114849522,-704.7114096804444,-10.366586404816417,656.5958945447649,11.44633331988573,1,0,0
-7.930972000539299,0.01890837515544348,-706.0242517707504,-7.357994972365441,658.4658131863284,8.248234303590959,1,0,0
-7.8031472280355985,0.08113198389243195,-702.7472570268237,-4.539120392492487,655.6004038605953,5.271764809279818,1,0,0
-7.640687843460597,0.13120570239262577,-697.0473219427945,-2.15036540893268,650.235913050117,2.766355250571041,1,0,0
-7.4431779493578745,0.17132305734798337,-691.1119711002691,-0.3641722329036611,644.623964605251,0.9065024025733692,1,0,0
-7.210978424843333,0.20372733064096735,-686.6251305038445,0.7326090521868309,640.5017577298946,-0.22448456547924706,1,0,0
-6.94686738126839,0.2298450388811645,-684.4723736507269,1.153280185692188,638.791948121881,-0.6470989375526074,1,0,0
-6.656640580627851,0.2501463339131277,-684.722122551274,1.0116443648174027,639.5801532253023,-0.48405768601975296,1,0,0
-6.348898908045953,0.2644621523019154,-686.8268849284548,0.4995651712269364,642.3160473818408,0.06363730540983852,1,0,0
-6.034280157935342,0.2724332483232786,-689.9324787796672,-0.15636845213559808,646.1267788491833,0.7609693730123809,1,0,0
-5.724241836873006,0.27389516516531814,-693.1786078235225,-0.7464189571010366,650.1249051692388,1.3910002986276937,1,0,0
-5.429508661408022,0.26913164433465797,-695.9078081225764,-1.1207252251010913,653.6252363261309,1.7982350637784066,1,0,0
-5.158525705016444,0.25897683649540965,-697.7516053145544,-1.2112491481558663,656.2367769146937,1.9108484377697779,1,0,0
-4.916355360227811,0.24476069156677766,-698.6110064641505,-1.0292743434427165,657.8456067802408,1.7383242432850579,1,0,0
-4.704226297704693,0.2281212465948883,-698.5761606712795,-0.6437640392610774,658.5339675915279,1.3496609881152266,1,0,0
-4.519661981496753,0.21073820980679728,-697.8323827548554,-0.15064288474250134,658.4841083676787,0.8421628536827711,0,0,0
-4.357099016314294,0.19405507195182423,-696.5848651322856,0.35659001142823854,657.9004324995788,0.3113648140420082,0,0,0
-4.209033664960074,0.17906291459723037,-695.0148659857011,0.8073922510216562,656.9633956581529,-0.1701273340571902,0,0,0
-4.06768644209707,0.1662157326471089,-693.2645253210655,1.1627811305233764,655.8126572629931,-0.5615944338282475,0,0,0
-3.9268980598673693,0.15550773524955303,-691.4389076270922,1.413263372875349,654.548407386011,-0.8521606211762333,0,0,0
-3.7836911173547634,0.14666831263710237,-689.6127077092401,1.5701251341688476,653.2385533096589,-1.0518979304196479,0,0,0
-3.6388795154357183,0.13936862897620728,-687.8338856123598,1.6547366925017513,651.923962985559,-1.1809180326618958,0,0,0
-3.4963683785453554,0.13333335138978555,-686.1237940093206,1.689451947958105,650.6208325764112,-1.2601654049403692,0,0,0
-3.361278007732281,0.12831173539874782,-684.478372735397,1.6919548404169973,649.3240005684785,-1.3057951394203315,0,0,0
-3.2375431713336695,0.12394499218649316,-682.874909329591,1.6733552103414013,648.0149882873314,-1.327398965265047,0,0,0
-3.1259756917346806,0.11962738311650156,-681.2850158298379,1.6392521787048735,646.6749280410597,-1.329251877988895,0,0,0
-3.0237655024164383,0.11446564602544526,-679.6903456527045,1.5923459653414285,645.2987784501751,-1.3131388630335663,0,0,0
-2.925916310972596,0.10739126196170475,-678.0953175815312,1.5350270402705974,643.9054442639496,-1.2811736646453369,0,0,0
-2.8282365202321387,0.09740214959109608,-676.5309732176515,1.4707861872260992,642.5386676103426,-1.2374017891662674,0,0,0
-2.7306242287023537,0.08384531865428642,-675.0463858400435,1.4040973707416469,641.2558886061221,-1.187742414440868,0,0,0
-2.6390346571003107,0.06662833941597626,-673.6892480558258,1.339190911306241,640.1071646793232,-1.138578540678509,0,0,0
-2.564966895818671,0.04627749820151479,-672.4836152096539,1.2785317519244246,639.1122263391056,-1.0947635235377902,0,0,0
-2.5223468826343947,0.023833423106323436,-671.4159321370596,1.2218242474853924,638.2468146847485,-1.05795958569056,0,0,0
-2.522824821189417,0.00064896792207918,-670.4373990279805,1.1660737418995724,637.4465764240698,-1.0260851150354369,0,0,0
-2.571259777173907,-0.021820071707418266,-669.4830002165286,1.106720713524851,636.6292028805464,-0.9941672642491085,0,0,0
-2.6632007097195327,-0.04217450043405648,-668.4996983105937,1.0393038542230897,635.7272928056818,-0.9561862148119531,0,0,0
-2.785431271353204,-0.05917957650115113,-667.4721031778506,0.9608252208438899,634.7191825932695,-0.9069685968707859,0,0,0
-2.9194266317518043,-0.07184962002911419,-666.4345801625354,0.8702045741925986,633.6445931135952,-0.843236375379297,0,0,0
-3.0464372373063213,-0.07953160797640209,-665.463766082403,0.7678034839717156,632.5969949678515,-0.7635370211886083,0,0,0
-3.1523692330429185,-0.08198475661823039,-664.6533472978126,0.6545749683856912,631.6940264580026,-0.6675383185710416,0,0,0
-3.230830422111822,-0.07942799288734932,-664.0809958473869,0.5315614585394997,631.0374787106153,-0.555527231037513,0,0,0
-3.283463096109813,-0.0725140967168926,-663.7815694677279,0.400112498185149,630.6798625853127,-0.42864771808357316,0,0,0
-3.3176629623984155,-0.062201162527405526,-663.7378972973424,0.26256559046694294,630.6114444728624,-0.28966662894254114,0,0,0
-3.342672387371721,-0.04953480979120286,-663.8916493441236,0.12266121936199852,630.7711932383594,-0.1434281311001996,0,0,0
-3.3655397060474,-0.03540723459187376,-664.1673856311336,-0.014994800748991111,631.0739305701712,0.0038390763394431813,0,0,0
-3.3883416768884587,-0.02038509337922534,-664.4985733287422,-0.14647964282189604,631.4408156248461,0.14644690214579442,0,0,0
-3.407442896627259,-0.0046799022637458165,-664.8464472731812,-0.2702798890055419,631.822516303844,0.2814235292791295,0,0,0
-3.414774729663833,0.011718509871320748,-665.2079679689155,-0.3878652192780237,632.2103118025932,0.40938497125167717,0,0,0
-3.400509583225059,0.028793738162470106,-665.6137140898929,-0.5022565235812635,632.635385731246,0.5331242258491556,0,0,0
-3.356220166835172,0.04624688197181257,-666.1181437260316,-0.6150813008311161,633.1584954794605,0.6544743734213967,0,0,0
-3.27762944474928,0.06335419048985927,-666.7837947374423,-0.7238332485689171,633.8517140034066,0.7713372289024392,0,0,0
-3.1662779973966053,0.07900758850904452,-667.6602216605081,-0.8210721588566458,634.7737122978294,0.8767341086296028,0,0,0
-3.0297255807737145,0.0919167138914517,-668.7604625331551,-0.8960356804026788,635.942686731354,0.9603375272483732,0,0,0
-2.880203567653595,0.10088323559558035,-670.0424623524348,-0.9376311880242156,637.3159369725734,1.0113778677468077,0,0,0
-2.7319978011488075,0.1050495104951267,-671.4057181168228,-0.9372037518337265,638.7873028591956,1.0212976919472454,0,0,0
-2.5982657917980134,0.10406067232471372,-672.7092949173086,-0.8901175307124276,640.2081567111421,0.9852494655728037,0,0,0
-2.488275757712742,0.0981273532253553,-673.806804077208,-0.7963172316781311,641.4258915763278,0.9026858649729548,0,0,0
-2.4059423737080294,0.08800431938953182,-674.5842798491576,-0.6606417696020117,642.3240904800613,0.7778386626013912,0,0,0
-2.350014478273792,0.07489584216923077,-674.9857516082302,-0.4932951883407668,642.8483626507184,0.6204169713737769,0,0,0
-2.3156134435880347,0.06028312348416307,-675.0193190331559,-0.3099590602873377,643.0109901351885,0.4458820463732877,0,0,0
-2.296355912495727,0.04567903846812129,-674.7469670542237,-0.13047580197680872,642.8785726531362,0.2741463319332979,0,0,0
-2.286234803501287,0.03235641575169126,-674.2666393565282,0.024494352324654755,642.5520989238433,0.12611895741072204,0,0,0
-2.2807671590814067,0.02113198880609133,-673.6934144165627,0.13816028074077166,642.1468564450918,0.018865244581263596,0,0,0
-2.2773723328119644,0.012280384202855998,-673.1420529553081,0.20184326141290967,641.7747574363062,-0.03875617546339072,0,0,0
-2.2752074164675946,0.005599079803332074,-672.7104761365908,0.216934770003013,641.5287661785286,-0.048107514950413585,0,0,0
-2.274701634281101,0.0005793412956990096,-672.4643513940621,0.1937493198230868,641.4693462852493,-0.01962367999668686,0,0,0
-2.276955869651829,-0.0033995049753201556,-672.4252012698003,0.14781167110641036,641.6145440221404,0.030943615395892722,0,0,0
-2.2831385316794695,-0.006920243565473072,-672.5658472350285,0.0950060789232566,641.9365287254274,0.08745347886941772,0,0,0
-2.294023680240471,-0.010435175092365512,-672.8164039082001,0.047128481486538476,642.3672875012143,0.13793257166224748,0,0,0
-2.3098200306310446,-0.014197276402163084,-673.081825834925,0.008928393609289742,642.8147533352217,0.17765969127101472,0,0,0
-2.3303509622489287,-0.018185257680575263,-673.2688503431596,-0.022902837993660795,643.1880088070951,0.21027695967433147,0,0,0
-2.355437239156018,-0.022037266626193742,-673.3165785672957,-0.05883484189535011,643.4266337125375,0.24690844790635538,0,0,0
-2.385118910005062,-0.025047924478063522,-673.2221296016974,-0.11397536265881172,643.5261821617142,0.3035478764206232,0,0,0
-2.419345096833595,-0.02627832990860668,-673.0527690192152,-0.2043260671085136,643.5513543490164,0.39716069518357244,0,0,0
-2.4570599932733472,-0.024772841388868018,-672.9395045165274,-0.3424264623640966,643.6315357752719,0.5411886198229012,0,0,0
-2.4950743005430382,-0.019806215106905257,-673.0526998130156,-0.5332965638824362,643.9384307643129,0.741422392473828,0,0,0
-2.527435114432464,-0.011056678395699748,-673.5649548963884,-0.771744969587553,644.6500227863467,0.9932953511911933,0,0,0
-2.5459218307655362,0.0013557344296131646,-674.6091079061136,-1.0418927017800343,645.9081356772631,1.2813761816546845,0,0,0
-2.5417520941291514,0.016942089371276836,-676.240668531841,-1.3191861793663064,647.7791736994433,1.5812648981670236,0,0,0
-2.507882181700097,0.03494839531266791,-678.4147914737493,-1.5744450911533021,650.22897725996,1.8634329211367913,0,0,0
-2.440917746205926,0.0544197291145494,-680.9863000390351,-1.7788970293400097,653.120962319007,2.098037252776339,0,0,0
-2.3418798948598862,0.07421193216730586,-683.735505585096,-1.9089575390657956,656.2403955290844,2.2595948733438944,0,0,0
-2.2156980162922935,0.09299821584556725,-686.4139913953604,-1.9498153360011656,659.3388311433845,2.330687311617976,0,0,0
-2.069861143706916,0.10933992530161873,-688.7972199307483,-1.8974488033905117,662.1856835603843,2.3043453425166947,0,0,0
-1.9128627021278533,0.12185877839057184,-690.7284748099275,-1.759107217298947,664.6119083030353,2.1850543330506866,0,0,0
-1.7529549788699796,0.12948186387249622,-692.1422752036735,-1.5523213900491555,666.5343794977518,1.9882762586843683,0,0,0
-1.5974529559767916,0.13167370916930993,-693.0631082564,-1.3023921899262405,667.9568959025264,1.7382814859545874,0,0,0
-1.452522577749349,0.12855836548382485,-693.5835959400188,-1.0384420313163674,668.95158910243,1.464301508477331,0,0,0
-1.323164310223433,0.12087639550055514,-693.8317407048305,-0.7885923057708168,669.6297170299501,1.1955807198301613,0,0,0
-1.213063542975135,0.10979150021511544,-693.9380053742409,-0.5753287411156407,670.1117398468036,0.9564612803336672,0,0,0
-1.124180654512827,0.09662032109981311,-694.0102219382975,-0.4122483446266415,670.5037771785529,0.7627901957601579,0,0,0
-1.0562962400216378,0.08258239493899708,-694.1199258982597,-0.30300747356429836,670.8834106138577,0.6205591259602784,0,0,0
-1.0069340612867421,0.06865007130565318,-694.2999144530686,-0.2425667352835717,671.2946383416861,0.5269264356115742,0,0,0
-0.9719461415557618,0.05552543692675158,-694.5505073419047,-0.22008521290424596,671.750296363721,0.47297098297177625,0,0,0
-0.9466594911297221,0.04370530904367911,-694.850958256194,-0.22239667343399105,672.2398102606369,0.4470734497366834,0,0,0
-0.9271310294800088,0.03355765099942261,-695.1723499393165,-0.23706809535399315,672.7399707573546,0.43790414477937245,0,0,0
-0.9109522429202599,0.02741040239243533,-695.4887756092357,-0.25538493216481584,673.2261602586422,0.4430004573382702,0,0,0
-0.8972682084818331,0.022351150880091097,-695.7844480690612,-0.27359505369014414,673.6812989321478,0.4509213350924597,0,0,0
-0.8861112197866419,0.018492432615119014,-696.0557074391704,-0.2869674106731769,674.100451527317,0.4565918504158942,0,0,0
-0.877487032980909,0.015743184762475455,-696.3086863277808,-0.2930298309793595,674.4907812945974,0.45674748847939856,0,0,0
