Pitch_Normalized,Delta_Pitch_Smoothed,Roll_Normalized,Delta_Roll_Smoothed,Yaw_Normalized,Delta_Yaw_Smoothed,Label1_Move,Label2_Bend,Label4_Speed
-1.692476952220403,0.31083247143565984,8.062853831827141,-1.8895882244357722,-12.588927349414178,2.688994835600957,0,0,0
-1.2725419170750882,0.3149340416463578,4.770676429258742,-1.6747278286685088,-8.316686238654853,2.512387896875142,0,0,0
-0.8685262002991436,0.3176387043531556,1.9370938664429218,-1.4726729859856593,-4.492772410743285,2.3376260806207063,0,0,0
-0.4903766485188612,0.32119602060723196,-0.1348385919454813,-1.3184734341952584,-1.4148625764382103,2.2030262883711984,0,0,0
-0.13831459504210386,0.3259458174198168,-1.38508729035172,-1.2203579871687837,0.8560468285906069,2.119070059526169,0,0,0
0.19712729765774384,0.3308465372271144,-1.9855131401839117,-1.1676880172375577,2.485400031836676,2.0768287705430013,0,0,0
0.5309939782516864,0.36754410416266836,-2.245857070072475,-1.254637765429473,3.774455214930768,2.2633790816393615,0,0,0
0.8770912126374526,0.3588264310809194,-2.4849336417349264,-1.01342148850255,5.03528295755541,2.0231036528660042,0,0,0
1.2410354045579481,0.3456829865112411,-2.920368052691913,-0.8021220182142883,6.482703186321345,1.8108105179387408,0,0,0
1.6159884200507406,0.3272678392210949,-3.6140263405484347,-0.6398270489853474,8.179360356015835,1.6445394510396425,0,0,0
1.9829640894062806,0.3029788859972641,-4.483523822467589,-0.5298566047354797,10.044863466979436,1.5271086339740223,0,0,0
2.315722393734106,0.27255171714072474,-5.363538455766758,-0.4601124436790684,11.914350290005189,1.4465276565930183,0,0,0
2.5883036648132673,0.2362162179557501,-6.084126315699962,-0.4094532517181875,13.615332768644123,1.3820703267729884,0,0,0
2.782301743692088,0.1948880426834279,-6.533109081798955,-0.3568985293411373,15.030531933958216,1.3130229777863875,0,0,0
2.8914742649305367,0.150285215793393,-6.683653337706517,-0.28956252266022486,16.12713316833083,1.2263057264342947,0,0,0
2.9226444690649913,0.10484206259989434,-6.586637576974596,-0.2061983617202742,16.950676597766858,1.1200495116898055,0,0,0
2.8931561578091873,0.061362599611996416,-6.34038958725435,-0.11539360910936125,17.59515848266065,1.0021602042679176,0,0,0
2.8259716394717316,0.0224862299450038,-6.053918935146299,-0.029880036344044923,18.165512735419284,0.8851174174588294,0,0,0
2.743887562491878,-0.009847185327275553,-5.815993279294162,0.03996939507312902,18.745760450664292,0.7797933069182278,0,0,0
2.664409046049684,-0.034734190436307696,-5.676009957751177,0.09039042965385705,19.37985547291389,0.6911750206344578,0,0,0
2.5965900855262447,-0.0523538225667707,-5.637459913561202,0.12470166298661241,20.066465509658613,0.6175471758444872,0,0,0
2.540584693184144,-0.06377139359122452,-5.662338819207207,0.1505490504253771,20.765524464593483,0.5528051868095062,0,0,0
2.489831811540512,-0.0706248689643445,-5.684432364968671,0.17585347111219107,21.4132658378264,0.4902138478409682,0,0,0
2.434959839329011,-0.07480325679898811,-5.629204785260384,0.20550452125247318,21.942282140302794,0.42568832130096723,0,0,0
2.3679360392628297,-0.07816435299207995,-5.4366367078403925,0.23993012411826556,22.3026049267757,0.35940892225249,0,0,0
2.284930533152746,-0.08229052327722002,-5.0811470727208246,0.27548154801588964,22.47872846586192,0.29565345672386056,0,0,0
2.1869074681657423,-0.08827713444609486,-4.581854876132439,0.30580556712763496,22.497296961070333,0.24149345043745143,0,0,0
2.0779390714818504,-0.09657874185051014,-3.9988737226215676,0.3233238441491807,22.422395948428957,0.20515060005522515,0,0,0
1.9622440325710784,-0.10696669534361973,-3.4166920381115062,0.32044112064564273,22.339849673189192,0.19446229436971407,0,0,0
1.841503813277484,-0.11864401160596287,-2.9211944775922802,0.29067974612788133,22.336390040152494,0.21545344200329025,0,0,0
1.713818741065296,-0.13050640906787264,-2.579404242284852,0.2300827618627892,22.481400014033127,0.2708729360356571,0,0,0
1.5747972746790424,-0.14145443099657912,-2.4291003777154003,0.13880422194607717,22.817030465145734,0.3588472692721581,0,0,0
1.4201648581043145,-0.1506100518659011,-2.480021158512244,0.02222575220895635,23.357888781523542,0.47220629392047897,0,0,0
1.248519723269382,-0.15732852645705436,-2.722407323981571,-0.10920290037914811,24.096816560335697,0.5990725448702989,0,0,0
1.0628719485841032,-0.16101628429596956,-3.1358090892125006,-0.24171816960912337,25.01133428713227,0.7248435800707143,0,0,0
0.870386223186955,-0.16089574765044432,-3.6931048532600528,-0.3611403335155643,26.0672011585835,0.8350429822207971,0,0,0
0.6808069495067315,-0.15591430170078127,-4.359597354042876,-0.45588025670531634,27.219359900275123,0.9180753484930534,0,0,0
0.5046538069113069,-0.1449331766371742,-5.090902726413049,-0.5189245534157806,28.413121397131945,0.9669202523854367,0,0,0
0.3520811896113827,-0.12717260101501182,-5.83387373420274,-0.5481268001187516,29.588285473896335,0.9792568524045905,0,0,0
0.2325463367730407,-0.1027180838494445,-6.532597812747923,-0.5449540167568927,30.686819862360466,0.956239890257757,0,0,0
0.15467572405748342,-0.07281771198208845,-7.1382068093380155,-0.5125960856906999,31.66215349896366,0.9007906194756444,0,0,0
0.1254655083073004,-0.03977648002733787,-7.618345911873206,-0.4546193090185483,32.4862329890001,0.8164722248025427,0,0,0
0.14843884795419626,-0.006442754526132433,-7.96128915969976,-0.3749780732031411,33.15045730556945,0.7076506170083945,0,0,0
0.22133888477493713,0.02451390385744361,-8.171947491550497,-0.2793322672758535,33.65921546291327,0.5808158764994544,0,0,0
0.33469482876321877,0.05121957916398116,-8.2617699461195,-0.1766499731069871,34.019240481888716,0.446036923161499,0,0,0
0.47262142291357634,0.07284350346751012,-8.239297943445536,-0.07962968865486175,34.23192340660893,0.31715555745802676,0,0,0
0.6163794042454072,0.08942554558075386,-8.109378086074287,-0.0030457313165328515,34.29586607035907,0.20994574872213292,0,0,0
0.749792845485743,0.10148630249343996,-7.884225399171584,0.03953963660557065,34.22128016212649,0.13877510302106516,0,0,0
0.8642769812511943,0.10972905870802521,-7.600373465272611,0.03912165160962502,34.048654705511325,0.11333926764246342,0,0,0
0.9609813714481419,0.11501434245314783,-7.328894699296541,-0.006984282706966383,33.85837543694073,0.137011970676744,0,0,0
1.048931179865022,0.1185248080497047,-7.168664122503344,-0.09559805060825681,33.76161098618499,0.2073287315090681,0,0,0
1.1403285332417,0.12184673900827647,-7.2229495458174995,-0.21964782071410696,33.87398401921075,0.3178464276597907,0,0,0
1.2457294350344483,0.12672388963514009,-7.57007264360351,-0.37018093125543033,34.28384998199408,0.4599404616229762,0,0,0
1.3714823093064155,0.13447875623726588,-8.241790318620161,-0.5372265201361358,35.02933516968071,0.6234735274240976,0,0,0
1.5199429092602657,0.14538032628702952,-9.217750452202068,-0.7094732159799975,36.0925277969794,0.7964238669282295,0,0,0
1.691088812996341,0.1583516756780085,-10.435776150586605,-0.8738141659169116,37.410387683206835,0.9645669571444003,0,0,0
1.8836183005968081,0.17124529859819546,-11.81118739862859,-1.0159355497003077,38.89527068658883,1.1123178480249094,0,0,0
2.094580407858402,0.18156602064919697,-13.256490600532942,-1.1222458488218792,40.456015436367466,1.2249113960597355,0,0,0
2.3180802441214894,0.18724788493314576,-14.695105625072586,-1.182396444864736,42.01289337479362,1.291084753847258,0,0,0
2.544498128228227,0.18710312391067702,-16.067036358465657,-1.1912594424588179,43.504045008384736,1.3051103039097043,0,0,0
2.7613841658469767,0.18082886538175416,-17.32801961950642,-1.1496193131441657,44.884789466434086,1.2674645765427897,0,0,0
2.9559887397336695,0.16874407209618453,-18.44540803403629,-1.0635306948850598,46.12309797980811,1.184123790015785,0,0,0
3.118208284365906,0.15152429973564524,-19.39403709225087,-0.9427952320298829,47.19469752046666,1.0649646101432821,0,0,0
3.2425135484131857,0.1300926891997065,-20.15438474320834,-0.7991239352718026,48.08043820877775,0.9218513176833909,0,0,0
3.328231563077807,0.10564905478497053,-20.713943583643726,-0.6444002029864748,48.767173562407294,0.7668437041320757,0,0,0
3.3785295339581864,0.07970466895961721,-21.071083099437203,-0.48928485462389515,49.251625583364685,0.6107924674527482,0,0,0
3.3988612979532604,0.05398927102435493,-21.23913971892742,-0.3423292525581928,49.54491678802165,0.4624927839051409,0,0,0
3.395507299855467,0.030197373704912423,-21.247729953250968,-0.2097045748533418,49.674528613201375,0.32846465079460074,0,0,0
3.3745707919711947,0.009672558038714385,-21.139107654937334,-0.09549463052225349,49.68133041611438,0.21324507325916642,0,0,0
3.341544817824399,-0.00681549021519885,-20.95988490470461,-0.002276486990550097,49.61196968291222,0.1198800427740423,0,0,0
3.301276876090526,-0.019109978030822105,-20.75131214508835,0.06839230196047766,49.509717305485495,0.05025401248541641,0,0,0
3.2579624767827937,-0.027541948167025508,-20.54245378256971,0.11583220001829489,49.407744487754115,0.00507390754431043,0,0,0
3.21493386475305,-0.03272360337699354,-20.348983397473404,0.14041097498205204,49.327148253058326,-0.016368303914698856,0,0,0
3.1743586462611972,-0.03534036802651315,-20.17714961311384,0.1437436490111935,49.27923863651817,-0.01631804172902207,0,0,0
3.137131782769586,-0.035995919532348354,-20.03002056403895,0.12861282715245465,49.26971368726146,0.0017188237228438652,0,0,0
3.1031100522879314,-0.03513628427431144,-19.912761099254254,0.09851699967156832,49.30236465880779,0.03364169739088822,0,0,0
3.071625264183325,-0.03305002170404947,-19.8350299691069,0.057070856552323336,49.38123374887466,0.0754803478614889,0,0,0
3.0421036195903355,-0.029925230741643816,-19.810293463139033,0.007640879452281979,49.511348195911154,0.12376534453011061,0,0,0
3.014611596647711,-0.025948725697047335,-19.852979383412787,-0.046550663153479374,49.698518653342816,0.1753581669502438,0,0,0
2.990181975081285,-0.0214312505285875,-19.974714907988925,-0.10196777165706691,49.9483866568211,0.22692419348747422,0,0,0
2.9707766590500313,-0.016912139693805273,-20.180603579565116,-0.15432636328079355,50.264520784100384,0.27446662066424776,0,0,0
2.9587101693663556,-0.013170204767806126,-20.46604498804689,-0.19855320933583584,50.64539793305522,0.3132880809203044,0,0,0
2.9554466077825765,-0.011095594262199882,-20.814490029008198,-0.22928736340181785,51.080729922560764,0.3384873643416796,0,0,0
2.9600461409753223,-0.011452303780710337,-21.19682732968451,-0.24183185740795352,51.548480571392915,0.34584229920793347,0,0,0
2.9680103858315334,-0.014623440836766121,-21.573284196846885,-0.23331371993542688,52.014379893903936,0.3328158844781825,0,0,0
2.97140800460987,-0.020440537559960604,-21.898293192612613,-0.2037318002473313,52.435245468010834,0.2994238068268288,0,0,0
2.9606693215613262,-0.0281599890749078,-22.127903603125077,-0.15653408207917324,52.76610739229146,0.24872207240787958,0,0,0
2.927580581783232,-0.03659110751589765,-22.228612037218568,-0.09841398084299442,52.96977118799049,0.18669248967738383,0,0,0
2.86837718828005,-0.04432958195587986,-22.186116582767056,-0.038210796757161346,53.02667749812464,0.1213957175113336,0,0,0
2.7857765994816788,-0.050027957321509574,-22.01203291046224,0.014871711990227254,52.94262472508939,0.061495059214027495,0,0,0
2.6891767683009533,-0.05263956115882422,-21.745944400356848,0.05318200071293973,52.75174150817918,0.014566889673847071,0,0,0
2.592799094207379,-0.051585344131213164,-21.450184796476833,0.07199852229805401,52.51232282982906,-0.014208941242480932,0,0,0
2.512150788223778,-0.04680878164283371,-21.19659799657981,0.06992731815380751,52.2946870976741,-0.022544429025738565,0,0,0
2.4597665677602265,-0.03871503081328172,-21.048110209782237,0.04838972043358467,52.16343116353319,-0.0107393809133427,0,0,0
2.441614774243291,-0.02803455832383577,-21.041464189717487,0.010718980275908053,52.160048790642406,0.01898706082671282,0,0,0
2.4555545632977385,-0.015678030413279486,-21.178307969632073,-0.038571688036159915,52.293156055586024,0.06302951108437753,0,0,0
2.492581505132989,-0.0026324957623828026,-21.428630421587002,-0.09416155935805932,52.540663102034074,0.11661863432482847,0,0,0
2.540430273650415,0.010101637233746885,-21.74471483288272,-0.15019400416567805,52.86237737885706,0.17398319266860368,0,0,0
2.5880316050416923,0.02157875839492789,-22.078926780007976,-0.20083862370140082,53.21654810639177,0.22886476129815633,0,0,0
2.628996295348884,0.031028320646231577,-22.397749790823838,-0.24125704065926074,53.57291983593316,0.27554352242800206,0,0,0
2.6628518106771253,0.03802046846652871,-22.68755999393744,-0.2686386123481782,53.917927851427464,0.31004884820406176,0,0,0
2.693815466544848,0.04259926904228166,-22.952124838133614,-0.2827305305907203,54.2521547565151,0.33091926119184906,0,0,0
2.727938372173057,0.04528500565444347,-23.20498423359382,-0.2854701860692188,54.58333471065566,0.33904029606293873,0,0,0
2.7700497742225423,0.046906917194213804,-23.460680616374844,-0.27982754819416583,54.91886638781321,0.3366304796560229,0,0,0
2.8218194589085783,0.048319878029468556,-23.72785031319927,-0.26842153844898176,55.260537272683024,0.3259432727363475,0,0,0
2.881547253720555,0.05011333954255548,-24.005613275539275,-0.2525714636661093,55.602348667504515,0.308347847789085,0,0,0
2.945431561677424,0.05242297125962096,-24.28333228227919,-0.23215793016107114,55.93106606266346,0.2841475333982757,0,0,0
3.009499445592553,0.05492304046995287,-24.54299031482438,-0.20622688806411701,56.22868217541729,0.25306681699301947,0,0,0
3.071230385336378,0.05701215738617549,-24.763142164497793,-0.17393732465963013,56.475980833755244,0.21504449595444441,0,0,0
3.1301296907744387,0.05811310370911258,-24.92346442748493,-0.13536923196899692,56.65639831382401,0.17090901798512165,0,0,0
3.187081523273335,0.05793735932626447,-25.009139295548152,-0.09186764018702434,56.75940318541022,0.12264755482269436,0,0,0
3.2430458712443766,0.05657154357531056,-25.014393718774784,-0.04586962094712703,56.78282292644529,0.0732030656839413,0,0,0
3.2980599460348117,0.05432782172448469,-24.94435748019012,-0.00037184549344999597,56.73377967020011,0.025916181169279184,0,0,0
3.351180811313668,0.051416791174922594,-24.814372936064814,0.04173423847336153,56.62795656766443,-0.01618835550430049,0,0,0
3.401193052171223,0.047602453685749425,-24.646526715069513,0.0782500155608659,56.48701282090997,-0.05104742890651011,0,0,0
3.4472626894736607,0.04204390158958802,-24.464309485010546,0.10800177966600302,56.33437932434393,-0.07790962801678063,0,0,0
3.4887097789222707,0.033470314655527036,-24.28705073721369,0.1308049221806044,56.19022787435625,-0.09723182274451006,0,0,0
3.523667357341779,0.02066834138533551,-24.125647930090764,0.14709750305384545,56.066798620374286,-0.11016586565710185,0,0,0
3.547254922193872,0.003071713533016407,-23.980642008889134,0.15745808578950288,55.96550654469014,-0.1179149949611599,0,0,0
3.550568706670319,-0.018836370339049325,-23.8434466308249,0.1622913390504351,55.87730203365621,-0.12131785894773088,0,0,0
3.5217846698286053,-0.04350502767041462,-23.701090073742108,0.16184870608581434,55.78708495796512,-0.12085480209763944,0,0,0
3.4497292850977317,-0.06867217354461701,-23.54341868823633,0.15651084511972044,55.68116426987427,-0.11696961189485933,0,0,0
3.3287770813649757,-0.091898569218327,-23.369776622295092,0.1470593427741335,55.55462972058851,-0.11037333707311063,0,0,0
3.162817107923175,-0.11102847533135787,-23.191459545560463,0.13467163801984441,55.41477797818712,-0.10202735596837584,0,0,0
2.966142775467077,-0.12442572261165168,-23.02803965421137,0.12059367124992945,55.27846479993357,-0.09278069420522428,0,0,0
2.7605409540274906,-0.13100208468814287,-22.89920103381334,0.10568865449514533,55.164683205395335,-0.08292243612921908,0,0,0
2.5697240867390008,-0.13016738523140106,-22.816457309472355,0.0901137541723159,55.08649450362515,-0.07194913760857417,0,0,0
2.4133826040282003,-0.12181995557795773,-22.77893154989232,0.07321767148862648,55.04652506069053,-0.05862877352771676,0,0,0
2.3029976960773553,-0.10639603358693676,-22.77470529638984,0.05356256100371013,55.0376996026379,-0.041198812192324394,0,0,0
2.24054785978889,-0.08490016619315525,-22.786560085873447,0.028945261286017397,55.048077672364016,-0.017494411699661327,0,0,0
2.2201108175145947,-0.05881868950754523,-22.79995253201895,-0.003560047358473639,55.06759358187938,0.015020402932336196,0,0,0
2.2315297293181544,-0.02988704642072264,-22.811241973350064,-0.047357187384884016,55.094876534597105,0.059131677427268416,0,0,0
2.264816745495608,0.00021233280334485017,-22.83415101225799,-0.10571511266934693,55.142641598665264,0.11743748817341385,0,0,0
2.3138154459916223,0.03008317036677255,-22.90200693270029,-0.1808368095216565,55.239833861190505,0.19156384250985353,0,0,0
2.3779558803916245,0.05867014420774978,-23.063640127796106,-0.2729004223753634,55.428668829256935,0.28128486696836175,0,0,0
2.461670489820264,0.0851238158299168,-23.37277290766218,-0.3794104766735643,55.75599997966802,0.383911076366018,0,0,0
2.5718474147724493,0.10857027522770721,-23.873608436165824,-0.49503495698756694,56.260869385359285,0.4941715740801335,0,0,0
2.7142143076959258,0.1279371245873378,-24.587299645108885,-0.6119161367014726,56.96216348578906,0.604582026437172,0,0,0
2.889699138154853,0.14196109208058375,-25.503709520143474,-0.7203814391475902,57.85054827232152,0.7061669626620883,0,0,0
3.091786018088058,0.1493987650768517,-26.58066485260909,-0.810020815742115,58.887188436024196,0.7894411225209886,0,0,0
3.305813569791667,0.14934088555930317,-27.75030210189462,-0.8711055353091496,60.009309322680714,0.8456257076328668,0,0,0
3.5109009751915323,0.14147876956655664,-28.93040334036479,-0.8962089152773245,61.140696798968825,0.8680333493789647,0,0,0
3.6844276663014455,0.12622516271929812,-30.037965403733892,-0.8817036027678512,62.20431122528615,0.8533901962851658,0,0,0
3.8078030967601393,0.1046958632145774,-31.00221509012144,-0.8287088626861105,63.13424508640039,0.8027229476364042,0,0,0
3.871364735984656,0.07862049722084379,-31.7746954808876,-0.7431572531167092,63.884925905585604,0.7214754235172606,0,0,0
3.8764581854858307,0.05022938029616455,-32.33486206043543,-0.6349057852901581,64.43633347345767,0.6187363720726374,0,0,0
3.8340990419654304,0.022095628677000434,-32.690644463844336,-0.5160924577959236,64.79477134821094,0.5057352708222502,0,0,0
3.7611729398416998,-0.0031250441951087282,-32.87438827196999,-0.39912045210006963,64.9893929621531,0.39397195738201346,0,0,0
3.675904110363291,-0.023070351848102178,-32.935282051310566,-0.29470815692352803,65.06530250749412,0.29342100594333403,0,0,0
3.5940798210497036,-0.036081229223084675,-32.92972270551067,-0.21038623211241828,65.07455215675057,0.21117890750099164,0,0,0
3.526769856561671,-0.04150292155397182,-32.911226679853854,-0.1496817636374203,65.06666203090322,0.15074874502847563,0,0,0
3.479650533240445,-0.03976528740020768,-32.92160786136549,-0.11206124609597339,65.08041637278896,0.11197930004920523,0,0,0
3.4537241478204237,-0.03222293584289844,-32.98504697296917,-0.09356299977895902,65.13852128471949,0.09156891223424139,0,0,0
3.4469908045292925,-0.02082099523359915,-33.10607741124562,-0.08794328646449116,65.24603416141031,0.08400294275190419,0,0,0
3.456335520444938,-0.007689828761070316,-33.271513117261804,-0.08808249176255459,65.39241335587036,0.08276371818152484,0,0,0
3.478805311483754,0.005231646972366377,-33.45547452139516,-0.08736817206925025,65.55612647394972,0.08161102490166172,0,0,0
3.511869683536446,0.016465407475121197,-33.626274461633926,-0.08080473207497789,65.71046047055336,0.07569959393283625,0,0,0
3.5529629875057083,0.02510532623955868,-33.7538211366149,-0.06567749244502749,65.82942238967215,0.06230766403063228,0,0,0
3.599005822752588,0.030760838748679475,-33.81610696893611,-0.04170216214699281,65.89293968930937,0.0410305332561677,0,0,0
3.6463962907733674,0.033385290666595326,-33.80340442620317,-0.01070753494320229,65.89066240576719,0.013453303669351158,0,0,0
3.691423931312883,0.033090832822874464,-33.71927400060363,0.02400382844394926,65.82365797023158,-0.01751134284473892,0,0,0
3.730703795636032,0.030044800227655342,-33.57838278581576,0.058439383533459476,65.70349301309528,-0.048367154806726376,0,0,0
3.7613325353072184,0.0244747720105849,-33.4020685944391,0.08869686149732274,65.54882661728116,-0.07568482008189789,0,0,0
3.7808437111952458,0.016735426970753052,-33.213152760677644,0.11163474243511473,65.38056719810382,-0.09661713495073343,0,0,0
3.7872438486736826,0.007365017635559923,-33.03147483282231,0.12534639429802324,65.21729992742297,-0.10929794391720264,0,0,0
3.7792533137603073,-0.0029155446659558494,-32.871080686060566,0.12935992640172173,65.07245492588245,-0.11309548830091103,0,0,0
3.756617403642295,-0.013267869333802196,-32.7393058466607,0.1245122953117999,64.95361226973438,-0.10861596359953438,0,0,0
3.720317257213239,-0.022846722715515,-32.637473712263755,0.11251586959488122,64.86325104016481,-0.09737344272022597,0,0,0
3.672655999108187,-0.03093271685989265,-32.56264302595588,0.09534910196663589,64.79996025013735,-0.08119886779888077,0,0,0
3.617240844113809,-0.03706557854296903,-32.509805162185955,0.07470246042004476,64.75970752275808,-0.0616488046252698,0,0,0
3.558745237974861,-0.04114650802593474,-32.474151047485634,0.05170313297905409,64.73749833423624,-0.039716291739974,0,0,0
3.502236568480882,-0.043464353553045496,-32.45322408986695,0.026998277077004217,64.72975858589302,-0.01596682142287307,0,0,0
3.452005366708292,-0.04461495249168905,-32.44857757477274,0.0010865213404144924,64.73683793929236,0.00905393675291748,0,0,0
3.4101879257655554,-0.04533404027476991,-32.4661281564772,-0.02531932187209236,64.76407915185112,0.03445124488130631,0,0,0
3.375778768414335,-0.04631005539081059,-32.51444350303177,-0.05108502145465934,64.82013701002323,0.058886008954570454,0,0,0
3.3446097782298523,-0.048036813130303814,-32.601097915290524,-0.07466821595288024,64.91278671165372,0.08075822553386161,0,0,0
3.3104678787254045,-0.05071421823848112,-32.728440633256554,-0.09429661315259921,65.04415163726355,0.09848599185557134,0,0,0
3.2669768544655398,-0.05416502072952056,-32.89066693098468,-0.10821309253686877,65.20776348897787,0.11069695940532114,0,0,0
3.209555445200081,-0.05775305742104138,-33.07349324050247,-0.11493341885981181,65.38882033968305,0.11631068963374816,0,0,0
3.1368727128107707,-0.06034995422474054,-33.25648732171476,-0.1135151518304383,65.5672897780967,0.11463178309134321,0,0,0
3.05160305559005,-0.060441041908161706,-33.417117179011626,-0.10381223306130778,65.72235825279195,0.10553535837262729,0,0,0
2.960586361185676,-0.056434365043290316,-33.53535501523564,-0.0866037636898028,65.83672817994623,0.08964908997956514,0,0,0
2.874474792497878,-0.04714012634174338,-33.59791176337086,-0.06345643163930959,65.89994483562984,0.06832629557961382,0,0,0
2.80668838351815,-0.03227072838305247,-33.60127967478158,-0.03629760398954431,65.91039698276455,0.04330818430748451,0,0,0
2.771368349332718,-0.01274166775317127,-33.55256583364485,-0.006880363516691546,65.8754905937495,0.016215146321070507,0,0,0
2.780266127796949,0.009408828751099918,-33.46713555218855,0.023564345325746673,65.80927761144937,-0.011834410703143306,0,0,0
2.8390666153079707,0.03150579383167269,-33.36300494964965,0.054295664865153984,65.72741459305969,-0.040253197841252586,0,0,0
2.944269570635015,0.050948523661894285,-33.25364297088012,0.08471145638266933,65.64084533205272,-0.06868027395105827,0,0,0
3.0821387676683685,0.0658452909987517,-33.14229687566939,0.11394021963127443,65.55097180289376,-0.09656922921011386,0,0,0
3.23096100032177,0.07532376492960821,-33.02084386845729,0.14064657271686087,65.44894567106526,-0.122927964041709,0,0,0
3.366660993906777,0.07946179937446943,-32.874160530360086,0.16315828913475058,65.31982627437942,-0.14633684846434675,0,0,0
3.470071597804619,0.0789831247677597,-32.688240451408944,0.1798175873240467,65.14992544043565,-0.1651887065329106,0,0,0
3.532927702485395,0.07494609911898209,-32.458509567058115,0.18933587788118017,64.9342525435287,-0.17798073041662477,0,0,0
3.559926032814232,0.06858565456841177,-32.19481394761297,0.19095810990819756,64.68111734234746,-0.1835136153939189,0,0,0
3.5659863430774124,0.06130773454225391,-31.920982942297343,0.1843990265390289,64.41212210910604,-0.18098062482586386,0,0,0
3.570097375474546,0.05469414982297849,-31.668959678948085,0.16968221979444706,64.15739054612027,-0.17003308768109235,0,0,0
3.5885276064977916,0.05035615802179905,-31.469646170837848,0.14706477719676628,63.947607288893444,-0.15089864143546522,0,0,0
3.6301261163191327,0.049599588761550704,-31.344061871798147,0.11714437480005983,63.80570917811353,-0.12454538249513263,0,0,0
3.6952161130909076,0.05304261936907011,-31.2983066102791,0.08110865490137371,63.74116555463512,-0.09282385403193842,0,0,0
3.777902498551555,0.06041124961661524,-31.32402167051282,0.040978533064929934,63.74861479425434,-0.05849851137369484,0,0,0
3.8702225741247673,0.07064873308400763,-31.403512758392424,-0.0003520537738523899,63.81083986002477,-0.02506974944581657,0,0,0
3.966067485420126,0.08228369601835368,-31.516796703408346,-0.03943151074620062,63.904471615484326,0.0036855599174344888,0,0,0
4.063353896176096,0.09385723652995495,-31.64742301804438,-0.07290539914296516,64.00601400320932,0.024409381683164356,0,0,0
4.1640385289803845,0.10420546562713895,-31.78502861696367,-0.09828156031080937,64.09613222861051,0.03489003796108392,0,0,0
4.272473673917489,0.11251161329364123,-31.924503480035867,-0.11447518674742412,64.16142461464787,0.034554140926273645,0,0,0
4.392934335658083,0.1181904348130729,-32.06327478641009,-0.12190424894897092,64.19424614529461,0.024544112539614103,0,0,0
4.527099971797341,0.12075156677421717,-32.1987001622675,-0.12213563842486508,64.19170110572509,0.007375464518200659,0,0,0
4.672180772590522,0.11976044615138193,-32.32687747490624,-0.11728529215893672,64.15460955772437,-0.013676826387931839,0,0,0
4.82033224602732,0.11490969782626195,-32.44305847775334,-0.10944906102893129,64.08670696389785,-0.03523485898502017,0,0,0
4.959806846682284,0.10612623551247254,-32.54306416000253,-0.10037797592952699,63.99405591965048,-0.054308267890893804,0,0,0
5.077738241866939,0.09363859989841927,-32.624869142641074,-0.09146030550944886,63.88459450520678,-0.06851846986024199,0,0,0
5.163671946933945,0.07799085632768055,-32.68964962499771,-0.083909780321153,63.76770335160501,-0.07610018818398814,0,0,0
5.212450874438716,0.06003803844907622,-32.74191362833369,-0.07896728047157638,63.653665413359114,-0.07581700011319512,0,0,0
5.22530088410511,0.04094818217436824,-32.78880837625894,-0.0779432199937105,63.553049549701576,-0.06692573478820804,0,0,0
5.208859672901681,0.022179795461194373,-32.839106535130355,-0.08203171448991498,63.47623991604545,-0.049254322658654814,0,0,0
5.1728428989348885,0.005358246265336675,-32.90237258962162,-0.09194914727716252,63.43324426345473,-0.02336983172783249,0,0,0
5.127480356288103,-0.00799749244776109,-32.98837296698326,-0.10753486125079234,63.433531104593136,0.009256349027526057,0,0,0
5.081662594334205,-0.016841798823892872,-33.106309674843345,-0.12747830807545882,63.48535220984229,0.04620358636426829,0,0,0
5.042130200639264,-0.020907092368088343,-33.26337562265249,-0.14930591477299798,63.594163737311305,0.08426139036788172,0,0,0
5.0133893093356505,-0.020792093974299063,-33.462555632774155,-0.16968592672973273,63.76035760237215,0.11980570142558448,0,0,0
4.997763317389328,-0.017793309347091224,-33.700217755149,-0.18501161644699665,63.97715799548204,0.14932970968242715,0,0,0
4.995253958695017,-0.013570165780377863,-33.9644327057523,-0.19212650562199088,64.22973921524769,0.17001030084870122,0,0,0
5.003379950757832,-0.009783122717844605,-34.23497277606367,-0.18899095678656863,64.49627931703793,0.18016398463493247,0,0,0
5.017379944362119,-0.0078044618245840525,-34.48566764355627,-0.17509222624604207,64.75110656395742,0.17946194555635914,0,0,0
5.030926579430769,-0.008535269478413455,-34.68922269960032,-0.15147905219389485,64.96953701286972,0.16883968175173436,0,0,0
5.03714124113111,-0.012319938344688808,-34.82363764584153,-0.12042844014748652,65.13334727194174,0.1501357033947343,0,0,0
5.029649129109657,-0.018941596250489568,-34.87828253484895,-0.084882686968308,65.23517095094246,0.12559313547714837,0,0,0
5.003617976088364,-0.02769312165572302,-34.857231937303766,-0.04787530283982448,65.27997166540588,0.09741431470752956,0,0,0
4.956777505855129,-0.037524100587462784,-34.77816614459144,-0.012129917695978066,65.28256055482865,0.06751453362225845,0,0,0
4.8901899258887624,-0.047246153444213235,-34.66684003424902,0.02014154304964393,65.2617146363195,0.03746839047400954,0,0,0
4.808347354884432,-0.05574648336664154,-34.54904462483208,0.04737277890184828,65.23308935025352,0.008497314796207434,0,0,0
4.7183227421377865,-0.062149229968090934,-34.443185734150546,0.06883318180718448,65.20388236232299,-0.018633965009547636,0,0,0
4.628138944883204,-0.06589964846802729,-34.35627195302345,0.08481572583140462,65.17142465326052,-0.04375928439863515,0,0,0
4.544918409919987,-0.06679535033201348,-34.28425221305983,0.09659218379940171,65.12579046869752,-0.06727239897015949,0,0,0
4.473461745764354,-0.06499702710640207,-34.21549491058184,0.10593937808778264,65.0545101608318,-0.08972771689224004,0,0,0
4.4156489414502005,-0.06101323194338022,-34.135305827769685,0.11429653296498828,64.94700762184627,-0.11115308697486341,0,0,0
4.370652644429384,-0.055619767004569096,-34.0301252765349,0.12191579230689342,64.79757810695611,-0.1304366716142674,0,0,0
4.335664472768229,-0.04968511962459843,-33.89131009930975,0.12748184306076382,64.60724767570429,-0.1452391690924138,0,0,0
4.306807234791108,-0.04392383019906276,-33.71877236371361,0.12848150448988918,64.38528338590625,-0.15264967956734238,0,0,0
4.28005760645496,-0.038657276037274355,-33.52387470459914,0.12220014793431914,64.15018376657086,-0.15036244721211744,0,0,0
4.2521496848387415,-0.033691729902932364,-33.329886701763144,0.10687404354295041,63.92872263411085,-0.1378016777474599,0,0,0
4.221471545891802,-0.02839772846524937,-33.16836730354291,0.08246320217517393,63.75149067139885,-0.11661465729447543,0,0,0
4.188900642892577,-0.02198722775622173,-33.07145690812456,0.050749931512470425,63.64492785758709,-0.09029104116186489,0,0,0
4.158345649547243,-0.013876382426371948,-33.06225073371664,0.014834435899115306,63.62216599657634,-0.06311927269292497,0,0,0
4.13654444673503,-0.0039625197686376625,-33.146754475152335,-0.021647743421453924,63.6764933833572,-0.03898606834146747,0,0,0
4.131671656797707,0.007319134056899657,-33.310673806017945,-0.055243420225301064,63.780861048901514,-0.02052086132533191,0,0,0
4.150780366867167,0.01917493617396815,-33.5226259614102,-0.08314665310705323,63.89466769533746,-0.008834412972598215,0,0,0
4.19690064850451,0.030753889381715284,-33.742965740318596,-0.10340288861107752,63.97605494877504,-0.0037709984508033758,0,0,0
4.267182037104732,0.041396870001702266,-33.93524979792815,-0.11495361290452592,63.995422702491574,-0.004367032383197511,0,0,0
4.353248947023957,0.05071720302657497,-34.07630890685215,-0.11764211513243197,63.94497515331754,-0.009197768461742584,0,0,0
4.443899046578423,0.05852821934538497,-34.161353232833676,-0.11223720775039112,63.840378504384866,-0.01648775189540359,0,0,0
4.529010439708955,0.0647368846146776,-34.20239618965368,-0.10041879449347561,63.713780686890814,-0.02411581181738285,0,0,0
4.6028693429095995,0.06931542759999303,-34.22099303716982,-0.08459494466646902,63.60125753375512,-0.029770001444590834,0,0,0
4.665517679812993,0.07236384432594747,-34.23867188504096,-0.06746618462022695,63.530188311958916,-0.031406861076824555,0,0,0
4.72182664018888,0.07418042104954026,-34.269126552656246,-0.05139596458629114,63.51161586440316,-0.027920467574990938,0,0,0
4.779040502944483,0.07524279650886853,-34.3148617509527,-0.03778328752641471,63.539702930727685,-0.01971216619808942,0,0,0
4.843934642867097,0.0760715614501251,-34.36857540807489,-0.02668939029746866,63.59696768089155,-0.008814481445979539,0,0,0
4.920539091763985,0.077043397265669,-34.417627586520865,-0.016916484487578032,63.66198633800679,0.0016054115758755926,0,0,0
5.008986247600134,0.07826665984628249,-34.44920944379106,-0.006562012186665811,63.716218026741664,0.008229917350013239,0,0,0
5.105676912112642,0.0795913833612019,-34.454141782116295,0.006160905231919855,63.74785349133665,0.008658065537542114,0,0,0
5.204614661079674,0.08073161028438136,-34.42824713580836,0.022183679177666706,63.75223368992507,0.002101042680144616,0,0,0
5.299444412365645,0.08141032530114103,-34.37156103452946,0.04120931100168832,63.72983480264957,-0.0105358973798225,0,0,0
5.385535941372424,0.08144602185348333,-34.28661315903648,0.06179993018200207,63.68355670725525,-0.027117416499640258,0,0,0
5.461431513425012,0.08075978811985322,-34.17706283272176,0.08184065675472993,63.61676896733434,-0.04502177374139791,0,0,0
5.529142743032693,0.0793306082492606,-34.04728976087958,0.09919697779695866,63.53262629120461,-0.06187751853344921,0,0,0
5.593143755955893,0.07713459224925856,-33.90276864093582,0.11233956269956594,63.43434395692946,-0.07608597835566186,0,0,0
5.658394861401931,0.07408885979209856,-33.75057610625487,0.12071943424543577,63.32579351589515,-0.08702028702978666,0,0,0
5.728136972962517,0.0700103559416874,-33.599221018973566,0.12476856300484371,63.21176860059281,-0.09489278865614423,0,0,0
5.80229233009274,0.06460026166654416,-33.457239665821476,0.12555698057507242,63.09744284140717,-0.10038190456601156,0,0,0
5.877022834605228,0.05746593875742292,-33.330746155120636,0.12427682679084455,62.98699370778003,-0.10417829516007729,0,0,0
5.94550325900066,0.04818963531179179,-33.221052793354005,0.12178162886397104,62.882030819627204,-0.106627932427417,0,0,0
5.999547971782519,0.03644777415655369,-33.123875404481026,0.11837077739074572,62.78090691608813,-0.10760931441461992,0,0,0
6.031538558037866,0.022169162283896073,-33.03104335328575,0.11388440217511117,62.679737661595134,-0.1066770853054976,0,0,0
6.036090900999241,0.005687842390025821,-32.934294564813314,0.10800547437646343,62.574986015733565,-0.10336592327557667,0,0,0
6.011039096150611,-0.012184683503355132,-32.82947347223987,0.10055405924828734,62.46634696693044,-0.09746504590859857,0,0,0
5.95762149752143,-0.030235531046781717,-32.71906086702836,0.09159685400009039,62.35825081278326,-0.08911644660977132,0,0,0
5.880086484240891,-0.047082226882595536,-32.61173208450376,0.08136057740469767,62.259022662840174,-0.07873009076407697,0,0,0
5.785015396862775,-0.061485156502288876,-32.51916627520893,0.07009088035748903,62.178109367837045,-0.06683603778358815,0,0,0
5.680445495059189,-0.07261344446793742,-32.4516990733386,0.05801324647561614,62.12279238232119,-0.054009707852012666,0,0,0
5.574667524137411,-0.0801538127812691,-32.41477761511973,0.04543003022802452,62.09582924168232,-0.04090530091442446,0,0,0
5.474680990174704,-0.0842371493821517,-32.40744701930703,0.03284195899099984,62.094729911986434,-0.028302574451994644,0,0,0
5.38469640675963,-0.08525953632176311,-32.422966600906136,0.020934703616632078,62.112546538252246,-0.017032546481079436,0,0,0
5.305404113358492,-0.0837177759053219,-32.45091088852959,0.010360696073445298,62.13964058307501,-0.007743901077599702,0,0,0
5.23455277318655,-0.08013348736520384,-32.47999426253307,0.0014086741980491979,62.16593300658932,-0.0006243333412768948,0,0,0
5.168667602329094,-0.07505262762481095,-32.50105388232987,-0.006231901661084294,62.18332122241049,0.004734205530238711,0,0,0
5.105026134303799,-0.06905343143911295,-32.50971383086204,-0.013425182994814122,62.18792534797247,0.00920144639041709,0,0,0
5.042908725187672,-0.06270677927625315,-32.508125123769304,-0.021221529728049405,62.18158365206418,0.013729416206331991,0,0,0
4.983680523210737,-0.05648599050594498,-32.50507953322844,-0.030305294990066046,62.171866034424276,0.018882914509237025,0,0,0
4.929919218811079,-0.050671870718160504,-32.514018089949445,-0.04050331050138425,62.170134437623574,0.02448469232920516,0,0,0
4.884133209746281,-0.045305140911246156,-32.54902944506787,-0.05059125477436908,62.18784370558649,0.029538466899141014,0,0,0
4.847613197412173,-0.04019770600322516,-32.61966231658752,-0.058517741406768665,62.232024074049754,0.03248384032519667,0,0,0
4.8198365017001805,-0.03496796279433027,-32.7260195508068,-0.061988447646780284,62.30137568334462,0.031702365012925074,0,0,0
4.798685406176887,-0.029067216980804743,-32.855943993543434,-0.05919274201513645,62.38448750636706,0.026084985576256513,0,0,0
4.781501364074089,-0.021816971349906567,-32.98590681027676,-0.04938981315020215,62.46131767558073,0.015435376006399082,0,0,0
4.766690542296843,-0.012517409718583394,-33.08623129639756,-0.033136630159148694,62.50815962566246,0.0005510041809287713,0,0,0
4.755346506360496,-0.000656510325065085,-33.12959830732984,-0.01211373266169744,62.50494899810172,-0.01701604885299659,0,0,0
4.752236555379625,0.01383714027414129,-33.10005254392067,0.011294881688309033,62.44243350782674,-0.03534132555442611,0,0,0
4.765510809711671,0.030420499216201335,-32.99897766473046,0.034406728279034834,62.32621979448827,-0.052411197237716325,0,0,0
4.8047451216252455,0.04794643619246415,-32.84538439154093,0.054454046975806136,62.17564447943286,-0.0661868776247971,0,0,0
4.87756810649563,0.06486545993108166,-32.67016677168485,0.06866365159953318,62.01768321705652,-0.0745665542796452,0,0,0
4.985984600153586,0.0795151057658245,-32.50671349970443,0.07445120996324875,61.87861081850549,-0.07551424077645592,0,0,0
5.124041493862194,0.0903570529378058,-32.38195226801645,0.06992124248842799,61.77726371096745,-0.06752451408986318,0,0,0
5.278149768101528,0.09609318291969515,-32.31140352378537,0.05457486830430867,61.72261873011909,-0.05029119865804148,0,0,0
5.430155963384905,0.09570922033976643,-32.29927029428143,0.029848936677683468,61.71565213278428,-0.02519210707027213,0,0,0
5.561841599955088,0.0885538463312443,-32.34171919676507,-0.0009133683243817359,61.7530172178979,0.004782632389840558,0,0,0
5.658917035738554,0.07451246755754112,-32.43038588244556,-0.03319549444962888,61.829703857203086,0.03573584533795966,0,0,0
5.713168384576576,0.05422434372364364,-32.55430386087758,-0.06249551414735777,61.93952152124633,0.06390618152980707,0,0,0
5.722603013109335,0.029211003220456177,-32.700488297953626,-0.08545620406201238,62.074298723785546,0.08655418818715077,0,0,0
5.6902835849376885,0.0017940719095292934,-32.85451807478475,-0.1004524205595942,62.22347080333127,0.10230830984509894,0,0,0
5.6226927820710415,-0.02522338999182807,-33.002121716181136,-0.10746574766915842,62.37504167043612,0.1109296826887082,0,0,0
5.528228037390022,-0.049021787611609115,-33.13166864117801,-0.10746257824287682,62.51767263380356,0.11277774873428328,0,0,0
5.416151526066756,-0.06723079491757175,-33.23651430863657,-0.10168255189784929,62.64280559283896,0.10833858318596938,0,0,0
5.296090487196821,-0.07828216901916676,-33.315927729381315,-0.09115666752249467,62.74570182857008,0.09801345155540346,0,0,0
5.1779220634666245,-0.08159972099537356,-33.37392777097301,-0.07655392708348359,62.82494895967136,0.08215142920712708,0,0,0
5.0716237238389965,-0.07761222610167096,-33.41634497919384,-0.058283117435072994,62.88079470524073,0.06120839524490691,0,0,0
4.9866090865628365,-0.06758857843524738,-33.447211401424056,-0.0367073852134979,62.91308968906278,0.03591783258064254,0,0,0
4.930346694384909,-0.053327533677844485,-33.46587053610253,-0.012336804901383402,62.91965603680036,0.007390608771567031,0,0,0
4.9066058031556,-0.03678310324603444,-33.46602756878846,0.014074257724320204,62.89581301585682,-0.02290002897961969,0,0,0
4.914161323920979,-0.019723641120748425,-33.43734924913548,0.04151831788271352,62.835554755780336,-0.053239939492691235,0,0,0
4.946806997718568,-0.003491196673527952,-33.369195568316115,0.06876603248364291,62.734219996242544,-0.08185020900072786,0,0,0
4.994952700611577,0.011117143089126102,-33.255036690191844,0.09439897859863322,62.591578721519234,-0.10705150766067036,0,0,0
5.048320493606411,0.023850984553615718,-33.09577173139337,0.11683193712612763,62.413805303042764,-0.12736287356728865,0,0,0
5.098854075989337,0.03490773830605178,-32.90074455055418,0.13433873995352313,62.213302433643165,-0.1415214664025875,0,0,0
5.143010096731345,0.04475545832818852,-32.68626744613658,0.1451286831975324,62.00644686966408,-0.14847209456309046,0,0,0
5.1827951547302575,0.0539062352239398,-32.472355193207505,0.1475373742961324,61.81027962863403,-0.14741459222262138,0,0,0
5.225118932098994,0.06268738834636309,-32.27889203016278,0.14035072868732074,61.63946095338989,-0.13795977978711846,0,0,0
5.279424077445427,0.07108489601148164,-32.1224831365673,0.1231807864214062,61.50444137277449,-0.12034283035916289,0,0,0
5.354160386437485,0.07872947889222956,-32.01474073681314,0.09673359312820366,61.41109207022591,-0.09556223456847021,0,0,0
5.453223676160377,0.08503179798960474,-31.961975506174156,0.06281923427036133,61.36140883355412,-0.06532657046207362,0,0,0
5.573680881182199,0.08939397812075071,-31.965688281442908,0.02405286283492103,61.35462219837136,-0.031789609295864094,0,0,0
5.705801660726394,0.0914054054603369,-32.02322882597778,-0.01666164193017039,61.388150417927605,0.0028312719836478097,0,0,0
5.835615282528707,0.09097545609195094,-32.12843580011133,-0.056657737318977296,61.45818295735806,0.03659484359061267,0,0,0
5.949172055885384,0.08839823838603707,-32.272552207850566,-0.09382779222873125,61.56003672902243,0.0680021486145769,0,0,0
6.036949877938852,0.08434782331719504,-32.44573881778737,-0.126653813685823,61.68855077670544,0.0959636471617955,0,0,0
6.096849209333627,0.07979242388565097,-32.63897161250921,-0.15403852513063612,61.838592348470506,0.11965572464588234,0,0,0
6.134873493018503,0.075820307832781,-32.84546940335255,-0.17512682701156734,62.00540938929602,0.13839433281564623,0,0,0
6.163406461305797,0.07339014656835445,-33.06076105885461,-0.1892669199835666,62.184462858920256,0.1516048138961949,0,0,0
6.197638619609435,0.07305029051580618,-33.28127887367137,-0.19612425187808072,62.37072854184387,0.15888638867086868,0,0,0
6.251147915016887,0.0747058369401202,-33.50236075748052,-0.19583550831652588,62.557966080012946,0.1601156596985085,0,0,0
6.331883959510009,0.07752401795607966,-33.71695655155858,-0.1890644259456309,62.73856552652782,0.1555234117968894,0,0,0
6.439703126409938,0.08003819683910507,-33.91589802581345,-0.17690671143000145,62.904198556889554,0.14570641316011787,0,0,0
6.566118187686769,0.08045063844655402,-34.08967831889214,-0.160709771078632,63.04704684406675,0.13158330793672093,0,0,0
6.696230425286586,0.07707277843704219,-34.230907291015825,-0.14192332071013425,63.16119332600751,0.11433430374857849,0,0,0
6.812190057499649,0.06879343100056445,-34.33638307724368,-0.12204525284161605,63.243784894674334,0.09534857086292448,0,0,0
6.897231177724677,0.05543647612814766,-34.408038726809224,-0.10262958149617134,63.295656480071685,0.07616306167047568,0,0,0
6.939379877484043,0.03788090699025446,-34.45256711413887,-0.08526435937288283,63.32124246866323,0.05836341467502635,0,0,0
6.934134245676219,0.017884207759527725,-34.47999426595595,-0.07144884808969607,63.32780589640604,0.0434438700728208,0,0,0
6.88557292961508,-0.0023453580315205614,-34.50173140208753,-0.062375783126793746,63.32421425047311,0.03265143014069736,0,0,0
6.805512676298363,-0.020685980790207736,-34.52865657244223,-0.058691890933531,63.3195966967177,0.026841547331533634,0,0,0
6.710693029412553,-0.03556328656341634,-34.56960014528741,-0.06032389758890986,63.322199673278085,0.026360849172642985,0,0,0
6.6185452040052155,-0.04618676335019245,-34.63038650671041,-0.06642825280254669,63.33863725761776,0.030968556915381383,0,0,0
6.542664607371563,-0.05252563795861107,-34.71343615016008,-0.07548420266736286,63.37356114547372,0.03981246897942583,0,0,0
6.489370617384509,-0.05510992410172122,-34.817826200351135,-0.08551576882322251,63.42960879932285,0.05147784089463201,0,0,0
6.456557191865485,-0.05478889637438868,-34.93962205313278,-0.09439901615556039,63.507393386400764,0.0641258192189241,0,0,0
6.435363544222753,-0.05253078973130272,-35.07232125483469,-0.10019746425367657,63.6053420492255,0.07573065327513788,0,0,0
6.414123497897933,-0.04927092449993893,-35.2074091408125,-0.10147843955821827,63.71936715845749,0.08440563724670298,0,0,0
6.383035004659007,-0.04578358791538619,-35.33515195418818,-0.09757859716016241,63.84258430535236,0.0887775085656699,0,0,0
6.337683965871193,-0.04257197172728126,-35.44572156364313,-0.0887851033128669,63.96547244266235,0.08833880982822606,0,0,0
6.280204778985336,-0.0398044662919105,-35.530631214978996,-0.07638573099524706,64.07690322946908,0.08368710972449804,0,0,0
6.217983784413164,-0.037345504867990084,-35.58438454086959,-0.06254095406627017,64.16625604574511,0.0765565560869959,0,0,0
6.160709324851354,-0.03491045151798318,-35.60617247831203,-0.0499571404182035,64.22641234327446,0.06957477186668512,0,0,0
6.11694489009875,-0.03230385741921253,-35.60128718328875,-0.041387581508988094,64.25694924375598,0.06574630522386542,0,0,0
6.091325954465404,-0.029621418956637058,-35.581683510303606,-0.039049656952931854,64.26647989656783,0.06775939769168673,0,0,0
6.0831021431855845,-0.027290437329331497,-35.56503159379548,-0.044110220116141366,64.27295894727072,0.07730103280633287,0,0,0
6.086259029042921,-0.02591567728237436,-35.571892659016726,-0.0564190736710799,64.30108976789235,0.09460147711530595,0,0,0
6.091084923705807,-0.026014392192531943,-35.62128495590238,-0.07460660538957313,64.37683021069614,0.11837064472126287,0,0,0
6.086820815092636,-0.027781627797246244,-35.725648523717496,-0.09650265220807626,64.52017828226923,0.14613333777961515,0,0,0
6.064779592577878,-0.031006642403369256,-35.88682376480455,-0.11967518751297632,64.73848277072568,0.17480326088921885,0,0,0
6.0210480061615925,-0.03518761172836236,-36.094821951689795,-0.14185596575605644,65.02291800062214,0.20127682947264702,0,0,0
5.957839862487845,-0.03979228952201623,-36.330450594765324,-0.16114425383573802,65.34996249295774,0.22290767390927044,0,0,0
5.882893046878891,-0.04452911464688327,-36.571199000392795,-0.1760581889968563,65.68774572107061,0.23784833962138094,0,0,0
5.806878466065058,-0.04947839097422815,-36.79803905841851,-0.18560194990827766,66.00498185264817,0.24530665324692222,0,0,0
5.73944983718178,-0.05500180890949764,-37.00024316786417,-0.18946288230227992,66.2792481912943,0.24572789857787997,0,0,0
5.685179247965422,-0.06146622744120549,-37.17647413215286,-0.1882699049990549,66.50203568636343,0.24082304968486312,0,0,0
5.640967882574088,-0.06893092919339523,-37.33247454898529,-0.1836702941149241,66.67957316410616,0.2333074112505372,0,0,0
5.596301013963526,-0.07699061688653189,-37.47730445498516,-0.1780022166886283,66.82989674316536,0.22628681691971195,0,0,0
5.53680272599766,-0.08487769390636828,-37.620277346740295,-0.17359998362819057,66.97745726804803,0.22242433533393324,0,0,0
5.450117318165823,-0.0917384522575702,-37.769522814795096,-0.17206517576794625,67.14671326757431,0.22318608938225282,0,0,0
5.33173871422764,-0.09686282079815811,-37.931524892839036,-0.1738970195350106,67.35599211312751,0.22844589090731518,0,0,0
5.187933693622526,-0.09969621547621585,-38.11047276165161,-0.1786421198576079,67.61283066215486,0.23654844648796142,0,0,0
5.034116107815208,-0.099655023000021,-38.3071988366747,-0.18539970247563814,67.91198907440995,0.24474967969555478,0,0,0
4.889493943489356,-0.09594458149129537,-38.51869081609797,-0.19334651462741875,68.2368427464707,0.2498773972927495,0,0,0
4.770821629200199,-0.087608624313998,-38.739213363214276,-0.20201002298784373,68.56370710036745,0.24906311660178632,0,0,0
4.688217093203264,-0.07389509777722622,-38.96289533072894,-0.2112357907958085,68.86752015124304,0.24041429112922402,0,0,0
4.644417652573878,-0.05478454466834535,-39.18647157374167,-0.221000415230165,69.12706996106171,0.22349526473217338,0,0,0
4.636855199050572,-0.03135460866400166,-39.41076960125935,-0.23127006533709107,69.32867071609286,0.1994892479239468,0,0,0
4.66071648285768,-0.005700314072294077,-39.64037757661873,-0.24197774204078826,69.46808843406589,0.1709646261569219,0,0,0
4.711166340393561,0.019608604966883547,-39.88188072275318,-0.2530290205875332,69.55085617886655,0.14128219289051316,0,0,0
4.783893267544187,0.04227001478764549,-40.141529045140686,-0.2642109261995472,69.59094476044925,0.11381184167894105,0,0,0
4.874387606982509,0.06083607150135748,-40.42317341502252,-0.27498999849072164,69.60772314139433,0.09119612472617292,0,0,0
4.977112967092268,0.07492000717679162,-40.72697625708258,-0.2843183663192178,69.62163533597916,0.07485806906774002,0,0,0
5.085579993158191,0.08502007511965956,-41.048981021973304,-0.2906053793400275,69.64966467537583,0.06483778270165601,0,0,0
5.193521777076654,0.09212186521533994,-41.38132262520975,-0.29194177455021303,69.70182551715686,0.05993471780346056,0,0,0
5.296577808216838,0.09728391860889615,-41.71279531563616,-0.286533185564798,69.77948139850477,0.05807464869624397,0,0,0
5.393617724341794,0.10135366846335785,-42.02965523693385,-0.2731793593151906,69.87565065173911,0.05680110680789596,0,0,0
5.487055950247168,0.10485805354563382,-42.31682339465962,-0.2516007432048468,69.97704854310942,0.05378646887113945,0,0,0
5.581935135011079,0.10802630999826021,-42.55979532212086,-0.2225041611359188,70.0674356121005,0.047270823101438,0,0,0
5.684005526482522,0.11087184136098785,-42.74721257840116,-0.18743918813612764,70.13160266582899,0.036377916645473365,0,0,0
5.797429952177765,0.11327942226060657,-42.87332263829259,-0.14860368900942547,70.1589558285282,0.021306190539483794,0,0,0
5.922968142438847,0.1150692083989668,-42.939180847070986,-0.10872403596009406,70.14558783010573,0.003402111004265862,0,0,0
6.05737606707487,0.1160190369603967,-42.95201786844177,-0.07098565062164539,70.09434356699354,-0.014924446961583727,0,0,0
6.19429840676807,0.11584585272135257,-42.92337290333458,-0.03884161741773937,70.01344384183056,-0.03053401456567286,0,0,0
6.32631599968272,0.11418477280654286,-42.867359515304,-0.015519990673266194,69.9148874225517,-0.040199176571681504,0,0,0
6.447269892206506,0.11061836294560408,-42.8000356752371,-0.0032376768766795294,69.81350250854743,-0.041464615014643866,0,0,0
6.5538080939457615,0.10476692273253149,-42.7395117431503,-0.002401017702595709,69.72640618212327,-0.03345350558657571,0,0,0
6.645514477460694,0.09638952001160277,-42.705239568837015,-0.011208002947873297,69.67170839745269,-0.017281373156643555,0,0,0
6.723782863076508,0.08543094080326341,-42.714995228853525,-0.025917768509657435,69.66544384638368,0.004120623089345088,0,0,0
6.790189155938563,0.07199495953499876,-42.779589347167956,-0.04170306126138712,69.71695651568255,0.026688050687160115,0,0,0
6.84509917950308,0.056282671026048094,-42.89733281531855,-0.05370863702934514,69.82442077266245,0.04609166609994162,0,0,0
6.886863342554875,0.038560754380768,-43.05126087654972,-0.057913795231502266,69.97277409853929,0.05845392625868726,0,0,0
6.911685475107504,0.01920392918430025,-43.211195553538346,-0.051625244667738455,70.135549797887,0.060773564740910044,0,0,0
6.9142480021180575,-0.001206918245173938,-43.34040351594845,-0.03369198283952244,70.28032434870217,0.05115413423780524,0,0,0
6.889142709943201,-0.021818417064680774,-43.404445885597454,-0.004618894019174036,70.37580408355112,0.029003481414699196,0,0,0
6.832877436014186,-0.041564177193129125,-43.37917362755212,0.03337911777128113,70.3980417711343,-0.004765372355511488,0,0,0
6.745847385788764,-0.059358372686263296,-43.25576418982769,0.076539756089079,70.33414182953237,-0.04769733239357095,0,0,0
6.633445295008954,-0.0743222213379255,-43.04215939723224,0.12014020117799476,70.18324973983074,-0.09613854593607982,0,0,0
6.5055986924297,-0.08591201213967566,-42.761184169045265,0.15952683183998886,69.95547866053067,-0.14599638065872683,0,0,0
6.374547384007272,-0.09389196594281941,-42.445798169455145,0.1912994199030237,69.66930279212744,-0.19366344644791553,0,0,0
6.251515452640447,-0.09820689643170652,-42.13193525442776,0.21417685655986246,69.34744744872674,-0.23669760627146558,0,0,0
6.14364112917562,-0.09887786820057727,-41.84985886476977,0.2291692989853999,69.01138863917849,-0.2739770127963112,0,0,0
6.052565353710747,-0.09603075065957398,-41.61592723513846,0.23901798309684635,68.67558599129973,-0.3053749214711914,0,0,0
5.975328342689863,-0.09007595665255508,-41.427409316918215,0.24722865970964847,68.34368988422301,-0.33128087643703025,0,0,0
5.9070737456261355,-0.0819333717328874,-41.26267731999883,0.25717361311562004,68.00882802083646,-0.3523203978334493,0,0,0
5.844098754008414,-0.0731231788004024,-41.08748063769812,0.2715602191343464,67.65827164317119,-0.3693675408316949,0,0,0
5.785539879193024,-0.06558736834778785,-40.86558435885922,0.2922159245898257,67.28039261482046,-0.38361959367725545,0,0,0
5.732685728483403,-0.06125419959952012,-40.569872800135755,0.31994877645868486,66.87044097546044,-0.3964327614032769,0,0,0
5.686264975100826,-0.06151681411812433,-40.189448037889065,0.35437301851334835,66.43227468219618,-0.4088997391082373,0,0,0
5.643315596003248,-0.06686140927290865,-39.73019597811168,0.3938481399896574,65.97562738381049,-0.4214924402567135,0,0,0
5.595641769162569,-0.07680321212654775,-39.2097760085295,0.4357572381048385,65.51125151195419,-0.43411500545214354,0,0,0
5.531099133180419,-0.09012013423406984,-38.65037110018292,0.4771623970347349,65.04706102514572,-0.4465737302337637,0,0,0
5.437397212529504,-0.10522731630616562,-38.072197050004974,0.5155885061520223,64.58658860021735,-0.4590876523439945,0,0,0
5.306714249960777,-0.12050038718482484,-37.48892791702164,0.549520566889018,64.12876548165588,-0.4723590828899873,0,0,0
5.139041624360658,-0.13443723898624144,-36.905104938950444,0.5782883858382746,63.667677966315026,-0.486979972371298,0,0,0
4.942897411667715,-0.145679448816702,-36.31585666735077,0.6013636536087859,63.192534340833554,-0.5024216537146735,0,0,0
4.733266716131368,-0.15300388931833736,-35.709699297339,0.6175177293144145,62.68951609138051,-0.5162438946670769,0,0,0
4.527681856635155,-0.15538397296247125,-35.074667131245576,0.6244416489954091,62.14685014656057,-0.5241399001494613,0,0,0
4.341892585238412,-0.15212555013207094,-34.40656417950632,0.619128706131616,61.5624749584832,-0.5209411839167203,0,0,0
4.186521107836228,-0.1429916774969527,-33.71655944202382,0.5987913470979465,60.951410846663755,-0.5020961702611452,0,0,0
4.065602875979195,-0.12822364461698754,-33.03459871538536,0.5617645107832374,60.34881256528342,-0.4648909266605571,0,0,0
3.9772594035557063,-0.10844053609598917,-32.40595461022883,0.5079524678178388,59.80566202365111,-0.40894565711424635,0,0,0
3.9161417112087946,-0.08448481515522133,-31.880909988688813,0.4387499417849199,59.37717676105015,-0.3360198682233026,0,0,0
3.8767974749912497,-0.057310115668543916,-31.501014446042177,0.3566949253118423,59.107803779044424,-0.249503252493615,0,0,0
3.8568051781907826,-0.027963520031667598,-31.28745983111807,0.26518345367060475,59.018768699709454,-0.15397244166593965,0,0,0
3.8584920507078238,0.0023667286567231826,-31.236331989172385,0.1683944314080236,59.10307776969109,-0.054937833689944426,0,0,0
3.8884185645791547,0.032323531643878314,-31.3221998794898,0.07128997152711633,59.329317409147485,0.04138704873590911,0,0,0
3.954580699949716,0.060444873326314055,-31.507717878127153,-0.02060966078159652,59.65181762162442,0.12857488664654254,0,0,0
4.062257384921736,0.08531916638362702,-31.75472964280027,-0.10187772895388889,60.022750541823804,0.20085895130054326,0,0,0
4.21018839440346,0.1057632531209606,-32.032615127943586,-0.1681444440522853,60.40203250976431,0.25419748303843903,0,0,0
4.388838192417978,0.12094311547060385,-32.321699000114194,-0.21696766653846566,60.76268305264251,0.2870917254301958,0,0,0
4.581708136818847,0.1304065757784869,-32.6120512180448,-0.24818229205276623,61.091410890116535,0.30076208531222404,0,0,0
4.769333375045065,0.13406438293184664,-32.8996872782277,-0.26356962126127714,61.385766274055584,0.2985919856074858,0,0,0
4.934430006200856,0.13218420159663252,-33.18245888656503,-0.2660597527667363,61.649778609428814,0.2851029570968315,0,0,0
5.066236332896821,0.12542189202007706,-33.45713649650273,-0.25890047182112996,61.88968595401141,0.26490035638504494,0,0,0
5.162557808492693,0.11484084936286791,-33.71815490970005,-0.24515746607049776,62.11069862281333,0.2419485196358103,0,0,0
5.229062393897621,0.1018391399621251,-33.95789609210257,-0.22761906346459,62.31523726522234,0.21928509443695177,0,0,0
5.276422715916041,0.08795423092594916,-34.168315405794516,-0.20888430652231021,62.50284719259273,0.1990342374020102,0,0,0
5.316476305122507,0.07460571043152128,-34.34373436101157,-0.19132754793822357,62.67175410567425,0.18247694734846007,0,0,0
5.358596888032139,0.06288956304103407,-34.484189788648564,-0.17680185827490505,62.821517706122414,0.17003419976203632,0,0,0
5.407229592039229,0.0535072287911504,-34.597889634760094,-0.16621947203642834,62.955533997012026,0.16121700212698542,0,0,0
5.461250446078338,0.046820177437631116,-34.7008942832679,-0.15931096545496642,63.08175326413664,0.15471608152810248,0,0,0
5.515390479360278,0.042939858831638845,-34.81296275760994,-0.1547905392216876,63.210535747540185,0.1487390415523045,0,0,0
5.5633256366111965,0.04176349739381635,-34.95047746931408,-0.15089222315596373,63.35012060704918,0.14151624956385261,0,0,0
5.601308620808325,0.0429478073653982,-35.11933121686701,-0.14598457465658327,63.501855975281266,0.13175004412146762,0,0,0
5.630759582869004,0.04589307766086677,-35.31126456424971,-0.13892795518724768,63.657859438094356,0.11880138935204557,0,0,0
5.6584609822140095,0.04980735572753332,-35.50580148431945,-0.12905404259189765,63.80262768074539,0.10258579820043892,0,0,0
5.694057689854205,0.053844387544116044,-35.67723763735415,-0.11594146556059855,63.91800968823126,0.08334714101935248,0,0,0
5.745954378776489,0.0572408831084303,-35.8035801075774,-0.09928765584847668,63.98925454688893,0.0615345225107319,0,0,0
5.8175276646408065,0.059377252065743846,-35.87346934052104,-0.07904913083184795,64.00953159964287,0.037879475450704095,0,0,0
5.9053031493145625,0.05974571770483692,-35.88843006067907,-0.055769722872395275,63.981391979016415,0.013571864526338118,0,0,0
5.999694321519499,0.05788517484695319,-35.860308938873885,-0.03084084622367982,63.91522467433016,-0.009667296952338233,0,0,0
6.087799310444581,0.05337677732565851,-35.805839316094705,-0.006453387629019858,63.825880972647504,-0.029748795481176416,0,0,0
6.157098157268635,0.045952823709895084,-35.74096877763256,0.014818412127897317,63.72891536155622,-0.044584802318615856,0,0,0
6.198765797856694,0.03567957670521053,-35.67702844559096,0.030641569193520013,63.63757462054465,-0.05251547847454603,0,0,0
6.209611331338536,0.02310801994865983,-35.61967302648651,0.03948706510479383,63.56118646857097,-0.05263832394808006,0,0,0
6.192228755470595,0.009296539838437923,-35.57033536060965,0.04092081048050602,63.505139725933624,-0.04496767840794149,0,0,0
6.153585926953156,-0.004325765359762102,-35.52905351607518,0.035574308330674854,63.4721616650451,-0.030433021920494952,0,0,0
6.102750145828594,-0.01622207724958997,-35.4971644156422,0.024879620170420936,63.46409976214347,-0.010749492269736293,0,0,0
6.048607864127405,-0.025065796707485787,-35.4785986894731,0.010697977564623784,63.48314836016207,0.011819141483515238,0,0,0
5.998268547698942,-0.03002565791172742,-35.47922195587401,-0.005041677154235913,63.531715194937,0.034783349016475285,0,0,0
5.956436667921878,-0.030937050941366805,-35.50456585556714,-0.020608896004219446,63.61089445512521,0.05578181707303216,0,0,0
5.925578537948681,-0.02831496539851628,-35.557043114390495,-0.0346013893429955,63.71838604995014,0.07288130231784677,0,0,0
5.906440190193777,-0.02321563349481721,-35.63398900198632,-0.04595188158979511,63.84710677639137,0.08474725917784483,0,0,0
5.89850921873942,-0.016993327733855777,-35.72744521713332,-0.053869853705361945,63.9854081107094,0.09066102734572823,0,0,0
5.900240821924868,-0.011014220427762211,-35.825761986528704,-0.05778905014541351,64.1190046393013,0.09042183776486397,0,0,0
5.909079101485432,-0.006388916552319301,-35.9163492540396,-0.05737321219353362,64.23395274911209,0.08421597630431918,0,0,0
5.9214295920049835,-0.0037781713860695733,-35.98857233197313,-0.05258810498290245,64.31963425682355,0.07253659573779672,0,0,0
5.932816868490036,-0.0033115002122272585,-36.03586295269582,-0.043789510173468216,64.37071003560075,0.056184004035685575,0,0,0
5.938465659849783,-0.0046341870530795855,-36.05648919092724,-0.03174164565544402,64.38736673781071,0.0362978474156904,0,0,0
5.934379382175749,-0.0070705820725535775,-36.052954077809346,-0.01750962089287782,64.37387495798019,0.014334341881441049,0,0,0
5.918654954061182,-0.00986406872838046,-36.03044690539616,-0.0022512294590967485,64.33626041250318,-0.008064101126225864,0,0,0
5.892463535826408,-0.012424738934520008,-35.99493821612518,0.013000239283161363,64.280226090307,-0.029289601998863192,0,0,0
5.860098319662981,-0.0144967096395888,-35.95140545854076,0.027472408953605053,64.21008525054827,-0.04801256849698561,0,0,0
5.827803398013884,-0.016176117287417923,-35.9025414260621,0.04067546158407538,64.12875152952381,-0.06336681666932123,0,0,0
5.801600134641063,-0.017778486223511435,-35.84827428111967,0.05233277780736785,64.03836362803904,-0.07500682587264365,0,0,0
5.784831712140232,-0.01963527459438552,-35.78634686120799,0.062273614722738554,63.94105672912346,-0.08301262059717232,0,0,0
5.7764624956090955,-0.0219328645825982,-35.71384824243708,0.07034236699125813,63.83950857185369,-0.08769274813723485,0,0,0
5.771055695615857,-0.02466458885033802,-35.62910833685507,0.07635937645842716,63.73704186890754,-0.08939416455410196,0,0,0
5.760680797614668,-0.02768387214159418,-35.53316141285356,0.08013595490520231,63.63729847908427,-0.08841623559742615,0,0,0
5.7380266362318935,-0.030787870538374305,-35.43021793058196,0.08152003287323169,63.54374875200847,-0.08504964401281327,0,0,0
5.6993263082352,-0.0337593750874305,-35.32702323548358,0.08044486996286082,63.45933293113083,-0.07967849190399719,0,0,0
5.645817647323028,-0.03633925317914475,-35.231344451540906,0.07696592956764903,63.38628444476598,-0.07285045322497083,0,0,0
5.583259598247039,-0.03816054302676406,-35.15004590948874,0.0712821592914139,63.32592289457401,-0.06524945345712822,0,0,0
5.519924692630141,-0.038714673797582574,-35.087341097329784,0.06374151480025318,63.27825508939568,-0.05757445309918907,0,0,0
5.464006383766758,-0.0374113028575465,-35.04382558149106,0.05483279540728745,63.241578708999064,-0.05039420104906327,0,0,0
5.421439180348784,-0.033732827070750204,-35.0166875655315,0.04516673818580443,63.21255219687375,-0.04406733763816604,0,0,0
5.394857065341455,-0.027415270186814666,-35.00102664952294,0.03544357618765446,63.18701403728241,-0.03877083969620685,0,0,0
5.383908957640031,-0.018567021963171726,-34.99169318885254,0.026395684710348633,63.16129733791565,-0.03459815986193036,0,0,0
5.386567769039203,-0.00767881036470186,-34.984833458780685,0.018694994073698012,63.13335646859364,-0.03163710663480046,0,0,0
5.400698365524391,0.00446258888118507,-34.978550548723916,0.01283588991564386,63.10307537562681,-0.029962767212987275,0,0,0
5.4251736063670535,0.01691653055641922,-34.972587473607035,0.009039072092505762,63.07162453416876,-0.029562612836469528,0,0,0
5.460147427691311,0.0287497254097147,-34.96738760443742,0.007237311092993082,63.04030284614667,-0.03027489430277939,0,0,0
5.506471494600021,0.039184569253256994,-34.96309596875176,0.0071689640065699224,63.00955182822601,-0.03181146136719946,0,0,0
5.564550581441992,0.04770102569704591,-34.958982198173345,0.008538285451308525,62.978627417265805,-0.03386860891804204,0,0,0
5.6331716893309505,0.05406771354449944,-34.953434860566006,0.011159692666333853,62.94595258063437,-0.03626346270197942,0,0,0
5.708936434445931,0.05830324502164075,-34.94431445460157,0.015015195384231106,62.90980325384596,-0.03901102175159323,0,0,0
5.786702757874025,0.06059410812356987,-34.92933700945724,0.020199850007850274,62.868899423610415,-0.042287076437638405,0,0,0
5.86091921461049,0.061204773374316804,-34.90631033433945,0.026779702826564743,62.82261124873523,-0.04628755687136419,0,0,0
5.927244904484198,0.060409277423794094,-34.873236532117346,0.03462615303453163,62.770721841573845,-0.05105603727968955,0,0,0
5.983730815740799,0.05846041621957454,-34.828398594881605,0.0433054483897223,62.712965158110876,-0.056366829448112554,0,0,0
6.031114687602752,0.055598585071329865,-34.77058897352853,0.05207587675973287,62.64875376979238,-0.061712940236240146,0,0,0
6.072195161434479,0.05208776546609926,-34.69959057617177,0.059990281299653246,62.57742727743303,-0.06638953499042799,0,0,0
6.110564268837962,0.048252649804037165,-34.61683443840644,0.06605810036023171,62.49899145542911,-0.06962706836400159,0,0,0
6.149154743637737,0.04448661885389669,-34.52592771427612,0.06941358694103031,62.41495912278468,-0.07072939276880774,0,0,0
6.189157540044249,0.041216128561451626,-34.43267609296868,0.06945571570195738,62.32882317827197,-0.06919687433254111,0,0,0
6.229814089106924,0.03883720289359616,-34.344411641605035,0.0659493429966119,62.24590790394168,-0.06483639124279676,0,0,0
6.2692292559143965,0.03765797663308064,-34.268756005854925,0.05908571734434531,62.1726287399704,-0.05785430474949038,0,0,0
6.305785403149457,0.03787345551819073,-34.21217446492915,0.049482286681819684,62.11531732104715,-0.04889354585906887,0,0,0
6.339406190098714,0.03957858297856802,-34.17867937509777,0.03807911663970458,62.078753098248434,-0.03895013798559148,0,0,0
6.3721028446767605,0.04280468655410772,-34.168905164915486,0.025908755334998545,62.06460124568291,-0.02913714694262808,0,0,0
6.4076944539335585,0.04753975200125495,-34.17973180008508,0.013792955246537985,62.070210722297475,-0.020356508930525763,0,0,0
6.450929716616386,0.05368172111745366,-34.204767709353575,0.002101089418655988,62.08849181884234,-0.013024276589553806,0,0,0
6.506350098623642,0.0609117373275069,-34.2360432720094,-0.009290255781721157,62.1094900755732,-0.006990449991255332,0,0,0
6.577201609178815,0.06855197231575545,-34.26684016092614,-0.020799675683122132,62.1235876533584,-0.0016852725175134254,0,0,0
6.664555060056799,0.07551871332641724,-34.2947465405033,-0.03281705186813895,62.12525808896671,0.0036154094246931834,0,0,0
6.76663130028146,0.08044187682892101,-34.323400747418475,-0.04545060561532068,62.11566513804614,0.009577491070938037,0,0,0
6.8783466291894655,0.0819262098699511,-34.36165856367214,-0.058492839468502214,62.102724240057846,0.016757132452397627,0,0,0
6.991305126307012,0.07885222370822617,-34.42017122176037,-0.07159168288216904,62.09846459587202,0.025669335696426997,0,0,0
7.094593323362886,0.07060523410418398,-34.50684989377916,-0.08445393625898134,62.114907192495366,0.036816676997601404,0,0,0
7.176521612965971,0.05717452829868534,-34.62341122106869,-0.09688368628221156,62.16037615639229,0.050539540500258794,0,0,0
7.2269565526330695,0.03913764386140457,-34.7646601947701,-0.10860348296724567,62.23778204682145,0.06670951676781342,0,0,0
7.239451953698648,0.01758473709547559,-34.920684538175266,-0.11900818638869737,62.34518517580661,0.0844596006759204,0,0,0
7.212402439665482,-0.005976069396176342,-35.08058263459921,-0.1270895074006802,62.47765684554921,0.10218084582403505,0,0,0
7.148946892165668,-0.02973449707229605,-35.23567702374825,-0.1316659557097438,62.62898305836099,0.11787627376780492,0,0,0
7.055931498670844,-0.05174689310257321,-35.380781370175754,-0.13183901863828282,62.792353256644844,0.12974588811895843,0,0,0
6.942478671236216,-0.07018058403037486,-35.51348261130545,-0.12743140633607197,62.960261144805344,0.13672874477225108,0,0,0
6.818585935227702,-0.08360685878179482,-35.63255363767894,-0.11915393996061993,63.1245326982982,0.13874195208502654,0,0,0
6.693960155584051,-0.09125397098006119,-35.73683077885781,-0.10838998916539992,63.277227333550066,0.13652129847099062,0,0,0
6.577124392337154,-0.09311426097424799,-35.82524008016199,-0.09669413331021418,63.41236607368495,0.13118166408108678,0,0,0
6.474715772662222,-0.08986097349435056,-35.89772528442941,-0.08525800729649972,63.5276636041148,0.12374648390372371,0,0,0
6.390887964815121,-0.08262795085524174,-35.9561995943763,-0.07460712650844811,63.625201567671716,0.11487193369082646,0,0,0
6.326912243898036,-0.07275596429395677,-36.004584429829265,-0.06464987776404314,63.71039816051652,0.10484676519043176,0,0,0
6.281259829923002,-0.06158437330072388,-36.04752396770135,-0.05500089515161051,63.78947348636008,0.09378784121621919,0,0,0
6.250337157222162,-0.05031138214324784,-36.08825709671325,-0.0453740705155667,63.866447897398224,0.08187087383595966,0,0,0
6.229651990118427,-0.03990788857509102,-36.126852635260235,-0.0358441860534441,63.94107259355311,0.06946360259617705,0,0,0
6.214919028296649,-0.031057482051151906,-36.15998138894588,-0.026878416628179025,64.00872879670966,0.05712053742575662,0,0,0
6.202742202220463,-0.024107788556077026,-36.182562589195044,-0.019169758636618895,64.06241111046039,0.04548331927781888,0,0,0
6.190846334151573,-0.019053770602032217,-36.190571484013475,-0.013398210505570773,64.09593607190966,0.035163065164303474,0,0,0
6.178045506586244,-0.015596908957721211,-36.18368194069643,-0.010055336468337828,64.10700209964672,0.02666153910255531,0,0,0
6.164140952150703,-0.01329256196504076,-36.1665094507112,-0.009393013909561886,64.09886897837237,0.020346846718577893,0,0,0
6.149810079254351,-0.01173070991169851,-36.14789718074249,-0.011460622138514509,64.0800347604499,0.016465659830146962,0,0,0
6.136374537877714,-0.010663849108813395,-36.13856653488497,-0.016152688386176804,64.06202881215955,0.015160923879794553,0,0,0
6.12529074034579,-0.010031779983106049,-36.14807733238473,-0.02321619441271139,64.05608887738563,0.016471004817978495,0,0,0
6.117411537571755,-0.009896762041023521,-36.18218723580887,-0.03221916811022822,64.069916364584,0.020302191019764847,0,0,0
6.112344891001442,-0.010342711836125318,-36.24145885664538,-0.042516839308123625,64.10572919185458,0.02637835086588325,0,0,0
6.108280537208515,-0.011393059988101584,-36.32150827280765,-0.053254749406272596,64.1603380355076,0.034179304154925205,0,0,0
6.102424402389403,-0.012972351480541988,-36.41472453332216,-0.06342584526675807,64.22712115864017,0.042892596023582995,0,0,0
6.0918787137413375,-0.014898517331349125,-36.51276316511576,-0.07197122655017267,64.29895798210731,0.051418408783608524,0,0,0
6.074618388224991,-0.01688113737901915,-36.60885033377767,-0.07790265658455268,64.37078560830555,0.05846396898905937,0,0,0
6.050210352269687,-0.018529346859327233,-36.69905694477393,-0.08042699850963686,64.44066201992162,0.06273060518291232,0,0,0
6.020086564448931,-0.019401672886449717,-36.78215563341007,-0.07905178848906189,64.50896072068574,0.06314873296137194,0,0,0
5.987389364564223,-0.019114001726273956,-36.8582788003867,-0.07364570620265169,64.57621289999564,0.059081964840225966,0,0,0
5.956479366555598,-0.017473183480896638,-36.92710389823026,-0.06443279435983129,64.64072856727623,0.050425657480421646,0,0,0
5.9321180689784825,-0.014570144494737747,-36.98645722090524,-0.051924787098045044,64.69722241641313,0.037578157462112925,0,0,0
5.918328162136945,-0.010774134216897834,-37.031976741536,-0.036832116751975265,64.7372165214683,0.021339152990522338,0,0,0
5.917140519945775,-0.006614142047008898,-37.057965334834165,-0.02001205094564682,64.75115768390987,0.0028246676024863858,0,0,0
5.927692567580436,-0.00259252905487557,-37.05905247692047,-0.002484971620120291,64.73137773344439,-0.016555839785760897,0,0,0
5.94617726879396,0.0009862720495505072,-37.03201103609621,0.014514316497343315,64.67473955672844,-0.035095930886322436,0,0,0
5.9668770460560125,0.004101889605530573,-36.97717150129742,0.029534662436725513,64.58417713821078,-0.050843682460916285,0,0,0
5.984068931799598,0.007001172272936174,-36.8991774542304,0.041030742257234465,64.46890869594648,-0.06177591957473396,0,0,0
5.9941612739001755,0.010107945367087723,-36.80700534961127,0.04761448984783101,64.34340232282813,-0.06610804399063852,0,0,0
5.997252085059728,0.013902797825767265,-36.713135635413266,0.04835995119475456,64.22525359113241,-0.06267716128723748,0,0,0
5.997498262610904,0.018806246053829058,-36.631757273863,0.0430454080801411,64.13229174266706,-0.05127195837301599,0,0,0
6.002129791707844,0.025083601370930353,-36.57614979833289,0.03224149978560149,64.07946322066579,-0.032779822149065295,0,0,0
6.019407615807822,0.032776408134300536,-36.55583184305769,0.01723109972565453,64.07613608156191,-0.00909686691213949,0,0,0
6.056168498203448,0.04165930263300197,-36.57436582288662,-0.00017531254746359082,64.12438607103749,0.017153549017109526,0,0,0
6.115755028118727,0.051229210955580126,-36.62859839611906,-0.017844058276662623,64.21865814971423,0.0429917390906752,0,0,0
6.1970132825032636,0.06074515033924115,-36.70959603824019,-0.033505825444501626,64.34694133523779,0.0654450720186432,0,0,0
6.294641127399018,0.06933074114964768,-36.804860504040875,-0.04495921665199489,64.49320846908938,0.0818523009534573,0,0,0
6.400661958129618,0.0761255990989099,-36.90093057970503,-0.050345549928874786,64.64044418611758,0.09011252606155296,0,0,0
6.506453383455977,0.08044586152834654,-36.9854459323779,-0.04849404676699862,64.77331971373488,0.08891000684029535,0,0,0
6.604703588452139,0.08190860271573257,-37.04819388985828,-0.039242866197506034,64.87970431131885,0.07792001336840712,0,0,0
6.690805674107381,0.08049270349589932,-37.08134944038295,-0.02359523226921567,64.95081475220164,0.05794456083171155,0,0,0
6.763385782696943,0.07653326809172825,-37.07960529762164,-0.003618369508564001,64.98058848128132,0.030900743073264892,0,0,0
6.823866231091287,0.07065956339040014,-37.040772310727675,0.01789871479009264,64.96523614996487,-0.0003797446168391616,0,0,0
6.8752545253607735,0.06368832349255626,-36.96679448486168,0.03792151306242601,64.90358620472156,-0.03251314615674801,0,0,0
6.92068206307772,0.05648767659300091,-36.864550718811216,0.053650824664339326,64.79810375803135,-0.06201299953711157,0,0,0
6.962345963420546,0.049833162899898295,-36.74577973332583,0.06292146218374058,64.65594876597044,-0.08574827580072508,0,0,0
7.001236761303019,0.044278220703779424,-36.62587335613995,0.06450044589545315,64.48941102292099,-0.10136384093067577,0,0,0
7.0375451930551804,0.04005694361495245,-36.52171544908077,0.05830875103120263,64.3153127245501,-0.10764377065475728,0,0,0
7.071330149385986,0.03702947807404229,-36.448937685734506,0.04556838200587947,64.15318971836376,-0.1047815074975432,0,0,0
7.103035217451122,0.03466691561983737,-36.41897926802088,0.02879849260387459,64.0222215533116,-0.09446237335816718,0,0,0
7.133587881145175,0.03205994257986759,-36.43634498142842,0.011519023453669775,63.93717634289488,-0.07961904702867742,0,0,0
7.163955218846468,0.02794504612662365,-36.496517787309614,-0.0024548829569397412,63.90415077473374,-0.06375981756769562,0,0,0
7.19416101183171,0.0207751745110059,-36.58508849066888,-0.01010202051676572,63.917421074989434,-0.0499187219186588,0,0,0
7.221923681559147,0.008881763210386851,-36.678809558822934,-0.010414113762942634,63.95896247113989,-0.03949362134646393,0,0,0
7.241281488876396,-0.009252977815822305,-36.74936048427452,-0.005259543884230311,64.00191328774457,-0.031433890634335174,0,0,0
7.2417964246867825,-0.03465821044170099,-36.77032856289523,0.0006984429783699397,64.01835059029348,-0.022306755644441977,0,0,0
7.208988506413078,-0.06756849986772409,-36.726893561307605,0.0014577449617945604,63.9902238037344,-0.007613234669832281,0,0,0
7.126362825159049,-0.10725368514777216,-36.6258565867102,-0.007548971471339883,63.92037651108546,0.015699810388205292,0,0,0
6.978800371227763,-0.15204309435914923,-36.50153312457681,-0.026120397721950895,63.83885081202041,0.046209854934042484,0,0,0
6.756453113034112,-0.19953003545578554,-36.41199483823718,-0.04680250004155084,63.799153996867176,0.07577332305744662,0,0,0
6.457902882467934,-0.2468922505753099,-36.421767531810474,-0.05493719002178352,63.86104399619656,0.08967232102902756,0,0,0
6.091418367368746,-0.291269633075801,-36.57200750202301,-0.03252236447118264,64.0611488786158,0.07041530663188808,0,0,0
5.673730068240218,-0.33017595317455317,-36.84629246788839,0.03406855547357281,64.37951962432986,0.005274173889481659,0,0,0
5.226623327001292,-0.36192945267404897,-37.14683455923844,0.14436607359985204,64.71669570171436,-0.10423550000008461,0,0,0
4.772358983123297,-0.3860503420414048,-37.298732384492354,0.2759593637129399,64.89863649803485,-0.23473978895954914,0,0,0
4.329100093928773,-0.4035283769051944,-37.09555220760706,0.38360867409899413,64.72250365661236,-0.3402966848728745,0,0,0
3.9072289746675466,-0.4168528559767054,-36.38620800657188,0.40978721686322217,64.04296554262922,-0.3630493191858797,0,0,0
3.5070682984185595,-0.429722563769667,-35.18219585071168,0.3080351902522779,62.87802151108461,-0.256621733974243,0,0,0
3.118296950813715,-0.44638582966946955,-33.74193948744741,0.07510530341291428,61.49145292242492,-0.018227863203229333,0,0,0
2.7211693439821687,-0.4705968773984154,-32.575908097247236,-0.218441891367803,60.39618714813843,0.28085658515050654,0,0,0
2.28937432270088,-0.5042585390449418,-32.32389536317825,-0.4140966274171035,60.23055080433776,0.48135310076875015,0,0,0
1.7941927296720763,-0.5459943476505416,-33.491655599500234,-0.2821005355366992,61.49493153887337,0.35291832808812273,0,0,0
1.2098717715455223,-0.590119314307563,-36.09523943375925,0.42472757677595896,64.19724099229757,-0.3518273495860093,0,0,0
0.5206545530171383,-0.6266148634706454,-39.33125347291647,1.889196172337165,67.52526155321942,-1.8154283040443204,0,0,0
-0.27022640732612047,-0.6425619124434974,-41.43969865866339,4.147122163623064,69.71216750572235,-4.073095065599289,0,0,0
-1.1308433825766429,-0.6249527901253046,-39.91655756297405,7.041721521575586,68.25168693749359,-6.967391478909079,0,0,0
-1.993964168408084,-0.5640660010533765,-32.13893223881229,10.244325324040188,60.524692046769125,-10.16929092418915,0,0,0
-2.7590803362878944,-0.45610547492482,-16.290234127340028,13.339323358955586,44.72373847064141,-13.263325376593766,0,0,0
-3.307322173621259,-0.3040271370117168,7.729282148783227,15.933522669421276,20.760502266432027,-15.856907895441296,0,0,0
-3.5283585572708773,-0.11638128645327725,37.841307118508624,17.736467242615838,-9.27772764095235,-17.66040794963675,0,0,0
-3.3512856878328847,0.09501903736897219,70.11935787722364,18.582799172421424,-41.462358437553746,-18.50919918502415,0,0,0
-2.7668620195761235,0.31742053401682996,99.90157799005561,18.410057557641686,-71.1383222270643,-18.341224703363896,0,0,0
-1.8303995985716455,0.5386534240266897,123.23998726045352,17.231001992904027,-94.37183796211539,-17.169239876959256,0,1,0
-0.6431583115156343,0.7478241103328955,138.0334189532419,15.132116896956983,-109.07881794314807,-15.079353153808745,0,1,0
0.6799639663636015,0.9357077225146341,144.38829306555087,12.298767201672604,-115.37982434451916,-12.256222341958665,0,1,0
2.0433619575916566,1.095392885841123,144.18401801344282,9.03597489237077,-115.16056009614536,-9.003782343536097,0,1,0
3.392570071858813,1.223234022641104,140.17108769022798,5.745682146168335,-111.16770672282343,-5.722404606057017,0,1,0
4.7191607670410605,1.31955035326541,135.0309348422298,2.846547799302985,-106.06979306744603,-2.8287077160523753,0,1,0
6.049755051525082,1.3883155269314542,130.71695416550926,0.6645821422786696,-101.8017211531546,-0.6464983025285335,0,1,0
7.425570301140354,1.4355335648687386,128.20105604221632,-0.6521818693142194,-99.31555107631331,0.6779569463562695,0,1,0
8.881054538578155,1.4667634972211743,127.57617933890698,-1.154846186520689,-98.68640449812392,1.1964079682152118,0,1,0
10.428641513077977,1.4847738866403801,128.36705598308546,-1.047747415814996,-99.42539938758804,1.1122768017297346,0,1,0
12.052755670742897,1.4882982379900453,129.8858086832402,-0.604042156143521,-100.83682098740073,0.6962771279409026,0,1,0
13.712177337171752,1.4724196900242048,131.5116002600997,-0.0804291945446863,-102.29924847958537,0.20168128356838508,0,1,0
15.347598938575345,1.4304779353185992,132.83983120034398,0.3411768288692514,-103.41574466236705,-0.19316190468178718,0,1,0
16.89110082399546,1.356807827584646,133.70654385529286,0.5745680778287863,-104.03779207884801,-0.404956982249783,0,1,0
18.275552451759268,1.249323126819816,134.13066612879277,0.6176883541961573,-104.2049354434144,-0.4334518781307054,0,1,0
19.44335766728311,1.1110867289766417,134.22664289678295,0.5221902446524836,-104.05298023176218,-0.3309475260065568,0,1,0
20.354534404711075,0.9504748533222092,134.12872245420178,0.3591076410925723,-103.73334019997247,-0.16820186849295737,0,1,0
20.993648576986814,0.7800745142028056,133.94673682050419,0.19185781981878164,-103.36512089881114,-0.007753578270154549,0,1,0
21.374285806776314,0.6147946707371638,133.75306288086855,0.0617656204014736,-103.02092327943097,0.11028096559762446,0,1,0
21.539508802844395,0.46974203174115986,133.5889584296103,-0.01431550499555101,-102.73487464765361,0.1704213248885594,0,1,0
21.55750420396499,0.3582851963455447,133.47688509416594,-0.0382976477373802,-102.5188396723303,0.1760471580867943,0,1,0
21.51292247919981,0.2905268689350791,133.43017845828751,-0.022157776148938525,-102.37678426228692,0.1406606791102803,0,1,0
21.495545645946983,0.2722442443710079,133.45748740435872,0.019658319476036468,-102.3129350063908,0.08021107997478225,0,1,0
21.588521141407057,0.30432058908815807,133.56338880533735,0.07470498210585674,-102.33357882996242,0.008462464966257244,0,1,0
21.858404415214714,0.3827419150305801,133.74768965141897,0.13390923648739203,-102.44446386254646,-0.0645908831199364,0,1,0
22.3486263566339,0.49924383679874823,134.00506513529356,0.19108951085873685,-102.64637344065937,-0.13239111752058647,0,1,0
23.076976848421154,0.6425835672743624,134.32530564896214,0.24200301236477345,-102.93122940022465,-0.19082126344649736,0,1,0
24.036854467868395,0.8002291273129835,134.69378664156275,0.2837205952197138,-103.28049624914857,-0.23732310789278016,0,1,0
25.201704957082114,0.9601111151194524,135.09215524574248,0.31442444023604993,-103.66683211063034,-0.2703680126287395,0,1,0
26.531947170831877,1.1120458460052398,135.49985353819767,0.3333428525881402,-104.05878582285948,-0.2892259085023511,0,1,0
27.983339876708612,1.2485401727845429,135.89691521781367,0.34056163741957163,-104.42705230679528,-0.2939106302559054,0,1,0
29.515213752329643,1.3649091018492094,136.26738441048465,0.33670224086185385,-104.75001534121472,-0.2852133840736144,0,1,0
31.096656797141506,1.45888061580904,136.60173180671922,0.3226747353168264,-105.0166151326782,-0.26477524592875457,0,1,0
32.708979601459454,1.5299909968074055,136.89681733121876,0.2997083514949111,-105.22583791498593,-0.23514229123019276,0,1,0
34.34380614306014,1.5790326479693455,137.15330602561468,0.2696299989079307,-105.38357016510551,-0.19970017316196048,0,1,0
35.997717375125994,1.6076763732507993,137.3720875439121,0.23510815920307948,-105.49850728139552,-0.1623770289997708,0,1,0
37.66578300651155,1.6182578716572948,137.5520530021304,0.19954808659746276,-105.5789818595122,-0.12710103809698978,0,1,0
39.33676443594245,1.613648016767072,137.69087015651186,0.16655280909714917,-105.6319191614505,-0.09715453571256205,0,1,0
40.99203143677557,1.5971233053625808,137.78845523482178,0.13915488407230328,-105.66383384224994,-0.07465352713043671,0,1,0
42.60871090333987,1.5721897987248077,137.85093513022846,0.11915586905857367,-105.68255611285718,-0.06033144032021483,0,1,0
44.16591859328156,1.5423420477981238,137.8923960837883,0.10683124096532595,-105.69806268776517,-0.05366868975621344,0,1,0
45.65169392000036,1.5107391533629013,137.93291250145614,0.10105999631667544,-105.72156069834034,-0.05327542657902029,0,1,0
47.067889850767315,1.479798932089833,137.99328064744225,0.0997446391959386,-105.76315040398256,-0.05735425472284703,0,1,0
48.43087758870753,1.450793258214692,138.0883760218045,0.10029918302051044,-105.82915231818808,-0.06406306320797625,0,1,0
49.76722662104138,1.4236283715741629,138.22161843526794,0.10003821340299339,-105.92025706266764,-0.0716771901887057,0,1,0
51.10510890875501,1.3969937171073255,138.38268750707886,0.09643624398178759,-106.03126154718572,-0.07858355244423479,0,1,0
52.463772327409885,1.3688916500685437,138.5494993940898,0.0873282373971506,-106.15252440674067,-0.08324066043936114,0,1,0
53.84469701808937,1.3373102335593494,138.69386198671697,0.07113306530295631,-106.27254979353026,-0.08423942388416776,0,1,0
55.2283151525172,1.3006894508613456,138.78883736885172,0.04713454921285347,-106.380605744137,-0.08051560538787897,0,1,0
56.578648074413124,1.257997588584702,138.81529757004634,0.015791984645753133,-106.46839163729953,-0.07165836751867119,0,1,0
57.854835093967,1.2085646087015953,138.7656784577598,-0.02102188103019955,-106.53046929215878,-0.058176421967007744,0,1,0
59.024796255593856,1.1520195318011062,138.6442431544857,-0.06002130187613659,-106.56395493718202,-0.0415549251122286,0,1,0
60.07478435938077,1.0885597758611838,138.46462613957078,-0.09689345317002562,-106.56830645786135,-0.023996783037398474,0,1,0
61.01085347455455,1.0194368717730646,138.24629586826202,-0.12707172380359283,-106.54573599337479,-0.0078899243702665,0,1,0
61.85287270805733,0.9472610375841342,138.01139962496595,-0.14669474523655596,-106.50202128233772,0.004801888528533027,0,1,0
62.62530422676607,0.8757500549077903,137.7824744883175,-0.15342537610381726,-106.44681079830801,0.01297432797359761,0,1,0
63.34937008602172,0.8088952946846462,137.58056486238954,-0.14685148926460273,-106.39249223711465,0.016486222458237876,0,1,0
64.03906573582002,0.7499473437266289,137.42314474868104,-0.12838444148426903,-106.35144903723292,0.01595009345440417,0,1,0
64.70092552835854,0.7007823726475777,137.32188991648616,-0.10078845158516003,-106.33258685885167,0.012376948790813459,0,1,0
65.33614862349103,0.6619372514159764,137.28104380900817,-0.06758340612648794,-106.33864835756356,0.006877757325776201,0,1,0
65.94378804081346,0.6331194746545847,137.29716356511378,-0.032516762178272526,-106.3656070675764,0.0005292155846149171,0,1,0
66.52426969286014,0.6137209735375968,137.36039873964302,0.0008405196041678664,-106.40445400263798,-0.005637382421508619,0,1,0
67.08260808585655,0.6029925024633058,137.45674162371918,0.0294333207915912,-106.44453696995322,-0.010651575996899965,0,1,0
67.63022598871432,0.5998970842879899,137.57046180699714,0.051057401377573794,-106.47695842011703,-0.013715950867680248,0,1,0
68.18406745460318,0.6029254108350841,137.68623200318322,0.06465271502286499,-106.49672912649157,-0.014393923500290385,0,1,0
68.76251396214204,0.6101195944861061,137.79087968435917,0.07042487185336768,-106.5031846225231,-0.01275425995944488,0,1,0
69.37929511065478,0.6192761538786072,137.87489807030545,0.0696810091535042,-106.49900799708365,-0.009343357474969593,0,1,0
70.03803657869992,0.6280604935997303,137.93371876245678,0.06439771102449754,-106.48860854590973,-0.00494126091631415,0,1,0
70.73017963670938,0.6338296804934401,137.9684170667148,0.05668272252317763,-106.47652609385457,-0.000187319075320147,0,1,0
71.43734456835209,0.6333086357896718,137.98529252754184,0.04833651750201966,-106.466190957158,0.004739494989865989,0,1,0
72.13654957959953,0.6225607958855519,137.99397365664882,0.040642715904871805,-106.4590406423261,0.010195050666862927,0,1,0
72.80487462885745,0.5976165851577449,138.004375849888,0.03438499923004486,-106.45386661180112,0.016813674111912747,0,1,0
73.42090489079095,0.5556936373156333,138.02356884895096,0.029983440582859087,-106.44641016070642,0.025010113706096605,0,1,0
73.96331234661103,0.49648123293875984,138.05382698201734,0.027611482376258323,-106.42956347021837,0.034489099713690054,0,1,0
74.4096754134587,0.4228004091823294,138.09265916223194,0.027207340646825173,-106.39477861982294,0.04405810604071121,0,3,0
74.73867981371949,0.3402206601818463,138.13472967665962,0.028405108944153313,-106.33504788140397,0.051910376347458966,0,3,0
74.93623148381111,0.2557662046309616,138.17473247613404,0.030508777322995683,-106.24890686002269,0.05628042405822668,0,3,0
75.00284890808751,0.1763137413854082,138.20983358621936,0.0326281847601166,-106.14371754877283,0.05612961673072618,0,3,0
74.95818372853267,0.1073390737709147,138.24049047318306,0.03396971800563335,-106.03594503344746,0.05148420040875408,0,3,0
74.83955117017055,0.052326173706777016,138.26934361698338,0.034122108372113755,-105.94708719368342,0.04327643821646916,0,3,0
74.69421162590915,0.012758168807482661,138.29906142987878,0.03313625831972331,-105.89623640174383,0.0328656208567196,0,3,0
74.56801204271153,-0.011545119728695851,138.33065769748916,0.0313163901638319,-105.89257044449386,0.021590790022270313,0,3,0
74.4942956285001,-0.021939518406355774,138.3632660290073,0.028835864181883154,-105.93156815661888,0.0106201316695973,0,3,0
74.4865740836788,-0.02046945748363669,138.39504806573848,0.025429459196348602,-105.99679908805368,0.001098971723470754,0,3,0
74.53725710153353,-0.009511284326244152,138.42402174542917,0.02040048985822409,-106.06612241125575,-0.00565393599216577,0,3,0
74.62322861643253,0.008400714096761418,138.44789357829794,0.013003415957876996,-106.11913998118126,-0.008210976353615252,0,3,0
74.71683629974756,0.030637934248599664,138.46309111795287,0.003006784485799585,-106.14270554332671,-0.005464339037510512,0,3,0
74.79815433325115,0.05457985956793578,138.46412817818285,-0.008921711969551892,-106.13272783153812,0.002807792195241632,0,3,0
74.86307088527023,0.07787744387652537,138.4444953717653,-0.021290856580870356,-106.09248439336912,0.0156337941168573,0,3,0
74.92355831113817,0.09887159034873463,138.39937777656215,-0.032317129761946714,-106.02919695721957,0.031049004385891976,0,3,0
75.00059096839514,0.11697847029137876,138.32912927473677,-0.04061169585140192,-105.95087979211894,0.046725254734090525,0,3,0
75.11381063839089,0.13274993506676083,138.24144057779364,-0.04563746714111687,-105.86449252254144,0.060706613548339304,0,3,0
75.27307006726535,0.14745080294675433,138.1503574631986,-0.04772309723664989,-105.7752302154503,0.0719020955101655,0,3,0
75.47528998716615,0.16233100240253862,138.071876768119,-0.0477140703433804,-105.68630904419476,0.08014294536549756,0,3,0
75.70704180444731,0.17801745862994806,138.01790478691515,-0.046550086590906405,-105.59886986391484,0.08585134989368441,0,3,0
75.95072796710014,0.19435243539097513,137.99151890688677,-0.045049379034000483,-105.51207384569787,0.08956367977913829,0,3,0
76.1913443292151,0.21064972478918378,137.98586014558637,-0.04397152424197941,-105.42368458822506,0.09158304224871756,0,3,0
76.42146435727653,0.2260612901090866,137.98698747474904,-0.04417916597017779,-105.33129837788314,0.09188919449340745,0,3,0
76.64324547156971,0.23976814148727926,137.97899450585624,-0.04662261383062969,-105.23397089443228,0.09024399213991216,0,3,0
76.86708266504792,0.2509556272979026,137.94888398622214,-0.05201685824955291,-105.13356015942819,0.08635018490128346,0,3,0
77.10708821628698,0.25874834007867237,137.88941403231698,-0.06036134413013485,-105.03504936963176,0.0799727181984764,0,3,0
77.37442353948175,0.26227920809417216,137.79964891809186,-0.07063703244113526,-104.94560057760737,0.07102015985141748,0,3,0
77.67075148213814,0.26089320196541055,137.6841313248923,-0.08094014007111525,-104.87279029405119,0.059620866459786724,0,3,0
77.98484626014518,0.2543334905133193,137.55170818562348,-0.08903237908833148,-104.82280719518192,0.04620570743908274,0,3,0
78.29452520523404,0.24277047255145873,137.4142913456138,-0.09302684821738012,-104.79914268193008,0.03157128118661774,0,3,0
78.57352004804186,0.22668186206979896,137.28514858247541,-0.09187778392334849,-104.8018722471837,0.016882214783504424,0,3,0
78.8002763488692,0.20672828403113072,137.17645874487522,-0.08550692009275451,-104.82747592362719,0.0035846755308568843,0,3,0
78.96479926240973,0.18377281797651648,137.09666368386573,-0.07462797475095329,-104.86924130349232,-0.0067695058275546675,0,3,0
79.0709501970843,0.1590574698701886,137.04872602368243,-0.06045919258952211,-104.9182580825661,-0.012768063920017881,0,3,0
79.1339012857459,0.134377762175221,137.03010614698866,-0.044480562679672174,-104.96473801159314,-0.013426274136770644,0,3,0
79.17437105659829,0.11203076339936616,137.03434483138943,-0.028263792426957934,-104.9992026143232,-0.008478287284938801,0,3,0
79.21215171924692,0.09442058338427443,137.05336917058233,-0.01330886193673848,-105.01329563588291,0.0014121613743157014,0,3,0
79.26132618084003,0.08341645392714554,137.07953939899707,-0.000839224034154995,-105.00047093325136,0.01465524012369599,0,3,0
79.32862388189739,0.07972319136413404,137.10690255882676,0.008402669325073475,-104.95706993654963,0.029057429946976753,0,3,0
79.4148328392277,0.08254478554945592,137.13165342134423,0.01426467444539412,-104.88392555477947,0.04241591607940052,0,3,0
79.5177258818846,0.08970563392181105,137.15205996310803,0.017143836608676112,-104.78775063344054,0.05314721469320318,0,3,0
79.63444088814066,0.09820769520994901,137.16806650453367,0.017824900723297787,-104.68092352239023,0.060647930948999826,0,3,0
79.76203117605107,0.10502155063733057,137.18069037711646,0.017273642695610648,-104.57866700402255,0.06523252360492507,0,3,0
79.89639805257886,0.10780911078261682,137.19137276813638,0.016436035561912376,-104.49409892177209,0.06774842084216459,0,3,0
80.03095762496402,0.10531372837078408,137.20154451307542,0.016047862108018764,-104.43326586466111,0.06913258842696735,0,3,0
80.15644800869778,0.09731867133733658,137.2125938386224,0.016451192085196454,-104.3927233048332,0.07013768389949745,0,3,0
80.26236722562022,0.08426473998979275,137.22610559753844,0.01745529533793615,-104.36097039983366,0.07127939803611412,0,3,0
80.3394172886662,0.06671456159753149,137.2438997546162,0.01832606681193454,-104.32298672482972,0.07288893716439304,0,3,0
80.38176116560523,0.04482214654797474,137.26738117990695,0.017979123043934918,-104.26574405227996,0.07511611567138914,0,3,0
80.38801955260107,0.017878065829808065,137.2961653421962,0.015361504310791928,-104.18254871578449,0.0778301660008168,0,3,0
80.36037328178253,-0.01604941161057809,137.3266129164874,0.009879749367760838,-104.0749566530794,0.08050843295032166,0,3,0
80.30158650411597,-0.060316634333493366,137.35132717265301,0.00166460233019734,-103.9520341507463,0.08226142868747957,0,3,0
80.21025264153081,-0.11959614605610369,137.3604816075558,-0.00847439729100472,-103.82750584730866,0.08206957485541011,0,3,0
80.07517871087694,-0.19927194016662497,137.3449878112443,-0.019385232768902937,-103.71579726176392,0.07917237318524997,0,3,0
79.87046350885824,-0.30428893456480777,137.30034200675303,-0.030022437108090116,-103.62818153515789,0.0734609129007083,0,3,0
79.55328166536285,-0.4376849708795604,137.22923986192438,-0.03978028805149734,-103.5701090179584,0.06571767128465353,0,3,0
79.06640576505919,-0.5992757471911887,137.1413616246284,-0.048564178600474864,-103.54027465127956,0.05759633443708765,0,2,0
78.34669788699995,-0.7849779573260947,137.05004742692716,-0.056611842334498876,-103.53126299297722,0.051313972169219825,0,2,0
77.33887181995715,-0.9870094923733703,136.96715680882605,-0.06420706748019142,-103.53113492327287,0.04912666091764208,0,2,0
76.01116984380546,-1.1948584030083622,136.89836246168122,-0.07145280364456426,-103.52537200293796,0.05274689925218752,0,2,0
74.36761580987064,-1.396686963992194,136.84097113048264,-0.07819115469974065,-103.49899330870852,0.06289118786502286,0,2,0
72.45180693085503,-1.5808409629994529,136.78520874930803,-0.08405443432099843,-103.4388944290541,0.07909713178152913,0,2,0
70.34015771779711,-1.7372898352149257,136.7184109327539,-0.08858244817035939,-103.33623923813224,0.09984609841592089,0,2,0
68.12659468079332,-1.8589488343016172,136.63045977479865,-0.09135446371475098,-103.18832826924205,0.12292249848937616,0,2,0
65.9035938689363,-1.9427995079264122,136.51843045975562,-0.09211236625660604,-102.99926965650766,0.14587811617885507,0,2,0
63.74487203536832,-1.9905642246063935,136.3886955187144,-0.09085774072138122,-102.77913770014311,0.166467846468575,0,2,0
61.69350741290993,-2.008589489176458,136.2555371429248,-0.08789658061587602,-102.54181366712035,0.1829736720764629,0,2,0
59.75720954398378,-2.0067301063722676,136.13650278977966,-0.0838108872962465,-102.30203800808346,0.19440017057726208,0,2,0
57.91087674069303,-1.996389365733257,136.04603314626,-0.07937572103407149,-102.07235376148432,0.2005611517896142,0,2,0
56.10552759774153,-1.9882338036316405,135.9897850544674,-0.07549264039139984,-101.8606935382522,0.2020723159361097,0,2,0
54.28172091810606,-1.990221346905556,135.96200532432388,-0.07321885800058112,-101.66925658794389,0.20025027382823168,0,2,0
52.384505867132354,-2.006407008493474,135.94709987634556,-0.07389694039028996,-101.49489272328148,0.19691777914038652,0,2,0
50.37626406046454,-2.0366701561058944,135.92465372241318,-0.07926590985269115,-101.3306277202361,0.19412134652276905,0,2,0
48.24425664447691,-2.07723230659415,135.87553337088465,-0.09135695155503357,-101.16760510988095,0.19377557744170418,0,2,0
46.00138039988074,-2.1216986167723446,135.7862418797498,-0.11203228692124298,-100.99676691822535,0.19727240077289993,0,2,0
43.680801950433576,-2.1623511170595258,135.6497261148115,-0.1422157125306313,-100.80995990873924,0.20513256630197532,0,2,0
41.326805851850985,-2.1914904268085413,135.46287804439788,-0.1810891450414033,-100.60060020189266,0.21679872253643281,0,2,0
38.98488647804228,-2.202687938495617,135.22293327422932,-0.22565194258311577,-100.36428223366642,0.23064719120900748,0,2,0
36.69389057296958,-2.191816809688794,134.92571027704756,-0.2709624004982601,-100.09962975375532,0.24423981169542514,0,2,0
34.48201642714627,-2.1577061337349592,134.5676279291611,-0.3111121229764535,-99.80936787523245,0.2547776398267615,0,2,0
32.366816650020645,-2.1022870810004983,134.15111387390985,-0.34065224832379215,-99.50126936257956,0.2596755346589674,0,2,0
30.357626482176187,-2.0301911980346157,133.6905804505144,-0.35597901112674607,-99.1884208111914,0.2571571059226585,0,2,0
28.458095963576604,-1.9478672742471423,133.21502971743058,-0.3562136132313384,-98.88822960328184,0.24676648704307808,0,2,0
26.667195307127322,-1.8623751802484285,132.76441214112012,-0.3433588396755596,-98.61982871161334,0.2296989182179999,0,2,0
24.978509589875756,-1.7801075545018876,132.3797193965119,-0.3218429697285245,-98.40001157163567,0.20887172064404352,0,2,0
23.37888997008742,-1.7057550425907997,132.08993600354404,-0.2977784198402361,-98.23838884951266,0.18869682963244544,0,2,0
21.84813310937956,-1.6417782760408506,131.9007419120845,-0.27822801417327125,-98.13293533146188,0.17456033919252434,0,2,0
20.36113467555799,-1.5884549892091286,131.78934487747372,-0.2705203262684194,-98.06729305148642,0.17204317157065246,0,2,0
18.892815027950704,-1.5443521979128298,131.7072805797623,-0.28141936836088066,-98.01091254731489,0.18594461831473835,0,2,0
17.424466001238272,-1.506974402812822,131.58984373075873,-0.31598991590508374,-97.922399578908,0.21924654433769888,0,2,0
15.949033889612139,-1.4733821151186235,131.36883373217714,-0.37634890248194497,-97.75566597065432,0.27230310941237124,0,2,0
14.4730765900849,-1.4406840023883625,130.9853771878302,-0.4609241309254216,-97.46798909548488,0.34270042678513163,0,2,0
13.014573984448305,-1.4064026968109928,130.40083603382178,-0.5650218503264284,-97.02878342013446,0.42627196462563005,0,2,0
11.597451278999102,-1.3687531686725278,129.60451298206928,-0.6832063921777092,-96.42736326823635,0.5195273156695833,0,2,0
10.244688438689522,-1.326837407524414,128.61623037169244,-0.8132207376143071,-95.67698047751196,0.6231864117254616,0,2,0
8.972049946203796,-1.2806852573654397,127.48069469428982,-0.9602294476881156,-94.81138458166134,0.7457689218191575,0,2,0
7.784106141269632,-1.231047712271615,126.25052340882021,-1.1395639508928652,-93.87021568520558,0.905666923872792,0,2,0
6.673602988832712,-1.1789391836134484,124.95728095569663,-1.3763156569222885,-92.87201989479058,1.130224971210231,0,2,0
5.624440952706564,-1.1250766519454316,123.57507320361924,-1.7010786969793812,-91.77904843006027,1.4511813956456847,0,2,0
4.617613427583876,-1.0694459919349497,121.98754925387757,-2.1425340566791733,-90.46471036071642,1.8971486580387533,0,2,0
3.638556766895988,-1.0111699732934922,119.97319422324848,-2.7188741837720527,-88.6989967319264,2.4851348611641355,0,2,0
2.6836847539504163,-0.9487103393292614,117.22222061860732,-3.430757074447713,-86.16573938338257,3.213816514258636,0,2,0
1.763807464993988,-0.8803047687366472,113.39004906402796,-4.258127708016284,-82.51696946367761,4.060862845381192,0,2,0
0.9029913596496044,-0.8044735385537152,108.17917241527755,-5.161858797789717,-77.45587668784881,4.985113757076817,0,2,0
0.13298870575459887,-0.7204359090194672,101.42748853397191,-6.089375527920614,-70.8256318658706,5.932566090406121,0,2,0
-0.5150534470888175,-0.6283354527163041,93.17312394981269,-6.982151889859556,-62.673219439074984,6.843916577894964,0,2,0
-1.0189415460968405,-0.5292566343494812,83.66924632865738,-7.782800045812247,-53.26158723139366,7.661412693689016,0,2,0
-1.3711323967044393,-0.425084531886435,73.33869297779947,-8.440404828749076,-43.02088232402241,8.333842137471292,0,0,0
-1.5799181374881073,-0.31828625443031766,62.681317924413094,-8.914144424101448,-32.45338752599906,8.819910912926963,0,0,0
-1.665741099579165,-0.21167112134416755,52.16603035528202,-9.176104015311353,-22.02554458176678,9.091035275940877,0,0,0
-1.654009576598824,-0.10814426792146463,42.14519376512601,-9.21389433247592,-12.08486979503624,9.134140906935302,0,0,0
-1.5671605649139337,-0.010450694439738584,32.81817233111657,-9.032557967927236,-2.82731800866965,8.95383229889055,0,0,0
-1.4190550793091887,0.07906431005515771,24.24860482301348,-8.65437010642944,5.682139665592018,8.572398529592691,0,0,0
-1.213719853792071,0.15861061605618687,16.418132262164022,-8.115396802179038,13.454476071559952,8.026434000124018,0,0,0
-0.9484539734600475,0.22695945728652162,9.288545209212714,-7.458997638005906,20.515777203482415,7.360267517694846,0,0,0
-0.6195603914862033,0.2832971521935903,2.8475442705403395,-6.728031361193736,26.865103549830522,6.618033251897738,0,0,0
-0.22829844554526346,0.32700509282730933,-2.8744547356370163,-5.958419000074525,32.46239806453325,5.837114515865177,0,0,0
0.2149737638574294,0.35749860350240115,-7.815275043990908,-5.1763520261420455,37.243457677217776,5.0452666912157556,0,0,0
0.689676435377109,0.37425150378521577,-11.908658455645963,-4.399853616202309,41.149287650949404,4.262087801336747,0,0,0
1.167230422356738,0.377055320806069,-15.114283256655341,-3.6434189057549218,44.1547879372106,3.5035155811689704,0,0,0
1.6160413516742693,0.3664366718059696,-17.438996235619243,-2.923176794734894,46.28627536361553,2.7867867065335887,0,0,0
2.0078254701100775,0.34405261345213634,-18.945347930303882,-2.2600243969538725,47.625348903487904,2.133350544250445,0,0,0
2.323459958542969,0.3128666588038797,-19.749931339009606,-1.6792592336325156,48.30301767895949,1.5683320486540935,0,0,0
2.556833354268619,0.27697585397474,-20.016056795385197,-1.2067195350540885,48.48963188324966,1.1166275650911288,0,0,0
2.715912744599649,0.24105921062320307,-19.943222738136228,-0.8627739432541347,48.3836442688183,0.7970253108453719,0,0,0
2.82096574303516,0.2095249899899656,-19.752699698998384,-0.6563322636903735,48.19860899233497,0.6165199650978479,0,0,0
2.9003681424935337,0.18556469524763203,-19.667047071962173,-0.5811356940681918,48.14571855107418,0.5670096648219826,0,0,0
2.9847323036048294,0.17044314056527554,-19.882470394531794,-0.6158053315982016,48.409733328129064,0.6257338897481575,0,0,0
3.1002685416091396,0.16334650942548307,-20.53639788818731,-0.7276751217933167,49.11954075940312,0.759352765548185,0,0,0
3.262480322256394,0.16189775670739692,-21.677605893559075,-0.8789611921230005,50.31998758818908,0.930135574911894,0,0,0
3.4716883041505895,0.16313714122122747,-23.25035317630116,-1.0331524719723801,51.956372011835356,1.1021324656556892,0,0,0
3.712256875762833,0.1645526318952392,-25.103401246285898,-1.1599395460032924,53.88268780096948,1.2457226498959344,0,0,0
3.9569250527978,0.1647390405041648,-27.026682556942774,-1.2380092306609043,55.89654533444134,1.3400175730638324,0,0,0
4.175810921342588,0.16346334105391946,-28.8056687166152,-1.2559193415310432,57.7909876323686,1.373503169175199,0,0,0
4.347284156811924,0.16123472371535003,-30.27474745786003,-1.2117147168478795,59.404968925375194,1.3436787028038517,0,0,0
4.466492061987552,0.15874058035003458,-31.352095159031308,-1.1118995617456136,60.65583549129431,1.2562634701252287,0,0,0
4.547758547535182,0.15652104563976935,-32.04713937857122,-0.9699352702479132,61.545894281712506,1.1239879525343397,0,0,0
4.619365714144024,0.15500336867003456,-32.441663809842225,-0.8039958530573899,62.144765019881056,0.964556014730696,0,0,0
4.71261577876264,0.15471559393680961,-32.653545056666104,-0.633815114406491,62.55632778744164,0.7975649246437939,0,0,0
4.84988612575674,0.15638104174104228,-32.79660151101521,-0.47709641994671587,62.882622289441365,0.6408978413034191,0,0,0
5.036898760548283,0.16070850190620262,-32.94970587878029,-0.34645912711876575,63.19625153717875,0.5076285493264159,0,0,0
5.262290562463178,0.1679241344585094,-33.143359776859796,-0.24775653252997926,63.52824794827644,0.4043037246130979,0,0,0
5.504080992165896,0.17730450118744728,-33.36483370100768,-0.18005282102519687,63.87219458087928,0.33087554870067776,0,0,0
5.739621338753011,0.18704732235664068,-33.57663291608236,-0.13706822991075002,64.19996604540279,0.28206195778668286,0,0,0
5.95436917587395,0.19467930262436822,-33.73933872904769,-0.10961713327129133,64.48125441863935,0.2496449532052786,0,0,0
6.145733406572646,0.19790254414747183,-33.8296604843311,-0.08838808770057653,64.69887273742529,0.22507607260267193,0,0,0
6.320803559409654,0.19550341460086712,-33.847667588823185,-0.06634307216075683,64.85464976871928,0.20171482924166498,0,0,0
6.489838937710431,0.18786059544559208,-33.812346108949725,-0.04009539742675372,64.96538459774789,0.17611935836246104,0,0,0
6.659408805006322,0.176748403763213,-33.74971638937902,-0.009899426302717984,65.05277731949442,0.14807230181977077,0,0,0
6.828911567231458,0.16446867081059083,-33.68048238802098,0.021651053167002488,65.13338301546808,0.11945156411397875,0,0,0
6.991932906556954,0.15270221728063546,-33.61313660038786,0.05159191719346552,65.2133998295954,0.0925191093111593,0,0,0
7.140896516919099,0.14166220943219798,-33.54431375112733,0.07827688502601973,65.28944153190105,0.06846295277856598,0,0,0
7.271565029798026,0.13002313195935783,-33.46382796403486,0.10195659185807245,65.35291759907699,0.04689204293162419,0,0,0
7.384308046858919,0.11571196599052627,-33.360122384412335,0.1240004960468923,65.39448168654258,0.02646776892117657,0,0,0
7.4813913486803045,0.09718935360346422,-33.22341955711303,0.14527069015517782,65.40644551175095,0.006226359465429709,0,0,0
7.5623555008946255,0.07458294039587798,-33.0468916340709,0.1646431670680414,65.38350226521095,-0.013226541299360406,0,0,0
7.621034879003233,0.05009834333187513,-32.82810167024246,0.1785707656383778,65.32357019803553,-0.029358759523061904,0,0,0
7.6469585976156935,0.02747071671527692,-32.5723411484808,0.1819619598674535,65.23006228695965,-0.03839602380551952,0,0,0
7.631302341040964,0.010658453010684354,-32.29700948782724,0.16993148800285668,65.11504091414872,-0.03668862599417651,0,0,0
7.574740971190238,0.0023175194296953805,-32.03405071734056,0.1396011652657961,65.00111760247448,-0.022114370458254484,0,0,0
7.4929163398757055,0.0026770980132269527,-31.827428944004083,0.09123388263633388,64.91981223436478,0.005040197140104397,0,0,0
7.415603684071868,0.009243104345519271,-31.7246941524528,0.028394141446904088,64.90548129384585,0.04196118928451113,0,0,0
7.37814955990487,0.017412410705732385,-31.764513084006296,-0.04274842798104998,64.98603133913522,0.08386780377359457,0,0,0
7.407483241155873,0.021758430938326967,-31.964110731754374,-0.11462305876117966,65.17333798196003,0.12498092994715648,0,0,0
7.508162328812574,0.017543473775532448,-32.311080730749694,-0.17960033233753164,65.45684748315199,0.15959701416181388,0,0,0
7.654786544349818,0.0019485264896729859,-32.76295021960186,-0.23119675638990317,65.80311415805606,0.1830258439495438,0,0,0
7.795158986060557,-0.025377134060120453,-33.25558595005296,-0.2649727049208991,66.16224823577147,0.1922487747403679,0,0,0
7.864542906998963,-0.06253132914932849,-33.7185717360926,-0.27904903080788585,66.47987158643122,0.1862614034906244,0,0,0
7.806737078796289,-0.10603946071518777,-34.093012811202556,-0.2742431434448321,66.71101105576686,0.1661481224884426,0,0,0
7.594226236086968,-0.15152313634834372,-34.346018281239594,-0.25385340978816656,66.83137604196992,0.13494629807536995,0,0,0
7.239144999274501,-0.19407356357123576,-34.477155993213074,-0.22308680912461226,66.84229998176846,0.09728590088304685,0,0,0
6.790290392578584,-0.2284434201879577,-34.51518446053166,-0.18809556165068386,66.7680953287521,0.05871705872172726,0,0,0
6.317754952752992,-0.24942329864177992,-34.50694451845462,-0.1546761737674558,66.64751256401965,0.024688537961829127,0,0,0
5.892251877672436,-0.2526757316606677,-34.50264482963604,-0.12690104651902914,66.52280096271373,-0.0006580759950736593,0,0,0
5.5674266931002165,-0.23593965304074943,-34.54194882199582,-0.10613991675426462,66.42970649198246,-0.01550256631947633,0,0,0
5.370352342470241,-0.20013392878416597,-34.6439058361087,-0.09089292850087531,66.39028474527333,-0.020755626880884392,0,0,0
5.300925999642757,-0.14973434340086983,-34.80234768772752,-0.07756454922581782,66.40913361538976,-0.019644469338226146,0,0,0
5.337785590392286,-0.09202677553550558,-34.98758220128289,-0.06190860703393355,66.47329082648048,-0.016589464443659097,0,0,0
5.4473405483887944,-0.03537560766777688,-35.1544119787452,-0.04058494540087167,66.5559853925721,-0.015796776979080107,0,0,0
5.592886948245308,0.012840882632249872,-35.25494756624835,-0.01224843304609351,66.62381977316107,-0.02010694680276117,0,0,0
5.741801565265803,0.04783969217196784,-35.25280148547125,0.022143145722179725,66.6458552883862,-0.030478530937712377,0,0,0
5.870022637223528,0.0680954627247857,-35.13427053087099,0.059740271641129536,66.6022006843155,-0.04615364701644751,0,0,0
5.963998876075223,0.07503686704359325,-34.912793972463334,0.09663688062839242,66.48954479422885,-0.06527768781426317,0,0,0
6.020660703994935,0.07210054088280912,-34.625129160096975,0.12884075268470951,66.32173149468612,-0.0856707536118904,0,0,0
6.045823614819895,0.06356098124640966,-34.32051736477402,0.15320456142055433,66.12492118260533,-0.10552196181238287,0,0,0
6.051306969718098,0.05347246280164057,-34.046503119697405,0.16819331647611477,65.92874827510886,-0.1238739565888352,0,0,0
6.05129467007869,0.044920783600100836,-33.835978881443594,0.17432962536273067,65.75635673724713,-0.14082853314344845,0,0,0
6.058790999220378,0.03965507249673124,-33.699174674435795,0.17414381708256882,65.61658329036158,-0.1574489476834458,0,0,0
6.082950360852891,0.038067022322451294,-33.62236636453966,0.17154913173496028,65.50076577444827,-0.17538085790513236,0,0,0
6.127611576261714,0.03941912911263614,-33.5730144014872,0.17076280265774244,65.38508020727272,-0.1962782050460433,0,0,0
6.191009401266811,0.04221176765190791,-33.509505231843946,0.17511303553954463,65.23756995695172,-0.22120116556420372,0,0,0
6.26657336219084,0.04460663250332573,-33.392832360045304,0.18616361726780326,65.02771120748105,-0.2501951563491211,0,0,0
6.344669099299736,0.044849465053350454,-33.19730265511373,0.20345383402196546,64.73573621517752,-0.28219497214600153,0,0,0
6.414851995121296,0.04164025998362604,-32.91750113351955,0.22485318892290707,64.35894944422569,-0.3152434233138862,0,0,0
6.467941291338974,0.034401428713853474,-32.56938700937857,0.24726215318947312,63.9129095269633,-0.34687372214129225,0,0,0
6.497373294751355,0.023405532322721002,-32.18486694701937,0.2673205691332868,63.42679671161765,-0.37447425569820963,0,0,0
6.499789320612194,0.009736015405123056,-31.80144054122394,0.28192652251825334,62.934407015787116,-0.3955461540181915,0,0,0
6.475193599056638,-0.00493162488693315,-31.450642785206725,0.28858179122399574,62.46414905722271,-0.4079052076142403,0,0,0
6.426964647991426,-0.018701044537338875,-31.149744832644927,0.2856930837657842,62.032028553035346,-0.4099507378468893,0,0,0
6.361666899488924,-0.029883347517142056,-30.899808710154332,0.27289301138978883,61.640337650290626,-0.4010426221215894,0,0,0
6.288369555318042,-0.037343361690643916,-30.690240006661412,0.2512739491349265,61.2821084167698,-0.3818442091352182,0,0,0
6.217257113321509,-0.04065942293551643,-30.507014447805346,0.22332236657393878,60.948659131338644,-0.35437643267209185,0,0,0
6.157658653926347,-0.040083446396812404,-30.34037181745589,0.19242499253104484,60.63622883670863,-0.32162360565137715,0,0,0
6.1160185199498756,-0.036356064401694255,-30.188571019621662,0.1620492159585865,60.34852322300979,-0.2867852911069065,0,0,0
6.094507674432535,-0.03042895331096531,-30.05664751802931,0.13489808775881612,60.094467435611115,-0.2524845248880709,0,0,0
6.090779065396191,-0.02310698760174006,-29.951643281279985,0.11234727633001,59.88303238489673,-0.22025541378736194,0,0,0
6.09895485664407,-0.014623656906788084,-29.87719061591349,0.09429551599072568,59.718170959273344,-0.1904454671426407,0,0,0
6.1116329550396955,-0.0042440592933914445,-29.83015062562086,0.07935895564493194,59.59629614615365,-0.16243739477944102,0,0,0
6.122675114881773,0.009896976430678706,-29.800763955056766,0.06525966171386983,59.50718330415464,-0.13499479513172402,0,0,0
6.130597023471523,0.03047916834452451,-29.776335946854232,0.0493066433398468,59.437783512417006,-0.10660272695452733,0,0,0
6.142132986250161,0.06009480460129453,-29.747284846754155,0.02894070463686944,59.377653745343395,-0.07579143617597026,0,0,0
6.174816520387594,0.0999430958099694,-29.713424891356027,0.0023129878621062972,59.324285183544234,-0.04146855801698237,0,0,0
6.256628418233134,0.14861673230701342,-29.68777520031719,-0.031221752144008973,59.28628088539139,-0.003220516047450417,0,0,0
6.420810203395121,0.20160657311430158,-29.695504586223194,-0.07090300141682633,59.28249595346452,0.038537730140131995,0,0,0
6.69545572044548,0.25193984684473775,-29.767240471660614,-0.1148129592854474,59.33655307385141,0.08267505039089755,0,0,0
7.090210023495885,0.29184990268891087,-29.928513402658922,-0.16051423554889938,59.468346804726906,0.12768828736794333,0,0,0
7.5851221797142045,0.31483140972006113,-30.18940813735358,-0.20575684845380238,59.68596579879884,0.17206909091583994,0,0,0
8.127698686182711,0.31722857157666484,-30.539180639789123,-0.24886194374461185,59.98167344755497,0.21443972179303686,0,0,0
8.64207358332915,0.2987868884312306,-30.94889354791124,-0.28859913244284885,60.33393380806361,0.25337739354176636,0,0,0
9.049096050360632,0.2621719960200622,-31.381478302343226,-0.32372325501917487,60.71466638609644,0.28711329272482117,0,0,0
9.290447083450772,0.2119426280056814,-31.80485333129218,-0.35256316703031987,61.098344654501794,0.31342050825085294,0,0,0
9.347102236154242,0.1535830736417708,-32.202044328802145,-0.3730047262146797,61.4686824014746,0.3298886498528873,0,0,0
9.24449730254544,0.09293099431198329,-32.57376652474568,-0.3829374164339413,61.820054820809055,0.3345251803961652,0,0,0
9.042530163595742,0.03589354378408842,-32.93273713641494,-0.3809285775090331,62.15362888071273,0.32640650865289234,0,0,0
8.814882000502294,-0.011940264069060902,-33.29287214196381,-0.3667401361182101,62.47075815635994,0.3060487577219142,0,0,0
8.626040759913593,-0.04607933015716696,-33.65856066480572,-0.34139570442837625,62.76723330325578,0.2753046632170701,0,0,0
8.514432122834037,-0.0641770194136626,-34.018782301692994,-0.30677514521809146,63.03121760276049,0.2368434931068691,0,0,0
8.486634124023595,-0.06684340906230517,-34.348466414879454,-0.2649828268331106,63.24573853408389,0.1934847068873907,0,0,0
8.522670942638541,-0.05769322309659515,-34.61629490909334,-0.21784284483491945,63.394421385282754,0.1477038147525917,0,0,0
8.588302748788962,-0.042433397993001165,-34.79543534662699,-0.16677559223701052,63.46771301826714,0.10149480148447054,0,0,0
8.648676889314146,-0.027258521236944944,-34.87260478347309,-0.11307807907503786,63.466779585570485,0.056552283960458284,0,0,0
8.67866814553119,-0.017146987081947885,-34.85187259713325,-0.05839386936609401,63.40352947034851,0.014558838105435967,0,0,0
8.667565071579489,-0.014679204677257474,-34.75219497309487,-0.005045028797871965,63.29709296833497,-0.02267377535656081,0,0,0
8.61819618366573,-0.01973881422259751,-34.60049305878505,0.04402603728639178,63.168576895557436,-0.053339453943068806,0,0,0
8.542296788132845,-0.03006805821771934,-34.42365293271419,0.08573890019990812,63.036280995964525,-0.07598614951178959,0,0,0
8.454570889094114,-0.042343992144080286,-34.24249935846666,0.11758750654273058,62.91282168431014,-0.08988759899859744,0,0,0
8.367640076061463,-0.05334190146758004,-34.069232589671714,0.13827384337061233,62.804479849194884,-0.09525466582082416,0,0,0
8.28924598179762,-0.06082417178831889,-33.908206042015536,0.14799742234273197,62.7123439946532,-0.09320204108398542,0,0,0
8.221990360461348,-0.0639467776189008,-33.75890590709426,0.14830103258385066,62.63455989016486,-0.08549787679626349,0,0,0
8.16486282734816,-0.06315442531199551,-33.61956028119968,0.1415705156827755,62.568837028281166,-0.07419848397532647,0,0,0
8.115257874638345,-0.05970292842465739,-33.48986634976697,0.13040865541382515,62.514232927362244,-0.06128927644948803,0,0,0
8.070426427648002,-0.05505264040076128,-33.37189837370593,0.11710020095904099,62.471509059508655,-0.048419518723321175,0,0,0
8.02809729539048,-0.050376278950672315,-33.26918464725637,0.10329975871743216,62.44211420037234,-0.03676604815741626,0,0,0
7.986651930545776,-0.04632408329415085,-33.18478790195729,0.08998229054097635,62.42659205580417,-0.02702977976661316,0,0,0
7.945267503886271,-0.04304720413715017,-33.11956637857594,0.07762158020379388,62.423388231469644,-0.019550552425083367,0,0,0
7.9040444850865015,-0.040372067846523405,-33.07149734887625,0.06648997553470223,62.42862649707693,-0.01448451712054677,0,0,0
7.8638772865547395,-0.03799229568856077,-33.03623500249739,0.0569202715892402,62.43681936762072,-0.011941161564499226,0,0,0
7.826005148856112,-0.03559487080933792,-33.00838313660577,0.04938917540180512,62.44204619698707,-0.011989592443310215,0,0,0
7.791518319089846,-0.03291421456649033,-32.98269010505632,0.04438131886847714,62.439054365914025,-0.014528637542061773,0,0,0
7.761142148882925,-0.02975639075827132,-32.95466052585266,0.04211431466688111,62.4239918570757,-0.01910503560299901,0,0,0
7.735334917752738,-0.02602999424703114,-32.92066363387457,0.04227589972692556,62.39482131171725,-0.02479338744009425,0,0,0
7.714477719554623,-0.021777209095961324,-32.87800661968788,0.04391003378068774,62.35161313507555,-0.03021749349175451,0,0,0
7.6989551497255775,-0.017164521540829016,-32.825371458571595,0.04550997352448007,62.29682782495172,-0.03372962568547919,0,0,0
7.6890880229630625,-0.012405706959846441,-32.76364475528848,0.045290080461580826,62.23554169977418,-0.033704064860631176,0,0,0
7.684967561415959,-0.0076406641133417,-32.696807381306684,0.04155972912946311,62.1754543570687,-0.028864565684528286,0,0,0
7.686272394126888,-0.0028338313075067846,-32.63239701106937,0.03310814065645218,62.12645156215938,-0.018560583137595187,0,0,0
7.692232071146449,0.00224779846879386,-32.58113526725259,0.019501020660845823,62.09952311076593,-0.0029242523749019255,0,0,0
7.701948079257647,0.007955389311834437,-32.555482331989964,0.0011910931090426402,62.10500554838076,0.01713430303203154,0,0,0
7.715111677956429,0.014606701569557855,-32.56709281376169,-0.02061093847249538,62.15040870906874,0.040098865761486024,0,0,0
7.732803835807857,0.022335344044975614,-32.62357911928814,-0.04426372270481238,62.23838602569975,0.06413939187469139,0,0,0
7.757812902440676,0.03102231041191743,-32.72565342726611,-0.06808867603659223,62.36557878796823,0.08743096548482968,0,0,0
7.794031612672967,0.04034384659592973,-32.866095688597454,-0.09067506805050414,62.52295616539587,0.10839822657105316,0,0,0
7.845022165421156,0.049893590011771495,-33.03148084329655,-0.11100009390006278,62.69781648256658,0.1258275238552457,0,0,0
7.912441463412819,0.05929162095593625,-33.206281982336606,-0.12836682481741093,62.876935618521095,0.1388598696568451,0,0,0
7.995190665535134,0.06821343411689754,-33.377694141672606,-0.1422526122295551,63.049764011917,0.1469336529491713,0,0,0
8.089710860086186,0.07633919653259227,-33.539147691574414,-0.15219359064214757,63.21043382786991,0.1497550756090277,0,0,0
8.191167971264164,0.08328849996167378,-33.69113620625322,-0.15778794688791606,63.35779834931839,0.14733388169628442,0,0,0
8.29486428881701,0.0886235825845759,-33.83915058016407,-0.15881015804343973,63.49360424494921,0.14005667889777343,0,0,0
8.397246019125404,0.09195628235205362,-33.98961893605724,-0.15535082782122914,63.619745238560455,0.1287204485973497,0,0,0
8.49619580113378,0.09310979337706016,-34.145515025709614,-0.1478810813166575,63.73593678179002,0.11445496065086544,0,0,0
8.590697902057414,0.09223732673816727,-34.30353289614527,-0.13718986533038163,63.838917604931076,0.09853212351342008,0,0,0
8.680267438518726,0.08982901249650581,-34.45419726903185,-0.12421670138170668,63.9235229543736,0.08214407493935667,0,0,0
8.764584988941692,0.08660634343759455,-34.58498912150884,-0.10985808637827574,63.98502096854008,0.06625843778095372,0,0,0
8.84353939718342,0.08334594044152369,-34.68509279550318,-0.09484226889941852,64.02148522502975,0.05160330036081007,0,0,0
8.917563932916806,0.08068054804594738,-34.74959279497642,-0.07973192929561321,64.0350852470512,0.03874186397010817,0,0,0
8.988000985051244,0.0789211095611293,-34.78131470539148,-0.06502725895819879,64.03187457726348,0.02813758385376062,0,0,0
9.05723140564011,0.07794028215735124,-34.78971707003598,-0.051254846189215185,64.02038272712792,0.020124145669223735,0,0,0
9.128323693232247,0.07715042727274976,-34.78757326915826,-0.038926633730417846,64.00963724855731,0.014773053387484225,0,0,0
9.204051499584878,0.07559848177257748,-34.78693822901337,-0.028360569593866104,64.00716387826154,0.011745798397796391,0,0,0
9.285406896745073,0.07218138325258394,-34.7957876152916,-0.019481015820892365,64.01731262032763,0.01025595271408548,0,0,0
9.370100723630927,0.06594492639778764,-34.81608135803742,-0.011749024753612503,64.04015906162331,0.00920867998065944,0,0,0
9.451771711246224,0.056376467585614876,-34.84346360633603,-0.004290536980983006,64.07125348824844,0.007471302394343127,0,0,0
9.520569806667467,0.0435832729550512,-34.8685948174475,0.003828777973822639,64.10247895251804,0.004151180357078487,0,0,0
9.56535322970926,0.028292121435309524,-34.879902953712104,0.013305494187164868,64.1240447521706,-0.0012285923561378808,0,0,0
9.577013196894683,0.011683335517912497,-34.86708304251255,0.024394752742330182,64.1271720468578,-0.008689676195650264,0,0,0
9.551765660907392,-0.004868422471948008,-34.82422007520131,0.036856433654727995,64.10658760120691,-0.017862727599435857,0,0,0
9.493064135190622,-0.020058089886038032,-34.75142929029775,0.05003864673571172,64.06189453069871,-0.0281027792044803,0,0,0
9.411244907585342,-0.032851998909964666,-34.65451832728661,0.06305326160675406,63.99735132499593,-0.03861921335837124,0,0,0
9.320884854764003,-0.042604101355108524,-34.54299070159007,0.07499840332375811,63.920267116305034,-0.04861029075624188,0,0,0
9.236722672025593,-0.049103899771756686,-34.42722327874432,0.08518311635730527,63.83868534433327,-0.05740435602977954,0,0,0
9.169519824770546,-0.05258482911923892,-34.315694890680305,0.09329627029242715,63.75913126957851,-0.06459318507183553,0,0,0
9.123251722146577,-0.05369915392476514,-34.21293099026849,0.09945715928056416,63.68506135466473,-0.0701138254934797,0,0,0
9.094528793116382,-0.05343238854785568,-34.11861078420992,0.1041158659025001,63.61637604495562,-0.07423251613577193,0,0,0
9.074314231991693,-0.052920683068423104,-34.02807179013905,0.10783661094085346,63.55000119187281,-0.07742201207675095,0,0,0
9.051164905702294,-0.05316985490325834,-33.934120339588276,0.11105892476407178,63.48124019613944,-0.08017224520545554,0,0,0
9.014774121659741,-0.05474351953359076,-33.82964848239567,0.11393929171181298,63.405449346272114,-0.08279921662880625,0,0,0
8.958740249712065,-0.05754329774311344,-33.71027063127275,0.11631966931737167,63.31956936934099,-0.08531487196078871,0,0,0
8.882038076901111,-0.060797679822314876,-33.576152217878075,0.11779805862608157,63.22313120422842,-0.08740308993096804,0,0,0
8.78918630573142,-0.06329783305626364,-33.43240145394935,0.11784711458130062,63.11854466425048,-0.08851399327151413,0,0,0
8.689287476689685,-0.06380466967993499,-33.28783036162619,0.115941962564753,63.01069317804521,-0.08804177743696613,0,0,0
8.594086847339412,-0.06146476702178631,-33.15249819750659,0.11167763461054961,62.90598254997062,-0.0855127379976551,0,0,0
8.515274923923428,-0.05606920890400886,-33.034950404007674,0.10486020736760508,62.81103045535505,-0.08070771911662433,0,0,0
8.461550462553745,-0.04807655436524953,-32.940139638396914,0.09555700642646343,62.73123611224048,-0.07368097310348957,0,0,0
8.436267535192343,-0.03844120938782538,-32.86865216449152,0.08409536553647853,62.66958341750315,-0.06469270322332932,0,0,0
8.43651723548443,-0.028358817496764742,-32.81734399348278,0.07100065421463171,62.62611281616289,-0.05411063505405167,0,0,0
8.454082032619652,-0.019025984326157187,-32.78104640871962,0.05687523703651039,62.59837215510587,-0.04233326762214418,0,0,0
8.47797470605957,-0.011453216041546454,-32.754700567008115,0.04225380050751539,62.582759638306094,-0.02975381368416947,0,0,0
8.497625983022857,-0.006329279225900564,-32.73519856251329,0.02750186354927848,62.57620417199513,-0.016753168129902463,0,0,0
8.505598130763772,-0.003932121678234068,-32.722394911803036,0.012813543448388032,62.57743831370996,-0.0037032526156394853,0,0,0
8.499027633428113,-0.0040962637358560984,-32.71907799126109,-0.0016873235301432033,62.58736050182377,0.009028098684282782,0,0,0
8.479554686923947,-0.006255216058855239,-32.729960192431435,-0.01579310625479593,62.60844441312893,0.02106940121231844,0,0,0
8.451982131664423,-0.009566675791026569,-32.75993176851489,-0.029081938151693975,62.64349877405603,0.032034345823200285,0,0,0
8.422229245771405,-0.013100288094707934,-32.812004203913034,-0.040878301254579696,62.694203586084086,0.04151778168107327,0,0,0
8.395304897833782,-0.01604119938684363,-32.885525399792954,-0.050333307755002464,62.759864404345976,0.04911650080059928,0,0,0
8.373965074895878,-0.01785291830199611,-32.97527505603074,-0.05660224468786339,62.83680682828607,0.05448168651813319,0,0,0
8.358415274709387,-0.018349660874049788,-33.07186579023656,-0.05905747155509857,62.91871561333787,0.05738849691253165,0,0,0
8.34697182511249,-0.01764981771917462,-33.16348357955391,-0.05746278389327131,62.997937455116826,0.057796881541432296,0,0,0
8.33721398915442,-0.0160220224430347,-33.238531640063314,-0.052052755612422175,63.06736918000112,0.05588222611860942,0,0,0
8.327068947743811,-0.01368483574858601,-33.28841735868167,-0.04349784538543133,63.122255178891294,0.05202122333929822,0,0,0
8.315531024687616,-0.010652749454334299,-33.309652706812074,-0.032773898770236086,63.16124547094908,0.04672186782053132,0,0,0
8.303056509732201,-0.00670795755399638,-33.30458803136415,-0.020975288957455974,63.18641322854325,0.040498926991272555,0,0,0
8.291761907234076,-0.0015161738977582217,-33.28045932463911,-0.009116052609311965,63.20232103524212,0.03372365059381934,0,0,0
8.285380888285545,0.005176634200350349,-33.24698265776735,0.002033065596205574,63.21441581947707,0.026505117570481927,0,0,0
8.288777403290439,0.013382337715779614,-33.213264387495315,0.012025965293554463,63.22708308255129,0.018667936429793742,0,0,0
8.306885499355914,0.02283634475509615,-33.1850279456053,0.020721590412890123,63.2417960981988,0.009859627396131287,0,0,0
8.343253535731805,0.033088678487368385,-33.16302631632968,0.028186997720439422,63.25595211927607,-0.00024413895680837073,0,0,0
8.398738167115994,0.043629025675350874,-33.143152923591856,0.03457372789643216,63.262988630821646,-0.011729320968836988,0,0,0
8.471037366312217,0.053953329950752506,-33.11827198712777,0.04001487170167195,63.25404854429906,-0.024330265227707315,0,0,0
8.555432395294773,0.0635585323997077,-33.08120145455277,0.04456932767338344,63.22085145285261,-0.03745998089659395,0,0,0
8.6464178095613,0.07192610519871608,-33.02778272960768,0.04821630775080621,63.158804081381,-0.05035287241245854,0,0,0
8.73934676648571,0.0785595402900455,-32.958850752399826,0.050890417541276635,63.06912001885488,-0.062249214844384684,0,0,0
8.8312952067416,0.08308414908941444,-32.88031060762239,0.05255387146540613,62.95901838296505,-0.07256587989665633,0,0,0
8.920966212282622,0.08535328043400625,-32.80128938103351,0.053308148199491256,62.83981601051113,-0.08103018059538485,0,0,0
9.0080384552776,0.0854850735936381,-32.73110130998725,0.05351912159650851,62.7235543584267,-0.0877609587669724,0,0,0
9.09248090225637,0.08379458360324037,-32.67612377019253,0.05387842814628243,62.61930394975495,-0.09326360540896843,0,0,0
9.174095026625949,0.0806549423537291,-32.637487601675616,0.05531198203221095,62.530293320309504,-0.09830211817030446,0,0,0
9.252270971456056,0.07636083549421642,-32.61007144159694,0.05871279865983183,62.4526868248678,-0.10365165754880082,0,0,0
9.325888102248598,0.07105226182458466,-32.583080771162685,0.06458228794213597,62.376438956629336,-0.10980147592968663,0,0,0
9.393378231327176,0.0647150727752944,-32.542417173089945,0.07273457277734678,62.28821539876292,-0.11671822038122173,0,0,0
9.45296723309859,0.057246407656759854,-32.47466290928557,0.08220014168188357,62.175782899677955,-0.12375744075476973,0,0,0
9.502955121427874,0.04856135157872075,-32.37172276580151,0.09136581847467085,62.032603443366874,-0.12974134177237176,0,0,0
9.541817824987447,0.03870494599106422,-32.23448772820103,0.0982754965365075,61.86100362366818,-0.1331587745231225,0,0,0
9.568116940035566,0.02792260117951457,-32.073943653260045,0.10097546475715262,61.67263380669891,-0.13243328098090998,0,0,0
9.580502531845198,0.016649972235434518,-31.909099893168417,0.09784103367283876,61.485979950879006,-0.12623222812666626,0,0,0
9.578094418043577,0.005416922961690318,-31.762465585445824,0.08789295777016264,61.32189053203123,-0.11380110359307168,0,0,0
9.561144486536591,-0.005293631018859912,-31.65473263631054,0.07110938450870208,61.19870557507828,-0.0952732763291408,0,0,0
9.531496983251202,-0.015157795777101057,-31.600316794025417,0.04865608828278596,61.1283540150587,-0.07185381943697351,0,0,0
9.492387824602943,-0.024027991342993004,-31.604670434434297,0.022886499329834463,61.11411667536267,-0.04576310267298354,0,0,0
9.44754746094408,-0.03184898061239352,-31.663487595388318,-0.0030010707148534267,61.150204362832206,-0.01988903914868203,0,0,0
9.400030922909991,-0.038538964339970505,-31.76356906419855,-0.025612688248239125,61.22305013638655,0.0027827093050149187,0,0,0
9.351377163656863,-0.04392514410260588,-31.885161882973648,-0.04210969554233372,61.31406524899714,0.01978460092927321,0,0,0
9.301537911557517,-0.04777211866804976,-32.00562273490269,-0.05079005947756059,61.40337259693835,0.02963200766007219,0,0,0
9.24962713391163,-0.04986613988164521,-32.10395436040858,-0.0513171444799525,61.47374341521209,0.032013572617438514,0,0,0
9.195112888445493,-0.050090048106631,-32.16522677565081,-0.044589883475217106,61.513807043929155,0.02769296805052477,0,0,0
9.138842977017518,-0.048456904700944395,-32.18356254086916,-0.03238440919258494,61.519736541323965,0.018187219605363226,0,0,0
9.083423299856094,-0.04511759844679943,-32.16263323108615,-0.016914600722401474,61.495025651679,0.005321023909344547,0,0,0
9.03283558443475,-0.04037023958890416,-32.11348823882494,-0.0003952820372830956,61.44848974123308,-0.009232341771396336,0,0,0
8.991487343536633,-0.03467171640125031,-32.05056926918647,0.015357210495241701,61.39104635586792,-0.02431184151385608,0,0,0
8.962978413934636,-0.028619201908270497,-31.987331687314168,0.029241869922626052,61.33207655888584,-0.03943976566379561,0,0,0
8.948854938441997,-0.02287009325943501,-31.932715071422564,0.041030316362287066,61.27626037547999,-0.05476429058587513,0,0,0
8.947674767767822,-0.01800814554155039,-31.88911470334648,0.051292736904809996,61.221741831283175,-0.07080675255162419,0,0,0
8.954820747545014,-0.01440824510917622,-31.85205062995027,0.061081100523821874,61.160254181799786,-0.08810485743381165,0,0,0
8.963435114828926,-0.012161322851372346,-31.81153566118232,0.07144993894390553,61.079345758574135,-0.10686030451573955,0,0,0
8.966411955851143,-0.011085785388333136,-31.754923612027937,0.08296991366184159,60.966164138070404,-0.1266775546095431,0,0,0
8.958761521602014,-0.010803736656717433,-31.67063517182106,0.09539811966049569,60.81166901580772,-0.14644107658085231,0,0,0
8.939340848764331,-0.010835451834006448,-31.55182222584793,0.1075981006945966,60.613977077340884,-0.16434079529929732,0,0,0
8.911222355921026,-0.010677412624990269,-31.398988849385887,0.11769799552166944,60.37988669607569,-0.1780329434442372,0,0,0
8.880629489653302,-0.009866344629791968,-31.220870132568052,0.12340805776536001,60.12427080977249,-0.18492088762095377,0,0,0
8.854941047367461,-0.008058579897979711,-31.03335049070921,0.12241811588526161,59.867665793077315,-0.18254391908547304,0,0,0
8.840500420101932,-0.00513426790981697,-30.856734064476598,0.11282800137702793,59.63285242248702,-0.1690481428494813,0,0,0
8.84090064151792,-0.0012815393607610304,-30.712134748129785,0.09357820071659831,59.4414123968408,-0.1436739861281886,0,0,0
8.856157301247094,0.0030130640576686574,-30.61797005229667,0.06482604800723948,59.31104530559025,-0.10714684643159841,0,0,0
8.882849315849128,0.007103725001277894,-30.587354502329703,0.028178341344894876,59.253906567719405,-0.06183649097903299,0,0,0
8.915069276752973,0.010410794521799004,-30.626643598257658,-0.01331936750391378,59.27568270957559,-0.011587545798840183,0,0,0
8.945946127994404,0.012633253037490988,-30.734853164655078,-0.05550161701502532,59.37492915452584,0.038783178415570066,0,0,0
8.969471489341018,0.013855693233635691,-30.903561745775534,-0.09369500296135413,59.5425086130249,0.08421714263571686,0,0,0
8.982259605933805,0.014514091724380762,-31.11720543593694,-0.12350949633246558,59.76152178628536,0.12019931090783231,0,0,0
8.984737434871292,0.015250186265235754,-31.35406380760719,-0.14162092506332158,60.00839535178409,0.14342981576187838,0,0,0
8.981273577742371,0.016722772927647612,-31.588366660859464,-0.14634098987307312,60.255497577233015,0.15226650026092797,0,0,0
8.97905735243829,0.019442781095852978,-31.79368409409014,-0.13782585563284896,60.47502384884419,0.1468807951749838,0,0,0
8.986041558761727,0.02366948246895504,-31.94722971145444,-0.11788817179534306,60.64340550591913,0.1291189305055475,0,0,0
9.008659163899452,0.029370489555142855,-32.034179302929886,-0.08951059107747028,60.74534346320903,0.10210859872693731,0,0,0
9.050077045125605,0.036229911641684966,-32.050764401060434,-0.05624712759221211,60.776571570328684,0.06969639928560838,0,0,0
9.109497087711503,0.04369824800636479,-32.00490215458615,-0.021693755559601867,60.74449066132543,0.03583325365095078,0,0,0
9.182640952683954,0.05109619709050293,-31.91373488260851,0.010876640624960032,60.66611845958131,0.004033051183488112,0,0,0
9.263176384892446,0.05777414717910716,-31.798667656550236,0.03872302039336546,60.56359460029427,-0.022994821002276213,0,0,0
9.344558722350655,0.06328325982737937,-31.67967671185906,0.05975514501369901,60.45848577914144,-0.04349575388033955,0,0,0
9.42171991493494,0.06747905904013293,-31.57100136320321,0.07262323065993996,60.366727888293596,-0.05662895551116307,0,0,0
9.4922355486474,0.07049899573247558,-31.479600254609863,0.07678822445957678,60.295828089067896,-0.062307861045261606,0,0,0
9.556798824229361,0.07262027420794652,-31.406453890156484,0.07253426212839145,60.245075638821426,-0.061001774653337296,0,0,0
9.61887415703552,0.0740651576198772,-31.34967826131745,0.06088434061679493,60.20844796711573,-0.05356114552096756,0,0,0
9.683449754300781,0.07484379977229452,-31.307946996330486,0.04342731043462038,60.1790539080974,-0.04110497540831304,0,0,0
9.75506700245036,0.07470191875239465,-31.282882156464666,0.022111237937886587,60.15349295987607,-0.024977773306085284,0,0,0
9.835699829790968,0.07318238014651683,-31.279559533302233,-0.0009367430818855383,60.134472914792056,-0.00674336487096241,0,0,0
9.923292528882726,0.06974808027179477,-31.30489147644056,-0.023540573173875146,60.13050700437164,0.0118469351355607,0,0,0
10.011614382615392,0.06389415986648146,-31.364394552204033,-0.043580012096956014,60.15254484621114,0.028966048288435787,0,0,0
10.091577909874601,0.05521693279442843,-31.458564332480194,-0.05911971307752424,60.20870804608059,0.042907529918579004,0,0,0
10.153543716400108,0.04346443402209701,-31.580368794022064,-0.06859597555956895,60.29929423958397,0.0523131722911657,0,0,0
10.189716351365348,0.02860895466879043,-31.715005986348615,-0.07104750296034582,60.4142974404235,0.05635372012104156,0,0,0
10.195740422894175,0.010941060161819394,-31.842254011126045,-0.06633041867734164,60.534736121705784,0.05480888604320953,0,0,0
10.171043484979805,-0.008865113306282525,-31.940875392092693,-0.0552379219305152,60.63752326630152,0.048043491202969336,0,0,0
10.118094094521751,-0.029769541383959108,-31.993906751926176,-0.039457487301052654,60.70218563100906,0.036916861223258476,0,0,0
10.041156549138265,-0.05047892603236761,-31.993357186068124,-0.021340698777413535,60.717030161086484,0.022671079247846393,0,0,0
9.945110431409162,-0.0696211213621595,-31.94286372007565,-0.003523990181179215,60.68256177522415,0.006823607462746395,0,0,0
9.8346413958199,-0.085929954680293,-31.85727069574571,0.011502084560453341,60.61094191640133,-0.00893622990810954,0,0,0
9.7139189687758,-0.09839353931629233,-31.75896942521456,0.0217574962258567,60.52171345844373,-0.022855943778169064,0,0,0
9.586788649550925,-0.10633768375202238,-31.67197132025433,0.025993130951417243,60.43541883855905,-0.033237853119081964,0,0,0
9.457332502778513,-0.10944568272565931,-31.615608695833856,0.023768231786468162,60.367530314211436,-0.038577284731063345,0,0,0
9.330416804562418,-0.10774247036523973,-31.59998514074408,0.015450645400213148,60.32493514134241,-0.03774782635981637,0,0,0
9.211805029731252,-0.1015741563199839,-31.624679048867478,0.002203737315693388,60.30617668392409,-0.0302449676118556,0,0,0
9.107666647459581,-0.09159445041519945,-31.68094408257852,-0.014044197567420725,60.3051447351107,-0.016435462582969507,0,0,0
9.023637267265158,-0.07874869271456646,-31.756224434061494,-0.03072934003861576,60.316412783698425,0.002308112828252007,0,0,0
8.963731845485867,-0.06423521363175552,-31.838850732065993,-0.04497744291342087,60.33955189748832,0.023712714003874424,0,0,0
8.929368868209323,-0.04942065573552838,-31.920826346918716,-0.05414246898928639,60.380112099105595,0.044989607291062585,0,0,0
8.918696891667906,-0.035697313607327884,-31.99771267141992,-0.05643615814314842,60.446587290571635,0.06340100640667216,0,0,0
8.926432041630136,-0.02430309606844929,-32.06626282560072,-0.05141707984408868,60.54479458672625,0.076804734186954,0,0,0
8.94443651323337,-0.01615713335894071,-32.12174574938854,-0.0401247370712781,60.672545978597796,0.08397279251165486,0,0,0
8.96312594542323,-0.011760764228220921,-32.15703338572672,-0.024793956655759074,60.81742638712206,0.08459805328056405,0,0,0
8.97344366848914,-0.011172001486303883,-32.164346722175566,-0.008268501480202417,60.95894520540913,0.07906829982885881,0,0,0
8.96877406904676,-0.014021304209387608,-32.138849847308364,0.0066624211448583995,61.07422402579363,0.06818989701880654,0,0,0
8.946095313870174,-0.019535960168954602,-32.0821914532913,0.017795404043548048,61.14487266022725,0.053022503025455595,0,0,0
8.90602962498295,-0.026578316156401625,-32.004164000619085,0.02380412667140206,61.162393316504065,0.034864091010134504,0,0,0
8.852011830622828,-0.03374263043076553,-31.921535746868017,0.024305013120974196,61.13023489577691,0.015289048784372738,0,0,0
8.789155826115447,-0.03955560869838877,-31.854202135470132,0.01977942225828997,61.06201106929366,-0.003906610144900213,0,0,0
8.72333728997836,-0.04277373825895978,-31.81975863098444,0.011410679828867388,60.97681232082619,-0.02091729883336981,0,0,0
8.66064888006612,-0.04269472575231248,-31.828221558886696,0.0008240192928099077,60.89343549682759,-0.034217626966751166,0,0,0
8.607010208925715,-0.03935631717591263,-31.878695618178796,-0.010303759108552413,60.82543646644152,-0.04276970579718622,0,0,0
8.567569858439342,-0.03352656913726833,-31.95923916314382,-0.020728547276758037,60.77836028567306,-0.046039188033778086,0,0,0
8.545706285899541,-0.026484820005707378,-32.05023992388689,-0.03007849258399915,60.74977221707543,-0.04385796930125281,0,0,0
8.541826811523634,-0.019689219003906543,-32.130609654380265,-0.039068219498093984,60.73204775612612,-0.03631307059483859,0,0,0
8.552532142111048,-0.01446086583716948,-32.185229044376825,-0.04937066755259707,60.71717560225539,-0.023874474719225703,0,0,0
8.570763933610266,-0.01177362920662688,-32.211449473386665,-0.06317232312328827,60.702001436166285,-0.007846882233209129,0,0,0
8.587163630565755,-0.01216273840646238,-32.22232067270801,-0.08258234989697258,60.69165520276438,0.00901266136313339,0,0,0
8.592263636076382,-0.01570807835706347,-32.24488433045107,-0.10913015487629138,60.698880363345275,0.02208371902515225,0,0,0
8.578728631606666,-0.022039225859843727,-32.31346530651041,-0.14353143859650858,60.738067573633934,0.025076432846841357,0,0,0
8.54291258799985,-0.03034177934411133,-32.45994479011958,-0.18575540420274592,60.8149666744955,0.010999785882219726,0,0,0
8.485382824861091,-0.039388200525780806,-32.70451911714852,-0.235256247349605,60.91556308007286,-0.026327706841451713,0,0,0
8.410489074868707,-0.04763847019542737,-33.050540711906734,-0.2911303493638286,60.99919747592458,-0.0908162943517418,0,0,0
8.325314027301104,-0.053436213206451554,-33.48555430985198,-0.352003320982152,61.000536545543845,-0.1833565678538001,0,0,0
8.238409018082521,-0.05527260540115293,-33.988163696407725,-0.41564262555824316,60.84204561494832,-0.3021269578016536,0,0,0
8.15865013685324,-0.052046966659717954,-34.537791517872876,-0.47852532621667765,60.45389853384087,-0.4437433113061907,0,0,0
8.094379231655992,-0.04326391027785377,-35.12275296702495,-0.5357040312945884,59.79383849264887,-0.6046028095776045,0,0,0
8.052801498501239,-0.029159865420855625,-35.74235388252953,-0.5812194742912169,58.85808952422638,-0.7817474953204012,0,0,0
8.039537582064852,-0.010779005513299467,-36.4013105860335,-0.6090743006542368,57.67761078532874,-0.9729298577448511,0,0,0
8.058258965009486,0.010021227137723087,-37.098718568677185,-0.6145697264533083,56.30063446057203,-1.1760158309178372,0,0,0
8.110273485221313,0.030713164367578826,-37.81698510306546,-0.5957189693373153,54.76893857871946,-1.3881183044737042,0,0,0
8.193784170652535,0.048455738829289885,-38.51671386006069,-0.554467877148204,53.098088126868845,-1.6048383987093815,0,0,0
8.302699019735712,0.060621128685866665,-39.1412837184491,-0.4974747570005576,51.26989889847607,-1.8198468286068965,0,0,0
8.425526298678335,0.06530809780056615,-39.63125157438506,-0.43613213521887817,49.24037823636547,-2.0249807203523185,0,0,0
8.54554066175831,0.06157844708078386,-39.94535338978088,-0.38533930560752194,46.960862570211276,-2.2111562823674857,0,0,0
8.643207525146138,0.04919370450236897,-40.082470289354916,-0.36039810250700555,44.40551454674706,-2.370564487286502,0,0,0
8.700590518514659,0.02783052614597068,-40.09750053703053,-0.37159478697687687,41.5953702065799,-2.500524382045363,0,0,0
8.7058824765069,-0.003908006870038605,-40.10367523471831,-0.41680075989028464,38.608282320703196,-2.60879099125179,0,0,0
8.655322052872691,-0.04905711034396347,-40.25470364210872,-0.473721352285429,35.56604796165388,-2.7191137591023704,0,0,0
8.550196010033176,-0.11178665998569529,-40.70269959374724,-0.4947763525899404,32.594989587707005,-2.8747768015978834,0,0,0
8.38857874668102,-0.19561934435683243,-41.53293297283423,-0.4082615921512172,29.763694758265828,-3.137245610445356,0,0,0
8.154704101952149,-0.3008995500495956,-42.68472145896354,-0.12867664751989877,27.010178214350944,-3.577454256282256,0,0,0
7.8121279162960775,-0.422673514097238,-43.87849724130339,0.42347633832212067,24.078761307452368,-4.25913302535331,0,0,0
7.307659698821382,-0.5502330381901359,-44.579015100284465,1.2961348911969026,20.492610220386638,-5.216865889363284,0,0,0
6.589347218189985,-0.6689369817924501,-44.02796931129305,2.4820435643149126,15.588406465757714,-6.435251209900301,0,0,0
5.634212024650182,-0.7637824342363914,-41.369236764553904,3.906262335556954,8.630971983924496,-7.837456344026634,0,0,0
4.473855377542279,-0.8231968407214921,-35.86273715380932,5.431139234467975,-0.9959600469532006,-9.289424803671777,0,0,0
3.2035520946055414,-0.8413880328474633,-27.142326322749284,6.878276848947948,-13.560376572929641,-10.620015460464078,0,0,0
1.9659522349481904,-0.8185062347871253,-15.434267998959598,8.060060166473168,-28.786464137349128,-11.650674101923244,0,0,0
0.9123716676692624,-0.7591939692086868,-1.6400762381776985,8.810562829438329,-45.77957385255934,-12.225128606438483,0,0,0
0.15661033946609848,-0.6708425684798456,12.778459371845514,9.008327390701629,-63.13055327845194,-12.231605140554663,0,0,0
-0.2591762265224844,-0.5625638189016413,26.098047030515943,8.58889587204363,-79.18997639028984,-11.614962745000415,0,0,0
-0.3729344315751746,-0.4449019343788748,36.72210442342829,7.549224505602389,-92.42797971178007,-10.380415876957745,0,0,0
-0.2842799932654856,-0.32948299598382247,43.52661319409883,5.947143100694751,-101.75867584399819,-8.591962418734507,0,0,0
-0.11907846660847099,-0.22774299920133956,46.05530459572324,3.897047518818117,-106.72764493978892,-6.367131496421339,0,0,0
0.008573835633768567,-0.1486093091824543,44.51972195588239,1.5601743711261775,-107.51865546607965,-3.866997280372746,0,0,0
0.024836033753530273,-0.09598113288563041,39.62950790221457,-0.8729156173395864,-104.80011881653064,-1.2794411202788496,0,0,0
-0.09127786523268355,-0.06732345621203847,32.32910468419823,-3.207175862520745,-99.48000076027472,1.2040170240864512,0,0,0
-0.3114777570652052,-0.05428465054897913,23.53620718922157,-5.270320748918046,-92.45777910156252,3.413526992188841,0,0,0
-0.5737214241552806,-0.04526619132002026,13.961667473084077,-6.9352471603336125,-84.4495466562868,5.221922743516688,0,0,0
-0.8032009893902057,-0.028988503691864766,4.04930319844965,-8.131946501217502,-75.92496448124044,6.556351913950493,0,0,0
-0.9324107886428692,0.0022169850927497236,-5.973711594691508,-8.847198831598645,-67.14980614942533,7.398936965499982,0,0,0
-0.9157809370649659,0.05040019758314429,-15.981103065752166,-9.11424789712282,-58.29270978989166,7.778293053272085,0,0,0
-0.7369419064656881,0.11172528850427739,-25.8258584092373,-8.997050772709164,-49.539448408831305,7.7558010278510725,0,0,0
-0.40896350352711863,0.1778227447637491,-35.26416041645177,-8.574214837595921,-41.16412580028398,7.411010535895073,0,0,0
0.030743686561265804,0.23820903959571496,-43.95226636010406,-7.926452171104546,-33.52928581107983,6.8294821129979395,0,0,0
0.5288380095849732,0.2830310663064921,-51.512971069013616,-7.12892917483668,-27.017188283809787,6.094287572106907,0,0,0
1.0259750198100903,0.30544155898430747,-57.641403042893415,-6.247566283600247,-21.921990481764,5.280442594586643,0,0,0
1.4667496905722857,0.3031023463816155,-62.20594118673765,-5.337355340290591,-18.34767374261179,4.450858331519251,0,0,0
1.808368971801869,0.278538139108646,-65.30285423796138,-4.441326396092402,-16.154725526307402,3.6531329237790233,0,0,0
2.0271096736747154,0.23830413365726316,-67.23998854991714,-3.5900410078960165,-14.982088760171365,2.9177441407909925,0,0,0
2.1220048012002053,0.19121081234885082,-68.44937443069398,-2.802239086067084,-14.345380203558904,2.2587264624016457,0,0,0
2.1152425267511887,0.14611929434556145,-69.35465646865808,-2.087028479765368,-13.78412647469915,1.6772362800437208,0,0,0
2.048439484620772,0.10993934552674176,-70.23912237016131,-1.447189970194998,-13.008119171041074,1.1670863295690708,0,0,0
1.9740778330455129,0.08633695483899828,-71.16457049541194,-0.8825014207925307,-11.986684392374059,0.7203456475422996,0,0,0
1.942851810049774,0.07535699655855695,-71.9746572207749,-0.39203954873026703,-10.942021187063375,0.3312184634305737,0,0,0
1.9900309530405877,0.07385086452250533,-72.3832558666673,0.02464815216884233,-10.24482548337258,-0.0022406958280640765,0,0,0
2.125368475077508,0.07640524995009627,-72.1133027448434,0.36646901643074725,-10.25112718607329,-0.27737477848622516,0,0,0
2.3301192389622685,0.0764663654583373,-71.03095539466295,0.628679884500255,-11.144217267188793,-0.48555284379409897,0,0,0
2.5619389373874384,0.06751384907614551,-69.22324972526405,0.8000623746096863,-12.842540892001665,-0.6101196941475365,0,0,0
2.7656183188997687,0.04429177907687461,-66.99350702822872,0.8615407345695332,-15.004495718452006,-0.625776817790765,0,0,0
2.886057300701168,0.004057578713477028,-64.7846842663865,0.7888852761480848,-17.119127988421155,-0.5022328511267602,0,0,0
2.8799061813345617,-0.05241766008290227,-63.06785762365553,0.5605369953486331,-18.63965491264014,-0.2132892146024119,0,0,0
2.723577975382227,-0.12051020417499245,-62.23849862406445,0.16874736068781432,-19.10931611251644,0.2506491346119276,0,0,0
2.416995623814259,-0.19233478495320072,-62.549163149716605,-0.37025638918009635,-18.24445257028171,0.8714414947318957,0,0,0
1.9834275971845443,-0.2581812587936696,-64.08580445929405,-1.0120417570443834,-15.964349698330977,1.598936020944913,0,0,0
1.465854352211565,-0.3084013563668265,-66.77788591318097,-1.6887212294245644,-12.377717629396699,2.3567745433721825,0,0,0
0.9202664333275834,-0.3352447220126905,-70.42582913796525,-2.321816872398182,-7.7446358399540145,3.0571326865898243,0,0,0
0.40677138943026137,-0.3342350564929305,-74.73351928646392,-2.8386195665279104,-2.429802319869836,3.619184762869362,0,0,0
-0.019873650549257604,-0.30486487029136955,-79.34366729570789,-3.1861134016824537,3.1468193174474663,3.9847384038542613,0,0,0
-0.3183952447684959,-0.2505674941134203,-83.88071932247436,-3.338241144329726,8.56324971526982,4.126388534814991,0,0,0
-0.4663899194257368,-0.17804153706098447,-88.00285299036832,-3.2956293963578984,13.452198877477088,4.047186744555812,0,0,0
-0.46244438359474316,-0.09606982758954388,-91.45405328893463,-3.0798655214055968,17.552192716053483,3.774072970525259,0,0,0
-0.32507072753146815,-0.014040774789383193,-94.09963264088898,-2.725665999980515,20.738067926026176,3.348733924643409,0,0,0
-0.0886793173199436,0.05954962059219042,-95.93157459301386,-2.2736306169837803,23.019432777868204,2.818959028857549,0,0,0
0.20301222657469964,0.11831679715400298,-97.04209842287304,-1.7646616728730948,24.50751774722714,2.2319099135344245,0,0,0
0.5051560763161262,0.1587061575485947,-97.57654112723694,-1.2358558180559727,25.36301207585589,1.6293309346241742,0,0,0
0.7798586854337515,0.18014480582259154,-97.6824891377704,-0.7174740066897385,25.742703406480075,1.0443504329800135,0,0,0
1.0022675953521656,0.18471391711656793,-97.46982545630172,-0.2311271350629795,25.759787968705652,0.49989301244743983,0,0,0
1.1632943209907722,0.17649834996021668,-96.99028402443884,0.21031348094615226,25.465918452791712,0.00902842846133325,0,0,0
1.2686663307174513,0.16075060795172647,-96.23927750303409,0.6008951799311489,24.85655906151156,-0.4227123626417651,0,0,0
1.3350581388001785,0.1429742299732851,-95.17759305726571,0.9384700912557804,23.895703207277222,-0.7937740441849102,0,0,0
1.3846947875709361,0.12804228441069226,-93.76532463956443,1.2215319892343701,22.55112284052788,-1.1030852362418102,0,0,0
1.4399127720706986,0.11949272657953713,-91.99649783142746,1.4471773624465414,20.82835221063951,-1.3478728707438195,0,0,0
1.518826762197321,0.11912807840127612,-89.92262279370237,1.6106662612735192,18.792309151450553,-1.5232896639951974,0,0,0
1.6327545263075507,0.12697903679011233,-87.65739751031523,1.7063188858997875,16.56977730537804,-1.6235625829553513,0,0,0
1.785578920423049,0.1416031879248422,-85.36122123489324,1.7291983653049698,14.33215971343779,-1.644002914420274,0,0,0
1.9747859512291228,0.16061787105980727,-83.21071551330499,1.6771521885384317,12.263974699041881,-1.5832829570839635,0,0,0
2.193548379364927,0.18132620146853357,-81.36316284356653,1.5529373362733736,10.526891328753678,-1.4455726972614145,0,0,0
2.4330846888918956,0.20129007045962766,-79.92709516544096,1.3661111410464173,9.2302926232382,-1.2422210862113843,0,0,0
2.684698209965873,0.21873084683324465,-78.94729384998439,1.1341995667900675,8.416529917308821,-0.9926294972912061,0,0,0
2.9412368493982513,0.23037563380246853,-78.4060711718814,1.0085300427237263,8.062873636437587,-0.8559736807599497,0,0,0
3.1979568022562717,0.2400695387633398,-78.23595127683069,0.8475742636364423,8.095395867913737,-0.6832681918624122,0,0,0
3.452813476666975,0.24733561132866352,-78.33538642096329,0.661441198214756,8.406141348525665,-0.48542293150048416,0,0,0
3.7061352305297675,0.25209780852747343,-78.5806271258017,0.463755952960805,8.866014178538492,-0.27681285836919756,0,0,0
