Pitch_Normalized,Delta_Pitch_Smoothed,Roll_Normalized,Delta_Roll_Smoothed,Yaw_Normalized,Delta_Yaw_Smoothed,Label1_Move,Label2_Bend,Label4_Speed
-0.8090908703477169,0.16142584361327011,-6.652580328532949,1.3096946977726502,4.48089645644599,-0.9233896463415447,0,0,0
-0.571073966034362,0.15679383985372178,-4.797029676495455,1.2898399062490071,3.0961389827130006,-0.8843073877009502,0,0,0
-0.35093303199394654,0.15166928793601844,-3.045677295163401,1.259246316341146,1.8217727539931303,-0.840484839561114,0,0,0
-0.16050568876472937,0.1477519608485931,-1.4728535467520771,1.2314052400891402,0.7359728089306259,-0.8045771301204603,0,0,0
-0.001961652281366355,0.14549032482134944,-0.10410683966969714,1.2122428249062298,-0.13605177526173406,-0.7822607370025357,0,0,0
0.13167216877461385,0.14451428963052707,1.086459108961094,1.2019958332527167,-0.8249478697597112,-0.7737009631930902,0,0,0
0.25259414520441226,0.15848486158377711,2.1621438858550732,1.3169554920056001,-1.402497420481808,-0.8528665511876256,0,0,0
0.37292481644102793,0.1483121040359066,3.198661592180173,1.246028116839291,-1.9557205845176924,-0.7997296326719393,0,0,0
0.5003220530444281,0.13884939045825745,4.25760509562312,1.1793875280309336,-2.5594501765768314,-0.7584607743619884,0,0,0
0.6360520259575537,0.13078649975910112,5.367378003994219,1.1192667056179317,-3.256113175484913,-0.7314653233487334,0,0,0
0.7757577454900542,0.12419203528413192,6.516974591523052,1.0653110383115858,-4.047769055430265,-0.7174538273705651,0,0,0
0.912047074324704,0.11852697295847178,7.663251491897455,1.0149784895232101,-4.901157344006393,-0.71192477630224,0,0,0
1.037560872588628,0.11290287870272095,8.748197985145936,0.9643722310518825,-5.762834989626754,-0.7082788519621317,0,0,0
1.1473593088262817,0.10646188288501719,9.71981350942724,0.9092522728741557,-6.578680424556708,-0.6992090856071613,0,0,0
1.2399587005599528,0.09871333139210918,10.549003543446162,0.8460049183600831,-7.310590048967384,-0.6780681221067397,0,0,0
1.3169418983593317,0.08969611174102425,11.236244004193196,0.7724357207721824,-7.944195632782112,-0.6400359469173325,0,0,0
1.3816229322316218,0.0799205530322297,11.805866196373898,0.6883011659831624,-8.485285940103125,-0.5829684424832621,0,0,0
1.4375436452911998,0.07013486675113682,12.29118432092173,0.5954731862833114,-8.947811440589305,-0.5077763842863134,0,0,0
1.48745536696552,0.061023413149996486,12.71765427922395,0.49762237729037223,-9.340131397644228,-0.4181819203263061,0,0,0
1.5330131433677963,0.052963974330148746,13.091735211716042,0.3994269940773279,-9.656472644658237,-0.3198524214710602,0,0,0
1.574963275812351,0.045941170971347846,13.399986251354676,0.3055601576438818,-9.877453480262886,-0.21919354970715688,0,0,0
1.6133957418360723,0.03963364128145912,13.617983354730569,0.21990041642090147,-9.978921186869528,-0.12229143861752903,0,0,0
1.647795004088593,0.033599897541870406,13.724421758049658,0.14534420663178196,-9.944654192889814,-0.03441914805380293,0,0,0
1.6769990521277691,0.02744599648166144,13.714083450200519,0.0842466503525003,-9.77720463926731,0.039838180601947215,0,0,0
1.6993704102734313,0.020896388033990833,13.60460511988498,0.03909355288576535,-9.502525546038953,0.09619706002495007,0,0,0
1.713278311173923,0.013768885923529695,13.435248168402211,0.012815092586674837,-9.167110018957402,0.13055807620062437,0,0,0
1.7176219076503259,0.005915485986243141,13.259308262691718,0.008349146341157621,-8.829477420641155,0.1394959332830595,0,0,0
1.7120036101078142,-0.002797229650418842,13.133650824446732,0.027528031463810977,-8.549429634569833,0.12127574592608141,0,0,0
1.6964192473054283,-0.012429819891205795,13.108589808081604,0.06978726935107034,-8.378160797394727,0.07694553143425367,0,0,0
1.6707020026030932,-0.02285662854266235,13.21988613758279,0.13132965819418702,-8.350891882651993,0.010954488266085605,0,0,0
1.6341181356747825,-0.03366760947211276,13.483477714766252,0.20518570932062516,-8.482494147432291,-0.06906183052015394,0,0,0
1.5854234453318838,-0.044156349894633705,13.893263669368679,0.2822289683263904,-8.766163727608713,-0.15334621895586337,0,0,0
1.523496805176535,-0.053421905954790815,14.422294451560361,0.35283177045967873,-9.175198878547278,-0.23164873710097283,0,0,0
1.4484327667011456,-0.060558280273043864,15.02738003214239,0.40865124210876047,-9.667659756606454,-0.29499489221891084,0,0,0
1.3626943155523037,-0.06487194120011708,15.656462213091231,0.4440754258989557,-10.193143851240492,-0.33719577864236355,0,0,0
1.2717148122275859,-0.06606022489740582,16.257537851666115,0.4570469927567956,-10.700572208516036,-0.3558092472386122,0,0,0
1.1834028481024177,-0.06429579432918472,16.787625967288506,0.44915681532773705,-11.145964791650883,-0.3523578251048519,0,0,0
1.1064208073773756,-0.060195080115796884,17.220163245534337,0.4250023875533969,-11.499378556758941,-0.33170806369810035,0,0,0
1.0476998353042575,-0.054694474439679654,17.54934406707116,0.3909260733905711,-11.750118583818363,-0.3007059181607943,0,0,0
1.010099753629035,-0.048888275737073175,17.790356065150746,0.3534441530843594,-11.908984355038115,-0.2664425200884978,0,0,0
0.9911601923829352,-0.04387347124505112,17.975045868043622,0.317838727891845,-12.00607239848081,-0.2347215856115767,0,0,0
0.983472644173915,-0.04061081666732491,18.14328754490265,0.2873423241458994,-12.083244364589717,-0.20921849045539886,0,0,0
0.9765520607797384,-0.039787566596632476,18.331555185466073,0.26307224375889293,-12.18225806015522,-0.19145918334270534,0,0,0
0.9595500093304139,-0.04168025830953468,18.561821562985983,0.24452798085630434,-12.332084957491432,-0.18133610618694718,0,0,0
0.9239596031017925,-0.046053971570202634,18.83484949200968,0.23026994455189254,-12.54035970735626,-0.17770405608513046,0,0,0
0.8656066455543368,-0.0521603212161267,19.13096109312511,0.21846714040585197,-12.792757113070024,-0.17876451934249787,0,0,0
0.785527182136093,-0.058881114601317106,19.418348404877435,0.20725981178486563,-13.060556625077936,-0.18228666729638263,0,0,0
0.6896182242820288,-0.06500767763217112,19.66544305409738,0.19510215987944263,-13.312739618628413,-0.18592704071316746,0,0,0
0.5871601196022311,-0.06957629081394856,19.852043512590086,0.1812260942973154,-13.527159144669668,-0.1878113771547177,0,0,0
0.488496541467768,-0.07214011282307524,19.975027469209266,0.1661170437168579,-13.696629548463093,-0.1872181858622241,0,0,0
0.4023490463697641,-0.0728736267290941,20.04764398589228,0.15166181646662552,-13.828939071444637,-0.1849450306262838,0,0,0
0.33339586785220376,-0.07247022404653478,20.094309143697075,0.14066684064615628,-13.942514771721392,-0.1829939571946994,0,0,0
0.28078915264025284,-0.07187494349429216,20.143816128439227,0.13577765983455664,-14.060371831702398,-0.18358135379246363,0,0,0
0.23814888109966148,-0.07195319600558747,20.222992000154562,0.13822777634303235,-14.204266816113673,-0.18790448987289637,0,0,0
0.1952233358108515,-0.07320652602446245,20.351467656675936,0.14701099270125723,-14.389810013619098,-0.19527396855927037,0,0,0
0.14090440508898894,-0.07561088991639905,20.53762949958667,0.1588819809465008,-14.622696685017019,-0.2030319933354164,0,0,0
0.06677774719317142,-0.07859710777417632,20.776125003223,0.1691754242800215,-14.896370163002572,-0.20726588366284915,0,0,0
-0.02991373577384593,-0.0811468574908389,21.047720817527704,0.17305825226502236,-15.191784517357377,-0.2039577237925215,0,0,0
-0.14490514064239335,-0.08196080538086079,21.32215343960266,0.16669958086717146,-15.479898830262371,-0.19007984990632992,0,0,0
-0.2676123576962226,-0.07966622677454752,21.563847278674274,0.14799543383365119,-15.726949481817257,-0.16428461728576166,0,0,0
-0.38362203137199913,-0.07304603002266674,21.739398228692494,0.11678381224241718,-15.901597908073128,-0.12711538226061664,0,0,0
-0.4780727070561852,-0.06126829926269437,21.8248916663473,0.07472556244275949,-15.982092009646607,-0.08088785024518756,0,0,0
-0.5388189011683551,-0.044079183417149184,21.81081193711094,0.02508415885350246,-15.961170330765697,-0.02944362336926787,0,0,0
-0.5585133866458136,-0.02191406088958132,21.702946338491074,-0.027466605805247468,-15.84711298897129,0.022112049255613896,0,0,0
-0.5352369644158159,0.004104879867561806,21.519305779100108,-0.07704747892124146,-15.660963836225264,0.06771901317661247,0,0,0
-0.47177858753795476,0.03229336585757636,21.284885124014266,-0.11697490480706563,-15.431575187468894,0.10086518936601863,0,0,0
-0.3740140869783204,0.06064270694844822,21.026966591758026,-0.14057319901400547,-15.190806396695251,0.11544366423693334,0,0,0
-0.24905434466965914,0.08714186000653398,20.77305475947523,-0.14244968011452386,-14.970664024801238,0.10695979071681734,0,0,0
-0.10385634196677529,0.11012348994849504,20.551678650390244,-0.11994920505843823,-14.802708698496247,0.0737860249519187,0,0,0
0.05532130087954101,0.1285415274056234,20.394098230603618,-0.07420379901998331,-14.718297588157071,0.017938186985361426,0,0,0
0.2228050381124831,0.14208489261390583,20.33366623855244,-0.010197755831850942,-14.747161265703795,-0.05508201931323668,0,0,0
0.3933458930091547,0.1510774101436482,20.40039486520206,0.06433822181429605,-14.912494102478433,-0.13745031979130146,0,0,0
0.5624159983165953,0.15619834285186301,20.61131988652656,0.1408148579828122,-15.22331008124651,-0.2207820604717284,0,0,0
0.7269018874104205,0.15814034963636772,20.96090834829124,0.21167170888568593,-15.667731119117676,-0.29780801911116156,0,0,0
0.8856119617232423,0.15734876953896162,21.4173282207816,0.27154599696990545,-16.21178402935763,-0.36338926122143816,0,0,0
1.0389955138985272,0.15393430484224097,21.928267342157227,0.31749478030769185,-16.80607838538191,-0.4147274171833487,0,0,0
1.1879693415403096,0.1477528016834185,22.435115171586148,0.3486055580076567,-17.398627001412535,-0.451068003215056,0,0,0
1.332349151694018,0.1385694777302632,22.88977184833209,0.36555908919589514,-17.948744215912853,-0.4733340714160065,0,0,0
1.469631353422841,0.1262191444572906,23.2671386200893,0.3704690996094655,-18.43660131071063,-0.483908055878328,0,0,0
1.5946643493019508,0.11072489047468252,23.569046033680536,0.3668568309633116,-18.86557175999056,-0.48642639867468346,0,0,0
1.7003330549466682,0.09238709446722879,23.819721818629006,0.35932792587759366,-19.257841297854355,-0.48527011467813425,0,0,0
1.7790406703117867,0.07185828410723047,24.05598575716101,0.3526420656492803,-19.645834816638498,-0.48457283972568066,0,0,0
1.8246074428895014,0.050184125235054465,24.316010882621214,0.35030513494229465,-20.06239064002979,-0.48692662618628046,0,0,0
1.8341507921572457,0.02876090485659404,24.629476657924357,0.3532360194600102,-20.53199510586451,-0.49228051278958135,0,0,0
1.8094829063955302,0.009171472454164586,25.010607479557535,0.35914651808903386,-21.064485176138973,-0.49755524660285033,0,0,0
1.757578354970832,-0.0070892371124699595,25.45468799865003,0.36296446985322744,-21.651806782638715,-0.4972156483584257,0,0,0
1.6898105938908543,-0.018934257722089853,25.938166521009094,0.3581724240771962,-22.26789326327534,-0.48466378944155364,0,0,0
1.6199582002599584,-0.025955953095291306,26.42213204293219,0.33862756005622147,-22.871549343808667,-0.4540638905198236,0,0,0
1.5613460779644868,-0.02855958992489178,26.858603800979637,0.3003546866695331,-23.41215377673913,-0.4021189606279719,0,0,0
1.5237719781772512,-0.02790760893688571,27.19869073221281,0.2428562856962003,-23.837728243574816,-0.3293225167032062,0,0,0
1.5109904777257697,-0.025683022163406122,27.401446059400968,0.16959463257070978,-24.104479192269892,-0.24031318900963897,0,0,0
1.5194811393588736,-0.023743277285571195,27.442261357723226,0.08751033417011626,-24.186473721836734,-0.143218924501258,0,0,0
1.5390115436405836,-0.023773684686516104,27.319557749316544,0.005739255260280629,-24.08358024630951,-0.04822327039651668,0,0,0
1.5550747027883887,-0.02703726827752746,27.05803951488636,-0.0660738132374405,-23.825220272896573,0.03418505984663796,0,0,0
1.552652684761469,-0.03425669192522633,26.706553805264633,-0.11943681940144871,-23.467617066235363,0.09484703982314216,0,0,0
1.52014558211512,-0.04559134874295836,26.329791340351193,-0.14836759179924003,-23.083996027651295,0.1272292784999692,0,0,0
1.4520737470256933,-0.06064122530528095,25.9955590736119,-0.150328408943534,-22.750125967240507,0.12833974140614118,0,0,0
1.3495855174846838,-0.078443858167293,25.761393910557786,-0.12666890328467276,-22.529698745342287,0.09924176038705923,0,0,0
1.2187791587122234,-0.0975028161214894,25.66423560696515,-0.08245927098769243,-22.46368337850771,0.04503743492155223,0,0,0
1.0678584907476676,-0.1159297402637108,25.71501481422041,-0.02558566973375207,-22.565435458575124,-0.025876283625287044,0,0,0
0.9045782246729601,-0.13174851003362703,25.898161969965628,0.0348514678620262,-22.82108177820848,-0.10333240658188458,0,0,0
0.7350425576859436,-0.1433146837852135,26.175572324876498,0.09046577450394011,-23.19405611796614,-0.17739578793931088,0,0,0
0.5639833824256897,-0.14971239900869904,26.49496503943962,0.13520978233703146,-23.633205897093987,-0.24020588543337737,0,0,0
0.39577730015128054,-0.15096585106482224,26.80218281754884,0.16614111011222973,-24.083983109149443,-0.2870255977921559,0,0,0
0.23516758442519858,-0.14796259521777272,27.055068483884895,0.18320237544507165,-24.50094113205421,-0.31626368568702645,0,0,0
0.08699874426298493,-0.14210626713830693,27.234449085390594,0.18837177606347666,-24.857953907044404,-0.3287592293642646,0,0,0
-0.045050243061297124,-0.13483704905095378,27.347656896982215,0.18472827508884962,-25.15218482157428,-0.32687128421462147,0,0,0
-0.1600729931635385,-0.1272110016194304,27.422805011680083,0.17576473616257715,-25.399954723263846,-0.31376190074864213,0,0,0
-0.2608467934655039,-0.11968435723246529,27.496259361415866,0.16490287827849387,-25.626320235377975,-0.292894702016703,0,0,0
-0.3532041806354016,-0.11214156485120555,27.598732574855177,0.1549651807880963,-25.85302775221777,-0.2675363656225741,0,0,0
-0.4437922658365778,-0.10410610506003479,27.745444720854124,0.14750531313250975,-26.089794620354695,-0.24013091224548191,0,0,0
-0.5370674585083606,-0.09502471482165191,27.93321968650227,0.1422265750791496,-26.331675125452563,-0.2117028680549467,0,0,0
-0.6328601898989632,-0.08451919107553181,28.14399382222456,0.1368965302424982,-26.562152917261017,-0.1816462398724596,0,0,0
-0.7256383483607749,-0.07254040580454699,28.351834625429802,0.1280088020886268,-26.759346765375184,-0.14816989789150625,0,0,0
-0.8058934661751493,-0.05941522761042108,28.530121615209993,0.1120584676367912,-26.902250254509028,-0.10934258176262972,0,0,0
-0.8632484039535342,-0.045815347714017206,28.65671483618209,0.08696281583432892,-26.97498258759387,-0.06434602177048845,0,0,0
-0.8902421538166152,-0.03267892061012958,28.716622199407198,0.05308257429198306,-26.968647220298877,-0.014422212787927435,0,0,0
-0.8854770512090084,-0.021101121948601077,28.70289303256635,0.013493422904213048,-26.88165370217891,0.036854243252420815,0,0,0
-0.8549990695697147,-0.012205520759735577,28.61684403778378,-0.026517994621769958,-26.719746053004272,0.08404590248771626,0,0,0
-0.8113576577755737,-0.007011623616311624,28.468360733198466,-0.06049128825671914,-26.496487969922654,0.12085494629686196,0,0,0
-0.7705814719378736,-0.006306809133418767,28.276270463773955,-0.08203371980858094,-26.23401674823397,0.14133667439363648,0,0,0
-0.7480786779943713,-0.010516138731202319,28.0681539155444,-0.08602065283799334,-25.963132692928355,0.14106324027968925,0,0,0
-0.754915397496319,-0.019564780214223275,27.87881387600686,-0.06963057167988325,-25.721693892383854,0.118095974116558,0,0,0
-0.7957545845238911,-0.03275643828710031,27.74692174286261,-0.03311595291607148,-25.550797302406565,0.0736703932318008,0,0,0
-0.868961557509337,-0.048729091056725335,27.709784417124183,0.019858694231913887,-25.488883510572663,0.012444189114491166,0,0,0
-0.9684097912655574,-0.06556267516093613,27.796508307802156,0.08252165756246654,-25.56435018479698,-0.05788875683221591,0,0,0
-1.085889955958848,-0.08107514077813391,28.020316482608365,0.14604255743088004,-25.787687479133297,-0.12772306670451314,0,0,0
-1.2130414340800115,-0.09325423657547419,28.371733503405636,0.2011683489560852,-26.1449497698609,-0.18725889450350336,0,0,0
-1.342289980136968,-0.10067897092037299,28.815430980102917,0.24002402296608807,-26.59530416185936,-0.22838276294357057,0,0,0
-1.466984409384935,-0.10276085071232757,29.29357730882313,0.2575512452681039,-27.075375538244813,-0.24615378106858116,0,0,0
-1.5813328797192128,-0.09971626059694642,29.736696038082755,0.2521992451925229,-27.5112474152791,-0.23946894017130232,0,0,0
-1.6806210437491131,-0.0923190207125586,30.079837405105252,0.22580118632311325,-27.83572163796339,-0.21082446929180065,0,0,0
-1.7617051067000489,-0.08157906965458891,30.27905410566774,0.18287607927491933,-28.00552152181956,-0.16544154146919965,0,0,0
-1.8233630916471668,-0.06848865672316436,30.32243419554365,0.1297016626662014,-28.012335113092377,-0.11016373337570826,0,0,0
-1.8661241634788013,-0.05389460074974295,30.231776869049412,0.07337830242050813,-27.883572912285686,-0.052406906900830566,0,0,0
-1.8915999983911433,-0.03846844309182842,30.05452017103329,0.020909835995306027,-27.672594877714985,0.0007879301024530605,0,0,0
-1.9016806525047372,-0.022714011978381167,29.84907727535756,-0.02174247982120505,-27.442102893825293,0.04366206859969566,0,0,0
-1.897928001311655,-0.006980243143222253,29.66875013006765,-0.05057960220905784,-27.246587103617983,0.07259460614873632,0,0,0
-1.8812359876343976,0.008504206181189033,29.549214004308,-0.0642620131407142,-27.119373230867666,0.08673997508346645,0,0,0
-1.851668840303219,0.023543028521960708,29.50267566877619,-0.06434670180265697,-27.067496237220283,0.08820923902971174,0,0,0
-1.8084729995030244,0.03783917163849395,29.519271239870704,-0.054926753364040334,-27.074626729282144,0.08163545914043908,0,0,0
-1.7504234751813357,0.05088290499272006,29.574041383014674,-0.04171567838075987,-27.109775576476025,0.07314692771358437,0,0,0
-1.6766630448881585,0.061943066195240704,29.636433974260598,-0.03078199721993542,-27.138121770984895,0.06896173600758289,0,0,0
-1.5879328064275597,0.0701915715883132,29.67896717751708,-0.027227840488953346,-27.13024272279526,0.07393389621310006,0,0,0
-1.4877324470938618,0.07490841681807722,29.68250933540901,-0.034109809708041894,-27.067218320881295,0.09040156481126331,0,0,0
-1.3827709484639428,0.07566716727997971,29.63736338722569,-0.05184155053946995,-26.94112560057914,0.11762566696110924,0,0,0
-1.2822499905523301,0.07242730741058664,29.541257303158204,-0.07821182769494328,-26.752485533749464,0.15197600544127993,0,0,0
-1.1960122854285231,0.0655328988959127,29.396471725178117,-0.10900555962368515,-26.507248141486983,0.18783109331097309,0,0,0
-1.1321518194536253,0.055668068832748926,29.20811590722758,-0.13905040654480558,-26.215357582755033,0.21894178547625104,0,0,0
-1.094997167503422,0.04380700820488528,28.984260163381492,-0.16338265780919697,-25.89123956760919,0.2398469713089028,0,0,0
-1.084199925397158,0.03114543583094189,28.73715296292127,-0.17819950374135943,-25.554866674869345,0.24691820654825278,0,0,0
-1.0950944862222087,0.018972716708096016,28.483985786777822,-0.1813740417039469,-25.231464643366294,0.2387865513351926,0,0,0
-1.1199823565606692,0.008469869419764109,28.245929908812542,-0.1725144445149141,-24.948703916222385,0.21619148953994624,0,0,0
-1.149862724378707,0.00047614816446497346,28.04514059942511,-0.1527333428754531,-24.73177300970623,0.18152196462994538,0,0,0
-1.1762780887844428,-0.004689327997213865,27.900514297995414,-0.12433935978878878,-24.598036255398767,0.138348557361266,0,0,0
-1.1930437813829826,-0.007268472081786115,27.82362297018622,-0.09055539340222082,-24.553260087227216,0.09107256701964701,0,0,0
-1.197551296354689,-0.00794520510641945,27.816112858009063,-0.055215090092562494,-24.590570638350002,0.04459427218976373,0,0,0
-1.1912508037838734,-0.00762537427122254,27.869138296423586,-0.022320353799847224,-24.69202849518753,0.0038091565120552673,0,0,0
-1.179045099425764,-0.007211840989826612,27.96472230933969,0.004592356629069627,-24.831872009142373,-0.027150074050966568,0,0,0
-1.1676818883212832,-0.00743557423255794,28.078706229359284,0.023178505949971395,-24.98051389741272,-0.0457761134706459,0,0,0
-1.1636519764613524,-0.008741546834312431,28.185002061995647,0.032867802463889005,-25.108923952971708,-0.05182448174470551,0,0,0
-1.1713482289344341,-0.011204324207149341,28.26078224877935,0.03503974978608824,-25.19337307824574,-0.04741059266459189,0,0,0
-1.1921007664589354,-0.014475263977857367,28.29185347510324,0.03266671660997247,-25.22020465673205,-0.036469697489651766,0,0,0
-1.2242184667042864,-0.01780355014934685,28.276925658924824,0.029537943005976786,-25.18953414441269,-0.02377419022695477,0,0,0
-1.2636935571275671,-0.020181417196357642,28.229192322634304,0.02936472187188599,-25.116281072845823,-0.013883316965306846,0,0,0
-1.305087023454476,-0.02061689695065496,28.174020468047104,0.035075293896676386,-25.027366013873134,-0.010359903756513234,0,0,0
-1.3423039361332627,-0.0184532417739419,28.142780024108788,0.04844717277826192,-24.95526761324652,-0.015374969113783266,0,0,0
-1.3692863052773419,-0.013594971268356914,28.164517726483353,0.07001985074665243,-24.929770397457077,-0.02960189133939366,0,0,0
-1.3808592713893404,-0.00652907298344303,28.25836952805855,0.09912058171744889,-24.97070517879544,-0.05222786920687241,0,0,0
-1.3738508578278328,0.0018599574896256855,28.429459168326048,0.13388145853612343,-25.084112934977853,-0.08100157313309353,0,0,0
-1.3481843942007714,0.010572853248804392,28.669473789778266,0.17127438543328993,-25.26267364410954,-0.11238342815536839,0,0,0
-1.3072979416180033,0.0187356295587378,28.960980756245874,0.20731005930146296,-25.48939199163968,-0.1419318212739668,0,0,0
-1.2573914962933657,0.025709211164294744,29.283059292277727,0.23752656490996174,-25.742483348800775,-0.16498222941633855,0,0,0
-1.2056188918080295,0.031072929809565154,29.61574024428606,0.257735466112959,-25.999549875743625,-0.17750582660520992,0,0,0
-1.1579650246395232,0.03455868274775895,29.941936176967204,0.26481844606065863,-26.240115354399506,-0.17689597534338616,0,0,0
-1.117730727867098,0.03601725491356263,30.247121061061733,0.2573130549367818,-26.446684226612803,-0.16243710154085989,0,0,0
-1.0852118244903153,0.035435632120368155,30.518045673208405,0.23562621028234218,-26.605089907409905,-0.1353580086505474,0,0,0
-1.0585570071816903,0.032957539047195894,30.741872387612943,0.20187518821471997,-26.704828663509176,-0.09853884492716532,0,0,0
-1.0352724439117509,0.028853077330167308,30.906553988665138,0.15945863973514918,-26.739664932229303,-0.05600911145148899,0,0,0
-1.0136783086922065,0.023433971796072227,31.002589717693866,0.11247611917501957,-26.70848395038645,-0.012343256423818616,0,0,0
-0.9938280729970899,0.016964679841576923,31.025735892601688,0.0651018842713654,-26.616253730615014,0.02798144382995673,0,0,0
-0.9777225511460443,0.009632697058228246,30.979732638393074,0.021021431587777785,-26.47478044091133,0.06119452042613176,0,0,0
-0.9688607229916926,0.001604595370321249,30.87764568962922,-0.016962097821118505,-26.302574463315665,0.0847055664485481,0,0,0
-0.9712791738473072,-0.006870784629124671,30.740501436036254,-0.04708293854035332,-26.12298243998181,0.09732970284958782,0,0,0
-0.988318226223754,-0.015395387029349195,30.592955019680858,-0.06853352776158772,-25.96030091609994,0.09921073662097228,0,0,0
-1.0214037572848156,-0.023454155147540234,30.45733537693951,-0.081237058346926,-25.834739022351485,0.09150025297831803,0,0,0
-1.0691658707871028,-0.03053591643727884,30.34842469499722,-0.08561492984476331,-25.758034242924424,0.07595755121167116,0,0,0
-1.127264853472937,-0.03627385631785103,30.27104300220941,-0.08248062856043817,-25.731531635013297,0.054653760331237325,0,0,0
-1.1892263142052428,-0.04053865429118701,30.22121871104926,-0.07308782975717917,-25.74755756601958,0.02986130500878943,0,0,0
-1.2482198601676089,-0.04345744417194908,30.190219134224606,-0.05922693706456243,-25.79348142060327,0.004056876533252307,0,0,0
-1.2991872373698783,-0.0453659440482241,30.169586594154055,-0.043213678857873104,-25.856678218498303,-0.02011609289646401,0,0,0
-1.3404611143245546,-0.046718176252701936,30.154926352788692,-0.02767763930341687,-25.928242837598958,-0.04003936268725709,0,0,0
-1.3742472659035627,-0.04798283523475675,30.146767392057427,-0.015162455391862294,-26.00396141322777,-0.053471942684123516,0,0,0
-1.405853615566798,-0.04954572070854226,30.14823206539063,-0.007629127970312765,-26.08241367464929,-0.05896754144797001,0,0,0
-1.441977666705995,-0.0516236447814606,30.160818231102127,-0.00601164361322617,-26.16146184506458,-0.05620564768494489,0,0,0
-1.488585519811835,-0.05419650608426707,30.180558983905343,-0.010000968347796402,-26.235132649224056,-0.046087796294995084,0,0,0
-1.5489942231346703,-0.05697738767488971,30.196800141078597,-0.018174846877158757,-26.29275366976566,-0.030531149103406107,0,0,0
-1.6227220605583597,-0.05944135290134085,30.194751722506282,-0.028437601918849965,-26.321207049492997,-0.012026381160954714,0,0,0
-1.7054627620198488,-0.0609140278435504,30.161102274917,-0.03858726129675745,-26.30961404286903,0.0068699495332126045,0,0,0
-1.7901849210102796,-0.06069923965968797,30.09020945074664,-0.046801395273041634,-26.254359383553222,0.02394335842702162,0,0,0
-1.8689611141187754,-0.05821735872864906,29.987838125382467,-0.051926699448372915,-26.161989709532364,0.037561307282253154,0,0,0
-1.934874643337963,-0.0531283158670746,29.870550333600193,-0.05357854099624717,-26.048506649208505,0.04678195859920749,0,0,0
-1.9833875443390667,-0.045414142380447234,29.760894779089853,-0.05212946774054785,-25.935261917895645,0.051415254832402016,0,0,0
-2.0128460121636778,-0.03539451691662095,29.680218112660214,-0.04866040905435796,-25.842980090379072,0.052084931552693094,0,0,0
-2.0241512539924855,-0.02365550292670804,29.641551236618398,-0.04487301164531345,-25.785848772242048,0.05024540476786114,0,0,0
-2.019868678482581,-0.010897764303015834,29.64477357394287,-0.04288210213631771,-25.76731306323198,0.04803055960939702,0,0,0
-2.0031356469391426,0.0022484777244102363,29.67550546367312,-0.04481773940357812,-25.77860112144164,0.04784566561459656,0,0,0
-1.976667229724569,0.015367319056103668,29.708147631962703,-0.052281562490031776,-25.800357733966067,0.051759899691126064,0,0,0
-1.9420177912869292,0.02830022109565391,29.712372158463864,-0.06581808651427253,-25.807159995190418,0.06089487934746387,0,0,0
-1.899162564040438,0.041078434394934506,29.661388429383464,-0.08457122211788999,-25.774053787459252,0.07501787904956955,0,0,0
-1.846476336874673,0.053783250205576394,29.539660731346686,-0.10621431127121354,-25.683533053386398,0.09244777106201525,0,0,0
-1.7812014527769264,0.0663907294635834,29.347734708699875,-0.12716637723342217,-25.530907652297245,0.11026969132343112,0,0,0
-1.7003853333825276,0.07864640326319687,29.102713913947127,-0.1430838993853854,-25.326313124421006,0.12480078298668076,0,0,0
-1.6020616682143327,0.08999461307829933,28.834505891481314,-0.14959953070085702,-25.092801299883376,0.1322398409084201,0,0,0
-1.4863187519367216,0.09957693192957606,28.579408123906262,-0.14321400189446934,-24.861371061621895,0.1294192467802418,0,0,0
-1.355961383846747,0.10631682097027664,28.37310980160865,-0.12215232271212813,-24.66461614999767,0.11453450082566405,0,0,0
-1.2166716143071739,0.10910103294188503,28.244666469819265,-0.08693883104838847,-24.53059329157483,0.08767400292839937,0,0,0
-1.0767210989415759,0.10703384782444374,28.212152324954133,-0.04048466526916741,-24.477959324881866,0.0509612289733468,0,0,0
-0.9462484719911686,0.09969654481871401,28.28023213951917,0.012376995319772276,-24.512967527388,0.008207348774266165,0,0,0
-0.8359943543376716,0.08732893655304394,28.439865202262183,0.06577985710585495,-24.62870877920261,-0.035846642080954894,0,0,0
-0.7554660074558228,0.07087432875800488,28.6702724208628,0.11386253407386278,-24.806793024102404,-0.07643882889300499,0,0,0
-0.710862974532489,0.05187490952421854,28.9428880560082,0.15166699832182928,-25.021295362563777,-0.10953922849392228,0,0,0
-0.7034198851953875,0.03224684076496516,29.22648386714485,0.17573234405046206,-25.244239636678344,-0.13226900966806596,0,0,0
-0.7287723026838933,0.013987240659656664,29.492304462539863,0.1843802812555225,-25.451267720692925,-0.1430177465565407,0,0,0
-0.7775754643566728,-0.0011344024067525993,29.71803346464489,0.17777120346544278,-25.625759350551945,-0.14142126980006536,0,0,0
-0.8372122886045616,-0.01185486982930115,29.889779784826942,0.15778893120823909,-25.760008434936893,-0.1283345218296148,0,0,0
-0.8942032066575223,-0.017615938697773004,30.001989910323886,0.1277582768472456,-25.85328338825549,-0.1058005113020414,0,0,0
-0.9368486923450092,-0.018626608680939682,30.055955137509358,0.09197742613128526,-25.908136790447273,-0.07689856950342744,0,0,0
-0.9575924960586946,-0.015755943863159417,30.0579441741736,0.055070574760097205,-25.927180225388653,-0.04534462096514602,0,0,0
-0.9545430526306831,-0.010283738015313303,30.017754514344574,0.021233064462791162,-25.91205399749876,-0.014834097762974351,0,0,0
-0.9316253944335529,-0.0035927680906070237,29.947855189335257,-0.00646851688420611,-25.86479813712282,0.011700742944110231,0,0,0
-0.8971290613418859,0.003102828520010803,29.862662317321053,-0.02653504442791075,-25.79028105759805,0.03263726215319309,0,0,0
-0.8609793238269816,0.008934288679971304,29.777189614745822,-0.03907690239653618,-25.697685846329804,0.04779728575698812,0,0,0
-0.8316096828370263,0.013450488061999976,29.704635107167775,-0.045480688164596474,-25.59960869832267,0.058161950929783754,0,0,0
-0.813503145262743,0.016606843106731616,29.65334829580283,-0.04785357303550768,-25.508751921110843,0.06534642878078785,0,0,0
-0.8061840034044536,0.01869545259459642,29.624429340547834,-0.04843115755475935,-25.433635813404962,0.07105988435640284,0,0,0
-0.8048603198578093,0.020231323290229853,29.611220886358524,-0.0490910701810094,-25.37531053068561,0.07670037610824494,0,0,0
-0.8023438117250095,0.021807434464487584,29.601148255863393,-0.05104560124326838,-25.326517281149435,0.08313546244934855,0,0,0
-0.7915240649913784,0.023943952478917653,29.579408443818522,-0.05471842136612679,-25.273715937580775,0.09065156293608538,0,0,0
-0.7675885266847189,0.026969088265896345,29.53344293879698,-0.05977211182151052,-25.20145515393473,0.09902476189603533,0,0,0
-0.7293121615312543,0.03096126080471038,29.456944487525163,-0.0652662213755093,-25.09779437604037,0.10767010626337026,0,0,0
-0.67905471669701,0.03575506255214691,29.35220630488837,-0.0699471046172448,-24.958926433104565,0.11584238771438607,0,0,0
-0.6215397990378051,0.04098940396105917,29.230005401084554,-0.07263656017536561,-24.79117021696895,0.12285489292520993,0,0,0
-0.5619188001780628,0.04617510682878958,29.10691398895267,-0.07261351021591338,-24.609361079362316,0.1282621222505,0,0,0
-0.5038905372156393,0.05077625456912642,29.000686082047736,-0.06985599700622061,-24.43205085847714,0.1319602424295084,0,0,0
-0.4486333778829845,0.05430780559740782,28.924958294375386,-0.0650668774255763,-24.2752119362611,0.13419995488441855,0,0,0
-0.3949662802472176,0.056432523679151816,28.884855284604868,-0.0594979879822148,-24.14676160143351,0.13553735197370145,0,0,0
-0.34059274343711365,0.057012201029381517,28.87501315370426,-0.05465271390794442,-24.043896058644435,0.13674328886284998,0,0,0
-0.2837615193001142,0.05607332172878614,28.880848473756316,-0.05196257106059079,-23.95411351328569,0.13867104037447148,0,0,0
-0.22451047071064067,0.05369819082377205,28.882774164541217,-0.05250344603762471,-23.859455605090545,0.1420728026131229,0,0,0
-0.1649869247397362,0.0499102107899688,28.861964607703015,-0.0567698825203081,-23.742420856303355,0.14736789562739716,0,0,0
-0.10893270640319486,0.04463544659824805,28.805679165808925,-0.0645109468386579,-23.591493544476066,0.15440147078691666,0,0,0
-0.06080658174994369,0.03777881745210152,28.710379690478646,-0.07466415413360891,-23.404459813224236,0.16227785985998508,0,0,0
-0.02493689194034232,0.029381517745378005,28.581879528576422,-0.08545317176722733,-23.188633053231086,0.16936867557838725,0,0,0
-0.004788429315951248,0.019769671691604172,28.432987256844655,-0.09468678307514437,-22.95837190220317,0.1735556650214903,0,0,0
-0.0022789119005039993,0.009598679002539256,28.279848825988807,-0.1002224413410147,-22.731197228391935,0.17269056806004812,0,0,0
-0.017178105726202375,-0.0002454838411225069,28.13821374326878,-0.10048699477648312,-22.52398300283366,0.16517617119671826,0,0,0
-0.0467775659833336,-0.008842288061354963,28.020481436031986,-0.09490947630333438,-22.350209302860563,0.15051262237021773,0,0,0
-0.08606480238407244,-0.015436894849452187,27.933980643004872,-0.08412626802969783,-22.218556863070788,0.1296221117656188,0,0,0
-0.1285236806852481,-0.019574384337592222,27.88054975113107,-0.06987483088162208,-22.132549924490064,0.10479255279203273,0,0,0
-0.16744176315096126,-0.021157563134536872,27.857094659938184,-0.054582859857714536,-22.090659144336172,0.07918953873201531,0,0,0
-0.1973555870167445,-0.020455374930239145,27.85658440277558,-0.040742324640621067,-22.08636732077389,0.05604467324484119,0,0,0
-0.21517553024446556,-0.01808193644000795,27.869117010181668,-0.030208622319617007,-22.108238695568048,0.03776078711536286,0,0,0
-0.22068073531626453,-0.014938669082326328,27.8831312197602,-0.023597791664340662,-22.14070752531076,0.02521878507055675,0,0,0
-0.21636406066131997,-0.012096616142760298,27.88715865826751,-0.019973961316867416,-22.166476514883016,0.01751553470946874,0,0,0
-0.20683266120289545,-0.010609032428968134,27.872425579582597,-0.01698911458982195,-22.170750495943523,0.012231461984590908,0,0,0
-0.19799747012628188,-0.01128071837121496,27.83612752007261,-0.011522246095455557,-22.14637513168003,0.006162077934168053,0,0,0
-0.19616425680659688,-0.014456714158698957,27.78450351938858,-0.0006875981700062539,-22.098021452154995,-0.0036947538590993644,0,0,0
-0.2070309638116754,-0.01990291420169967,27.7342410298362,0.017083361035690813,-22.0434015159761,-0.01917629273785195,0,0,0
-0.23461400497492946,-0.02682681480356166,27.71065860523285,0.04126447554700689,-22.010235304644155,-0.04029256081154671,0,0,0
-0.28024894686311086,-0.034041195569497515,27.74187219898363,0.069095140895908,-22.02903836499449,-0.06507559220379733,0,0,0
-0.34192272860373407,-0.04022996593028409,27.84970842107552,0.0962053935637158,-22.123314859364882,-0.09002273872789032,0,0,0
-0.4142046722614623,-0.044248432464964085,28.039950620538576,0.11780482936636645,-22.300001622946567,-0.11101386375973021,0,0,0
-0.48894888335188114,-0.045379038188296764,28.29577597523027,0.12995951469665953,-22.543633133426226,-0.12437931787816155,0,0,0
-0.5567760163562951,-0.04346887511494231,28.57811006722659,0.13046428925337353,-22.81723243692099,-0.12773416847073804,0,0,0
-0.6091323205057364,-0.038908511458589604,28.834479515219755,0.1190832248701014,-23.070977883222426,-0.12034412758056731,0,0,0
-0.6404817947759227,-0.03247005649749184,29.014175813736273,0.09728176822921171,-23.256513769277333,-0.10305403069768744,0,0,0
-0.6499546386895645,-0.025074738091963412,29.084098666355175,0.06777305731503133,-23.34181463093661,-0.07800101981653569,0,0,0
-0.6417197149610985,-0.017575783971570048,29.038883922369934,0.0341504175498045,-23.32074320068348,-0.04832745371446805,0,0,0
-0.6236991195608255,-0.010617015997620171,28.901490853933865,0.0006496420998786334,-23.213676580449828,-0.017934956076645393,0,0,0
-0.6049495118380293,-0.004580111072962722,28.714689881275746,-0.028146076711979617,-23.059578671971366,0.008864269149106008,0,0,0
-0.5926701095233682,0.0004067512688394004,28.527438994225832,-0.047890102331271577,-22.90332505753024,0.027969635078665078,0,0,0
-0.5899625119771628,0.004434022431935603,28.38145479603662,-0.0553633946727615,-22.783276160091248,0.036366487702852626,0,0,0
-0.5951190433280829,0.007760030016717679,28.302272396229057,-0.04936580249033114,-22.72298269419268,0.03294631866685478,0,0,0
-0.6025771270859224,0.010727411899227945,28.296649300106793,-0.031137262171321824,-22.72858974542993,0.018835859937178158,0,0,0
-0.6050648078173424,0.013634279835396512,28.35557849190704,-0.003995701157867871,-22.791281532435775,-0.0030235874930383488,0,0,0
-0.5961415704565667,0.01658454897648056,28.460541867008658,0.0277335503568537,-22.892848892248807,-0.028914879724854358,0,0,0
-0.5723543385223877,0.019377871563028747,28.590440641451863,0.060052472438087534,-23.012351444268063,-0.055539933019511524,0,0,0
-0.534445595968819,0.021504244003827465,28.727511300656715,0.09031464108208524,-23.1323846013117,-0.08085057499008315,0,0,0
-0.48735632120686034,0.022275571249241465,28.861533842355186,0.11753494924184338,-23.24391245538021,-0.10421116542367485,0,0,0
-0.43910402207322363,0.02106835100583453,28.992025384844283,0.14194467552134996,-23.34872746921991,-0.12592176985942558,0,0,0
-0.3988913938930807,0.01759640728635361,29.127963718606708,0.16411645230919306,-23.458724387725354,-0.14640304709509594,0,0,0
-0.3749200719388881,0.012114607759141905,29.284601206857474,0.18416109047908832,-23.59178190999208,-0.1654442550697155,0,0,0
-0.3723633308356682,0.005480916564205529,29.47762188864749,0.201389738572945,-23.76509434842943,-0.18181911377841545,0,0,0
-0.3918936170275771,-0.0009515729492662218,29.716096055320293,0.2145121544188811,-23.987807444024185,-0.19335608557606038,0,0,0
-0.4291007349538063,-0.005600654564315732,29.99674301499897,0.22213369443163913,-24.255312003386734,-0.19735707126974375,0,0,0
-0.47499549286514764,-0.007026295738390332,30.30215277179954,0.22323147479884825,-24.547291442945962,-0.1911956737123049,0,0,0
-0.5175451728803324,-0.004309070698788275,30.604338027181313,0.21743123304785286,-24.830542582052217,-0.17295853500757233,0,0,0
-0.5439613254614812,0.0026860843523294877,30.872632844845526,0.20507417722125468,-25.065945457072303,-0.14200846684530716,0,0,0
-0.5433628668500177,0.013248673215430528,31.082870786671577,0.18711340838015927,-25.21748316807765,-0.09931591821503502,0,0,0
-0.509366979457127,0.02596868467077229,31.224340132832765,0.1648661717275303,-25.260684206342958,-0.047417309907008584,0,0,0
-0.44198210088096346,0.03901952268291779,31.302276049085236,0.13967299796396446,-25.188309737801077,0.010020905481728449,0,0,0
-0.3480592284155932,0.050484368896422896,31.33534297907002,0.11255977184206642,-25.01186657844515,0.06889735851378305,0,0,0
-0.2398765986813629,0.05865430294747398,31.348755972449084,0.08399926432787197,-24.75825353057978,0.12541452279688486,0,0,0
-0.13220677031985417,0.062263326536375986,31.364757772595595,0.05383475990872455,-24.46198054309427,0.1766631958693779,0,0,0
-0.03890550812462834,0.06065500741100891,31.393472994638614,0.021395588425528446,-24.15510294856945,0.22092927284125635,0,0,0
0.029848196099081292,0.05388267257734469,31.427750490220205,-0.014219963007658976,-23.85831785780813,0.25770687761599903,0,0,0
0.06899785659440738,0.04272454034384197,31.444330670460033,-0.05381036597592583,-23.57639735408337,0.28751899438654505,0,0,0
0.07867193990227861,0.02857275508189048,31.410980443932772,-0.09784815693137432,-23.299313498378524,0.3117000100935556,0,0,0
0.06318720726007143,0.013179724805085868,31.296826670926862,-0.14645133838225205,-23.008190439665086,0.33222266054730343,0,0,0
0.02945974631631998,-0.0016788040346156663,31.082140502756175,-0.1994923041534605,-22.683615430182968,0.3515191675156501,0,0,0
-0.0147366974425438,-0.01450666331646886,30.764172389325978,-0.25673528276527124,-22.313119793935627,0.37220108110173983,0,0,0
-0.06233167759668845,-0.024263698919027375,30.356861409756277,-0.31794611350909463,-21.894866477509595,0.39667287160873743,0,0,0
-0.10807935063050422,-0.03040846348921349,29.884242588626563,-0.3829620419318672,-21.436026925106745,0.42674478393711296,0,0,0
-0.14899481066601084,-0.03286802591657363,29.36983473106099,-0.4516812420259299,-20.94678886793777,0.46335746309168113,0,0,0
-0.18397214128931694,-0.03199895120257849,28.826120166985902,-0.5239025120271776,-20.433092137552052,0.5064528027349908,0,0,0
-0.21278879309119247,-0.028554863798667895,28.24828935512926,-0.5989900872441609,-19.891589141720758,0.5549545769337201,0,0,0
-0.2350867782977275,-0.023621045850339327,27.61471025114136,-0.6754212390073377,-19.30894951471224,0.6067867699627456,0,0,0
-0.2500083192634577,-0.018461657178229986,26.894168023673473,-0.7503310509753931,-18.665738867461712,0.6588523102713296,0,0,0
-0.25680230476571353,-0.014274478754808228,26.057801550655086,-0.8192112904039988,-17.943662412315177,0.7069657946202298,0,0,0
-0.256088891670359,-0.011932001416694505,25.092239630314566,-0.8759676115999184,-17.134069660845768,0.7458887766775731,0,0,0
-0.2509471559459371,-0.01182834139237201,24.0099599992526,-0.9135236350362931,-16.24525209430817,0.7697187526471865,0,0,0
-0.2469482493789883,-0.013897366642476072,22.853550900002347,-0.9250054743369531,-15.306343374796299,0.7727800029451828,0,0,0
-0.2508241381785865,-0.017756458617880354,21.692129684586575,-0.905296910080898,-14.366368978904447,0.7508955660823048,0,0,0
-0.2683148248329559,-0.022856360413777567,20.610158615061806,-0.8525730946110712,-13.487901101162038,0.7026859102131837,0,0,0
-0.30225555521303704,-0.028539425941387718,19.69088381662297,-0.7693926687861193,-12.735904611080187,0.6304832886013358,0,0,0
-0.3517624595159532,-0.034003167681031246,18.998234611759727,-0.6630268479597958,-12.16378911226893,0.540555350901576,0,0,0
-0.41265136447653106,-0.03825898618261334,18.56174115033238,-0.5448539910702976,-11.799993853889191,0.44250854470336093,0,0,0
-0.47857192340123333,-0.04019999448247091,18.36843707756276,-0.42880476059925743,-11.638879765329875,0.3479144842977348,0,0,0
-0.5421965641795907,-0.038826786641318736,18.363874862793892,-0.3290096505941477,-11.63882952630182,0.26833361220116814,0,0,0
-0.5961205684806714,-0.03356737225405482,18.461971150716607,-0.25700504263244567,-11.728516151830007,0.21302316765002444,0,0,0
-0.6335370177720705,-0.024548807937030404,18.561420088549625,-0.21908766315592915,-11.820166647274561,0.186759321180962,0,0,0
-0.6489481942036974,-0.012692587021973623,18.565503294009773,-0.21456898488362128,-11.82719853181895,0.18834863412085526,0,0,0
-0.6390920045917738,0.00040584803443408644,18.402033178645098,-0.2356150068986068,-11.683032856892765,0.21041797775150856,0,0,0
-0.603988547373504,0.012769105306027484,18.04010818873735,-0.26898243089084983,-11.357669424661793,0.24082521396668,0,0,0
-0.5477436345833411,0.02242842294364209,17.50000718506368,-0.29936096761628905,-10.868311399270567,0.265531943602609,0,0,0
-0.4786883297356894,0.027846900024700007,16.852544762923515,-0.31342031940858417,-10.280302771060377,0.27220010417065765,0,0,0
-0.4085928841321902,0.0283073332808371,16.205591081346313,-0.30330582093712904,-9.695814076374106,0.2533915042668539,0,0,0
-0.3508808703409585,0.024175799923581563,15.678612768654261,-0.2684390547523094,-9.230627625663075,0.20830666674855253,0,0,0
-0.3179123347431698,0.016941851691706235,15.370265186631002,-0.21509245358836893,-8.983510090275729,0.14255142361894713,0,0,0
-0.31765156823367136,0.0089722099493855,15.327767956630765,-0.15408630377803548,-9.00651511012343,0.06623241534975932,0,0,0
-0.3504636849636995,0.0030087038377601518,15.528361879178334,-0.0976450132437634,-9.286251604606022,-0.00869750817183217,0,0,0
-0.4071901949678818,0.001554857136639498,15.881112746486679,-0.056544813077547926,-9.744131864333426,-0.07087267798464722,0,0,0
-0.4696734876747115,0.006348566245971199,16.25110864276141,-0.038205330070223906,-10.257518620703294,-0.11123115479107355,0,0,0
-0.514266447879649,0.018061304984748006,16.499245150956995,-0.04576998750323469,-10.6953452711642,-0.12406609503979524,0,0,0
-0.5176565962057396,0.03624445157504965,16.523557052626046,-0.07791736537305952,-10.955286480988889,-0.10766085513939885,0,0,0
-0.46313975836929444,0.05945775353095826,16.287096632148035,-0.1292048499567386,-10.98902955090685,-0.06457991011136954,0,0,0
-0.3451072216724782,0.08550974309448804,15.823537780644074,-0.19094439961941986,-10.808125624284841,-0.00141853823755298,0,0,0
-0.17026782049347844,0.11178379739840523,15.220912893621914,-0.2527042588329664,-10.471288576061028,0.07225008761704146,0,0,0
0.0445321810073267,0.13565265804687812,14.591091532900407,-0.304370822596988,-10.060118641669717,0.14572176915782506,0,0,0
0.2769259670759112,0.15495211800023725,14.03571945706338,-0.33832058243678487,-9.652314211237126,0.20932211012559776,0,0,0
0.5046337459811809,0.1684041868405032,13.618917882984135,-0.3509341999230656,-9.300436986981552,0.25609411074230337,0,0,0
0.7106477790161705,0.17582979446422514,13.354070158157015,-0.3428043759851505,-9.021630988163011,0.28239961672616404,0,0,0
0.8868530927940697,0.17804214040732375,13.207400416791529,-0.31758577061193877,-8.800300929125044,0.2874103136502342,0,0,0
1.0352547321227235,0.17644455138410536,13.116039326589146,-0.2800884886792147,-8.602124169908222,0.27202423521565466,0,0,0
1.1663852721992924,0.1724810149106915,13.01421505339539,-0.23445007688311534,-8.394345373565855,0.23786656943279497,0,0,0
1.2951581862729569,0.16713449219866305,12.85905287229653,-0.18298306972144757,-8.16503338364521,0.18673669761686967,0,0,0
1.4353141824007594,0.16063232723253834,12.647680074524686,-0.12592437497213496,-7.934022487782499,0.1205190415122928,0,0,0
1.594177693347575,0.15243321188240913,12.420028006829767,-0.062060923303511116,-7.751046223904481,0.04144402674621972,0,0,0
1.7693423301142417,0.14147787176593168,12.246590764069254,0.009997927662897154,-7.681452947341768,-0.047435982975146375,0,0,0
1.9482708890625418,0.1266147122203236,12.205888759848904,0.09038330490701867,-7.7849472350684294,-0.14178765800403284,0,0,0
2.1109570183065642,0.10706812450082595,12.359674133262786,0.1769874999448433,-8.095246571858624,-0.2358883132576281,0,0,0
2.2349798978402617,0.08280359753745473,12.733460925121904,0.2653839171394452,-8.607190720700814,-0.32311083802781154,0,0,0
2.3016318104533866,0.054678263968042984,13.3073796934205,0.34966789808594567,-9.274660758876507,-0.3969675803870715,0,0,0
2.3014018543259596,0.02435095017820572,14.019872375659332,0.42386960460056,-10.02000074994855,-0.45241854102055185,0,0,0
2.237066517207552,-0.0059851911489360535,14.784090052843823,0.48342930813319074,-10.753228506142136,-0.4870331919657346,0,0,0
2.123194161647504,-0.03395128299008547,15.512892043690982,0.5262576980052274,-11.396141763923325,-0.5016223920227361,0,0,0
1.9820968220811892,-0.05734294885461111,16.144359055384143,0.5531047108402418,-11.903698291653214,-0.5001327695427307,0,0,0
1.8376871951296323,-0.0744709578682972,16.658724052835368,0.567262415722746,-12.27523163411,-0.4888736228115036,0,0,0
1.7094904186248812,-0.08445954415337553,17.08088384540116,0.5738191944601994,-12.551784866999114,-0.47532595327649574,0,0,0
1.608758059161687,-0.0874511793232827,17.468465739901177,0.5786231334800533,-12.80117115529579,-0.4667398624915947,0,0,0
1.5375275297604531,-0.08463019665133942,17.890721241665204,0.586982852350269,-13.09657426728593,-0.4686356114494458,0,0,0
1.4902703191572897,-0.07798987209609294,18.406085082349364,0.6022169568330241,-13.49592694881585,-0.4834128136345555,0,0,0
1.4570363689196313,-0.06986117926781929,19.045571638022494,0.6244334875870777,-14.027920291641465,-0.5094685741563083,0,0,0
1.4268900610931325,-0.062346474880175154,19.806103710459865,0.650067247987721,-14.687399374864498,-0.5412518045738495,0,0,0
1.3907645506941577,-0.056857454658016594,20.653918576346513,0.6725114425894703,-15.439584620636595,-0.570406551288589,0,0,0
1.3432954406865747,-0.05389907334782862,21.535061612021224,0.6837428506754748,-16.23026990026888,-0.5877274868665993,0,0,0
1.2834850294029962,-0.053123213638680514,22.38869393125492,0.6764294104932673,-16.998384033216297,-0.5853334934993513,0,0,0
1.2142224463278808,-0.053580677156300285,23.159396532712577,0.6458435896852223,-17.687749679848494,-0.5584293067479053,0,0,0
1.1409158720447152,-0.05406347486244698,23.805998271295863,0.5910259346374147,-18.255850379885004,-0.5062406717751784,0,0,0
1.0697673256834008,-0.053439252774484206,24.305894246655924,0.5149501468217125,-18.678446023961783,-0.43201721983173086,0,0,0
1.006295393373648,-0.05091194563428871,24.655015346597878,0.423783360245028,-18.949909202279443,-0.3422529123795826,0,0,0
0.9544635475942869,-0.046177626722679575,24.864520979201586,0.32557927666131264,-19.080220016294902,-0.24541564077707675,0,0,0
0.9164016202951615,-0.039468437368171294,24.95583098439664,0.2288165827188095,-19.09032700939325,-0.15050858440104092,0,0,0
0.8924975333482905,-0.03149006042976055,24.95560517867699,0.14112022751525047,-19.007571573181806,-0.06573689785312808,0,0,0
0.8816450943512706,-0.023270843776955985,24.891752178796793,0.06836020926072024,-18.86211374443242,0.0025285734253401417,0,0,0
0.8815191734597789,-0.015956832971137657,24.79085437863435,0.014184476941773027,-18.684426308039647,0.05037817999731971,0,0,0
0.8888006557212833,-0.010594534425918312,24.676859758443015,-0.020061348065488004,-18.503469877226706,0.07654998411408656,0,0,0
0.8993218420302753,-0.007936907673547466,24.570598807865082,-0.035137246632154985,-18.345118658379775,0.08223746760565405,0,0,0
0.9082074342751554,-0.008301889228212645,24.489600363903065,-0.033556216779427925,-18.230564645631603,0.07064719598831175,0,0,0
0.9101989959720242,-0.011515576600359623,24.447739016073655,-0.019153951496349464,-18.174664223988586,0.04642663033748136,0,0,0
0.9003500491144649,-0.01696671231027693,24.454401865942998,0.0034063388247517422,-18.184409361138577,0.01501471003572732,0,0,0
0.8750944708588122,-0.023764304240478394,24.513148512880036,0.029205534767041286,-18.25784534023836,-0.018070275035891824,0,0,0
0.833382728013035,-0.03094001119745826,24.620268816602362,0.053679330476629164,-18.38385504951013,-0.047943470045646565,0,0,0
0.7773417673446943,-0.037615231113105094,24.764065663713495,0.0731511230533016,-18.543305269806993,-0.07092557994290871,0,0,0
0.7119779712485013,-0.04308385919233615,24.92581556704431,0.08514354061468055,-18.711966644075147,-0.08482641954901596,0,0,0
0.643876131054995,-0.04682158638683376,25.082909726304763,0.08840345799268334,-18.865129058398566,-0.08889694592536586,0,0,0
0.5794005437467007,-0.04847510028163384,25.213653063209307,0.0827204332945513,-18.982904577683172,-0.08355624625709197,0,0,0
0.5231695308992244,-0.047879862510964696,25.302110038398098,0.06871337093058401,-19.054374457808862,-0.07007859241035277,0,0,0
0.4773688423517939,-0.04510877812797816,25.34103577004987,0.0477191263171477,-19.078828841121762,-0.05037344268753685,0,0,0
0.44198313210368667,-0.040504216687749305,25.331773596000488,0.021776020809184615,-19.063633683242244,-0.02685812765660387,0,0,0
0.4155990462981265,-0.03463510399117098,25.28160619888851,-0.0064297091671562615,-19.019971823709497,-0.0023174038552880916,0,0,0
0.3962958457491652,-0.028159942084249677,25.200282222185876,-0.03380248459250197,-18.95863126434189,0.0203577327152189,0,0,0
0.3822949467332535,-0.02163887861598539,25.09746007977384,-0.057300676275460205,-18.8875894763855,0.03856065360442784,0,0,0
0.37229960046720123,-0.015382272205347648,24.98182587180534,-0.07449925754680749,-18.81188654637303,0.05037500046055214,0,0,0
0.36562693133679147,-0.009417911640593957,24.861518475372748,-0.08402093695993643,-18.73514068262803,0.054832484492681036,0,0,0
0.3622767102124982,-0.0036000332364608313,24.744884880379743,-0.08564977600516385,-18.661551731246377,0.05192494207926472,0,0,0
0.3630117575868468,0.002197753021782489,24.640646300454705,-0.08011621156158526,-18.597298041638894,0.04240303617973211,0,0,0
0.3693468088457479,0.007915357708409943,24.557117462930023,-0.06871346949343433,-18.55062445320334,0.027488218237972716,0,0,0
0.3831897259458543,0.013260984190708314,24.500826400450507,-0.052951692473442336,-18.530503996194952,0.008625418736288281,0,0,0
0.40598279973907836,0.017809646744213127,24.47527583594885,-0.034376934244826886,-18.544384262449597,-0.012660077420486004,0,0,0
0.4375765765159514,0.021178846186542442,24.48044408327266,-0.014555391710234743,-18.595941461912176,-0.034806145563807435,0,0,0
0.47544942283326463,0.02317139684379299,24.513147527251533,0.0048787081082537044,-18.683749081962162,-0.05620522863491857,0,0,0
0.5149047886403366,0.023807153743449307,24.567943155039416,0.022244010540640603,-18.801335289022617,-0.07521005295614884,0,0,0
0.5503960679093325,0.023246952313978397,24.638056529357073,0.03598035559638788,-18.93848732057789,-0.09021669534251657,0,0,0
0.5774153932022159,0.021680577588259097,24.7159645582704,0.04493850804625765,-19.083202138266103,-0.09985493401511292,0,0,0
0.5939906786504281,0.01925834336869059,24.79367196146228,0.04867300623224367,-19.223604017595562,-0.10325228436411038,0,0,0
0.6010832950213398,0.016097178824976764,24.86308640586111,0.0475906573036383,-19.349398571200382,-0.10027181103000374,0,0,0
0.6018163319855319,0.012331127939332021,24.916921018893902,0.04285527481723932,-19.452791406628506,-0.09160287528238342,0,0,0
0.5999955018284453,0.008149010882779351,24.950211480913083,0.036055463557264036,-19.52905333634608,-0.07863819960685134,0,0,0
0.5985662334259843,0.003786539264670807,24.962005898271286,0.028760744952992922,-19.5769071060907,-0.06317673509371673,0,0,0
0.598548364765719,-0.0005089661018359947,24.95635065630904,0.02215379066969092,-19.598659572212213,-0.04707776106826174,0,0,0
0.5987607022265848,-0.004497558771873855,24.941700275423926,0.01688034564833174,-19.599777834785996,-0.03199178994953655,0,0,0
0.5963948974681301,-0.007929423054180517,24.928497790612056,0.013124294648349633,-19.58771728509113,-0.01921072673691242,0,0,0
0.5882614605560406,-0.010513254880520151,24.925663978887002,0.010786039831452853,-19.57025467151506,-0.009586338479302015,0,0,0
0.572325732183856,-0.011909440048449937,24.93750246496731,0.009611296734047415,-19.55397974894872,-0.003445234052186663,0,0,0
0.5490150909316895,-0.011775369740567499,24.962475417945598,0.009205379347983466,-19.543521917090928,-0.0005008884446141337,0,0,0
0.5217890644795347,-0.009867995719571355,24.994329352344607,0.00900516060292773,-19.541505838569506,0.0001368392750549674,0,0,0
0.49668378318033035,-0.006184136123420103,25.02478141720843,0.008358534162763932,-19.548654791421527,-0.00027326445282227496,0,0,0
0.4809011013439459,-0.0010933024948514003,25.046324448253557,0.006809922240202581,-19.563505676867948,-0.0005945194618490746,0,0,0
0.48081253602030927,0.004597513279802001,25.05405969175112,0.004524679989472702,-19.581915990536842,-0.00040446191923848573,0,0,0
0.4998684075700055,0.009698476427345781,25.04640226233832,0.0026086051855997994,-19.597291179461664,-0.0003827816736745149,0,0,0
0.5369193409923838,0.012827954519123353,25.025285617051566,0.003039411412603954,-19.60251047931422,-0.0022128441122333696,0,0,0
0.5854618725196161,0.01270861907161418,24.99659701301408,0.008104786883643555,-19.59366247970962,-0.00795560375847657,0,0,0
0.6342365933540606,0.008491390352634198,24.97091077878173,0.019546143615639267,-19.574299290707444,-0.019178337160184356,0,0,0
0.6693104964573138,7.832353315961881e-06,24.963588516823307,0.03782283223904983,-19.557807565685465,-0.036291489509400775,0,0,0
0.6772946361229231,-0.012130040344126769,24.992869532071637,0.06187756137686904,-19.56565035821326,-0.05843090853067281,0,0,0
0.6488752551956765,-0.026611072088519448,25.075377221181043,0.08952018600344332,-19.621061876154272,-0.08390262948731361,0,0,0
0.5815976867066723,-0.041657994203033864,25.220242853364823,0.11821440221233104,-19.74043816302337,-0.11089384076624072,0,0,0
0.48097942487710554,-0.055345658749257606,25.424552770644055,0.14583954791881695,-19.926420571961955,-0.13802424048278256,0,0,0
0.3595121325790416,-0.06592905250790579,25.67283530551981,0.1710375273726413,-20.16622507584357,-0.16443404033493608,0,0,0
0.233757686684811,-0.07211768138059967,25.941604122372752,0.19303315122900813,-20.4363174743348,-0.18941388474016066,0,0,0
0.12033939896204515,-0.07325366938218991,26.207429639174876,0.21115850669876296,-20.711448886976626,-0.2118878691152375,0,0,0
0.03200528502704003,-0.06937254266216683,26.45499249220225,0.22448527005686855,-20.973904884537447,-0.23015749801961363,0,0,0
-0.02505393172499737,-0.06114782397934704,26.681286052508142,0.23186356540701922,-21.218639694056805,-0.24214325938698805,0,0,0
-0.051866317348682855,-0.04974126155905338,26.89392002911339,0.23237070267457796,-21.45194641308707,-0.246046657778777,0,0,0
-0.055242057698976055,-0.03659190678089459,27.104454599059267,0.22588577846404972,-21.684529049365636,-0.24109009811486146,0,0,0
-0.0448501714259919,-0.023178087024356843,27.32022992174973,0.21339815504672116,-21.922636856350408,-0.22791501735053998,0,0,0
-0.029880553086798045,-0.010786881628605726,27.538878507435015,0.1967943674297601,-22.16187075689325,-0.2083786273538209,0,0,0
-0.016433190713428303,-0.0003317332436850506,27.748259797389835,0.17817664731821595,-22.386887149749725,-0.18482047631908358,0,0,0
-0.00640693522990432,0.007738966626898503,27.93169309016031,0.1590620322151466,-22.577126056992185,-0.1591863532007352,0,0,0
0.0019768164412425904,0.01341326211163647,28.075585672839964,0.13990480773115904,-22.7154676478402,-0.13248999669701506,0,0,0
0.012470582675987885,0.016970766185433205,28.175373313472477,0.12021203409812813,-22.795235160514835,-0.1048914832548391,0,0,0
0.028687952590189525,0.018771937678235418,28.23675896538441,0.0991848680197421,-22.822109647728283,-0.07630189620361705,0,0,0
0.052335734543987655,0.019072310792859072,28.271906374659608,0.07651700299834659,-22.810503226064156,-0.047113821279930336,0,0,0
0.08226630376768185,0.01794999458683577,28.29296810642498,0.05289191218734572,-22.776846380057222,-0.018590811865155387,0,0,0
0.114465604155356,0.015373073207304345,28.306574940040548,0.029898800797269587,-22.733443881914027,0.007331091807685652,0,0,0
0.14286920535636227,0.011351979651341538,28.31207860194715,0.009430362409540293,-22.68565581838658,0.028707092700581426,0,0,0
0.16084255484179266,0.0060810384852374,28.30404853741848,-0.007077949763814218,-22.633008969692554,0.044312747495887095,0,0,0
0.1630667551549294,-7.587223167604407e-06,28.277178919263292,-0.01913770882613619,-22.57279526840128,0.05402553758472521,0,0,0
0.14732379684313912,-0.006302396288209877,28.230681098133005,-0.027179622765643785,-22.50381513891533,0.058674947843638844,0,0,0
0.11549661295465796,-0.012157072416228232,28.169889296935366,-0.03206744857646697,-22.428396720834385,0.059479042571159366,0,0,0
0.07328096752836188,-0.017062715477071323,28.104593815834335,-0.034462354959177335,-22.352107685555964,0.05738919824903945,0,0,0
0.02861208035851348,-0.020783029354502956,28.04538187712305,-0.03441470855203761,-22.28185427188103,0.05269071856178016,0,0,0
-0.010688228338111116,-0.023402205122521023,28.00011014700317,-0.03143049374030511,-22.223753747627768,0.04506857881846713,0,0,0
-0.03930442039460047,-0.025262063645322998,27.97229362066031,-0.025006184428335132,-22.18205595434563,0.03411660622866748,0,0,0
-0.056161550615357214,-0.02680059454052781,27.961951390448775,-0.015366002409720636,-22.159551899423633,0.02004193308512896,0,0,0
-0.0649610881886673,-0.028343561932862825,27.967931516426773,-0.003982628888894624,-22.158748632768777,0.004183066987107509,0,0,0
-0.07317949638341759,-0.02992754491745444,27.98974360001543,0.006498058415519381,-22.182323181507883,-0.011011635571095723,0,0,0
-0.08955388129830055,-0.03122600407073719,28.02711707497994,0.013049125281631291,-22.231629206114604,-0.022674035759445134,0,0,0
-0.12068214856213899,-0.03160574996593226,28.077021074035798,0.013506035325221433,-22.30339580806404,-0.028648502756919925,0,0,0
-0.1679390063739703,-0.03028359638561966,28.13006300804642,0.007695269341192556,-22.38656605096331,-0.028547488468653626,0,0,0
-0.22599448164618252,-0.026521863749792374,28.16957439998953,-0.0021265446665125866,-22.46222404126692,-0.024190097770552654,0,0,0
-0.2836479603488584,-0.01981569622222139,28.17587312993936,-0.011779740851051202,-22.508594629475482,-0.01917795203991801,0,0,0
-0.32674572799743373,-0.010057497173836794,28.135170500255384,-0.01639986461736669,-22.510238775196967,-0.01780150911362739,0,0,0
-0.34214038425079707,0.0023300084835781833,28.049246314072235,-0.0118387195259686,-22.467530839032165,-0.023788111264647683,0,0,0
-0.32138018811328095,0.01632708990263012,27.94068594378365,0.004363492990512441,-22.40145287712916,-0.03941686428489675,0,0,0
-0.2631180504108812,0.03037423364861098,27.85013410791626,0.032711035720646466,-22.350528153167957,-0.06524447601913294,0,0,0
-0.17375446812178552,0.042593036050789124,27.825744953841763,0.07203667658773157,-22.360338272644157,-0.10031319803663337,0,0,0
-0.06625379646251872,0.051149746054922215,27.908729879720255,0.11994454272712005,-22.46951031876108,-0.14250824734393036,0,0,0
0.04258875046416222,0.05466787448707322,28.120656003940923,0.17311030156573964,-22.697564450913006,-0.18881423352184185,0,0,0
0.13580333011213952,0.05255867253933957,28.457173365252885,0.22742482854380058,-23.03901081115464,-0.23547032168352472,0,0,0
0.19993587886170872,0.045165744405709064,28.889941165866844,0.27819522142277153,-23.465356021633255,-0.2782106178987135,0,0,0
0.22784950020036376,0.03369494391552337,29.375318557210562,0.3206223123207934,-23.933677102914785,-0.3127595809141397,0,0,0
0.21993301687329847,0.019968964306021065,29.86627351591278,0.35057773889161864,-24.398381110415386,-0.33557195364845993,0,0,0
0.1834463411425986,0.006074305629277887,30.32349459951024,0.36545918590785786,-24.822234055867412,-0.3446066133777023,0,0,0
0.13027725594380968,-0.006028713427991761,30.722638158011364,0.36477847992179874,-25.183559056116295,-0.33982988855845947,0,0,0
0.07383138874435247,-0.01486140206359039,31.056357231124196,0.3502094111497797,-25.478123962309354,-0.32320575222051245,0,0,0
0.02593517493842512,-0.01967825531676084,31.33152234275795,0.3250403583537434,-25.716057809128756,-0.2981211084524048,0,0,0
-0.005510740169739847,-0.02055882878819517,31.563321738798834,0.29322003595430035,-25.915576452538104,-0.2684258757751721,0,0,0
-0.017698383815755392,-0.018313451721913055,31.76844080315891,0.25833915429644494,-26.0958633364976,-0.23742482619323937,0,0,0
-0.012810690523764379,-0.014225649387475415,31.959267476750682,0.22289669881718907,-26.271068333359764,-0.20716578253842927,0,0,0
0.0031533256941003174,-0.009710352011757096,32.14034474940428,0.18806441987588302,-26.446567106157303,-0.17823573598283388,0,0,0
0.02226121231841205,-0.005992194900323966,32.307518916753565,0.1539539574444717,-26.617935860666506,-0.15007396014182178,0,0,0
0.03679849965416793,-0.0038821901520194046,32.44966505887723,0.12020325901592628,-26.77262937234778,-0.12162504049592542,0,0,0
0.04118984726784447,-0.0036819090262611097,32.55246158768213,0.08660938193731624,-26.893891881251704,-0.0920578643206639,0,0,0
0.033173735826238726,-0.005209255882346042,32.603282356770194,0.05356774347337989,-26.965916415944633,-0.061302875289506176,0,0,0
0.013909439741112806,-0.007920199099575597,32.59589680556891,0.022200043014910874,-26.97886356372757,-0.030274908558486403,0,0,0
-0.012886726581768926,-0.011083704210047073,32.53355493291721,-0.005808381223508264,-26.93230821408801,-0.0007709186724085271,0,0,0
-0.042329830432350946,-0.013960786399097458,32.429415558171996,-0.02855634363825459,-26.836155095744743,0.024893814267942106,0,0,0
-0.06979094263921581,-0.01595242604221454,32.30411823789271,-0.04434352937372239,-26.708892089392663,0.04440942566186266,0,0,0
-0.09201268151952036,-0.01669945339113781,32.18126790689979,-0.05206635001298139,-26.57381741894463,0.05602224398156323,0,0,0
-0.10768371640637042,-0.016124119916619863,32.082260937169195,-0.05152187631513527,-26.45427629288139,0.05896593827628749,0,0,0
-0.11734665167256253,-0.01440687703157124,32.02195548037102,-0.0435544663309372,-26.368997717987085,0.053662374612162014,0,0,0
-0.12272576076797748,-0.011905399372766112,32.006229765140006,-0.02999816319282047,-26.328535115729153,0.04166141217029917,0,0,0
-0.12580468664353361,-0.00904022959592794,32.03179808755232,-0.013411431252575313,-26.333669441436072,0.025364353169160837,0,0,0
-0.12806746333995989,-0.006183603440315722,32.08806359361884,0.003347158999969224,-26.37625703318176,0.007609445369644164,0,0,0
-0.1301593305745996,-0.0035925496182358076,32.16035214225954,0.017612224020535906,-26.44223981760595,-0.00880124060513623,0,0,0
-0.13194072030943005,-0.001414845240421414,32.23357330098901,0.027360344973646988,-26.51569409238502,-0.021555047936674045,0,0,0
-0.13273212639163035,0.00024167408110002951,32.29530124564624,0.03150474907173191,-26.582511564053135,-0.029178220919970955,0,0,0
-0.13162697704237303,0.0012296117082115643,32.3375898278924,0.029966346897111862,-26.63279763569622,-0.031203594439921288,0,0,0
-0.12793817770187843,0.001335642438226614,32.35739014710515,0.02351756665420055,-26.66182982499599,-0.028110162399468664,0,0,0
-0.12183216881058456,0.0003344092037707469,32.355864386905665,0.013463393772224209,-26.66982677224813,-0.021050600617705584,0,0,0
-0.11492991086156223,-0.0019055427218745535,32.33700297108834,0.0012712786986639913,-26.660779927186795,-0.01146305568664161,0,0,0
-0.11042964368586183,-0.005329120840400492,32.305893234111124,-0.01173154747481533,-26.640571060128366,-0.0007143715755375979,0,0,0
-0.11244826226126747,-0.009675348838160857,32.26697375409432,-0.024516319654776454,-26.61477106543076,0.01010649091751219,0,0,0
-0.12472337130225242,-0.014543565518090417,32.22269753134108,-0.03636133133679209,-26.586763039358814,0.020223882779821168,0,0,0
-0.14921475779334514,-0.019501190316638883,32.17306492924618,-0.04677045027446525,-26.556870374472368,0.029113599882607845,0,0,0
-0.18523192871343497,-0.024170739673650132,32.116257826240854,-0.05538777841865965,-26.522837808140395,0.036443149239080694,0,0,0
-0.22948561477323892,-0.02826394622689321,32.05013804909848,-0.06197515252727328,-26.481446654878013,0.042068694533993777,0,0,0
-0.2770626322232772,-0.031575488033115565,31.97397651452448,-0.06646634563727787,-26.43055880789801,0.046077105371645645,0,0,0
-0.32295008086826726,-0.033970388333851534,31.889685644360497,-0.06905505763813835,-26.370693826169912,0.04882023366657222,0,0,0
-0.3635395655470859,-0.03538945468879575,31.80198660271907,-0.07024811537514779,-26.305395279857322,0.05088913127046766,0,0,0
-0.39756937313049434,-0.03587073108454177,31.717251445815606,-0.0708297839039517,-26.240092981846857,0.053006965739490396,0,0,0
-0.42618452401701745,-0.03556180931201851,31.641229777738346,-0.0717157591612306,-26.17980000641191,0.05585497849610732,0,0,0
-0.4521521455997828,-0.034695884097372696,31.57642317771294,-0.0737144542737127,-26.126568728765037,0.05987352975183171,0,0,0
-0.47861791819020993,-0.03352684847949945,31.520216377589605,-0.07726310700698207,-26.077871726654138,0.06510192152756389,0,0,0
-0.5079220686387629,-0.03224752027387297,31.464767090206664,-0.08224354522159558,-26.026800717077464,0.07112265202947725,0,0,0
-0.5408500218336201,-0.03092962948739455,31.39910023462855,-0.08796136485922545,-25.96428802317932,0.07713703837063832,0,0,0
-0.5764444557469659,-0.029516863846336606,31.31299350636135,-0.09329439760709306,-25.882711357359696,0.08213758751807773,0,0,0
-0.6123311170182717,-0.027875705834610187,31.20134544445466,-0.09694513828733875,-25.77953959262237,0.08511096042264513,0,0,0
-0.6454252836069969,-0.025875987743341967,31.06725019214454,-0.09771519333597212,-25.65946730587514,0.08522447538846904,0,0,0
-0.6728358604210314,-0.023456104238597675,30.922372954126814,-0.09474302349164532,-25.53402489615094,0.08198055712022381,0,0,0
-0.6927380115938604,-0.02064050065047951,30.784307469744675,-0.0876746199505675,-25.41871710666608,0.07532911544331,0,0,0
-0.7049415823631193,-0.01750932382336572,30.67177839486496,-0.07675516544132108,-25.328690402185458,0.0657169346772406,0,0,0
-0.7109120230332024,-0.014146928490539779,30.59927124435322,-0.06283289421722885,-25.274323974880346,0.05405316538246154,0,0,0
-0.7131789605761867,-0.010602332971011208,30.572786142673152,-0.04725745967910768,-25.2580661554519,0.04158478438145892,0,0,0
-0.714327075143558,-0.006884312152116934,30.58802089070099,-0.0316582187650738,-25.273509562644364,0.029693371299876502,0,0,0
-0.7159432600672773,-0.002995139990228779,30.631548580215338,-0.017624258421830064,-25.307118676406915,0.019640759072096614,0,0,0
-0.7179137406523637,0.0010130940567577794,30.684664564189063,-0.0063592518561449655,-25.34217970353508,0.01230804142037698,0,0,0
-0.7183544467283838,0.004989275830199346,30.728770847663583,0.0015906211257316726,-25.36369174880778,0.00798585894844166,0,0,0
-0.7142684051281663,0.008672489921036686,30.750668004493804,0.006453526229304884,-25.362533592876375,0.006276803719474344,0,0,0
-0.7027872603233192,0.011737980000179959,30.746130369908514,0.009153670262011814,-25.337617305429973,0.00615967318424282,0,0,0
-0.6826070710262826,0.013889394104987218,30.720714951183226,0.011049511282098478,-25.29563669246231,0.006234488906871149,0,0,0
-0.6550488240611259,0.014953715610958795,30.687684606122275,0.013550978449475792,-25.24883181270104,0.005109270692175016,0,0,0
-0.6241871238228356,0.014924748922238962,30.663806506646267,0.017716926674847856,-25.211555937685603,0.001817478011300011,0,0,0
-0.5957991605743871,0.013931840725906853,30.66432284529327,0.023947457950433203,-25.19646942360947,-0.003885619761626913,0,0,0
-0.5754331340936858,0.012164895552042764,30.698516003521974,0.03186443562202044,-25.211164673575652,-0.011464321656116282,0,0,0
-0.5664061039576893,0.00981772441117954,30.767058364710095,0.040417011486789535,-25.256025969485165,-0.0197950589657097,0,0,0
-0.5686662514299741,0.0070893984546955835,30.86183383093754,0.048172850749026,-25.32400492342208,-0.027515380745019514,0,0,0
-0.5790360394693153,0.0042274225425458665,30.968245427167915,0.05369479400799548,-25.40254794642405,-0.03338728061440292,0,0,0
-0.5926194496077386,0.0015559458313646247,31.069312360714008,0.0558896841558834,-25.477176809437537,-0.03656201297374082,0,0,0
-0.6046100162115238,-0.0005603423114081352,31.15030048477641,0.05425063094458551,-25.53556789508707,-0.03670538455419745,0,0,0
-0.6117130864793268,-0.0018171685328638887,31.202443458673486,0.04896221751740484,-25.570790499912505,-0.034007608088025165,0,0,0
-0.6127745986356672,-0.002085330625480708,31.22463254620223,0.04086569906923217,-25.58270461884507,-0.029122396433581343,0,0,0
-0.6086276655091893,-0.0014735436124041711,31.2227033482051,0.03128864531541353,-25.57717606742301,-0.02305475381298976,0,0,0
-0.6014025836884684,-0.00030509529876496797,31.206829154739125,0.02176151403225788,-25.563523269151446,-0.016989232102758933,0,0,0
-0.5936048194223247,0.0009793125918847068,31.188138178696022,0.013683348955245834,-25.551240754455904,-0.012062998095839817,0,0,0
-0.5872594102124964,0.0019525865533594811,31.175715355402417,0.008029690518105781,-25.54724993382098,-0.00913041494824256,0,0,0
-0.5834016875540158,0.0023231264451098353,31.174720284091677,0.005188244306901879,-25.554552461551978,-0.008590946818928557,0,0,0
-0.5820869924569649,0.002010443347754176,31.185860567490494,0.004966456753351167,-25.57244026745164,-0.010336698718174376,0,0,0
-0.5828263236888915,0.0011481461865102461,31.206145850266466,0.0067592621437484015,-25.597806790395936,-0.013836560759185091,0,0,0
-0.585084150677929,1.2195395369474226e-05,31.230597389957467,0.009809074567951371,-25.626872044569495,-0.018330017639567587,0,0,0
-0.5884818220282284,-0.001095280941406429,31.254325901742504,0.013455233121956667,-25.65669996810179,-0.02306077919129592,0,0,0
-0.5926701651581254,-0.001956057844385839,31.27429711373574,0.017283481302379756,-25.686071606026815,-0.02745630844955258,0,0,0
-0.5971462036440869,-0.0024925095284302756,31.290295969642585,0.021141971863301023,-25.71554167501486,-0.031183412880268692,0,0,0
-0.6012806297347737,-0.002748909947256095,31.30491990041864,0.0250467655461847,-25.746823445547122,-0.03407975929885225,0,0,0
-0.604557628836389,-0.002815122531752934,31.32269050991559,0.029030275828887397,-25.781848546368863,-0.036028403588952075,0,0,0
-0.6068199886563548,-0.002744186188979825,31.348550168426215,0.032998840869939275,-25.821813018316504,-0.03686066163925119,0,0,0
-0.6083267828383185,-0.002515221626364905,31.386140002724687,0.036664869213532826,-25.866386590354665,-0.03634220538493764,0,0,0
-0.6095760919295259,-0.002056785251593851,31.43632822295234,0.03959028695245479,-25.913237860440162,-0.03425029543399347,0,0,0
-0.6109775490064209,-0.0013061214190685177,31.49644860855534,0.04132322675698106,-25.958090826285456,-0.030508745646805835,0,0,0
-0.6125260125677272,-0.00026886111248813904,31.56058579865686,0.04156179296030871,-25.995478660962007,-0.025318326081594476,0,0,0
-0.6136340382918775,0.00094212412631407,31.620974593877833,0.04026684766292021,-26.020122021951167,-0.01921350447217236,0,0,0
-0.6132380176740639,0.0020973296887291325,31.67019998326029,0.03767266399379139,-26.02857456036675,-0.013001122078723882,0,0,0
-0.6102074178347721,0.0028781634957383063,31.703528237212396,0.03419400410991784,-26.02062913148292,-0.007585106722466151,0,0,0
-0.6039692408596551,0.0029445541656599517,31.720537830021726,0.030273909641340423,-26.000006706363067,-0.0037295527107701785,0,0,0
-0.5951363875732483,0.0020272399197637015,31.72535898654479,0.026234864553342164,-25.973983591090587,-0.0018386489263008342,0,0,0
-0.5858466917690635,9.556162865465012e-06,31.72527680836413,0.022188470158727113,-25.951824239103743,-0.001829576032068303,0,0,0
-0.5795451478809355,-0.0030365276594281456,31.728080043823866,0.018037653878991478,-25.942237657579327,-0.0031473910098725353,0,0,0
-0.5801305502729264,-0.006873745818685962,31.739067319365745,0.013569300187154455,-25.950533387547864,-0.0049245579700553325,0,0,0
-0.5907051498087839,-0.01116909771085801,31.758797254088762,0.008589774019321794,-25.976477315548465,-0.006233202436827412,0,0,0
-0.6124304509390726,-0.015578385240823422,31.78247050024413,0.003034310956016384,-26.01377442128269,-0.0063384777653169525,0,0,0
-0.6439993148861589,-0.019810636649681614,31.801351132667747,-0.0029923945218087054,-26.051595932049892,-0.004862978567389575,0,0,0
-0.6819754758609236,-0.02365154122535671,31.805892985131834,-0.00923790329722749,-26.077820140067303,-0.001819602322976266,0,0,0
-0.7218983949433522,-0.02695322598849259,31.789425977405614,-0.015355553426118718,-26.082961155851194,0.002467615939040968,0,0,0
-0.7597530932678893,-0.02961887490743038,31.75088093958189,-0.020972935200927623,-26.063391484016236,0.007500845581962778,0,0,0
-0.7932427540700644,-0.03160229045719802,31.695435041326704,-0.025779175788136398,-26.022613376764482,0.012755405572643496,0,0,0
-0.8223621040226305,-0.03291245173334971,31.632897775391854,-0.029634889683856615,-25.970020262333506,0.017809342771394655,0,0,0
-0.8490774077658614,-0.03359671030544007,31.57452450956268,-0.03268639003463818,-25.917561498188917,0.022442356871849256,0,0,0
-0.8763192993472302,-0.033690830357889466,31.52933796735647,-0.03543371603544472,-25.875524931728236,0.026692493632077686,0,0,0
-0.9067280543807641,-0.0331525252851506,31.501005496207398,-0.038685533842871676,-25.84892325982203,0.03085620757180436,0,0,0
-0.9415549682725697,-0.03181576413466729,31.486121603405564,-0.043364672902694676,-25.835680993568744,0.035417975297504255,0,0,0
-0.9799664179405596,-0.0294040501512427,31.474487232321366,-0.050205431400212316,-25.8271723633314,0.04090670682614359,0,0,0
-1.0188837794398182,-0.025615781416627216,31.451555824777387,-0.05945714145473176,-25.810895203746526,0.04770128847017787,0,0,0
-1.0534236477948582,-0.020254660312663476,31.402570638976897,-0.07071831062711453,-25.77439908013315,0.05583807895327908,0,0,0
-1.0779107346145622,-0.01335228815693057,31.317234210554943,-0.08295979263629363,-25.709211731041194,0.06488685173105183,0,0,0
-1.0872832555824914,-0.005235667924988263,31.19338072732458,-0.09470224100253688,-25.613546308503047,0.07394247036023956,0,0,0
-1.0785199181889027,0.0034835637522590444,31.038326360844536,-0.10426122161422882,-25.493007377631727,0.08173956413986616,0,0,0
-1.0516240108924961,0.011997473509482858,30.867341403291533,-0.10999413908490112,-25.359180708656126,0.08686587333601778,0,0,0
-1.0098421809165359,0.01944510263591894,30.699740040993532,-0.11054271563463658,-25.226656414417718,0.08803878143624075,0,0,0
-0.9590847336306467,0.02506990739120738,30.55398308618203,-0.10509224239055755,-25.109498556219634,0.08440160251752502,0,0,0
-0.9067193307499792,0.028351302480206186,30.443509387263276,-0.09362672056827819,-25.018285352170082,0.07577453349873195,0,0,0
-0.859991682845731,0.029090364474855336,30.374545841472354,-0.07708778521499368,-24.958513629971222,0.06277707667941286,0,0,0
-0.8244327530806288,0.027445499010872253,30.34612866843102,-0.05732191368936128,-24.93050738938412,0.04675867729127958,0,0,0
-0.8027245738827844,0.023914116258015383,30.35164821507132,-0.036758512904000895,-24.9303830549579,0.029534802910073665,0,0,0
-0.7943977098125004,0.019256292600644542,30.38096700487216,-0.0178705096560293,-24.951466396053874,0.012993208946366509,0,0,0
-0.796379610833938,0.014365281895584303,30.422502875174644,-0.002574539684840715,-24.985775541708918,-0.001318936847789587,0,0,0
-0.8040649280801802,0.010099991310757162,30.465107223950923,0.008219187881337575,-25.02542060471893,-0.012502517915457645,0,0,0
-0.8124828483123423,0.007106234617560858,30.499756274251524,0.014733055262647099,-25.06383267955539,-0.020410618331955278,0,0,0
-0.8172792549100905,0.005673891720826418,30.52103494443324,0.01807202954643685,-25.096724324954053,-0.025517043557326247,0,0,0
-0.8154319146748037,0.005689795662767949,30.528237689333622,0.01969296284302402,-25.12268792469753,-0.028594506857025692,0,0,0
-0.8057194176424076,0.0067190320130436024,30.525701266076652,0.020788205288403104,-25.14331053132466,-0.030308804099799146,0,0,0
-0.7889293366701224,0.008183705568993106,30.521876394098825,0.021803217570217727,-25.162619813290775,-0.030871911545243335,0,0,0
-0.7676938358723646,0.009558056257428404,30.52684896389539,0.02226397743105508,-25.18567782495738,-0.029896490652180318,0,0,0
-0.7458266172551049,0.010502217388268776,30.548577843501562,0.0209769345181968,-25.216328123528157,-0.02652710168950847,0,0,0
-0.7272073896820643,0.010902175357958298,30.588849057756192,0.0165041705110923,-25.254554437051866,-0.01979658005758722,0,0,0
-0.714542555144007,0.010830906708672216,30.64053505087682,0.007695309413489326,-25.29449465716135,-0.009046972035751822,0,0,0
-0.7084843655058961,0.010469621653976446,30.687746998261474,-0.0059347735389820855,-25.324385511240735,0.005758112655122716,0,0,0
-0.7074606744296545,0.010027227821666429,30.709525619433492,-0.024067905622302987,-25.329103696450474,0.02392318569892211,0,0,0
-0.7082575013305075,0.009681137777324978,30.686076649544162,-0.04563244992501438,-25.294690125529925,0.04410240094647975,0,0,0
-0.7071228475880815,0.00954497219493362,30.605190783468515,-0.06893580979341038,-25.21315764505505,0.0644950172057662,0,0,0
-0.7010232011026432,0.009656678863464663,30.46635353068683,-0.09181897813201374,-25.08572940477343,0.0830727329328326,0,0,0
-0.6886570584534581,0.009977379797258833,30.281197337875795,-0.11185938153356859,-24.923387956301553,0.09781063069634541,0,0,0
-0.6708824580991148,0.010395603687742038,30.070524464645246,-0.12669384892439836,-24.744653815492583,0.10695146795192585,0,0,0
-0.6503768953057687,0.0107390533588827,29.859219745567458,-0.13447930237619232,-24.571377951470495,0.10932349048039924,0,0,0
-0.6306406010474177,0.01080117979607138,29.670659276436055,-0.13438010958770974,-24.42382710772354,0.10464994437819115,0,0,0
-0.6147687571714187,0.010388148458257262,29.521941235541135,-0.1268774286900566,-24.316388350197897,0.09371856391017275,0,0,0
-0.6045283286284757,0.009381949872154394,29.42080850901749,-0.11373277311663799,-24.254870831721476,0.07830161571023382,0,0,0
-0.6000701408408275,0.007800668095404717,29.36473259567157,-0.0975884279932302,-24.23586879164648,0.06081752200081496,0,0,0
-0.6002457033697937,0.005825655420775888,29.342275553667065,-0.08134346592253223,-24.248190681748014,0.043825849046096724,0,0,0
-0.6032413630055089,0.0037690816811050353,29.33641649656795,-0.06751276802176846,-24.27597200595332,0.02949675670780607,0,0,0
-0.6072037023810992,0.001980258115852962,29.32902579952045,-0.057745149214835576,-24.302713247671093,0.019194866522107647,0,0,0
-0.610650377499411,0.0007241932588797795,29.305313057943494,-0.05259563483594718,-24.315212736293404,0.013282752800097341,0,0,0
-0.612625903891356,8.526347982353854e-05,29.257089805419923,-0.05156956521574898,-24.306395325031616,0.011189986023534004,0,0,0
-0.6126860784947183,-6.301071172600813e-05,29.184092065349773,-0.053399967599412436,-24.276410384392435,0.011719109110373438,0,0,0
-0.6108380198888881,-1.3019423271032338e-05,29.0932077842877,-0.056475173325151215,-24.231878442502463,0.01348640869584159,0,0,0
-0.6075268245826209,-0.0001229933194736077,28.995984887181663,-0.05929660079227972,-24.183560822196924,0.015345647454127231,0,0,0
-0.6036756938302403,-0.0006970548344710891,28.90511285686,-0.06083290490705338,-24.142970971486136,0.016645694969413684,0,0,0
-0.6007002479580876,-0.001884191939087998,28.830732919677445,-0.060667962213415194,-24.118677700542747,0.017245383241251487,0,0,0
-0.600375897602504,-0.003630062836663228,28.777523820415553,-0.05891788701460996,-24.113326594789598,0.017325706618875357,0,0,0
-0.604471296200245,-0.005699859135958718,28.743450488645152,-0.05598713199149756,-24.12251553141205,0.017133755071817802,0,0,0
-0.6141742507258101,-0.007762258197540462,28.720696750449918,-0.05229505834893757,-24.136256297976956,0.016802477751404865,0,0,0
-0.629492296890291,-0.009494804140724965,28.69863343580934,-0.04809288203522897,-24.14275890388089,0.016310951946211107,0,0,0
-0.6489265322579882,-0.01066195264013885,28.667910935273824,-0.043419655801884005,-24.133138258842862,0.015544631037789714,0,0,0
-0.6696846698543055,-0.011138417893478447,28.624220745434798,-0.03817093796828601,-24.105072833674257,0.014364441933734895,0,0,0
-0.6884606018642927,-0.010885218390033913,28.570257200798324,-0.032216736670156364,-24.063853664988414,0.012626944673452555,0,0,0
-0.7024748659898705,-0.009907460833017013,28.515056066829374,-0.025509267984753593,-24.020451302734813,0.010174513561256048,0,0,0
-0.7102952202316288,-0.008221580231017355,28.47091629884116,-0.018150194635558135,-23.98752466110824,0.006860136633960678,0,0,0
-0.7120844268928721,-0.0058449702070177524,28.449023539994585,-0.01041950514989196,-23.9750332812054,0.0026399036576236767,0,0,0
-0.7092280815028431,-0.0028057126336477724,28.45535645371399,-0.002780815342489973,-23.987057148055072,-0.0023109528033032232,0,0,0
-0.7035459045304151,0.0008404972532204624,28.488357808797616,0.004137068866725713,-24.020770395799488,-0.007544120894938544,0,0,0
-0.6963900530359837,0.005002741027165314,28.539194804094336,0.00960218348886599,-24.06765493163735,-0.012396553545971755,0,0,0
-0.6879419989604685,0.009564296344878187,28.594438384310422,0.012896953306943714,-24.116359867304652,-0.016138382388871265,0,0,0
-0.676983658594466,0.014400154036762558,28.640102781848924,0.013471553479968179,-24.156247786875895,-0.01814487656276782,0,0,0
-0.6612796973221009,0.01938687961011141,28.665591434102055,0.011094861907625386,-24.180514042623642,-0.01803713186939291,0,0,0
-0.6384331915926396,0.024396268980714807,28.666279035686983,0.005969918609704905,-24.187819200448132,-0.015768619735422363,0,0,0
-0.6068319025410887,0.029270635945570687,28.64402559989881,-0.0012173637845393158,-24.181835126623525,-0.011653367605141796,0,0,0
-0.5662936798640033,0.033782001961918696,28.605631833640842,-0.009357902911264659,-24.168973426735917,-0.006327217738389379,0,0,0
-0.518215630791758,0.037595375345505035,28.55997215907084,-0.017121942923628806,-24.155404599899327,-0.0006189681067453989,0,0,0
-0.46526539169569503,0.0402793855381006,28.515055639811038,-0.023287634328661967,-24.144743345409296,0.004683535226227775,0,0,0
-0.4108395450747082,0.04139873922934641,28.476184170952223,-0.027099926920746496,-24.137304071850906,0.009122710298272807,0,0,0
-0.3585700334167967,0.04066936092868332,28.44561577498169,-0.02850934284194011,-24.130927109021243,0.012776525136339955,0,0,0
-0.31198824550541815,0.03810045036639451,28.423218955074134,-0.028160451502287742,-24.122549548372106,0.016225665525684007,0,0,0
-0.27418980321346,0.03404082303064371,28.407226438562304,-0.02710384444483509,-24.109412434613617,0.02024455707714168,0,0,0
-0.24729230502863686,0.029096406921664198,28.39459216489459,-0.02634642942346659,-24.089286939640914,0.02535108809140354,0,0,0
-0.23173958230580638,0.023955204406016152,28.381185607267582,-0.026447441628604906,-24.060053949084732,0.03144617526786533,0,0,0
-0.22582739887714354,0.019202570045032986,28.362421084875933,-0.02734217685662088,-24.019578471366685,0.0377300415429815,0,0,0
-0.22588544955756618,0.01520522485190554,28.33459338919249,-0.028445547753534584,-23.9665278559645,0.04293845944623058,0,0,0
-0.22725156157511606,0.012091557677196363,28.296507864836173,-0.028943602834223724,-23.901893718985292,0.04578436787286648,0,0,0
-0.22571334763553352,0.00980079462786847,28.25058122352499,-0.028110747501688137,-23.830281592730643,0.04539372880524155,0,0,0
-0.21881384462437836,0.008154062651912852,28.202762402386014,-0.025522520836977945,-23.76000365642109,0.04154420357727702,0,0,0
-0.2065177848977413,0.0069139184751364265,28.161160297446344,-0.021130179515199642,-23.701542514558938,0.03464888519577869,0,0,0
-0.19107266873345452,0.005821944959828329,28.133782926731897,-0.015240903116401227,-23.66470586964344,0.025576284294744768,0,0,0
-0.17618185693477528,0.004625393174448789,28.126118963545423,-0.008450970703523807,-23.6554751465612,0.015444506134009828,0,0,0
-0.16575167850950834,0.0031163516574721937,28.13936695652481,-0.001542576019636499,-23.673844903868144,0.005466830065195438,0,0,0
-0.1626003975544421,0.0011959145142355966,28.169883812115586,0.004649185322458038,-23.713565097126946,-0.0031483139262022063,0,0,0
-0.16760794927886025,-0.0010562695365265995,28.21001205371192,0.009358897189167692,-23.763815628419238,-0.009269338408114437,0,0,0
-0.1796315178130783,-0.003349620795822261,28.250083682157253,0.011962510590217334,-23.812082794624402,-0.011920923660322557,0,0,0
-0.19608804500039412,-0.005221161552253761,28.281082104639808,0.01202381477137351,-23.847225418333338,-0.010416375760344465,0,0,0
-0.21375420249317756,-0.006147685143234582,28.29707307674957,0.009393045591895088,-23.861764731992665,-0.004561921912340949,0,0,0
-0.22937653998964436,-0.005702543458875197,28.29635137427769,0.004375913160151868,-23.852697040502235,0.005135450510123008,0,0,0
-0.24001399285596392,-0.00370636674535092,28.280785403348517,-0.002144081999031755,-23.820751751162163,0.017407624276117417,0,0,0
-0.24328428425599213,-0.0003143389646211858,28.25402107444563,-0.008810758238780636,-23.768869627246886,0.030442092293914414,0,0,0
-0.2376587083671211,0.0039993854569218,28.220049419464374,-0.01420112747621829,-23.70109436568461,0.042364184250557456,0,0,0
-0.22277711309826032,0.008555226906403845,28.18312608812633,-0.017387520168185233,-23.622490398766914,0.051801026161319895,0,0,0
-0.1996640650079513,0.012631385816486328,28.14844299212527,-0.01835214423209095,-23.53948885436577,0.0582594093246982,0,0,0
-0.1707513389250721,0.015621380831483123,28.121904471324115,-0.01798578432475608,-23.459394705480094,0.062122581261276365,0,0,0
-0.1396376632438603,0.01715522598476298,28.10807240739507,-0.01763189114136878,-23.388440952118827,0.06427251858441281,0,0,0
-0.11053577593635566,0.017168727855637656,28.107206902957955,-0.018415243520317405,-23.32921515672014,0.06555207821455156,0,0,0
-0.08744034432831427,0.015895763622302182,28.11355163442866,-0.020721379396354676,-23.279170638745683,0.06635280016951413,0,0,0
-0.07316273167481313,0.013760335748307284,28.11649353103013,-0.02407139413959669,-23.23147122788947,0.06649824189838541,0,0,0
-0.06846173300833414,0.011188729310094913,28.10446649193483,-0.027369622656141245,-23.178026565318035,0.0653887288478785,0,0,0
-0.07159700569961558,0.008416398251121393,28.069868639242458,-0.029310797592498262,-23.11334884510137,0.062254362955010835,0,0,0
-0.07870107214409927,0.005376794276759256,28.012835625500827,-0.028752497544189737,-23.03756636398947,0.0564091295937601,0,0,0
-0.08517375561518747,0.0017240796819464777,27.942412146730362,-0.025014166765535605,-22.95750797978306,0.0475149603194609,0,0,0
-0.08777677190700217,-0.003011257616837781,27.874746765563856,-0.018161656682175932,-22.885601565886986,0.03588952958132978,0,0,0
-0.08658735641385817,-0.009185979579334003,27.828796495399132,-0.00926322848948189,-22.836851075929985,0.022777634090557795,0,0,0
-0.08586972047626773,-0.016816085868990173,27.820547431953173,-0.0004392792255544009,-22.824349656181226,0.01036905298423534,0,0,0
-0.09329497911689089,-0.025445802640605565,27.8570652353026,0.005533967472382528,-22.85406555352553,0.0013495660778161777,0,0,0
-0.11755292049669208,-0.03415642662348404,27.9319350676069,0.006147514315927083,-22.920275342932385,-0.0020245429703194874,0,0,0
-0.16502252746815316,-0.04170184344377219,28.02386124613531,0.0003777069195280092,-23.003694886983894,0.0009597922832199401,0,0,0
-0.23662259169823585,-0.04672916923376107,28.100073699679285,-0.010296600994442429,-23.07433603547568,0.008652801256775432,0,0,0
-0.3260550321056712,-0.04803864603617285,28.125208313966283,-0.021610365033194513,-23.09985318432321,0.016946855349819146,0,0,0
-0.42026533837893965,-0.044834917968152865,28.074310768660098,-0.027258451435781695,-23.057811793692665,0.020059029793313244,0,0,0
-0.5021921900529094,-0.03692111918973921,27.946189215925642,-0.02055695607957091,-22.94791005695086,0.011996543731373776,0,0,0
-0.5550684642446129,-0.02479480564312695,27.77178075561943,0.003498309860134441,-22.799073553319232,-0.011742899206917911,0,0,0
-0.5669738167755867,-0.009617382513744133,27.612692845067187,0.04650436012159105,-22.667382522431794,-0.05276650221597805,0,0,0
-0.5342189001577964,0.006951024988705967,27.547962917595356,0.10588747703265824,-22.623759358248094,-0.10912028421011968,0,0,0
-0.46250617101428304,0.023022665602081816,27.65149567450689,0.17535408028324753,-22.734100116211792,-0.17556753987500856,0,0,0
-0.3655009769279616,0.03679244285893333,27.966918166208245,0.2463039902318485,-23.037704335001564,-0.2446857279276074,0,0,0
-0.2611963526055945,0.04681404456932938,28.488904847351222,0.3095955947958601,-23.531359909143674,-0.30836120102180475,0,0,0
-0.16711234181117618,0.052199674974329466,29.158948470005868,0.35704835943619173,-24.16553887757688,-0.35917483451575266,0,0,0
-0.09582837608485306,0.05273744425214914,29.878749116798758,0.38240048029329043,-24.855528583073294,-0.3913565643987596,0,0,0
-0.05234090978960637,0.04893144612731959,30.537350670978583,0.3818497638257526,-25.50466907296874,-0.4013115294553472,0,0,0
-0.034051744359615554,0.041954495594538344,31.042145163884243,0.3544897382084116,-26.031522067168908,-0.3879454196438289,0,0,0
-0.03307171450131818,0.033483699630369304,31.34226434998135,0.302787671434686,-26.39082189847676,-0.35297755676146636,0,0,0
-0.03959937425409521,0.025396349220530114,31.43669764800009,0.23288325590758632,-26.58094816641939,-0.3011635453518721,0,0,0
-0.044904438884600495,0.019360650078368735,31.366460555852882,0.1542319204132923,-26.636874652801566,-0.2400780314477302,0,0,0
-0.042961215068899605,0.01643835133584446,31.196393056591006,0.07822729196089143,-26.61355431265008,-0.1790921553383754,0,0,0
-0.03066398062426856,0.016853580965802452,30.994794880555105,0.015903634344817875,-26.567479902616228,-0.1275134906472843,0,0,0
-0.007232860400293362,0.020024920325263908,30.817737406427085,-0.024634419367976078,-26.542995362662396,-0.09236136857701496,0,0,0
0.026494158972511173,0.02483637813879369,30.70126767413879,-0.0401345192824607,-26.56631919205418,-0.07658416880483401,0,0,0
0.06855513727359153,0.03001869827987349,30.661022036407672,-0.032746029562613896,-26.646450136457048,-0.07843408347119833,0,0,0
0.11619489986841813,0.03448504416516442,30.69638701442676,-0.009035112849571193,-26.77980397944158,-0.09223586505935515,0,0,0
0.1661974588930235,0.037519654521409505,30.795800970204482,0.022090845277946868,-26.955135752939057,-0.11021520763973883,0,0,0
0.21529206688661873,0.03881268632172095,30.940919157156742,0.051787998109395515,-27.1566635865251,-0.12470859836666932,0,0,0
0.2605876085446397,0.03840343917274538,31.109237352373952,0.07330862115631191,-27.365289001131373,-0.13007605414866247,0,0,0
0.29994600276704375,0.03659674529080945,31.27610942735717,0.083240193965338,-27.559233303395118,-0.12387443949395163,0,0,0
0.33223533014519546,0.03387727953215034,31.417301509370475,0.08182676438390502,-27.71570638904747,-0.10714404417667964,0,0,0
0.3574628825929409,0.03081850713750356,31.51267486164906,0.0724682258840346,-27.81456588628292,-0.08389562263913745,0,0,0
0.37680153132716043,0.027985382457384845,31.550823617990204,0.06062006968050184,-27.84375590414902,-0.06001683300175102,0,0,0
0.3924616118806057,0.02583941132216694,31.53366961379217,0.05236107036943451,-27.805063586993697,-0.04186267743060199,0,0,0
0.4073279325950949,0.024655317992598215,31.479289680246723,0.05290807326458378,-27.717890578223844,-0.03481002366845587,0,0,0
0.4243799712434537,0.0244613451011233,31.421069273267108,0.06537773091285999,-27.618760205832956,-0.04206868419077949,0,0,0
0.44605128346687195,0.02502606886706644,31.4020016670095,0.09007655789367561,-27.555304082956567,-0.06399929582923676,0,0,0
0.4736861801082881,0.025914833951979688,31.464529860851087,0.12445837810988962,-27.57529036083112,-0.09803932791841845,0,0,0
0.5071407884706218,0.026613894296518482,31.63831808501979,0.16365378472143277,-27.71338923781593,-0.13914089616366568,0,0,0
0.5445594537782767,0.02668334384204485,31.92988673648577,0.2013057355930755,-27.979920145302913,-0.18050566709864171,0,0,0
0.5824960188158599,0.025874769122461318,32.31806708830723,0.23044909451835452,-28.355699347339836,-0.21442201263489552,0,0,0
0.6166112221127378,0.024153014040034292,32.757258642747956,0.24431085504086808,-28.794959165467105,-0.23312143541544544,0,0,0
0.6429404742923452,0.021603824189085685,33.18736146520453,0.237067939491547,-29.235164865785677,-0.2296942428563753,0,0,0
0.6592950503010542,0.01828182434801846,33.546726969722926,0.20467599939787534,-29.610120257980114,-0.19915312014577466,0,0,0
0.6660756238197081,0.014110317390912997,33.78378062543027,0.14580001833016923,-29.8621107045728,-0.1396287533060331,0,0,0
0.6659101116437967,0.008925862094108084,33.86417782367579,0.06265354780572921,-29.94997455998741,-0.05344300561334592,0,0,0
0.6620895253577288,0.0026584314162448664,33.77268106192497,-0.03864282856084174,-29.85224651152032,0.05239332708549114,0,0,0
0.6565044235884727,-0.004472160648188605,33.51128985482984,-0.14853595851491264,-29.566821562288865,0.16666850741111006,0,0,0
0.6482439623797518,-0.011884258748271748,33.09631826832148,-0.25539576596089547,-29.109676770876263,0.27553768364508213,0,0,0
0.6338180747193576,-0.01874098969376945,32.55642221454306,-0.34741756227600434,-28.514350201436372,0.3648444267645658,0,0,0
0.6090803329783085,-0.02417189054140323,31.931638802698814,-0.41451508188677905,-27.831766076484925,0.42257518698879293,0,0,0
0.5718896156308517,-0.02748949641820957,31.27189905759883,-0.4497027329234925,-27.128274091356005,0.44080036489837654,0,0,0
0.5240978868096278,-0.028314765948432807,30.633403805595577,-0.44974880314044585,-26.479788029334856,0.41670322079887256,0,0,0
0.4718851533633597,-0.02660859271310443,30.072551346962882,-0.41522364740479245,-25.961675990334456,0.3526774066995898,0,0,0
0.4243567184056758,-0.02267060576926383,29.638629806562477,-0.350243555141995,-25.63635883468487,0.2557506746484307,0,0,0
0.39101514746170096,-0.01715883786738459,29.367150494440864,-0.2620994829079734,-25.541970911003645,0.136603519419549,0,0,0
0.37894186587340073,-0.011110136248771597,29.275193030520512,-0.16068607641155097,-25.685214303531595,0.008269835291555694,0,0,0
0.39041849645742843,-0.005874754534092119,29.359053380781916,-0.05750202997614053,-26.040047495292967,-0.11551361231563533,0,0,0
0.4215379046871135,-0.002897719753619299,29.593882716901533,0.035845133322544596,-26.552170024391955,-0.22222087766139112,0,0,0
0.4622296960455117,-0.0033798250479719627,29.935427385463328,0.10934608206805763,-27.148315007240882,-0.30235017070802284,0,0,0
0.4979789704905926,-0.007945550226357057,30.324778038583304,0.15598740556831955,-27.749067723569368,-0.35062020886909834,0,0,0
0.5131420702899305,-0.01645779001290464,30.696878757837425,0.172404699422205,-28.283410214512358,-0.3661931317699896,0,0,0
0.4951206892734348,-0.02804916865626552,30.991855138821023,0.15870823400662742,-28.701996805948767,-0.35195702484814007,0,0,0
0.43808690288364005,-0.04134022847836292,31.16601216764346,0.11776564502621625,-28.985177697414684,-0.3132517162390712,0,0,0
0.3449012161421052,-0.05474680603516617,31.198503862245673,0.054376340676637366,-29.142560923375854,-0.2565311764518867,0,0,0
0.22643724733265458,-0.0667772052946873,31.091197488662914,-0.025353063824482547,-29.20390222870354,-0.18831938360878836,0,0,0
0.09845017931074551,-0.07626748722956052,30.862275370586786,-0.11441026574454441,-29.204784552012995,-0.11456206967474145,0,0,0
-0.022983788326200738,-0.08254411503440337,30.536709831044078,-0.2052797521069948,-29.17256465768368,-0.040261434359139515,0,0,0
-0.12593015566454824,-0.08550404090547233,30.137646123667906,-0.29059560303086585,-29.117481788910823,0.03077488597952822,0,0,0
-0.20554235690136125,-0.0855898432158014,29.681896747218502,-0.3640711581413939,-29.031508843328766,0.09612271893650046,0,0,0
-0.26469590180501257,-0.08365182326511729,29.18067538113786,-0.42143500360319874,-28.894688420316783,0.1547631401823665,0,0,0
-0.31229908005410323,-0.08072588714770887,28.644081236767477,-0.4609780813111968,-28.686024558103753,0.2068088600391178,0,0,0
-0.35991971978128845,-0.07778323357504888,28.085899108512365,-0.4834622205977098,-28.394247946153484,0.2529494871005397,0,0,0
-0.41781152927437404,-0.07551031934947332,27.52530058622952,-0.49142937986094354,-28.02395050804968,0.2937921040856537,0,0,0
-0.49161701650906764,-0.07416313698846011,26.984153826213685,-0.48818155959510534,-27.59492952155219,0.3293139805779802,0,0,0
-0.5808216241444342,-0.07352053671213099,26.481416675550946,-0.4767710392351205,-27.135813628312363,0.3585752817742545,0,0,0
-0.6793821564397433,-0.07294465347511761,26.02765316460969,-0.45927313077698956,-26.675289681007598,0.3797523782651567,0,0,0
-0.7780869818209339,-0.07154363944195552,25.622416032434643,-0.4364850315874776,-26.234643616827142,0.39048084749628204,0,0,0
-0.8675615255491493,-0.06841479019086165,25.255830527716853,-0.40806047890879144,-25.82434198313102,0.38841878424626086,0,0,0
-0.9407477240226712,-0.06291569171131357,24.914186354867297,-0.37296951384749943,-25.44575602558622,0.3718581494987305,0,0,0
-0.9941424365561886,-0.05487847192056137,24.587944073367964,-0.33008632939462357,-25.097164637665216,0.3401802521337444,0,0,0
-1.0277354744736584,-0.0446813804689171,24.2792309208927,-0.2786977868467801,-24.781216083140933,0.29401889387347496,0,0,0
-1.044067621689905,-0.03314400460316023,24.00529431942445,-0.21880388277540702,-24.510060103690876,0.23512842247525895,0,0,0
-1.0469684463875097,-0.02129238691503872,23.795605447754525,-0.151199239574089,-24.305369013062375,0.16606557942473188,0,0,0
-1.0404017357146813,-0.010092944708250683,23.68329053226745,-0.07741664654800787,-24.193127000214744,0.08983464836256161,0,0,0
-1.0276354288336051,-0.00024854587081364344,23.694438807083145,0.0003544416364377412,-24.195624689577613,0.009625956001991653,0,0,0
-1.0108222024713456,0.007894580697630715,23.839614336855618,0.07930878015529004,-24.32400545625501,-0.07129093616131428,0,0,0
-0.9910108509713211,0.014326911209629145,24.110423636693753,0.15607904808229306,-24.573987822579824,-0.14956956261069224,0,0,0
-0.9684909726316562,0.019270074396233385,24.481664062236774,0.22695231720547895,-24.925995499505404,-0.22182512437815943,0,0,0
-0.9432331827308076,0.0230252822442921,24.917730771231675,0.2883380439973905,-25.349496465566304,-0.28482265946357044,0,0,0
-0.9151966295798815,0.025816028861888184,25.381031874920865,0.33737081497739607,-25.81007399927836,-0.3357910711863255,0,0,0
-0.884466362377367,0.027666086194118124,25.84002140171563,0.37238817163112115,-26.276911709247855,-0.3727368865763353,0,0,0
-0.8513668777275711,0.02835852957844196,26.27481749147924,0.393099783142614,-26.72831134747247,-0.394663699724272,0,0,0
-0.8167156239445887,0.02750914328304077,26.67898588772843,0.4004663576486962,-27.15359560769808,-0.40169414048859975,0,0,0
-0.7822414470957995,0.02473951072799139,27.05699868204141,0.3964326232460763,-27.551037712078,-0.3951164373201038,0,0,0
-0.7509745668924239,0.01987774613724156,27.418320523394357,0.38363549946899694,-27.922993555340966,-0.3773314371620927,0,0,0
-0.727236906686926,0.013097922684154639,27.770612168281758,0.36511153716438116,-28.27064245349773,-0.35163983268026017,0,0,0
-0.7159194181409134,0.004945322130198803,28.115087213180715,0.34395723485890245,-28.59092922746582,-0.32183490069353693,0,0,0
-0.7210958653517423,-0.003750606889396124,28.445990294697538,0.32291311295054187,-28.877159872706443,-0.2916462932796321,0,0,0
-0.744455721358392,-0.012036620679951681,28.754085765921644,0.30394686822056655,-29.12281083718723,-0.2641738704426089,0,0,0
-0.7842174027383351,-0.019020204183499347,29.032147246564676,0.28801017471482737,-29.32647232608096,-0.24149148797978484,0,0,0
-0.8350131410753789,-0.024037565287270014,29.279593750304656,0.2751114217874715,-29.495260716183225,-0.22453559668160636,0,0,0
-0.8888729466215324,-0.02677922640024093,29.50394862098466,0.2646721398148372,-29.64477428026879,-0.21324907152152833,0,0,0
-0.9370818307441056,-0.027354887945742236,29.718454569934096,0.2559622196388801,-29.79533431212417,-0.20683397566484843,0,0,0
-0.9724434889307929,-0.0262768955958137,29.937100429189684,0.24838378751764764,-29.965952591875848,-0.2039652050302621,0,0,0
-0.991350219765124,-0.02434661439581447,30.16943474126907,0.2414989035451896,-30.16834952215703,-0.2029162363791855,0,0,0
-0.9950291706893353,-0.022456818754865538,30.41733356643013,0.23486674374629501,-30.403133168713012,-0.20166286779931397,0,0,0
-0.9894682975983358,-0.021363461295172213,30.674709409569516,0.22787041050465576,-30.659268984114306,-0.1980819564968428,0,0,0
-0.9838648213098793,-0.02149794739518853,30.929828169874014,0.21971930971503184,-30.916811923009064,-0.19032068473153033,0,0,0
-0.9879218653165367,-0.022868608709329406,31.16907480137354,0.20970319188462555,-31.151973200979086,-0.1773028959424167,0,0,0
-1.0087855902869904,-0.025056210068601103,31.380814684027627,0.19760254426534232,-31.3431010040741,-0.1592237783627411,0,0,0
-1.048647754027101,-0.027277984350995155,31.558297855351213,0.18403464176291778,-31.476080281151653,-0.13782415773784465,0,0,0
-1.1038524205734177,-0.028494691721373044,31.701141718134977,0.17051993267408533,-31.547981127584094,-0.11626112991877165,0,0,0
-1.1657679178373996,-0.027553919259280236,31.81548648878035,0.15917438610680107,-31.568363271548336,-0.09849414196030892,0,0,0
-1.223005589616804,-0.023377854339275927,31.913125871843107,0.15207610052117387,-31.55819037550326,-0.08824729764957198,0,0,0
-1.2641300632750756,-0.015196844948862065,32.00978115889825,0.15044658103525704,-31.546591099535476,-0.08774387802955061,0,0,0
-1.2799760879030657,-0.002792769934310968,32.122532893170984,0.15383034191269757,-31.56574446790073,-0.0965049076871054,0,0,0
-1.2650074901911381,0.013332858897433653,32.26645327063753,0.15947466472865415,-31.644210403717395,-0.110538798154775,0,0,0
-1.2176433647026386,0.03196371182470585,32.45058917508575,0.16209597835615738,-31.799284899504784,-0.1222040781600029,0,0,0
-1.1398903148051573,0.0513875823660257,32.67354061172611,0.15415804497651492,-32.02941198127459,-0.12089708749914081,0,0,0
-1.0367132896301001,0.0697722186143011,32.9191181031546,0.12669963101164683,-32.308150080945154,-0.09453045568706528,0,0,0
-0.9153191650527646,0.08556635085262058,33.153044502637755,0.07065318400259742,-32.5814682626994,-0.03157443848808015,0,0,0
-0.7842153023263592,0.09778992372135775,33.32210150169655,-0.021527484758536275,-32.77002190918412,0.0767357284118674,0,0,0
-0.6518920941771427,0.10613785992616584,33.3570669385455,-0.15426801644996715,-32.777334146539744,0.23454012751819847,0,0,0
-0.525283403473793,0.11090485654627287,33.180122181959575,-0.327742444876921,-32.50349493237391,0.4403461881024242,0,0,0
-0.4084665547488697,0.11279922272351968,32.716312998924224,-0.537559080760073,-31.862335484416278,0.6871445921907338,0,0,0
-0.3020768506894882,0.11272521210331377,31.90725804558562,-0.7753029687223062,-30.798387183782054,0.9635023563575104,0,0,0
-0.20362889092947967,0.1115830243485874,30.723773106137855,-1.0296372071085584,-29.29880912853541,1.2551303135990437,0,0,0
-0.10859479923990989,0.11010144983477943,29.173164726316543,-1.2875476231828258,-27.39582301848054,1.546395442182515,0,0,0
-0.01189808756996058,0.10871281178805532,27.29794980412538,-1.5354648085502105,-25.157966059367254,1.8215427235081676,0,0,0
0.09053883140303753,0.10749496120374147,25.16608841593154,-1.7602382735024833,-22.67312651737005,2.065728797800129,0,0,0
0.20051107843310945,0.1062024735692603,22.85667243155217,-1.9500707608835852,-20.030165126708965,2.2660844865533902,0,0,0
0.31679919602143514,0.10437228626136771,20.446625269868292,-2.0954756095653266,-17.306067487358973,2.412860654957079,0,0,0
0.4352360237034105,0.10144996927690926,18.002418853043395,-2.1901580292715637,-14.561906911458067,2.5004262403601887,0,0,0
0.5496662085636217,0.09688666749601679,15.577739446934743,-2.2315799587585503,-11.846206954372619,2.5277266512012546,0,0,0
0.6535581809437332,0.09020383528283844,13.21560539008837,-2.2209773713229026,-9.201490618882374,2.4979364441593517,0,0,0
0.741646011924189,0.08106390562166013,10.952501949932355,-2.1627779146520654,-6.669780634211264,2.4173853815085535,0,0,0
0.8108708018396129,0.06937659661905542,8.82219281342222,-2.0635942636481928,-4.294546724933525,2.29415425043382,0,0,0
0.8602718757202581,0.055420316601119166,6.857365138731041,-1.9310957794405739,-2.1185565064679963,2.136817507448245,0,0,0
0.8901402652584238,0.039910041894272295,5.088176090896354,-1.7730544568764883,-0.17860161777373662,1.9536573566858635,0,0,0
0.9011778876196388,0.023937480704518066,3.538309269410888,-1.596787434096018,1.5007272977154855,1.7524441461909646,0,0,0
0.8942770446236636,0.008761576579048835,2.220729795070241,-1.4091217361909572,2.911377377629236,1.5406961913361101,0,0,0
0.8710023620326268,-0.0044860894624889625,1.1356674754625544,-1.2168707613669993,4.062107587123478,1.3262236969672814,0,0,0
0.8343364426461335,-0.015058472806521195,0.27187428427851046,-1.0276185869328345,4.9746666554005685,1.1176962336869465,0,0,0
0.7890410156088024,-0.022712686160225815,-0.39013489402543655,-0.850399110774805,5.678234507537027,0.9249226449935477,0,0,0
0.7411739467342215,-0.027674149966932758,-0.8756119718212005,-0.6957534985559874,6.205471294478727,0.7585311887185711,0,0,0
0.6967851172992994,-0.030496976858486846,-1.2162056637376395,-0.5747877955592002,6.592456335461549,0.6288749714908249,0,0,0
0.660286073774401,-0.03188829100838717,-1.4539930559061247,-0.49724513458446606,6.88241561193594,0.544279689557591,0,0,0
0.633145014118,-0.03254603859797243,-1.646625969017009,-0.46908399199572415,7.130669943467481,0.5090739956763741,0,0,0
0.6133987655890962,-0.0330384820547863,-1.8693588946635202,-0.49037984337060153,7.406710269411974,0.5220365664692252,0,0,0
0.5962081190347703,-0.03373611375764511,-2.2095686861811146,-0.5543894531909004,7.789477012623735,0.5758740036655595,0,0,0
0.5753941345397919,-0.03479380731098303,-2.7517215507744197,-0.6482965408846241,8.354174273205146,0.6580936653827678,0,0,0
0.5455419760529026,-0.033727693741656455,-3.555172444494687,-0.6824857463255335,9.15284754388722,0.6882168458716507,0,0,0
0.5039516220982705,-0.03338127501875121,-4.631924149427505,-0.7380730405951645,10.195032320092821,0.7379990420463081,0,0,0
0.4516798780323512,-0.03427273435622981,-5.93402942593444,-0.8159930588072045,11.436974544192623,0.8079625721198462,0,0,0
0.3932358736243913,-0.03669381532745083,-7.358577380667441,-0.9148697476673201,12.786407948306405,0.8966162798157384,0,0,0
